"ActivityDateTime","ActivityDisplayName","AdditionalDetails.1.Key","AdditionalDetails.1.Value","AdditionalDetails.1.AdditionalProperties","AdditionalDetails.2.Key","AdditionalDetails.2.Value","AdditionalDetails.2.AdditionalProperties","Category","CorrelationId","Id","InitiatedBy.App.AppId","InitiatedBy.App.DisplayName","InitiatedBy.App.ServicePrincipalId","InitiatedBy.App.ServicePrincipalName","InitiatedBy.App.AdditionalProperties","InitiatedBy.User.DisplayName","InitiatedBy.User.HomeTenantId","InitiatedBy.User.HomeTenantName","InitiatedBy.User.IPAddress","InitiatedBy.User.Id","InitiatedBy.User.UserPrincipalName","InitiatedBy.User.AdditionalProperties","InitiatedBy.AdditionalProperties","LoggedByService","OperationType","Result","ResultReason","TargetResources.1.DisplayName","TargetResources.1.GroupType","TargetResources.1.Id","TargetResources.1.ModifiedProperties.1.DisplayName","TargetResources.1.ModifiedProperties.1.NewValue","TargetResources.1.ModifiedProperties.1.OldValue","TargetResources.1.ModifiedProperties.1.AdditionalProperties","TargetResources.1.ModifiedProperties.2.DisplayName","TargetResources.1.ModifiedProperties.2.NewValue","TargetResources.1.ModifiedProperties.2.OldValue","TargetResources.1.ModifiedProperties.2.AdditionalProperties","TargetResources.1.ModifiedProperties.3.DisplayName","TargetResources.1.ModifiedProperties.3.NewValue","TargetResources.1.ModifiedProperties.3.OldValue","TargetResources.1.ModifiedProperties.3.AdditionalProperties","TargetResources.1.ModifiedProperties.4.DisplayName","TargetResources.1.ModifiedProperties.4.NewValue","TargetResources.1.ModifiedProperties.4.OldValue","TargetResources.1.ModifiedProperties.4.AdditionalProperties","TargetResources.1.ModifiedProperties.5.DisplayName","TargetResources.1.ModifiedProperties.5.NewValue","TargetResources.1.ModifiedProperties.5.OldValue","TargetResources.1.ModifiedProperties.5.AdditionalProperties","TargetResources.1.ModifiedProperties.6.DisplayName","TargetResources.1.ModifiedProperties.6.NewValue","TargetResources.1.ModifiedProperties.6.OldValue","TargetResources.1.ModifiedProperties.6.AdditionalProperties","TargetResources.1.Type","TargetResources.1.UserPrincipalName","TargetResources.1.AdditionalProperties","UserAgent","AdditionalProperties"
"2025-11-01 01:20:11","Consent to application","User-Agent","EvoSTS","","AppId","36119495-8077-44b1-87dc-ebdc3d01e10d","","ApplicationManagement","b3b3878a-c02a-47a8-8e52-9cb4d6ab2fcb","Directory_b3b3878a-c02a-47a8-8e52-9cb4d6ab2fcb_32CA0_11946961","","","","","","Azure ESTS Service","","","40.126.62.112","5d3ec9ce-5106-4e8e-8071-22bae2035f17","powell@acme.com","","","Core Directory","Assign","success","","Microsoft Graph Command Line Tools","","612dccf0-7cb8-4eb9-84ac-f23046816a07","ConsentContext.IsAdminConsent","""True""","","","ConsentContext.IsAppOnly","""False""","","","ConsentContext.OnBehalfOfAll","""False""","","","ConsentContext.Tags","""WindowsAzureActiveDirectoryIntegratedApp""","","","ConsentAction.Permissions","""[[Id: 0RB-ua6U7kejfNumEPzwnbYufEAFwSVOsFeZ47KKVVW4C1H1ozG2TYkmhZSPRlLO, ClientId: 612dccf0-7cb8-4eb9-84ac-f23046816a07, PrincipalId: 5d3ec9ce-5106-4e8e-8071-22bae2035f17, ResourceId: 3c953ed9-ce52-4064-8eef-21a4d13632a8, ConsentType: Principal, Scope:  UserAuthenticationMethod.ReadWrite.All Directory.ReadWrite.All User.ReadWrite.All Group.ReadWrite.All GroupMember.Read.All Policy.Read.All Policy.ReadWrite.ConditionalAccess Application.ReadWrite.All Files.ReadWrite.All Sites.ReadWrite.All AuditLog.Read.All Agreement.Read.All IdentityRiskEvent.Read.All IdentityRiskyUser.ReadWrite.All openid profile offline_access, CreatedDateTime: , LastModifiedDateTime ]] => [[Id: 0RB-ua6U7kejfNumEPzwnbYufEAFwSVOsFeZ47KKVVW4C1H1ozG2TYkmhZSPRlLO, ClientId: 612dccf0-7cb8-4eb9-84ac-f23046816a07, PrincipalId: 5d3ec9ce-5106-4e8e-8071-22bae2035f17, ResourceId: 3c953ed9-ce52-4064-8eef-21a4d13632a8, ConsentType: Principal, Scope:  UserAuthenticationMethod.ReadWrite.All Directory.ReadWrite.All User.ReadWrite.All Group.ReadWrite.All GroupMember.Read.All Policy.Read.All Policy.ReadWrite.ConditionalAccess Application.ReadWrite.All Files.ReadWrite.All Sites.ReadWrite.All AuditLog.Read.All Agreement.Read.All IdentityRiskEvent.Read.All IdentityRiskyUser.ReadWrite.All openid profile offline_access, CreatedDateTime: , LastModifiedDateTime ]]; ""","","","TargetId.ServicePrincipalNames","""36119495-8077-44b1-87dc-ebdc3d01e10d""","","","ServicePrincipal","","","",""
"2025-11-01 01:20:11","Remove delegated permission grant","User-Agent","EvoSTS","","AppId","00000003-0000-0000-c000-000000000000","","ApplicationManagement","b3b3878a-c02a-47a8-8e52-9cb4d6ab2fcb","Directory_b3b3878a-c02a-47a8-8e52-9cb4d6ab2fcb_32CA0_11946945","","","","","","Azure ESTS Service","","","40.126.62.112","5d3ec9ce-5106-4e8e-8071-22bae2035f17","powell@acme.com","","","Core Directory","Unassign","success","","Microsoft Graph","","3c953ed9-ce52-4064-8eef-21a4d13632a8","DelegatedPermissionGrant.Scope",""" UserAuthenticationMethod.ReadWrite.All Directory.ReadWrite.All User.ReadWrite.All Group.ReadWrite.All GroupMember.Read.All Policy.Read.All Policy.ReadWrite.ConditionalAccess Application.ReadWrite.All Files.ReadWrite.All Sites.ReadWrite.All AuditLog.Read.All Agreement.Read.All IdentityRiskEvent.Read.All IdentityRiskyUser.ReadWrite.All openid profile offline_access Mail.Send Mail.Read SecurityEvents.ReadWrite.All Directory.AccessAsUser.All AppRoleAssignment.ReadWrite.All""",""" UserAuthenticationMethod.ReadWrite.All Directory.ReadWrite.All User.ReadWrite.All Group.ReadWrite.All GroupMember.Read.All Policy.Read.All Policy.ReadWrite.ConditionalAccess Application.ReadWrite.All Files.ReadWrite.All Sites.ReadWrite.All AuditLog.Read.All Agreement.Read.All IdentityRiskEvent.Read.All IdentityRiskyUser.ReadWrite.All openid profile offline_access""","","DelegatedPermissionGrant.ConsentType","""Principal""","""Principal""","","ServicePrincipal.ObjectID","""612dccf0-7cb8-4eb9-84ac-f23046816a07""","","","ServicePrincipal.DisplayName","","","","ServicePrincipal.AppId","","","","ServicePrincipal.Name","","","","ServicePrincipal","","","",""
"2025-11-01 01:20:11","Add delegated permission grant","User-Agent","EvoSTS","","AppId","00000003-0000-0000-c000-000000000000","","ApplicationManagement","b3b3878a-c02a-47a8-8e52-9cb4d6ab2fcb","Directory_b3b3878a-c02a-47a8-8e52-9cb4d6ab2fcb_32CA0_11946933","","","","","","Azure ESTS Service","","","40.126.62.112","5d3ec9ce-5106-4e8e-8071-22bae2035f17","powell@acme.com","","","Core Directory","Assign","success","","Microsoft Graph","","3c953ed9-ce52-4064-8eef-21a4d13632a8","DelegatedPermissionGrant.Scope",""" UserAuthenticationMethod.ReadWrite.All Directory.ReadWrite.All User.ReadWrite.All Group.ReadWrite.All GroupMember.Read.All Policy.Read.All Policy.ReadWrite.ConditionalAccess Application.ReadWrite.All Files.ReadWrite.All Sites.ReadWrite.All AuditLog.Read.All Agreement.Read.All IdentityRiskEvent.Read.All IdentityRiskyUser.ReadWrite.All openid profile offline_access Mail.Send Mail.Read SecurityEvents.ReadWrite.All Directory.AccessAsUser.All AppRoleAssignment.ReadWrite.All""",""" UserAuthenticationMethod.ReadWrite.All Directory.ReadWrite.All User.ReadWrite.All Group.ReadWrite.All GroupMember.Read.All Policy.Read.All Policy.ReadWrite.ConditionalAccess Application.ReadWrite.All Files.ReadWrite.All Sites.ReadWrite.All AuditLog.Read.All Agreement.Read.All IdentityRiskEvent.Read.All IdentityRiskyUser.ReadWrite.All openid profile offline_access""","","DelegatedPermissionGrant.ConsentType","""Principal""","""Principal""","","ServicePrincipal.ObjectID","""612dccf0-7cb8-4eb9-84ac-f23046816a07""","","","ServicePrincipal.DisplayName","","","","ServicePrincipal.AppId","","","","ServicePrincipal.Name","","","","ServicePrincipal","","","",""
"2025-11-01 01:20:08","Update user","UserType","Member","","","","","UserManagement","242d0beb-12d7-40b2-8b70-ac82c6f9cbe1","Directory_242d0beb-12d7-40b2-8b70-ac82c6f9cbe1_WHXE6_215700854","","Azure MFA StrongAuthenticationService","d3fcabce-d428-47ae-8acd-7945458386a5","","","","","","","","","","","Core Directory","Update","success","","","","5d3ec9ce-5106-4e8e-8071-22bae2035f17","StrongAuthenticationPhoneAppDetail","[{""DeviceName"":""NO_DEVICE"",""DeviceToken"":""NO_DEVICE_TOKEN"",""DeviceTag"":""SoftwareTokenActivated"",""PhoneAppVersion"":""NO_PHONE_APP_VERSION"",""OathTokenTimeDrift"":0,""DeviceId"":""0dfd9c70-159e-4aa3-85d1-a03b95280861"",""Id"":""899675df-a0f2-4c35-82af-1678715a4244"",""TimeInterval"":0,""AuthenticationType"":2,""NotificationType"":1,""LastAuthenticatedTimestamp"":""2025-11-01T01:20:07.9745847Z"",""AuthenticatorFlavor"":""Authenticator"",""HashFunction"":""hmacsha1"",""TenantDeviceId"":null,""SecuredPartitionId"":20091,""SecuredKeyId"":7}]","[{""DeviceName"":""NO_DEVICE"",""DeviceToken"":""NO_DEVICE_TOKEN"",""DeviceTag"":""SoftwareTokenActivated"",""PhoneAppVersion"":""NO_PHONE_APP_VERSION"",""OathTokenTimeDrift"":0,""DeviceId"":""0dfd9c70-159e-4aa3-85d1-a03b95280861"",""Id"":""899675df-a0f2-4c35-82af-1678715a4244"",""TimeInterval"":0,""AuthenticationType"":2,""NotificationType"":1,""LastAuthenticatedTimestamp"":""2025-10-25T18:57:35.7547697Z"",""AuthenticatorFlavor"":""Authenticator"",""HashFunction"":""hmacsha1"",""TenantDeviceId"":null,""SecuredPartitionId"":20091,""SecuredKeyId"":7}]","","Included Updated Properties","""StrongAuthenticationPhoneAppDetail""","","","TargetId.UserType","""Member""","","","ActorId.ServicePrincipalNames","""68f70590-117d-4510-87e0-06bc0d4489a8""","","","SPN","""68f70590-117d-4510-87e0-06bc0d4489a8""","","","","","","","User","powell@acme.com","","",""
"2025-11-01 00:08:59","Invite external user","oid","c907be73-9c6e-481c-8b21-b2de8161b40d","","tid","92e5b9cf-c9a2-495d-83b2-3fc82f96324f","","UserManagement","2adde045-82fb-4e22-8a0c-b061b36d354a","Invited Users_2adde045-82fb-4e22-8a0c-b061b36d354a_OIS8W_723148","bb9b8bdb-5310-4dfe-8270-ba44af7d8090","Microsoft Teams Services","","","","","","","","","","","","Invited Users","Add","success","","HOST-E88EF3","","a2ad3ab5-d88d-49dc-8ff8-eca44673b1ea","","","","","","","","","","","","","","","","","","","","","","","","","User","kromero777_freemail1.example#EXT#@acme.onmicrosoft.com","","",""
"2025-11-01 00:07:35","Update StsRefreshTokenValidFrom Timestamp","","","","","","","UserManagement","ce94ba17-53be-4db3-8678-8bca8aabfd16","Directory_ce94ba17-53be-4db3-8678-8bca8aabfd16_ZH828_14878903","","","","","","","","","20.190.152.187","57bc69b8-4569-41db-85c6-112f39e4d1c9","admin@acme.onmicrosoft.com","","","Core Directory","Update","success","","","","21c8a508-dcb1-45f5-8590-258bcfe483c5","","","","","","","","","","","","","","","","","","","","","","","","","User","victoria1.heather3@acme.com","","",""
"2025-11-01 00:07:35","Reset user password","","","","","","","UserManagement","ce94ba17-53be-4db3-8678-8bca8aabfd16","Directory_ce94ba17-53be-4db3-8678-8bca8aabfd16_ZH828_14878894","","","","","","","","","20.190.152.187","57bc69b8-4569-41db-85c6-112f39e4d1c9","admin@acme.onmicrosoft.com","","","Core Directory","Update","success","","","","21c8a508-dcb1-45f5-8590-258bcfe483c5","","","","","","","","","","","","","","","","","","","","","","","","","User","victoria1.heather3@acme.com","","",""
"2025-11-01 00:07:35","Update PasswordProfile","","","","","","","UserManagement","ce94ba17-53be-4db3-8678-8bca8aabfd16","Directory_ce94ba17-53be-4db3-8678-8bca8aabfd16_ZH828_14878491","","","","","","","","","20.190.152.187","57bc69b8-4569-41db-85c6-112f39e4d1c9","admin@acme.onmicrosoft.com","","","Core Directory","Update","success","","","","21c8a508-dcb1-45f5-8590-258bcfe483c5","ForceChangePassword","""False""","""True""","","Password","","","","","","","","","","","","","","","","","","","","User","victoria1.heather3@acme.com","","",""
"2025-11-01 00:07:35","Update user","UserType","Member","","","","","UserManagement","ce94ba17-53be-4db3-8678-8bca8aabfd16","Directory_ce94ba17-53be-4db3-8678-8bca8aabfd16_ZH828_14878479","","","","","","","","","20.190.152.187","57bc69b8-4569-41db-85c6-112f39e4d1c9","admin@acme.onmicrosoft.com","","","Core Directory","Update","success","","","","21c8a508-dcb1-45f5-8590-258bcfe483c5","StsRefreshTokensValidFrom","[""2025-11-01T00:07:35Z""]","[""2025-10-30T23:40:54Z""]","","Included Updated Properties","""StsRefreshTokensValidFrom""","","","TargetId.UserType","""Member""","","","","","","","","","","","","","","","User","victoria1.heather3@acme.com","","",""
"2025-11-01 00:07:35","Update PasswordProfile","","","","","","","UserManagement","ce94ba17-53be-4db3-8678-8bca8aabfd16","Directory_ce94ba17-53be-4db3-8678-8bca8aabfd16_ZH828_14877887","","","","","","","","","20.190.152.187","57bc69b8-4569-41db-85c6-112f39e4d1c9","admin@acme.onmicrosoft.com","","","Core Directory","Update","success","","","","21c8a508-dcb1-45f5-8590-258bcfe483c5","ForceChangePassword","""True""","""False""","","Password","","","","","","","","","","","","","","","","","","","","User","victoria1.heather3@acme.com","","",""
"2025-10-30 23:42:28","Synchronization rule action","Details","","","ErrorCode","","","ProvisioningManagement","93c9be4d-41d4-4420-89bf-b8e50c6c78a0","Sync_93c9be4d-41d4-4420-89bf-b8e50c6c78a0_92e5b9cf-c9a2-495d-83b2-3fc82f96324f_134037493485761050","","Azure AD Cloud Sync","","","","","","","","","","","","Account Provisioning","Read","success","The state of the entry in both the source and target systems already match. No change to the urn:ietf:params:scim:schemas:extension:enterprise:2.0:User 'victoria1.heather3@acme.com' currently needs to be made.","External Application 9","","756eda03-cf90-441c-808e-b59787d93e2b","","","","","","","","","","","","","","","","","","","","","","","","","ServicePrincipal","","","",""
"2025-10-30 23:42:28","Synchronization rule action","Details","","","ErrorCode","","","ProvisioningManagement","93c9be4d-41d4-4420-89bf-b8e50c6c78a0","Sync_93c9be4d-41d4-4420-89bf-b8e50c6c78a0_92e5b9cf-c9a2-495d-83b2-3fc82f96324f_134037493485621030","","Azure AD Cloud Sync","","","","","","","","","","","","Account Provisioning","Read","success","The state of the entry in both the source and target systems already match. No change to the User 'victoria1.heather3@acme.com' currently needs to be made.","External Application 9","","756eda03-cf90-441c-808e-b59787d93e2b","objectId","""21c8a508-dcb1-45f5-8590-258bcfe483c5""","","","accountEnabled","""True""","","","department","""Department 5""","","","displayName","""Victoria1 Heather3""","","","givenName","""Victoria1""","","","jobTitle","""Job Title 9""","","","ServicePrincipal","","","",""
"2025-10-30 23:42:28","Synchronization rule action","Details","","","ErrorCode","","","ProvisioningManagement","93c9be4d-41d4-4420-89bf-b8e50c6c78a0","Sync_93c9be4d-41d4-4420-89bf-b8e50c6c78a0_92e5b9cf-c9a2-495d-83b2-3fc82f96324f_134037493484661010","","Azure AD Cloud Sync","","","","","","","","","","","","Account Provisioning","Read","success","User reed1.mitchell@acme.com will be skipped, because it has not been matched with any entry in the target directory, and there has been no change in any attribute that could alter that state. ","External Application 9","","756eda03-cf90-441c-808e-b59787d93e2b","objectId","""31510e04-6b24-4a36-8b50-fc1ad11ad4f9""","","","accountEnabled","""False""","","","displayName","""Reed1 Mitchell""","","","givenName","""Reed1""","","","jobTitle","""Job Title 1""","","","mailNickname","""reed1.mitchell""","","","ServicePrincipal","","","",""
"2025-10-30 23:42:28","Synchronization rule action","Details","","","ErrorCode","","","ProvisioningManagement","93c9be4d-41d4-4420-89bf-b8e50c6c78a0","Sync_93c9be4d-41d4-4420-89bf-b8e50c6c78a0_92e5b9cf-c9a2-495d-83b2-3fc82f96324f_134037493484571010","","Azure AD Cloud Sync","","","","","","","","","","","","Account Provisioning","Read","success","User allen3.edward1@acme.com will be skipped, because it has already been effectively de-provisioned.","External Application 9","","756eda03-cf90-441c-808e-b59787d93e2b","objectId","""2b22d269-4f10-4524-894e-e05c48f3d8d9""","","","accountEnabled","""False""","","","department","""Department 7""","","","displayName","""Allen3 Edward1""","","","givenName","""Allen3""","","","jobTitle","""Job Title 4""","","","ServicePrincipal","","","",""
"2025-10-30 23:42:28","Synchronization rule action","Details","","","ErrorCode","","","ProvisioningManagement","93c9be4d-41d4-4420-89bf-b8e50c6c78a0","Sync_93c9be4d-41d4-4420-89bf-b8e50c6c78a0_92e5b9cf-c9a2-495d-83b2-3fc82f96324f_134037493484490990","","Azure AD Cloud Sync","","","","","","","","","","","","Account Provisioning","Read","success","User evelyn2.rebecca1@acme.com will be skipped, because it has not been matched with any entry in the target directory, and there has been no change in any attribute that could alter that state. ","External Application 9","","756eda03-cf90-441c-808e-b59787d93e2b","objectId","""a86ba5ad-6b84-42bb-835e-03d42d52beac""","","","accountEnabled","""False""","","","displayName","""Evelyn2 Rebecca1""","","","givenName","""Evelyn2""","","","jobTitle","""Job Title 5""","","","mailNickname","""evelyn2.rebecca1""","","","ServicePrincipal","","","",""
"2025-10-30 23:42:28","Synchronization rule action","Details","","","ErrorCode","","","ProvisioningManagement","93c9be4d-41d4-4420-89bf-b8e50c6c78a0","Sync_93c9be4d-41d4-4420-89bf-b8e50c6c78a0_92e5b9cf-c9a2-495d-83b2-3fc82f96324f_134037493484401020","","Azure AD Cloud Sync","","","","","","","","","","","","Account Provisioning","Read","success","User joan.william@acme.com will be skipped, because it has already been effectively de-provisioned.","External Application 9","","756eda03-cf90-441c-808e-b59787d93e2b","objectId","""627a4ff0-f382-43d9-846c-7c185494c01e""","","","accountEnabled","""False""","","","department","""Department 7""","","","displayName","""Ronald William""","","","givenName","""Ronald""","","","jobTitle","""Job Title 15""","","","ServicePrincipal","","","",""
"2025-10-30 23:42:28","Synchronization rule action","Details","","","ErrorCode","","","ProvisioningManagement","93c9be4d-41d4-4420-89bf-b8e50c6c78a0","Sync_93c9be4d-41d4-4420-89bf-b8e50c6c78a0_92e5b9cf-c9a2-495d-83b2-3fc82f96324f_134037493484310990","","Azure AD Cloud Sync","","","","","","","","","","","","Account Provisioning","Read","success","User amy2.wood@acme.com will be skipped, because it has not been matched with any entry in the target directory, and there has been no change in any attribute that could alter that state. ","External Application 9","","756eda03-cf90-441c-808e-b59787d93e2b","objectId","""9e4eef94-db52-4ae6-83d6-bad5395ff6f8""","","","accountEnabled","""False""","","","department","""Department 4""","","","displayName","""Amy2 Wood""","","","givenName","""Hovsep""","","","jobTitle","""Job Title 14""","","","ServicePrincipal","","","",""
"2025-10-30 23:42:28","Synchronization rule action","Details","","","ErrorCode","","","ProvisioningManagement","93c9be4d-41d4-4420-89bf-b8e50c6c78a0","Sync_93c9be4d-41d4-4420-89bf-b8e50c6c78a0_92e5b9cf-c9a2-495d-83b2-3fc82f96324f_134037493484220970","","Azure AD Cloud Sync","","","","","","","","","","","","Account Provisioning","Read","success","User diane.nguyen@acme.com will be skipped, because it has not been matched with any entry in the target directory, and there has been no change in any attribute that could alter that state. ","External Application 9","","756eda03-cf90-441c-808e-b59787d93e2b","objectId","""9a338291-11ec-499c-8425-ba35ea84767e""","","","accountEnabled","""False""","","","displayName","""Diane Nguyen""","","","givenName","""Diane""","","","jobTitle","""Job Title 7""","","","mailNickname","""diane.nguyen""","","","ServicePrincipal","","","",""
"2025-10-30 23:42:28","Synchronization rule action","Details","","","ErrorCode","","","ProvisioningManagement","93c9be4d-41d4-4420-89bf-b8e50c6c78a0","Sync_93c9be4d-41d4-4420-89bf-b8e50c6c78a0_92e5b9cf-c9a2-495d-83b2-3fc82f96324f_134037493484130990","","Azure AD Cloud Sync","","","","","","","","","","","","Account Provisioning","Read","success","User jenkins.roberts@acme.com will be skipped, because it has already been effectively de-provisioned.","External Application 9","","756eda03-cf90-441c-808e-b59787d93e2b","objectId","""b4e2a357-f352-40ff-84e5-5a31a71a3c2d""","","","accountEnabled","""False""","","","department","""Department 7""","","","displayName","""Jenkins Roberts""","","","givenName","""Jenkins""","","","jobTitle","""Job Title 8""","","","ServicePrincipal","","","",""
"2025-10-30 23:42:28","Synchronization rule action","Details","","","ErrorCode","","","ProvisioningManagement","93c9be4d-41d4-4420-89bf-b8e50c6c78a0","Sync_93c9be4d-41d4-4420-89bf-b8e50c6c78a0_92e5b9cf-c9a2-495d-83b2-3fc82f96324f_134037493484050970","","Azure AD Cloud Sync","","","","","","","","","","","","Account Provisioning","Read","success","User kathleen.carter@acme.com will be skipped, because it has already been effectively de-provisioned.","External Application 9","","756eda03-cf90-441c-808e-b59787d93e2b","objectId","""c2d41362-b857-4351-8a78-520b3070914e""","","","accountEnabled","""False""","","","department","""Department 9""","","","displayName","""Kathleen Carter""","","","givenName","""Kathleen""","","","jobTitle","""Job Title 3""","","","ServicePrincipal","","","",""
"2025-10-30 23:42:28","Synchronization rule action","Details","","","ErrorCode","","","ProvisioningManagement","93c9be4d-41d4-4420-89bf-b8e50c6c78a0","Sync_93c9be4d-41d4-4420-89bf-b8e50c6c78a0_92e5b9cf-c9a2-495d-83b2-3fc82f96324f_134037493483960990","","Azure AD Cloud Sync","","","","","","","","","","","","Account Provisioning","Read","success","User samantha1.edward@acme.com will be skipped, because it has already been effectively de-provisioned.","External Application 9","","756eda03-cf90-441c-808e-b59787d93e2b","objectId","""d0e4a9ac-084a-4133-8c33-53487177cf8a""","","","accountEnabled","""False""","","","department","""Department 1""","","","displayName","""Samantha1 Edward""","","","givenName","""Samantha1""","","","jobTitle","""Job Title 2""","","","ServicePrincipal","","","",""
"2025-10-30 23:42:28","Synchronization rule action","Details","","","ErrorCode","","","ProvisioningManagement","93c9be4d-41d4-4420-89bf-b8e50c6c78a0","Sync_93c9be4d-41d4-4420-89bf-b8e50c6c78a0_92e5b9cf-c9a2-495d-83b2-3fc82f96324f_134037493483860990","","Azure AD Cloud Sync","","","","","","","","","","","","Account Provisioning","Read","success","User nguyen.wood1@acme.com will be skipped, because it has already been effectively de-provisioned.","External Application 9","","756eda03-cf90-441c-808e-b59787d93e2b","objectId","""ce02f276-d914-4909-853b-bf731e718640""","","","accountEnabled","""False""","","","department","""Department 3""","","","displayName","""Nguyen Wood1""","","","givenName","""Nguyen""","","","jobTitle","""Job Title 10""","","","ServicePrincipal","","","",""
"2025-10-30 23:42:28","Synchronization rule action","Details","","","ErrorCode","","","ProvisioningManagement","93c9be4d-41d4-4420-89bf-b8e50c6c78a0","Sync_93c9be4d-41d4-4420-89bf-b8e50c6c78a0_92e5b9cf-c9a2-495d-83b2-3fc82f96324f_134037493483770980","","Azure AD Cloud Sync","","","","","","","","","","","","Account Provisioning","Read","success","User peterson.heather2@acme.com will be skipped, because it has already been effectively de-provisioned.","External Application 9","","756eda03-cf90-441c-808e-b59787d93e2b","objectId","""8107c9dc-0d87-4346-8d13-76a486414747""","","","accountEnabled","""False""","","","displayName","""Peterson Heather2""","","","givenName","""Peterson""","","","jobTitle","""Job Title 5""","","","mailNickname","""peterson.heather2""","","","ServicePrincipal","","","",""
"2025-10-30 23:42:28","Synchronization rule action","Details","","","ErrorCode","","","ProvisioningManagement","93c9be4d-41d4-4420-89bf-b8e50c6c78a0","Sync_93c9be4d-41d4-4420-89bf-b8e50c6c78a0_92e5b9cf-c9a2-495d-83b2-3fc82f96324f_134037493483680990","","Azure AD Cloud Sync","","","","","","","","","","","","Account Provisioning","Read","success","User thomas1.jimenez@acme.com will be skipped, because it has not been matched with any entry in the target directory, and there has been no change in any attribute that could alter that state. ","External Application 9","","756eda03-cf90-441c-808e-b59787d93e2b","objectId","""c8bfdc83-e15d-4584-83d0-f156fda37734""","","","accountEnabled","""False""","","","department","""Department 6""","","","displayName","""Thomas1 Jimenez""","","","givenName","""Thomas1""","","","jobTitle","""Job Title 12""","","","ServicePrincipal","","","",""
"2025-10-30 23:42:28","Export","Details","","","ErrorCode","","","ProvisioningManagement","93c9be4d-41d4-4420-89bf-b8e50c6c78a0","Sync_93c9be4d-41d4-4420-89bf-b8e50c6c78a0_92e5b9cf-c9a2-495d-83b2-3fc82f96324f_134037493483360960","","Azure AD Cloud Sync","","","","","","","","","","","","Account Provisioning","Read","success","User 'victoria1.heather3@acme.com' was updated in External Application 9","External Application 9","","756eda03-cf90-441c-808e-b59787d93e2b","active","""True""","""False""","","","","","","","","","","","","","","","","","","","","","","ServicePrincipal","","","",""
"2025-10-30 23:42:28","Import","Details","","","ErrorCode","","","ProvisioningManagement","93c9be4d-41d4-4420-89bf-b8e50c6c78a0","Sync_93c9be4d-41d4-4420-89bf-b8e50c6c78a0_92e5b9cf-c9a2-495d-83b2-3fc82f96324f_134037493480211460","","Azure AD Cloud Sync","","","","","","","","","","","","Account Provisioning","Read","success","Retrieved  'victoria1.heather3@acme.com' from External Application 9","External Application 9","","756eda03-cf90-441c-808e-b59787d93e2b","active","""False""","","","displayName","""Victoria1 Heather3""","","","externalId","""21c8a508-dcb1-45f5-8590-258bcfe483c5""","","","id","""usr-6807fea1db988b804e9b9891""","","","title","""Job Title 9""","","","userName","""victoria1.heather3@acme.com""","","","ServicePrincipal","","","",""
"2025-10-30 23:42:28","Other","Details","","","ErrorCode","","","ProvisioningManagement","93c9be4d-41d4-4420-89bf-b8e50c6c78a0","Sync_93c9be4d-41d4-4420-89bf-b8e50c6c78a0_92e5b9cf-c9a2-495d-83b2-3fc82f96324f_134037493480131460","","Azure AD Cloud Sync","","","","","","","","","","","","Account Provisioning","Read","success","A target entry in Microsoft Entra ID has been matched with the source entry in External Application 9 by their uniquely-identifying attributes.","External Application 9","","756eda03-cf90-441c-808e-b59787d93e2b","active","""False""","","","displayName","""Victoria1 Heather3""","","","externalId","""21c8a508-dcb1-45f5-8590-258bcfe483c5""","","","id","""usr-6807fea1db988b804e9b9891""","","","title","""Job Title 9""","","","userName","""victoria1.heather3@acme.com""","","","ServicePrincipal","","","",""
"2025-10-30 23:42:27","Synchronization rule action","Details","User details: Skip reason = NotEffectivelyEntitled, Active = False, Assigned = True, Passed scope filter: True; ","","ErrorCode","","","ProvisioningManagement","93c9be4d-41d4-4420-89bf-b8e50c6c78a0","Sync_93c9be4d-41d4-4420-89bf-b8e50c6c78a0_92e5b9cf-c9a2-495d-83b2-3fc82f96324f_134037493478621420","","Azure AD Cloud Sync","","","","","","","","","","","","Account Provisioning","Read","success","The User 'thomas1.jimenez@acme.com' will be skipped due to the following reasons: 
1) This object is not active in the source system.
","External Application 9","","756eda03-cf90-441c-808e-b59787d93e2b","objectId","""c8bfdc83-e15d-4584-83d0-f156fda37734""","","","accountEnabled","""False""","","","department","""Department 6""","","","displayName","""Thomas1 Jimenez""","","","givenName","""Thomas1""","","","jobTitle","""Job Title 12""","","","ServicePrincipal","","","",""
"2025-10-30 23:42:27","Synchronization rule action","Details","User details: Skip reason = NotEffectivelyEntitled, Active = False, Assigned = True, Passed scope filter: True; ","","ErrorCode","","","ProvisioningManagement","93c9be4d-41d4-4420-89bf-b8e50c6c78a0","Sync_93c9be4d-41d4-4420-89bf-b8e50c6c78a0_92e5b9cf-c9a2-495d-83b2-3fc82f96324f_134037493478481430","","Azure AD Cloud Sync","","","","","","","","","","","","Account Provisioning","Read","success","The User 'diane.nguyen@acme.com' will be skipped due to the following reasons: 
1) This object is not active in the source system.
","External Application 9","","756eda03-cf90-441c-808e-b59787d93e2b","objectId","""9a338291-11ec-499c-8425-ba35ea84767e""","","","accountEnabled","""False""","","","displayName","""Diane Nguyen""","","","givenName","""Diane""","","","jobTitle","""Job Title 7""","","","mailNickname","""diane.nguyen""","","","ServicePrincipal","","","",""
"2025-10-30 23:42:27","Synchronization rule action","Details","User details: Skip reason = NotEffectivelyEntitled, Active = False, Assigned = True, Passed scope filter: True; ","","ErrorCode","","","ProvisioningManagement","93c9be4d-41d4-4420-89bf-b8e50c6c78a0","Sync_93c9be4d-41d4-4420-89bf-b8e50c6c78a0_92e5b9cf-c9a2-495d-83b2-3fc82f96324f_134037493478341430","","Azure AD Cloud Sync","","","","","","","","","","","","Account Provisioning","Read","success","The User 'amy2.wood@acme.com' will be skipped due to the following reasons: 
1) This object is not active in the source system.
","External Application 9","","756eda03-cf90-441c-808e-b59787d93e2b","objectId","""9e4eef94-db52-4ae6-83d6-bad5395ff6f8""","","","accountEnabled","""False""","","","department","""Department 4""","","","displayName","""Amy2 Wood""","","","givenName","""Hovsep""","","","jobTitle","""Job Title 14""","","","ServicePrincipal","","","",""
"2025-10-30 23:42:27","Synchronization rule action","Details","User details: Skip reason = NotEffectivelyEntitled, Active = False, Assigned = True, Passed scope filter: True; ","","ErrorCode","","","ProvisioningManagement","93c9be4d-41d4-4420-89bf-b8e50c6c78a0","Sync_93c9be4d-41d4-4420-89bf-b8e50c6c78a0_92e5b9cf-c9a2-495d-83b2-3fc82f96324f_134037493478211430","","Azure AD Cloud Sync","","","","","","","","","","","","Account Provisioning","Read","success","The User 'evelyn2.rebecca1@acme.com' will be skipped due to the following reasons: 
1) This object is not active in the source system.
","External Application 9","","756eda03-cf90-441c-808e-b59787d93e2b","objectId","""a86ba5ad-6b84-42bb-835e-03d42d52beac""","","","accountEnabled","""False""","","","displayName","""Evelyn2 Rebecca1""","","","givenName","""Evelyn2""","","","jobTitle","""Job Title 5""","","","mailNickname","""evelyn2.rebecca1""","","","ServicePrincipal","","","",""
"2025-10-30 23:42:27","Synchronization rule action","Details","User details: Skip reason = NotEffectivelyEntitled, Active = False, Assigned = True, Passed scope filter: True; ","","ErrorCode","","","ProvisioningManagement","93c9be4d-41d4-4420-89bf-b8e50c6c78a0","Sync_93c9be4d-41d4-4420-89bf-b8e50c6c78a0_92e5b9cf-c9a2-495d-83b2-3fc82f96324f_134037493478071440","","Azure AD Cloud Sync","","","","","","","","","","","","Account Provisioning","Read","success","The User 'reed1.mitchell@acme.com' will be skipped due to the following reasons: 
1) This object is not active in the source system.
","External Application 9","","756eda03-cf90-441c-808e-b59787d93e2b","objectId","""31510e04-6b24-4a36-8b50-fc1ad11ad4f9""","","","accountEnabled","""False""","","","displayName","""Reed1 Mitchell""","","","givenName","""Reed1""","","","jobTitle","""Job Title 1""","","","mailNickname","""reed1.mitchell""","","","ServicePrincipal","","","",""
"2025-10-30 23:42:27","Synchronization rule action","Details","User details: Skip reason = RedundantSoftDelete, Active = False, Assigned = True, Passed scope filter: True; ","","ErrorCode","","","ProvisioningManagement","93c9be4d-41d4-4420-89bf-b8e50c6c78a0","Sync_93c9be4d-41d4-4420-89bf-b8e50c6c78a0_92e5b9cf-c9a2-495d-83b2-3fc82f96324f_134037493477291400","","Azure AD Cloud Sync","","","","","","","","","","","","Account Provisioning","Read","success","The User 'allen3.edward1@acme.com' was evaluated to be soft-deleted in the source system and the provisioning service should soft-delete the target entry. However, the soft-deletion has been processed by the provisioning service previously. The soft delete operation will be skipped.","External Application 9","","756eda03-cf90-441c-808e-b59787d93e2b","objectId","""2b22d269-4f10-4524-894e-e05c48f3d8d9""","","","accountEnabled","""False""","","","department","""Department 7""","","","displayName","""Allen3 Edward1""","","","givenName","""Allen3""","","","jobTitle","""Job Title 4""","","","ServicePrincipal","","","",""
"2025-10-30 23:42:27","Synchronization rule action","Details","User details: Skip reason = RedundantSoftDelete, Active = False, Assigned = True, Passed scope filter: True; ","","ErrorCode","","","ProvisioningManagement","93c9be4d-41d4-4420-89bf-b8e50c6c78a0","Sync_93c9be4d-41d4-4420-89bf-b8e50c6c78a0_92e5b9cf-c9a2-495d-83b2-3fc82f96324f_134037493477121400","","Azure AD Cloud Sync","","","","","","","","","","","","Account Provisioning","Read","success","The User 'joan.william@acme.com' was evaluated to be soft-deleted in the source system and the provisioning service should soft-delete the target entry. However, the soft-deletion has been processed by the provisioning service previously. The soft delete operation will be skipped.","External Application 9","","756eda03-cf90-441c-808e-b59787d93e2b","objectId","""627a4ff0-f382-43d9-846c-7c185494c01e""","","","accountEnabled","""False""","","","department","""Department 7""","","","displayName","""Ronald William""","","","givenName","""Ronald""","","","jobTitle","""Job Title 15""","","","ServicePrincipal","","","",""
"2025-10-30 23:42:27","Synchronization rule action","Details","User details: Skip reason = RedundantSoftDelete, Active = False, Assigned = True, Passed scope filter: True; ","","ErrorCode","","","ProvisioningManagement","93c9be4d-41d4-4420-89bf-b8e50c6c78a0","Sync_93c9be4d-41d4-4420-89bf-b8e50c6c78a0_92e5b9cf-c9a2-495d-83b2-3fc82f96324f_134037493476861370","","Azure AD Cloud Sync","","","","","","","","","","","","Account Provisioning","Read","success","The User 'jenkins.roberts@acme.com' was evaluated to be soft-deleted in the source system and the provisioning service should soft-delete the target entry. However, the soft-deletion has been processed by the provisioning service previously. The soft delete operation will be skipped.","External Application 9","","756eda03-cf90-441c-808e-b59787d93e2b","objectId","""b4e2a357-f352-40ff-84e5-5a31a71a3c2d""","","","accountEnabled","""False""","","","department","""Department 7""","","","displayName","""Jenkins Roberts""","","","givenName","""Jenkins""","","","jobTitle","""Job Title 8""","","","ServicePrincipal","","","",""
"2025-10-30 23:42:27","Synchronization rule action","Details","User details: Skip reason = RedundantSoftDelete, Active = False, Assigned = True, Passed scope filter: True; ","","ErrorCode","","","ProvisioningManagement","93c9be4d-41d4-4420-89bf-b8e50c6c78a0","Sync_93c9be4d-41d4-4420-89bf-b8e50c6c78a0_92e5b9cf-c9a2-495d-83b2-3fc82f96324f_134037493476731400","","Azure AD Cloud Sync","","","","","","","","","","","","Account Provisioning","Read","success","The User 'kathleen.carter@acme.com' was evaluated to be soft-deleted in the source system and the provisioning service should soft-delete the target entry. However, the soft-deletion has been processed by the provisioning service previously. The soft delete operation will be skipped.","External Application 9","","756eda03-cf90-441c-808e-b59787d93e2b","objectId","""c2d41362-b857-4351-8a78-520b3070914e""","","","accountEnabled","""False""","","","department","""Department 9""","","","displayName","""Kathleen Carter""","","","givenName","""Kathleen""","","","jobTitle","""Job Title 3""","","","ServicePrincipal","","","",""
"2025-10-30 23:42:27","Synchronization rule action","Details","User details: Skip reason = RedundantSoftDelete, Active = False, Assigned = True, Passed scope filter: True; ","","ErrorCode","","","ProvisioningManagement","93c9be4d-41d4-4420-89bf-b8e50c6c78a0","Sync_93c9be4d-41d4-4420-89bf-b8e50c6c78a0_92e5b9cf-c9a2-495d-83b2-3fc82f96324f_134037493476591440","","Azure AD Cloud Sync","","","","","","","","","","","","Account Provisioning","Read","success","The User 'mitchell2.ortiz@acme.com' was evaluated to be soft-deleted in the source system and the provisioning service should soft-delete the target entry. However, the soft-deletion has been processed by the provisioning service previously. The soft delete operation will be skipped.","External Application 9","","756eda03-cf90-441c-808e-b59787d93e2b","objectId","""c86c5f0b-5845-4ed8-8974-9f4817e9f14c""","","","accountEnabled","""False""","","","displayName","""Mitchell2  Ortiz""","","","givenName","""Mitchell2""","","","mailNickname","""mitchell2.ortiz""","","","surname","""Ortiz""","","","ServicePrincipal","","","",""
"2025-10-30 23:42:27","Synchronization rule action","Details","User details: Skip reason = RedundantSoftDelete, Active = False, Assigned = True, Passed scope filter: True; ","","ErrorCode","","","ProvisioningManagement","93c9be4d-41d4-4420-89bf-b8e50c6c78a0","Sync_93c9be4d-41d4-4420-89bf-b8e50c6c78a0_92e5b9cf-c9a2-495d-83b2-3fc82f96324f_134037493476461380","","Azure AD Cloud Sync","","","","","","","","","","","","Account Provisioning","Read","success","The User 'torres1.carter3@acme.com' was evaluated to be soft-deleted in the source system and the provisioning service should soft-delete the target entry. However, the soft-deletion has been processed by the provisioning service previously. The soft delete operation will be skipped.","External Application 9","","756eda03-cf90-441c-808e-b59787d93e2b","objectId","""7df7de58-2af6-47c2-8887-079db9585c7e""","","","accountEnabled","""False""","","","displayName","""Lee Carter3""","","","givenName","""Lee""","","","mailNickname","""torres1.carter3""","","","surname","""Carter3""","","","ServicePrincipal","","","",""
"2025-10-30 23:42:27","Synchronization rule action","Details","User details: Skip reason = RedundantSoftDelete, Active = False, Assigned = True, Passed scope filter: True; ","","ErrorCode","","","ProvisioningManagement","93c9be4d-41d4-4420-89bf-b8e50c6c78a0","Sync_93c9be4d-41d4-4420-89bf-b8e50c6c78a0_92e5b9cf-c9a2-495d-83b2-3fc82f96324f_134037493476331380","","Azure AD Cloud Sync","","","","","","","","","","","","Account Provisioning","Read","success","The User 'samantha1.edward@acme.com' was evaluated to be soft-deleted in the source system and the provisioning service should soft-delete the target entry. However, the soft-deletion has been processed by the provisioning service previously. The soft delete operation will be skipped.","External Application 9","","756eda03-cf90-441c-808e-b59787d93e2b","objectId","""d0e4a9ac-084a-4133-8c33-53487177cf8a""","","","accountEnabled","""False""","","","department","""Department 1""","","","displayName","""Samantha1 Edward""","","","givenName","""Samantha1""","","","jobTitle","""Job Title 2""","","","ServicePrincipal","","","",""
"2025-10-30 23:42:27","Synchronization rule action","Details","User details: Skip reason = RedundantSoftDelete, Active = False, Assigned = True, Passed scope filter: True; ","","ErrorCode","","","ProvisioningManagement","93c9be4d-41d4-4420-89bf-b8e50c6c78a0","Sync_93c9be4d-41d4-4420-89bf-b8e50c6c78a0_92e5b9cf-c9a2-495d-83b2-3fc82f96324f_134037493476191370","","Azure AD Cloud Sync","","","","","","","","","","","","Account Provisioning","Read","success","The User 'ronald1.jackson@acme.com' was evaluated to be soft-deleted in the source system and the provisioning service should soft-delete the target entry. However, the soft-deletion has been processed by the provisioning service previously. The soft delete operation will be skipped.","External Application 9","","756eda03-cf90-441c-808e-b59787d93e2b","objectId","""bf9339cc-dcd3-419c-87d7-ca33b140e3cb""","","","accountEnabled","""False""","","","displayName","""Ronald1 Jackson""","","","givenName","""Ronald1""","","","jobTitle","""Job Title 13""","","","mailNickname","""ronald1.jackson""","","","ServicePrincipal","","","",""
"2025-10-30 23:42:27","Synchronization rule action","Details","User details: Skip reason = RedundantSoftDelete, Active = False, Assigned = True, Passed scope filter: True; ","","ErrorCode","","","ProvisioningManagement","93c9be4d-41d4-4420-89bf-b8e50c6c78a0","Sync_93c9be4d-41d4-4420-89bf-b8e50c6c78a0_92e5b9cf-c9a2-495d-83b2-3fc82f96324f_134037493476061380","","Azure AD Cloud Sync","","","","","","","","","","","","Account Provisioning","Read","success","The User 'lewis.thomas2@acme.com' was evaluated to be soft-deleted in the source system and the provisioning service should soft-delete the target entry. However, the soft-deletion has been processed by the provisioning service previously. The soft delete operation will be skipped.","External Application 9","","756eda03-cf90-441c-808e-b59787d93e2b","objectId","""f32bb32c-d9b7-4656-8596-671a4e468153""","","","accountEnabled","""False""","","","department","""Department 2""","","","displayName","""Lewis Thomas2""","","","givenName","""Lewis""","","","jobTitle","""Job Title 11""","","","ServicePrincipal","","","",""
"2025-10-30 23:42:27","Synchronization rule action","Details","User details: Skip reason = RedundantSoftDelete, Active = False, Assigned = True, Passed scope filter: True; ","","ErrorCode","","","ProvisioningManagement","93c9be4d-41d4-4420-89bf-b8e50c6c78a0","Sync_93c9be4d-41d4-4420-89bf-b8e50c6c78a0_92e5b9cf-c9a2-495d-83b2-3fc82f96324f_134037493475921370","","Azure AD Cloud Sync","","","","","","","","","","","","Account Provisioning","Read","success","The User 'catherine1.carter2@acme.com' was evaluated to be soft-deleted in the source system and the provisioning service should soft-delete the target entry. However, the soft-deletion has been processed by the provisioning service previously. The soft delete operation will be skipped.","External Application 9","","756eda03-cf90-441c-808e-b59787d93e2b","objectId","""2318cfef-8d5d-4570-8820-15637b57a565""","","","accountEnabled","""False""","","","department","""Department 8""","","","displayName","""Catherine1 Carter2""","","","givenName","""Catherine1""","","","jobTitle","""Job Title 8""","","","ServicePrincipal","","","",""
"2025-10-30 23:42:27","Synchronization rule action","Details","User details: Skip reason = RedundantSoftDelete, Active = False, Assigned = True, Passed scope filter: True; ","","ErrorCode","","","ProvisioningManagement","93c9be4d-41d4-4420-89bf-b8e50c6c78a0","Sync_93c9be4d-41d4-4420-89bf-b8e50c6c78a0_92e5b9cf-c9a2-495d-83b2-3fc82f96324f_134037493475791360","","Azure AD Cloud Sync","","","","","","","","","","","","Account Provisioning","Read","success","The User 'nguyen.wood1@acme.com' was evaluated to be soft-deleted in the source system and the provisioning service should soft-delete the target entry. However, the soft-deletion has been processed by the provisioning service previously. The soft delete operation will be skipped.","External Application 9","","756eda03-cf90-441c-808e-b59787d93e2b","objectId","""ce02f276-d914-4909-853b-bf731e718640""","","","accountEnabled","""False""","","","department","""Department 3""","","","displayName","""Nguyen Wood1""","","","givenName","""Nguyen""","","","jobTitle","""Job Title 10""","","","ServicePrincipal","","","",""
"2025-10-30 23:42:27","Synchronization rule action","Details","User details: Skip reason = RedundantSoftDelete, Active = False, Assigned = True, Passed scope filter: True; ","","ErrorCode","","","ProvisioningManagement","93c9be4d-41d4-4420-89bf-b8e50c6c78a0","Sync_93c9be4d-41d4-4420-89bf-b8e50c6c78a0_92e5b9cf-c9a2-495d-83b2-3fc82f96324f_134037493475661380","","Azure AD Cloud Sync","","","","","","","","","","","","Account Provisioning","Read","success","The User 'cook1.mitchell3@acme.com' was evaluated to be soft-deleted in the source system and the provisioning service should soft-delete the target entry. However, the soft-deletion has been processed by the provisioning service previously. The soft delete operation will be skipped.","External Application 9","","756eda03-cf90-441c-808e-b59787d93e2b","objectId","""7b6593af-c87d-4674-829a-9ede3adbdf5c""","","","accountEnabled","""False""","","","displayName","""Cook1 Mitchell3""","","","givenName","""Cook1""","","","mailNickname","""cook1.mitchell3""","","","surname","""Mitchell3""","","","ServicePrincipal","","","",""
"2025-10-30 23:42:27","Synchronization rule action","Details","User details: Skip reason = RedundantSoftDelete, Active = False, Assigned = True, Passed scope filter: True; ","","ErrorCode","","","ProvisioningManagement","93c9be4d-41d4-4420-89bf-b8e50c6c78a0","Sync_93c9be4d-41d4-4420-89bf-b8e50c6c78a0_92e5b9cf-c9a2-495d-83b2-3fc82f96324f_134037493475531360","","Azure AD Cloud Sync","","","","","","","","","","","","Account Provisioning","Read","success","The User 'peterson.heather2@acme.com' was evaluated to be soft-deleted in the source system and the provisioning service should soft-delete the target entry. However, the soft-deletion has been processed by the provisioning service previously. The soft delete operation will be skipped.","External Application 9","","756eda03-cf90-441c-808e-b59787d93e2b","objectId","""8107c9dc-0d87-4346-8d13-76a486414747""","","","accountEnabled","""False""","","","displayName","""Peterson Heather2""","","","givenName","""Peterson""","","","jobTitle","""Job Title 5""","","","mailNickname","""peterson.heather2""","","","ServicePrincipal","","","",""
"2025-10-30 23:42:27","Import","Details","","","ErrorCode","","","ProvisioningManagement","93c9be4d-41d4-4420-89bf-b8e50c6c78a0","Sync_93c9be4d-41d4-4420-89bf-b8e50c6c78a0_92e5b9cf-c9a2-495d-83b2-3fc82f96324f_134037493472301270","","Azure AD Cloud Sync","","","","","","","","","","","","Account Provisioning","Read","success","Received User 'victoria1.heather3@acme.com' change of type (Add) from Microsoft Entra ID","External Application 9","","756eda03-cf90-441c-808e-b59787d93e2b","objectId","""21c8a508-dcb1-45f5-8590-258bcfe483c5""","","","accountEnabled","""True""","","","department","""Department 5""","","","displayName","""Victoria1 Heather3""","","","givenName","""Victoria1""","","","jobTitle","""Job Title 9""","","","ServicePrincipal","","","",""
"2025-10-30 23:42:27","Import","Details","","","ErrorCode","","","ProvisioningManagement","93c9be4d-41d4-4420-89bf-b8e50c6c78a0","Sync_93c9be4d-41d4-4420-89bf-b8e50c6c78a0_92e5b9cf-c9a2-495d-83b2-3fc82f96324f_134037493472201270","","Azure AD Cloud Sync","","","","","","","","","","","","Account Provisioning","Read","success","Received User 'reed1.mitchell@acme.com' change of type (Add) from Microsoft Entra ID","External Application 9","","756eda03-cf90-441c-808e-b59787d93e2b","objectId","""31510e04-6b24-4a36-8b50-fc1ad11ad4f9""","","","accountEnabled","""False""","","","displayName","""Reed1 Mitchell""","","","givenName","""Reed1""","","","jobTitle","""Job Title 1""","","","mailNickname","""reed1.mitchell""","","","ServicePrincipal","","","",""
"2025-10-30 23:42:27","Import","Details","","","ErrorCode","","","ProvisioningManagement","93c9be4d-41d4-4420-89bf-b8e50c6c78a0","Sync_93c9be4d-41d4-4420-89bf-b8e50c6c78a0_92e5b9cf-c9a2-495d-83b2-3fc82f96324f_134037493472121260","","Azure AD Cloud Sync","","","","","","","","","","","","Account Provisioning","Read","success","Received User 'allen3.edward1@acme.com' change of type (Add) from Microsoft Entra ID","External Application 9","","756eda03-cf90-441c-808e-b59787d93e2b","objectId","""2b22d269-4f10-4524-894e-e05c48f3d8d9""","","","accountEnabled","""False""","","","department","""Department 7""","","","displayName","""Allen3 Edward1""","","","givenName","""Allen3""","","","jobTitle","""Job Title 4""","","","ServicePrincipal","","","",""
"2025-10-30 23:42:27","Import","Details","","","ErrorCode","","","ProvisioningManagement","93c9be4d-41d4-4420-89bf-b8e50c6c78a0","Sync_93c9be4d-41d4-4420-89bf-b8e50c6c78a0_92e5b9cf-c9a2-495d-83b2-3fc82f96324f_134037493471991270","","Azure AD Cloud Sync","","","","","","","","","","","","Account Provisioning","Read","success","Received User 'evelyn2.rebecca1@acme.com' change of type (Add) from Microsoft Entra ID","External Application 9","","756eda03-cf90-441c-808e-b59787d93e2b","objectId","""a86ba5ad-6b84-42bb-835e-03d42d52beac""","","","accountEnabled","""False""","","","displayName","""Evelyn2 Rebecca1""","","","givenName","""Evelyn2""","","","jobTitle","""Job Title 5""","","","mailNickname","""evelyn2.rebecca1""","","","ServicePrincipal","","","",""
"2025-10-30 23:42:27","Import","Details","","","ErrorCode","","","ProvisioningManagement","93c9be4d-41d4-4420-89bf-b8e50c6c78a0","Sync_93c9be4d-41d4-4420-89bf-b8e50c6c78a0_92e5b9cf-c9a2-495d-83b2-3fc82f96324f_134037493471901250","","Azure AD Cloud Sync","","","","","","","","","","","","Account Provisioning","Read","success","Received User 'joan.william@acme.com' change of type (Add) from Microsoft Entra ID","External Application 9","","756eda03-cf90-441c-808e-b59787d93e2b","objectId","""627a4ff0-f382-43d9-846c-7c185494c01e""","","","accountEnabled","""False""","","","department","""Department 7""","","","displayName","""Ronald William""","","","givenName","""Ronald""","","","jobTitle","""Job Title 15""","","","ServicePrincipal","","","",""
"2025-10-30 23:42:27","Import","Details","","","ErrorCode","","","ProvisioningManagement","93c9be4d-41d4-4420-89bf-b8e50c6c78a0","Sync_93c9be4d-41d4-4420-89bf-b8e50c6c78a0_92e5b9cf-c9a2-495d-83b2-3fc82f96324f_134037493471821270","","Azure AD Cloud Sync","","","","","","","","","","","","Account Provisioning","Read","success","Received User 'amy2.wood@acme.com' change of type (Add) from Microsoft Entra ID","External Application 9","","756eda03-cf90-441c-808e-b59787d93e2b","objectId","""9e4eef94-db52-4ae6-83d6-bad5395ff6f8""","","","accountEnabled","""False""","","","department","""Department 4""","","","displayName","""Amy2 Wood""","","","givenName","""Hovsep""","","","jobTitle","""Job Title 14""","","","ServicePrincipal","","","",""
"2025-10-30 23:42:27","Import","Details","","","ErrorCode","","","ProvisioningManagement","93c9be4d-41d4-4420-89bf-b8e50c6c78a0","Sync_93c9be4d-41d4-4420-89bf-b8e50c6c78a0_92e5b9cf-c9a2-495d-83b2-3fc82f96324f_134037493471721250","","Azure AD Cloud Sync","","","","","","","","","","","","Account Provisioning","Read","success","Received User 'diane.nguyen@acme.com' change of type (Add) from Microsoft Entra ID","External Application 9","","756eda03-cf90-441c-808e-b59787d93e2b","objectId","""9a338291-11ec-499c-8425-ba35ea84767e""","","","accountEnabled","""False""","","","displayName","""Diane Nguyen""","","","givenName","""Diane""","","","jobTitle","""Job Title 7""","","","mailNickname","""diane.nguyen""","","","ServicePrincipal","","","",""
"2025-10-30 23:42:27","Import","Details","","","ErrorCode","","","ProvisioningManagement","93c9be4d-41d4-4420-89bf-b8e50c6c78a0","Sync_93c9be4d-41d4-4420-89bf-b8e50c6c78a0_92e5b9cf-c9a2-495d-83b2-3fc82f96324f_134037493471621250","","Azure AD Cloud Sync","","","","","","","","","","","","Account Provisioning","Read","success","Received User 'jenkins.roberts@acme.com' change of type (Add) from Microsoft Entra ID","External Application 9","","756eda03-cf90-441c-808e-b59787d93e2b","objectId","""b4e2a357-f352-40ff-84e5-5a31a71a3c2d""","","","accountEnabled","""False""","","","department","""Department 7""","","","displayName","""Jenkins Roberts""","","","givenName","""Jenkins""","","","jobTitle","""Job Title 8""","","","ServicePrincipal","","","",""
"2025-10-30 23:42:27","Import","Details","","","ErrorCode","","","ProvisioningManagement","93c9be4d-41d4-4420-89bf-b8e50c6c78a0","Sync_93c9be4d-41d4-4420-89bf-b8e50c6c78a0_92e5b9cf-c9a2-495d-83b2-3fc82f96324f_134037493471521270","","Azure AD Cloud Sync","","","","","","","","","","","","Account Provisioning","Read","success","Received User 'kathleen.carter@acme.com' change of type (Add) from Microsoft Entra ID","External Application 9","","756eda03-cf90-441c-808e-b59787d93e2b","objectId","""c2d41362-b857-4351-8a78-520b3070914e""","","","accountEnabled","""False""","","","department","""Department 9""","","","displayName","""Kathleen Carter""","","","givenName","""Kathleen""","","","jobTitle","""Job Title 3""","","","ServicePrincipal","","","",""
"2025-10-30 23:42:27","Import","Details","","","ErrorCode","","","ProvisioningManagement","93c9be4d-41d4-4420-89bf-b8e50c6c78a0","Sync_93c9be4d-41d4-4420-89bf-b8e50c6c78a0_92e5b9cf-c9a2-495d-83b2-3fc82f96324f_134037493471421240","","Azure AD Cloud Sync","","","","","","","","","","","","Account Provisioning","Read","success","Received User 'mitchell2.ortiz@acme.com' change of type (Add) from Microsoft Entra ID","External Application 9","","756eda03-cf90-441c-808e-b59787d93e2b","objectId","""c86c5f0b-5845-4ed8-8974-9f4817e9f14c""","","","accountEnabled","""False""","","","displayName","""Mitchell2  Ortiz""","","","givenName","""Mitchell2""","","","mailNickname","""mitchell2.ortiz""","","","surname","""Ortiz""","","","ServicePrincipal","","","",""
"2025-10-30 23:42:27","Import","Details","","","ErrorCode","","","ProvisioningManagement","93c9be4d-41d4-4420-89bf-b8e50c6c78a0","Sync_93c9be4d-41d4-4420-89bf-b8e50c6c78a0_92e5b9cf-c9a2-495d-83b2-3fc82f96324f_134037493471331240","","Azure AD Cloud Sync","","","","","","","","","","","","Account Provisioning","Read","success","Received User 'torres1.carter3@acme.com' change of type (Add) from Microsoft Entra ID","External Application 9","","756eda03-cf90-441c-808e-b59787d93e2b","objectId","""7df7de58-2af6-47c2-8887-079db9585c7e""","","","accountEnabled","""False""","","","displayName","""Lee Carter3""","","","givenName","""Lee""","","","mailNickname","""torres1.carter3""","","","surname","""Carter3""","","","ServicePrincipal","","","",""
"2025-10-30 23:42:27","Import","Details","","","ErrorCode","","","ProvisioningManagement","93c9be4d-41d4-4420-89bf-b8e50c6c78a0","Sync_93c9be4d-41d4-4420-89bf-b8e50c6c78a0_92e5b9cf-c9a2-495d-83b2-3fc82f96324f_134037493471251230","","Azure AD Cloud Sync","","","","","","","","","","","","Account Provisioning","Read","success","Received User 'samantha1.edward@acme.com' change of type (Add) from Microsoft Entra ID","External Application 9","","756eda03-cf90-441c-808e-b59787d93e2b","objectId","""d0e4a9ac-084a-4133-8c33-53487177cf8a""","","","accountEnabled","""False""","","","department","""Department 1""","","","displayName","""Samantha1 Edward""","","","givenName","""Samantha1""","","","jobTitle","""Job Title 2""","","","ServicePrincipal","","","",""
"2025-10-30 23:42:27","Import","Details","","","ErrorCode","","","ProvisioningManagement","93c9be4d-41d4-4420-89bf-b8e50c6c78a0","Sync_93c9be4d-41d4-4420-89bf-b8e50c6c78a0_92e5b9cf-c9a2-495d-83b2-3fc82f96324f_134037493471171240","","Azure AD Cloud Sync","","","","","","","","","","","","Account Provisioning","Read","success","Received User 'ronald1.jackson@acme.com' change of type (Add) from Microsoft Entra ID","External Application 9","","756eda03-cf90-441c-808e-b59787d93e2b","objectId","""bf9339cc-dcd3-419c-87d7-ca33b140e3cb""","","","accountEnabled","""False""","","","displayName","""Ronald1 Jackson""","","","givenName","""Ronald1""","","","jobTitle","""Job Title 13""","","","mailNickname","""ronald1.jackson""","","","ServicePrincipal","","","",""
"2025-10-30 23:42:27","Import","Details","","","ErrorCode","","","ProvisioningManagement","93c9be4d-41d4-4420-89bf-b8e50c6c78a0","Sync_93c9be4d-41d4-4420-89bf-b8e50c6c78a0_92e5b9cf-c9a2-495d-83b2-3fc82f96324f_134037493471071230","","Azure AD Cloud Sync","","","","","","","","","","","","Account Provisioning","Read","success","Received User 'lewis.thomas2@acme.com' change of type (Add) from Microsoft Entra ID","External Application 9","","756eda03-cf90-441c-808e-b59787d93e2b","objectId","""f32bb32c-d9b7-4656-8596-671a4e468153""","","","accountEnabled","""False""","","","department","""Department 2""","","","displayName","""Lewis Thomas2""","","","givenName","""Lewis""","","","jobTitle","""Job Title 11""","","","ServicePrincipal","","","",""
"2025-10-30 23:42:27","Import","Details","","","ErrorCode","","","ProvisioningManagement","93c9be4d-41d4-4420-89bf-b8e50c6c78a0","Sync_93c9be4d-41d4-4420-89bf-b8e50c6c78a0_92e5b9cf-c9a2-495d-83b2-3fc82f96324f_134037493470981280","","Azure AD Cloud Sync","","","","","","","","","","","","Account Provisioning","Read","success","Received User 'catherine1.carter2@acme.com' change of type (Add) from Microsoft Entra ID","External Application 9","","756eda03-cf90-441c-808e-b59787d93e2b","objectId","""2318cfef-8d5d-4570-8820-15637b57a565""","","","accountEnabled","""False""","","","department","""Department 8""","","","displayName","""Catherine1 Carter2""","","","givenName","""Catherine1""","","","jobTitle","""Job Title 8""","","","ServicePrincipal","","","",""
"2025-10-30 23:42:27","Import","Details","","","ErrorCode","","","ProvisioningManagement","93c9be4d-41d4-4420-89bf-b8e50c6c78a0","Sync_93c9be4d-41d4-4420-89bf-b8e50c6c78a0_92e5b9cf-c9a2-495d-83b2-3fc82f96324f_134037493470871230","","Azure AD Cloud Sync","","","","","","","","","","","","Account Provisioning","Read","success","Received User 'nguyen.wood1@acme.com' change of type (Add) from Microsoft Entra ID","External Application 9","","756eda03-cf90-441c-808e-b59787d93e2b","objectId","""ce02f276-d914-4909-853b-bf731e718640""","","","accountEnabled","""False""","","","department","""Department 3""","","","displayName","""Nguyen Wood1""","","","givenName","""Nguyen""","","","jobTitle","""Job Title 10""","","","ServicePrincipal","","","",""
"2025-10-30 23:42:27","Import","Details","","","ErrorCode","","","ProvisioningManagement","93c9be4d-41d4-4420-89bf-b8e50c6c78a0","Sync_93c9be4d-41d4-4420-89bf-b8e50c6c78a0_92e5b9cf-c9a2-495d-83b2-3fc82f96324f_134037493470791220","","Azure AD Cloud Sync","","","","","","","","","","","","Account Provisioning","Read","success","Received User 'cook1.mitchell3@acme.com' change of type (Add) from Microsoft Entra ID","External Application 9","","756eda03-cf90-441c-808e-b59787d93e2b","objectId","""7b6593af-c87d-4674-829a-9ede3adbdf5c""","","","accountEnabled","""False""","","","displayName","""Cook1 Mitchell3""","","","givenName","""Cook1""","","","mailNickname","""cook1.mitchell3""","","","surname","""Mitchell3""","","","ServicePrincipal","","","",""
"2025-10-30 23:42:27","Import","Details","","","ErrorCode","","","ProvisioningManagement","93c9be4d-41d4-4420-89bf-b8e50c6c78a0","Sync_93c9be4d-41d4-4420-89bf-b8e50c6c78a0_92e5b9cf-c9a2-495d-83b2-3fc82f96324f_134037493470711230","","Azure AD Cloud Sync","","","","","","","","","","","","Account Provisioning","Read","success","Received User 'peterson.heather2@acme.com' change of type (Add) from Microsoft Entra ID","External Application 9","","756eda03-cf90-441c-808e-b59787d93e2b","objectId","""8107c9dc-0d87-4346-8d13-76a486414747""","","","accountEnabled","""False""","","","displayName","""Peterson Heather2""","","","givenName","""Peterson""","","","jobTitle","""Job Title 5""","","","mailNickname","""peterson.heather2""","","","ServicePrincipal","","","",""
"2025-10-30 23:42:27","Import","Details","","","ErrorCode","","","ProvisioningManagement","93c9be4d-41d4-4420-89bf-b8e50c6c78a0","Sync_93c9be4d-41d4-4420-89bf-b8e50c6c78a0_92e5b9cf-c9a2-495d-83b2-3fc82f96324f_134037493470631250","","Azure AD Cloud Sync","","","","","","","","","","","","Account Provisioning","Read","success","Received User 'thomas1.jimenez@acme.com' change of type (Add) from Microsoft Entra ID","External Application 9","","756eda03-cf90-441c-808e-b59787d93e2b","objectId","""c8bfdc83-e15d-4584-83d0-f156fda37734""","","","accountEnabled","""False""","","","department","""Department 6""","","","displayName","""Thomas1 Jimenez""","","","givenName","""Thomas1""","","","jobTitle","""Job Title 12""","","","ServicePrincipal","","","",""
"2025-10-30 23:42:23","Other","Details","Type: AppRoleAssignment
Modification: Add
Anchor: qbr5z9K8IUyjKAHYTL_siDjlqbyxVPRBvzvI92m0dG0
Matching property values: 76177af3-b8ae-498b-81f0-4c03455d7a6a
OriginalSourceEntryType: 
Reference Change? False
ContainsEntitlement? False
TrackingId 8e57c270-2248-4177-82b6-beea0337de1a","","ErrorCode","","","ProvisioningManagement","93c9be4d-41d4-4420-89bf-b8e50c6c78a0","Sync_93c9be4d-41d4-4420-89bf-b8e50c6c78a0_92e5b9cf-c9a2-495d-83b2-3fc82f96324f_134037493434135830","","Azure AD Cloud Sync","","","","","","","","","","","","Account Provisioning","Read","success","This app role assignment was imported: qbr5z9K8IUyjKAHYTL_siDjlqbyxVPRBvzvI92m0dG0.  The app role granted was 76177af3-b8ae-498b-81f0-4c03455d7a6a.  It was granted to Group 34e0af06-dc41-45ee-8b74-60db5c45fe59.","External Application 9","","756eda03-cf90-441c-808e-b59787d93e2b","","","","","","","","","","","","","","","","","","","","","","","","","ServicePrincipal","","","",""
"2025-10-30 23:40:54","Update StsRefreshTokenValidFrom Timestamp","","","","","","","UserManagement","f0a5974c-ac32-496c-8a46-3f9ecd5442e9","Directory_f0a5974c-ac32-496c-8a46-3f9ecd5442e9_ZG2L4_215926321","","","","","","","","","20.190.151.24","57bc69b8-4569-41db-85c6-112f39e4d1c9","admin@acme.onmicrosoft.com","","","Core Directory","Update","success","","","","21c8a508-dcb1-45f5-8590-258bcfe483c5","","","","","","","","","","","","","","","","","","","","","","","","","User","victoria1.heather3@acme.com","","",""
"2025-10-30 23:40:54","Reset user password","","","","","","","UserManagement","f0a5974c-ac32-496c-8a46-3f9ecd5442e9","Directory_f0a5974c-ac32-496c-8a46-3f9ecd5442e9_ZG2L4_215926315","","","","","","","","","20.190.151.24","57bc69b8-4569-41db-85c6-112f39e4d1c9","admin@acme.onmicrosoft.com","","","Core Directory","Update","success","","","","21c8a508-dcb1-45f5-8590-258bcfe483c5","","","","","","","","","","","","","","","","","","","","","","","","","User","victoria1.heather3@acme.com","","",""
"2025-10-30 23:40:54","Update PasswordProfile","","","","","","","UserManagement","f0a5974c-ac32-496c-8a46-3f9ecd5442e9","Directory_f0a5974c-ac32-496c-8a46-3f9ecd5442e9_ZG2L4_215925971","","","","","","","","","20.190.151.24","57bc69b8-4569-41db-85c6-112f39e4d1c9","admin@acme.onmicrosoft.com","","","Core Directory","Update","success","","","","21c8a508-dcb1-45f5-8590-258bcfe483c5","ForceChangePassword","""False""","""True""","","Password","","","","","","","","","","","","","","","","","","","","User","victoria1.heather3@acme.com","","",""
"2025-10-30 23:40:54","Update user","UserType","Member","","","","","UserManagement","f0a5974c-ac32-496c-8a46-3f9ecd5442e9","Directory_f0a5974c-ac32-496c-8a46-3f9ecd5442e9_ZG2L4_215925947","","","","","","","","","20.190.151.24","57bc69b8-4569-41db-85c6-112f39e4d1c9","admin@acme.onmicrosoft.com","","","Core Directory","Update","success","","","","21c8a508-dcb1-45f5-8590-258bcfe483c5","StsRefreshTokensValidFrom","[""2025-10-30T23:40:53Z""]","[""2025-10-30T23:22:41Z""]","","Included Updated Properties","""StsRefreshTokensValidFrom""","","","TargetId.UserType","""Member""","","","","","","","","","","","","","","","User","victoria1.heather3@acme.com","","",""
"2025-10-30 23:40:53","Update PasswordProfile","","","","","","","UserManagement","f0a5974c-ac32-496c-8a46-3f9ecd5442e9","Directory_f0a5974c-ac32-496c-8a46-3f9ecd5442e9_ZG2L4_215925762","","","","","","","","","20.190.151.24","57bc69b8-4569-41db-85c6-112f39e4d1c9","admin@acme.onmicrosoft.com","","","Core Directory","Update","success","","","","21c8a508-dcb1-45f5-8590-258bcfe483c5","ForceChangePassword","""True""","""False""","","Password","","","","","","","","","","","","","","","","","","","","User","victoria1.heather3@acme.com","","",""
"2025-10-30 23:40:51","Update user","UserType","Member","","","","","UserManagement","c5d03421-a1c7-40ea-8950-591a94b82776","Directory_c5d03421-a1c7-40ea-8950-591a94b82776_9CY69_207293488","","Pia.CustomerPortal.Tenant.Prod.185.Consent","502a73e7-1623-442b-8090-fadcf84f2515","","","","","","","","","","","Core Directory","Update","success","","","","21c8a508-dcb1-45f5-8590-258bcfe483c5","AccountEnabled","[true]","[false]","","Included Updated Properties","""AccountEnabled""","","","TargetId.UserType","""Member""","","","","","","","","","","","","","","","User","victoria1.heather3@acme.com","","",""
"2025-10-30 23:40:51","Enable account","","","","","","","UserManagement","c5d03421-a1c7-40ea-8950-591a94b82776","Directory_c5d03421-a1c7-40ea-8950-591a94b82776_9CY69_207293481","","Pia.CustomerPortal.Tenant.Prod.185.Consent","502a73e7-1623-442b-8090-fadcf84f2515","","","","","","","","","","","Core Directory","Update","success","","","","21c8a508-dcb1-45f5-8590-258bcfe483c5","AccountEnabled","[true]","[false]","","Included Updated Properties","""AccountEnabled""","","","","","","","","","","","","","","","","","","","User","victoria1.heather3@acme.com","","",""
"2025-10-30 23:33:15","Export","Details","","","ErrorCode","","","ProvisioningManagement","8a1d754b-408f-4e1e-87f8-7439e01681f5","Sync_8a1d754b-408f-4e1e-87f8-7439e01681f5_92e5b9cf-c9a2-495d-83b2-3fc82f96324f_134037487959305100","","Azure AD Cloud Sync","","","","","","","","","","","","Account Provisioning","Read","success","User '21c8a508-dcb1-45f5-8590-258bcfe483c5' was updated in External Application 9","External Application 9","","756eda03-cf90-441c-808e-b59787d93e2b","active","""False""","""True""","","","","","","","","","","","","","","","","","","","","","","ServicePrincipal","","","",""
"2025-10-30 23:33:15","Synchronization rule action","Details","User details: Active = False, Assigned = True, Passed scope filter: True; ","","ErrorCode","","","ProvisioningManagement","8a1d754b-408f-4e1e-87f8-7439e01681f5","Sync_8a1d754b-408f-4e1e-87f8-7439e01681f5_92e5b9cf-c9a2-495d-83b2-3fc82f96324f_134037487958165110","","Azure AD Cloud Sync","","","","","","","","","","","","Account Provisioning","Read","success","The User '21c8a508-dcb1-45f5-8590-258bcfe483c5' is disabled in Microsoft Entra ID, but active in External Application 9. They will be disabled in External Application 9.","External Application 9","","756eda03-cf90-441c-808e-b59787d93e2b","objectId","""21c8a508-dcb1-45f5-8590-258bcfe483c5""","","","accountEnabled","""False""","","","IsSoftDeleted","""True""","","","appRoleAssignments","""User""","","","","","","","","","","","ServicePrincipal","","","",""
"2025-10-30 23:33:15","Import","Details","","","ErrorCode","","","ProvisioningManagement","8a1d754b-408f-4e1e-87f8-7439e01681f5","Sync_8a1d754b-408f-4e1e-87f8-7439e01681f5_92e5b9cf-c9a2-495d-83b2-3fc82f96324f_134037487957855090","","Azure AD Cloud Sync","","","","","","","","","","","","Account Provisioning","Read","success","Retrieved  'victoria1.heather3@acme.com' from External Application 9","External Application 9","","756eda03-cf90-441c-808e-b59787d93e2b","active","""True""","","","displayName","""Victoria1 Heather3""","","","externalId","""21c8a508-dcb1-45f5-8590-258bcfe483c5""","","","id","""usr-6807fea1db988b804e9b9891""","","","title","""Job Title 9""","","","userName","""victoria1.heather3@acme.com""","","","ServicePrincipal","","","",""
"2025-10-30 23:33:15","Other","Details","","","ErrorCode","","","ProvisioningManagement","8a1d754b-408f-4e1e-87f8-7439e01681f5","Sync_8a1d754b-408f-4e1e-87f8-7439e01681f5_92e5b9cf-c9a2-495d-83b2-3fc82f96324f_134037487957745080","","Azure AD Cloud Sync","","","","","","","","","","","","Account Provisioning","Read","success","A target entry in Microsoft Entra ID has been matched with the source entry in External Application 9 by their uniquely-identifying attributes.","External Application 9","","756eda03-cf90-441c-808e-b59787d93e2b","active","""True""","","","displayName","""Victoria1 Heather3""","","","externalId","""21c8a508-dcb1-45f5-8590-258bcfe483c5""","","","id","""usr-6807fea1db988b804e9b9891""","","","title","""Job Title 9""","","","userName","""victoria1.heather3@acme.com""","","","ServicePrincipal","","","",""
"2025-10-30 23:33:15","Import","Details","","","ErrorCode","","","ProvisioningManagement","8a1d754b-408f-4e1e-87f8-7439e01681f5","Sync_8a1d754b-408f-4e1e-87f8-7439e01681f5_92e5b9cf-c9a2-495d-83b2-3fc82f96324f_134037487956025070","","Azure AD Cloud Sync","","","","","","","","","","","","Account Provisioning","Read","success","Received User '21c8a508-dcb1-45f5-8590-258bcfe483c5' change of type (Update) from Microsoft Entra ID","External Application 9","","756eda03-cf90-441c-808e-b59787d93e2b","objectId","""21c8a508-dcb1-45f5-8590-258bcfe483c5""","","","accountEnabled","""False""","","","IsSoftDeleted","""False""","","","appRoleAssignments","""User""","","","","","","","","","","","ServicePrincipal","","","",""
"2025-10-30 23:33:15","Synchronization rule action","Details","","","ErrorCode","","","ProvisioningManagement","8a1d754b-408f-4e1e-87f8-7439e01681f5","Sync_8a1d754b-408f-4e1e-87f8-7439e01681f5_92e5b9cf-c9a2-495d-83b2-3fc82f96324f_134037487955545060","","Azure AD Cloud Sync","","","","","","","","","","","","Account Provisioning","Read","success","User nguyen.wood1@acme.com will be skipped, because it has already been effectively de-provisioned.","External Application 9","","756eda03-cf90-441c-808e-b59787d93e2b","objectId","""ce02f276-d914-4909-853b-bf731e718640""","","","accountEnabled","""False""","","","department","""Department 3""","","","displayName","""Nguyen Wood1""","","","givenName","""Nguyen""","","","jobTitle","""Job Title 10""","","","ServicePrincipal","","","",""
"2025-10-30 23:33:15","Synchronization rule action","Details","","","ErrorCode","","","ProvisioningManagement","8a1d754b-408f-4e1e-87f8-7439e01681f5","Sync_8a1d754b-408f-4e1e-87f8-7439e01681f5_92e5b9cf-c9a2-495d-83b2-3fc82f96324f_134037487955415030","","Azure AD Cloud Sync","","","","","","","","","","","","Account Provisioning","Read","success","User joan.william@acme.com will be skipped, because it has already been effectively de-provisioned.","External Application 9","","756eda03-cf90-441c-808e-b59787d93e2b","objectId","""627a4ff0-f382-43d9-846c-7c185494c01e""","","","accountEnabled","""False""","","","department","""Department 7""","","","displayName","""Ronald William""","","","givenName","""Ronald""","","","jobTitle","""Job Title 15""","","","ServicePrincipal","","","",""
"2025-10-30 23:33:15","Synchronization rule action","Details","","","ErrorCode","","","ProvisioningManagement","8a1d754b-408f-4e1e-87f8-7439e01681f5","Sync_8a1d754b-408f-4e1e-87f8-7439e01681f5_92e5b9cf-c9a2-495d-83b2-3fc82f96324f_134037487955285040","","Azure AD Cloud Sync","","","","","","","","","","","","Account Provisioning","Read","success","User reed1.mitchell@acme.com will be skipped, because it has not been matched with any entry in the target directory, and there has been no change in any attribute that could alter that state. ","External Application 9","","756eda03-cf90-441c-808e-b59787d93e2b","objectId","""31510e04-6b24-4a36-8b50-fc1ad11ad4f9""","","","accountEnabled","""False""","","","displayName","""Reed1 Mitchell""","","","givenName","""Reed1""","","","jobTitle","""Job Title 1""","","","mailNickname","""reed1.mitchell""","","","ServicePrincipal","","","",""
"2025-10-30 23:33:15","Synchronization rule action","Details","","","ErrorCode","","","ProvisioningManagement","8a1d754b-408f-4e1e-87f8-7439e01681f5","Sync_8a1d754b-408f-4e1e-87f8-7439e01681f5_92e5b9cf-c9a2-495d-83b2-3fc82f96324f_134037487955145050","","Azure AD Cloud Sync","","","","","","","","","","","","Account Provisioning","Read","success","User diane.nguyen@acme.com will be skipped, because it has not been matched with any entry in the target directory, and there has been no change in any attribute that could alter that state. ","External Application 9","","756eda03-cf90-441c-808e-b59787d93e2b","objectId","""9a338291-11ec-499c-8425-ba35ea84767e""","","","accountEnabled","""False""","","","displayName","""Diane Nguyen""","","","givenName","""Diane""","","","jobTitle","""Job Title 7""","","","mailNickname","""diane.nguyen""","","","ServicePrincipal","","","",""
"2025-10-30 23:33:15","Synchronization rule action","Details","","","ErrorCode","","","ProvisioningManagement","8a1d754b-408f-4e1e-87f8-7439e01681f5","Sync_8a1d754b-408f-4e1e-87f8-7439e01681f5_92e5b9cf-c9a2-495d-83b2-3fc82f96324f_134037487955045080","","Azure AD Cloud Sync","","","","","","","","","","","","Account Provisioning","Read","success","User amy2.wood@acme.com will be skipped, because it has not been matched with any entry in the target directory, and there has been no change in any attribute that could alter that state. ","External Application 9","","756eda03-cf90-441c-808e-b59787d93e2b","objectId","""9e4eef94-db52-4ae6-83d6-bad5395ff6f8""","","","accountEnabled","""False""","","","department","""Department 4""","","","displayName","""Amy2 Wood""","","","givenName","""Hovsep""","","","jobTitle","""Job Title 14""","","","ServicePrincipal","","","",""
"2025-10-30 23:33:15","Synchronization rule action","Details","","","ErrorCode","","","ProvisioningManagement","8a1d754b-408f-4e1e-87f8-7439e01681f5","Sync_8a1d754b-408f-4e1e-87f8-7439e01681f5_92e5b9cf-c9a2-495d-83b2-3fc82f96324f_134037487954935090","","Azure AD Cloud Sync","","","","","","","","","","","","Account Provisioning","Read","success","User thomas1.jimenez@acme.com will be skipped, because it has not been matched with any entry in the target directory, and there has been no change in any attribute that could alter that state. ","External Application 9","","756eda03-cf90-441c-808e-b59787d93e2b","objectId","""c8bfdc83-e15d-4584-83d0-f156fda37734""","","","accountEnabled","""False""","","","department","""Department 6""","","","displayName","""Thomas1 Jimenez""","","","givenName","""Thomas1""","","","jobTitle","""Job Title 12""","","","ServicePrincipal","","","",""
"2025-10-30 23:33:15","Synchronization rule action","Details","","","ErrorCode","","","ProvisioningManagement","8a1d754b-408f-4e1e-87f8-7439e01681f5","Sync_8a1d754b-408f-4e1e-87f8-7439e01681f5_92e5b9cf-c9a2-495d-83b2-3fc82f96324f_134037487954795050","","Azure AD Cloud Sync","","","","","","","","","","","","Account Provisioning","Read","success","User evelyn2.rebecca1@acme.com will be skipped, because it has not been matched with any entry in the target directory, and there has been no change in any attribute that could alter that state. ","External Application 9","","756eda03-cf90-441c-808e-b59787d93e2b","objectId","""a86ba5ad-6b84-42bb-835e-03d42d52beac""","","","accountEnabled","""False""","","","displayName","""Evelyn2 Rebecca1""","","","givenName","""Evelyn2""","","","jobTitle","""Job Title 5""","","","mailNickname","""evelyn2.rebecca1""","","","ServicePrincipal","","","",""
"2025-10-30 23:33:15","Synchronization rule action","Details","","","ErrorCode","","","ProvisioningManagement","8a1d754b-408f-4e1e-87f8-7439e01681f5","Sync_8a1d754b-408f-4e1e-87f8-7439e01681f5_92e5b9cf-c9a2-495d-83b2-3fc82f96324f_134037487954655050","","Azure AD Cloud Sync","","","","","","","","","","","","Account Provisioning","Read","success","User peterson.heather2@acme.com will be skipped, because it has already been effectively de-provisioned.","External Application 9","","756eda03-cf90-441c-808e-b59787d93e2b","objectId","""8107c9dc-0d87-4346-8d13-76a486414747""","","","accountEnabled","""False""","","","displayName","""Peterson Heather2""","","","givenName","""Peterson""","","","jobTitle","""Job Title 5""","","","mailNickname","""peterson.heather2""","","","ServicePrincipal","","","",""
"2025-10-30 23:33:15","Synchronization rule action","Details","","","ErrorCode","","","ProvisioningManagement","8a1d754b-408f-4e1e-87f8-7439e01681f5","Sync_8a1d754b-408f-4e1e-87f8-7439e01681f5_92e5b9cf-c9a2-495d-83b2-3fc82f96324f_134037487954515050","","Azure AD Cloud Sync","","","","","","","","","","","","Account Provisioning","Read","success","User kathleen.carter@acme.com will be skipped, because it has already been effectively de-provisioned.","External Application 9","","756eda03-cf90-441c-808e-b59787d93e2b","objectId","""c2d41362-b857-4351-8a78-520b3070914e""","","","accountEnabled","""False""","","","department","""Department 9""","","","displayName","""Kathleen Carter""","","","givenName","""Kathleen""","","","jobTitle","""Job Title 3""","","","ServicePrincipal","","","",""
"2025-10-30 23:33:15","Synchronization rule action","Details","","","ErrorCode","","","ProvisioningManagement","8a1d754b-408f-4e1e-87f8-7439e01681f5","Sync_8a1d754b-408f-4e1e-87f8-7439e01681f5_92e5b9cf-c9a2-495d-83b2-3fc82f96324f_134037487954355050","","Azure AD Cloud Sync","","","","","","","","","","","","Account Provisioning","Read","success","User jenkins.roberts@acme.com will be skipped, because it has already been effectively de-provisioned.","External Application 9","","756eda03-cf90-441c-808e-b59787d93e2b","objectId","""b4e2a357-f352-40ff-84e5-5a31a71a3c2d""","","","accountEnabled","""False""","","","department","""Department 7""","","","displayName","""Jenkins Roberts""","","","givenName","""Jenkins""","","","jobTitle","""Job Title 8""","","","ServicePrincipal","","","",""
"2025-10-30 23:33:15","Synchronization rule action","Details","","","ErrorCode","","","ProvisioningManagement","8a1d754b-408f-4e1e-87f8-7439e01681f5","Sync_8a1d754b-408f-4e1e-87f8-7439e01681f5_92e5b9cf-c9a2-495d-83b2-3fc82f96324f_134037487954215050","","Azure AD Cloud Sync","","","","","","","","","","","","Account Provisioning","Read","success","User allen3.edward1@acme.com will be skipped, because it has already been effectively de-provisioned.","External Application 9","","756eda03-cf90-441c-808e-b59787d93e2b","objectId","""2b22d269-4f10-4524-894e-e05c48f3d8d9""","","","accountEnabled","""False""","","","department","""Department 7""","","","displayName","""Allen3 Edward1""","","","givenName","""Allen3""","","","jobTitle","""Job Title 4""","","","ServicePrincipal","","","",""
"2025-10-30 23:33:15","Synchronization rule action","Details","","","ErrorCode","","","ProvisioningManagement","8a1d754b-408f-4e1e-87f8-7439e01681f5","Sync_8a1d754b-408f-4e1e-87f8-7439e01681f5_92e5b9cf-c9a2-495d-83b2-3fc82f96324f_134037487954075050","","Azure AD Cloud Sync","","","","","","","","","","","","Account Provisioning","Read","success","User samantha1.edward@acme.com will be skipped, because it has already been effectively de-provisioned.","External Application 9","","756eda03-cf90-441c-808e-b59787d93e2b","objectId","""d0e4a9ac-084a-4133-8c33-53487177cf8a""","","","accountEnabled","""False""","","","department","""Department 1""","","","displayName","""Samantha1 Edward""","","","givenName","""Samantha1""","","","jobTitle","""Job Title 2""","","","ServicePrincipal","","","",""
"2025-10-30 23:33:15","Synchronization rule action","Details","User details: Skip reason = NotEffectivelyEntitled, Active = False, Assigned = True, Passed scope filter: True; ","","ErrorCode","","","ProvisioningManagement","8a1d754b-408f-4e1e-87f8-7439e01681f5","Sync_8a1d754b-408f-4e1e-87f8-7439e01681f5_92e5b9cf-c9a2-495d-83b2-3fc82f96324f_134037487953915040","","Azure AD Cloud Sync","","","","","","","","","","","","Account Provisioning","Read","success","The User 'evelyn2.rebecca1@acme.com' will be skipped due to the following reasons: 
1) This object is not active in the source system.
","External Application 9","","756eda03-cf90-441c-808e-b59787d93e2b","objectId","""a86ba5ad-6b84-42bb-835e-03d42d52beac""","","","accountEnabled","""False""","","","displayName","""Evelyn2 Rebecca1""","","","givenName","""Evelyn2""","","","jobTitle","""Job Title 5""","","","mailNickname","""evelyn2.rebecca1""","","","ServicePrincipal","","","",""
"2025-10-30 23:33:15","Synchronization rule action","Details","User details: Skip reason = NotEffectivelyEntitled, Active = False, Assigned = True, Passed scope filter: True; ","","ErrorCode","","","ProvisioningManagement","8a1d754b-408f-4e1e-87f8-7439e01681f5","Sync_8a1d754b-408f-4e1e-87f8-7439e01681f5_92e5b9cf-c9a2-495d-83b2-3fc82f96324f_134037487953705030","","Azure AD Cloud Sync","","","","","","","","","","","","Account Provisioning","Read","success","The User 'thomas1.jimenez@acme.com' will be skipped due to the following reasons: 
1) This object is not active in the source system.
","External Application 9","","756eda03-cf90-441c-808e-b59787d93e2b","objectId","""c8bfdc83-e15d-4584-83d0-f156fda37734""","","","accountEnabled","""False""","","","department","""Department 6""","","","displayName","""Thomas1 Jimenez""","","","givenName","""Thomas1""","","","jobTitle","""Job Title 12""","","","ServicePrincipal","","","",""
"2025-10-30 23:33:15","Synchronization rule action","Details","User details: Skip reason = NotEffectivelyEntitled, Active = False, Assigned = True, Passed scope filter: True; ","","ErrorCode","","","ProvisioningManagement","8a1d754b-408f-4e1e-87f8-7439e01681f5","Sync_8a1d754b-408f-4e1e-87f8-7439e01681f5_92e5b9cf-c9a2-495d-83b2-3fc82f96324f_134037487953485030","","Azure AD Cloud Sync","","","","","","","","","","","","Account Provisioning","Read","success","The User 'amy2.wood@acme.com' will be skipped due to the following reasons: 
1) This object is not active in the source system.
","External Application 9","","756eda03-cf90-441c-808e-b59787d93e2b","objectId","""9e4eef94-db52-4ae6-83d6-bad5395ff6f8""","","","accountEnabled","""False""","","","department","""Department 4""","","","displayName","""Amy2 Wood""","","","givenName","""Hovsep""","","","jobTitle","""Job Title 14""","","","ServicePrincipal","","","",""
"2025-10-30 23:33:15","Synchronization rule action","Details","User details: Skip reason = NotEffectivelyEntitled, Active = False, Assigned = True, Passed scope filter: True; ","","ErrorCode","","","ProvisioningManagement","8a1d754b-408f-4e1e-87f8-7439e01681f5","Sync_8a1d754b-408f-4e1e-87f8-7439e01681f5_92e5b9cf-c9a2-495d-83b2-3fc82f96324f_134037487953315050","","Azure AD Cloud Sync","","","","","","","","","","","","Account Provisioning","Read","success","The User 'diane.nguyen@acme.com' will be skipped due to the following reasons: 
1) This object is not active in the source system.
","External Application 9","","756eda03-cf90-441c-808e-b59787d93e2b","objectId","""9a338291-11ec-499c-8425-ba35ea84767e""","","","accountEnabled","""False""","","","displayName","""Diane Nguyen""","","","givenName","""Diane""","","","jobTitle","""Job Title 7""","","","mailNickname","""diane.nguyen""","","","ServicePrincipal","","","",""
"2025-10-30 23:33:15","Synchronization rule action","Details","User details: Skip reason = NotEffectivelyEntitled, Active = False, Assigned = True, Passed scope filter: True; ","","ErrorCode","","","ProvisioningManagement","8a1d754b-408f-4e1e-87f8-7439e01681f5","Sync_8a1d754b-408f-4e1e-87f8-7439e01681f5_92e5b9cf-c9a2-495d-83b2-3fc82f96324f_134037487953095020","","Azure AD Cloud Sync","","","","","","","","","","","","Account Provisioning","Read","success","The User 'reed1.mitchell@acme.com' will be skipped due to the following reasons: 
1) This object is not active in the source system.
","External Application 9","","756eda03-cf90-441c-808e-b59787d93e2b","objectId","""31510e04-6b24-4a36-8b50-fc1ad11ad4f9""","","","accountEnabled","""False""","","","displayName","""Reed1 Mitchell""","","","givenName","""Reed1""","","","jobTitle","""Job Title 1""","","","mailNickname","""reed1.mitchell""","","","ServicePrincipal","","","",""
"2025-10-30 23:33:15","Synchronization rule action","Details","User details: Skip reason = RedundantSoftDelete, Active = False, Assigned = True, Passed scope filter: True; ","","ErrorCode","","","ProvisioningManagement","8a1d754b-408f-4e1e-87f8-7439e01681f5","Sync_8a1d754b-408f-4e1e-87f8-7439e01681f5_92e5b9cf-c9a2-495d-83b2-3fc82f96324f_134037487952155020","","Azure AD Cloud Sync","","","","","","","","","","","","Account Provisioning","Read","success","The User 'nguyen.wood1@acme.com' was evaluated to be soft-deleted in the source system and the provisioning service should soft-delete the target entry. However, the soft-deletion has been processed by the provisioning service previously. The soft delete operation will be skipped.","External Application 9","","756eda03-cf90-441c-808e-b59787d93e2b","objectId","""ce02f276-d914-4909-853b-bf731e718640""","","","accountEnabled","""False""","","","department","""Department 3""","","","displayName","""Nguyen Wood1""","","","givenName","""Nguyen""","","","jobTitle","""Job Title 10""","","","ServicePrincipal","","","",""
"2025-10-30 23:33:15","Synchronization rule action","Details","User details: Skip reason = RedundantSoftDelete, Active = False, Assigned = True, Passed scope filter: True; ","","ErrorCode","","","ProvisioningManagement","8a1d754b-408f-4e1e-87f8-7439e01681f5","Sync_8a1d754b-408f-4e1e-87f8-7439e01681f5_92e5b9cf-c9a2-495d-83b2-3fc82f96324f_134037487951955020","","Azure AD Cloud Sync","","","","","","","","","","","","Account Provisioning","Read","success","The User 'cook1.mitchell3@acme.com' was evaluated to be soft-deleted in the source system and the provisioning service should soft-delete the target entry. However, the soft-deletion has been processed by the provisioning service previously. The soft delete operation will be skipped.","External Application 9","","756eda03-cf90-441c-808e-b59787d93e2b","objectId","""7b6593af-c87d-4674-829a-9ede3adbdf5c""","","","accountEnabled","""False""","","","displayName","""Cook1 Mitchell3""","","","givenName","""Cook1""","","","mailNickname","""cook1.mitchell3""","","","surname","""Mitchell3""","","","ServicePrincipal","","","",""
"2025-10-30 23:33:15","Synchronization rule action","Details","User details: Skip reason = RedundantSoftDelete, Active = False, Assigned = True, Passed scope filter: True; ","","ErrorCode","","","ProvisioningManagement","8a1d754b-408f-4e1e-87f8-7439e01681f5","Sync_8a1d754b-408f-4e1e-87f8-7439e01681f5_92e5b9cf-c9a2-495d-83b2-3fc82f96324f_134037487951805020","","Azure AD Cloud Sync","","","","","","","","","","","","Account Provisioning","Read","success","The User 'torres1.carter3@acme.com' was evaluated to be soft-deleted in the source system and the provisioning service should soft-delete the target entry. However, the soft-deletion has been processed by the provisioning service previously. The soft delete operation will be skipped.","External Application 9","","756eda03-cf90-441c-808e-b59787d93e2b","objectId","""7df7de58-2af6-47c2-8887-079db9585c7e""","","","accountEnabled","""False""","","","displayName","""Lee Carter3""","","","givenName","""Lee""","","","mailNickname","""torres1.carter3""","","","surname","""Carter3""","","","ServicePrincipal","","","",""
"2025-10-30 23:33:15","Synchronization rule action","Details","User details: Skip reason = RedundantSoftDelete, Active = False, Assigned = True, Passed scope filter: True; ","","ErrorCode","","","ProvisioningManagement","8a1d754b-408f-4e1e-87f8-7439e01681f5","Sync_8a1d754b-408f-4e1e-87f8-7439e01681f5_92e5b9cf-c9a2-495d-83b2-3fc82f96324f_134037487951655020","","Azure AD Cloud Sync","","","","","","","","","","","","Account Provisioning","Read","success","The User 'joan.william@acme.com' was evaluated to be soft-deleted in the source system and the provisioning service should soft-delete the target entry. However, the soft-deletion has been processed by the provisioning service previously. The soft delete operation will be skipped.","External Application 9","","756eda03-cf90-441c-808e-b59787d93e2b","objectId","""627a4ff0-f382-43d9-846c-7c185494c01e""","","","accountEnabled","""False""","","","department","""Department 7""","","","displayName","""Ronald William""","","","givenName","""Ronald""","","","jobTitle","""Job Title 15""","","","ServicePrincipal","","","",""
"2025-10-30 23:33:15","Synchronization rule action","Details","User details: Skip reason = RedundantSoftDelete, Active = False, Assigned = True, Passed scope filter: True; ","","ErrorCode","","","ProvisioningManagement","8a1d754b-408f-4e1e-87f8-7439e01681f5","Sync_8a1d754b-408f-4e1e-87f8-7439e01681f5_92e5b9cf-c9a2-495d-83b2-3fc82f96324f_134037487951505020","","Azure AD Cloud Sync","","","","","","","","","","","","Account Provisioning","Read","success","The User 'lewis.thomas2@acme.com' was evaluated to be soft-deleted in the source system and the provisioning service should soft-delete the target entry. However, the soft-deletion has been processed by the provisioning service previously. The soft delete operation will be skipped.","External Application 9","","756eda03-cf90-441c-808e-b59787d93e2b","objectId","""f32bb32c-d9b7-4656-8596-671a4e468153""","","","accountEnabled","""False""","","","department","""Department 2""","","","displayName","""Lewis Thomas2""","","","givenName","""Lewis""","","","jobTitle","""Job Title 11""","","","ServicePrincipal","","","",""
"2025-10-30 23:33:15","Synchronization rule action","Details","User details: Skip reason = RedundantSoftDelete, Active = False, Assigned = True, Passed scope filter: True; ","","ErrorCode","","","ProvisioningManagement","8a1d754b-408f-4e1e-87f8-7439e01681f5","Sync_8a1d754b-408f-4e1e-87f8-7439e01681f5_92e5b9cf-c9a2-495d-83b2-3fc82f96324f_134037487951035030","","Azure AD Cloud Sync","","","","","","","","","","","","Account Provisioning","Read","success","The User 'ronald1.jackson@acme.com' was evaluated to be soft-deleted in the source system and the provisioning service should soft-delete the target entry. However, the soft-deletion has been processed by the provisioning service previously. The soft delete operation will be skipped.","External Application 9","","756eda03-cf90-441c-808e-b59787d93e2b","objectId","""bf9339cc-dcd3-419c-87d7-ca33b140e3cb""","","","accountEnabled","""False""","","","displayName","""Ronald1 Jackson""","","","givenName","""Ronald1""","","","jobTitle","""Job Title 13""","","","mailNickname","""ronald1.jackson""","","","ServicePrincipal","","","",""
"2025-10-30 23:33:15","Synchronization rule action","Details","User details: Skip reason = RedundantSoftDelete, Active = False, Assigned = True, Passed scope filter: True; ","","ErrorCode","","","ProvisioningManagement","8a1d754b-408f-4e1e-87f8-7439e01681f5","Sync_8a1d754b-408f-4e1e-87f8-7439e01681f5_92e5b9cf-c9a2-495d-83b2-3fc82f96324f_134037487950655020","","Azure AD Cloud Sync","","","","","","","","","","","","Account Provisioning","Read","success","The User 'peterson.heather2@acme.com' was evaluated to be soft-deleted in the source system and the provisioning service should soft-delete the target entry. However, the soft-deletion has been processed by the provisioning service previously. The soft delete operation will be skipped.","External Application 9","","756eda03-cf90-441c-808e-b59787d93e2b","objectId","""8107c9dc-0d87-4346-8d13-76a486414747""","","","accountEnabled","""False""","","","displayName","""Peterson Heather2""","","","givenName","""Peterson""","","","jobTitle","""Job Title 5""","","","mailNickname","""peterson.heather2""","","","ServicePrincipal","","","",""
"2025-10-30 23:33:15","Synchronization rule action","Details","User details: Skip reason = RedundantSoftDelete, Active = False, Assigned = True, Passed scope filter: True; ","","ErrorCode","","","ProvisioningManagement","8a1d754b-408f-4e1e-87f8-7439e01681f5","Sync_8a1d754b-408f-4e1e-87f8-7439e01681f5_92e5b9cf-c9a2-495d-83b2-3fc82f96324f_134037487950435040","","Azure AD Cloud Sync","","","","","","","","","","","","Account Provisioning","Read","success","The User 'kathleen.carter@acme.com' was evaluated to be soft-deleted in the source system and the provisioning service should soft-delete the target entry. However, the soft-deletion has been processed by the provisioning service previously. The soft delete operation will be skipped.","External Application 9","","756eda03-cf90-441c-808e-b59787d93e2b","objectId","""c2d41362-b857-4351-8a78-520b3070914e""","","","accountEnabled","""False""","","","department","""Department 9""","","","displayName","""Kathleen Carter""","","","givenName","""Kathleen""","","","jobTitle","""Job Title 3""","","","ServicePrincipal","","","",""
"2025-10-30 23:33:15","Synchronization rule action","Details","User details: Skip reason = RedundantSoftDelete, Active = False, Assigned = True, Passed scope filter: True; ","","ErrorCode","","","ProvisioningManagement","8a1d754b-408f-4e1e-87f8-7439e01681f5","Sync_8a1d754b-408f-4e1e-87f8-7439e01681f5_92e5b9cf-c9a2-495d-83b2-3fc82f96324f_134037487950225030","","Azure AD Cloud Sync","","","","","","","","","","","","Account Provisioning","Read","success","The User 'catherine1.carter2@acme.com' was evaluated to be soft-deleted in the source system and the provisioning service should soft-delete the target entry. However, the soft-deletion has been processed by the provisioning service previously. The soft delete operation will be skipped.","External Application 9","","756eda03-cf90-441c-808e-b59787d93e2b","objectId","""2318cfef-8d5d-4570-8820-15637b57a565""","","","accountEnabled","""False""","","","department","""Department 8""","","","displayName","""Catherine1 Carter2""","","","givenName","""Catherine1""","","","jobTitle","""Job Title 8""","","","ServicePrincipal","","","",""
"2025-10-30 23:33:14","Synchronization rule action","Details","User details: Skip reason = RedundantSoftDelete, Active = False, Assigned = True, Passed scope filter: True; ","","ErrorCode","","","ProvisioningManagement","8a1d754b-408f-4e1e-87f8-7439e01681f5","Sync_8a1d754b-408f-4e1e-87f8-7439e01681f5_92e5b9cf-c9a2-495d-83b2-3fc82f96324f_134037487949975020","","Azure AD Cloud Sync","","","","","","","","","","","","Account Provisioning","Read","success","The User 'jenkins.roberts@acme.com' was evaluated to be soft-deleted in the source system and the provisioning service should soft-delete the target entry. However, the soft-deletion has been processed by the provisioning service previously. The soft delete operation will be skipped.","External Application 9","","756eda03-cf90-441c-808e-b59787d93e2b","objectId","""b4e2a357-f352-40ff-84e5-5a31a71a3c2d""","","","accountEnabled","""False""","","","department","""Department 7""","","","displayName","""Jenkins Roberts""","","","givenName","""Jenkins""","","","jobTitle","""Job Title 8""","","","ServicePrincipal","","","",""
"2025-10-30 23:33:14","Synchronization rule action","Details","User details: Skip reason = RedundantSoftDelete, Active = False, Assigned = True, Passed scope filter: True; ","","ErrorCode","","","ProvisioningManagement","8a1d754b-408f-4e1e-87f8-7439e01681f5","Sync_8a1d754b-408f-4e1e-87f8-7439e01681f5_92e5b9cf-c9a2-495d-83b2-3fc82f96324f_134037487949765020","","Azure AD Cloud Sync","","","","","","","","","","","","Account Provisioning","Read","success","The User 'allen3.edward1@acme.com' was evaluated to be soft-deleted in the source system and the provisioning service should soft-delete the target entry. However, the soft-deletion has been processed by the provisioning service previously. The soft delete operation will be skipped.","External Application 9","","756eda03-cf90-441c-808e-b59787d93e2b","objectId","""2b22d269-4f10-4524-894e-e05c48f3d8d9""","","","accountEnabled","""False""","","","department","""Department 7""","","","displayName","""Allen3 Edward1""","","","givenName","""Allen3""","","","jobTitle","""Job Title 4""","","","ServicePrincipal","","","",""
"2025-10-30 23:33:14","Synchronization rule action","Details","User details: Skip reason = RedundantSoftDelete, Active = False, Assigned = True, Passed scope filter: True; ","","ErrorCode","","","ProvisioningManagement","8a1d754b-408f-4e1e-87f8-7439e01681f5","Sync_8a1d754b-408f-4e1e-87f8-7439e01681f5_92e5b9cf-c9a2-495d-83b2-3fc82f96324f_134037487949545010","","Azure AD Cloud Sync","","","","","","","","","","","","Account Provisioning","Read","success","The User 'mitchell2.ortiz@acme.com' was evaluated to be soft-deleted in the source system and the provisioning service should soft-delete the target entry. However, the soft-deletion has been processed by the provisioning service previously. The soft delete operation will be skipped.","External Application 9","","756eda03-cf90-441c-808e-b59787d93e2b","objectId","""c86c5f0b-5845-4ed8-8974-9f4817e9f14c""","","","accountEnabled","""False""","","","displayName","""Mitchell2  Ortiz""","","","givenName","""Mitchell2""","","","mailNickname","""mitchell2.ortiz""","","","surname","""Ortiz""","","","ServicePrincipal","","","",""
"2025-10-30 23:33:14","Synchronization rule action","Details","User details: Skip reason = RedundantSoftDelete, Active = False, Assigned = True, Passed scope filter: True; ","","ErrorCode","","","ProvisioningManagement","8a1d754b-408f-4e1e-87f8-7439e01681f5","Sync_8a1d754b-408f-4e1e-87f8-7439e01681f5_92e5b9cf-c9a2-495d-83b2-3fc82f96324f_134037487949345010","","Azure AD Cloud Sync","","","","","","","","","","","","Account Provisioning","Read","success","The User 'samantha1.edward@acme.com' was evaluated to be soft-deleted in the source system and the provisioning service should soft-delete the target entry. However, the soft-deletion has been processed by the provisioning service previously. The soft delete operation will be skipped.","External Application 9","","756eda03-cf90-441c-808e-b59787d93e2b","objectId","""d0e4a9ac-084a-4133-8c33-53487177cf8a""","","","accountEnabled","""False""","","","department","""Department 1""","","","displayName","""Samantha1 Edward""","","","givenName","""Samantha1""","","","jobTitle","""Job Title 2""","","","ServicePrincipal","","","",""
"2025-10-30 23:33:14","Import","Details","","","ErrorCode","","","ProvisioningManagement","8a1d754b-408f-4e1e-87f8-7439e01681f5","Sync_8a1d754b-408f-4e1e-87f8-7439e01681f5_92e5b9cf-c9a2-495d-83b2-3fc82f96324f_134037487945534990","","Azure AD Cloud Sync","","","","","","","","","","","","Account Provisioning","Read","success","Received User 'nguyen.wood1@acme.com' change of type (Add) from Microsoft Entra ID","External Application 9","","756eda03-cf90-441c-808e-b59787d93e2b","objectId","""ce02f276-d914-4909-853b-bf731e718640""","","","accountEnabled","""False""","","","department","""Department 3""","","","displayName","""Nguyen Wood1""","","","givenName","""Nguyen""","","","jobTitle","""Job Title 10""","","","ServicePrincipal","","","",""
"2025-10-30 23:33:14","Import","Details","","","ErrorCode","","","ProvisioningManagement","8a1d754b-408f-4e1e-87f8-7439e01681f5","Sync_8a1d754b-408f-4e1e-87f8-7439e01681f5_92e5b9cf-c9a2-495d-83b2-3fc82f96324f_134037487945404980","","Azure AD Cloud Sync","","","","","","","","","","","","Account Provisioning","Read","success","Received User 'cook1.mitchell3@acme.com' change of type (Add) from Microsoft Entra ID","External Application 9","","756eda03-cf90-441c-808e-b59787d93e2b","objectId","""7b6593af-c87d-4674-829a-9ede3adbdf5c""","","","accountEnabled","""False""","","","displayName","""Cook1 Mitchell3""","","","givenName","""Cook1""","","","mailNickname","""cook1.mitchell3""","","","surname","""Mitchell3""","","","ServicePrincipal","","","",""
"2025-10-30 23:33:14","Import","Details","","","ErrorCode","","","ProvisioningManagement","8a1d754b-408f-4e1e-87f8-7439e01681f5","Sync_8a1d754b-408f-4e1e-87f8-7439e01681f5_92e5b9cf-c9a2-495d-83b2-3fc82f96324f_134037487945274970","","Azure AD Cloud Sync","","","","","","","","","","","","Account Provisioning","Read","success","Received User 'torres1.carter3@acme.com' change of type (Add) from Microsoft Entra ID","External Application 9","","756eda03-cf90-441c-808e-b59787d93e2b","objectId","""7df7de58-2af6-47c2-8887-079db9585c7e""","","","accountEnabled","""False""","","","displayName","""Lee Carter3""","","","givenName","""Lee""","","","mailNickname","""torres1.carter3""","","","surname","""Carter3""","","","ServicePrincipal","","","",""
"2025-10-30 23:33:14","Import","Details","","","ErrorCode","","","ProvisioningManagement","8a1d754b-408f-4e1e-87f8-7439e01681f5","Sync_8a1d754b-408f-4e1e-87f8-7439e01681f5_92e5b9cf-c9a2-495d-83b2-3fc82f96324f_134037487945144960","","Azure AD Cloud Sync","","","","","","","","","","","","Account Provisioning","Read","success","Received User 'joan.william@acme.com' change of type (Add) from Microsoft Entra ID","External Application 9","","756eda03-cf90-441c-808e-b59787d93e2b","objectId","""627a4ff0-f382-43d9-846c-7c185494c01e""","","","accountEnabled","""False""","","","department","""Department 7""","","","displayName","""Ronald William""","","","givenName","""Ronald""","","","jobTitle","""Job Title 15""","","","ServicePrincipal","","","",""
"2025-10-30 23:33:14","Import","Details","","","ErrorCode","","","ProvisioningManagement","8a1d754b-408f-4e1e-87f8-7439e01681f5","Sync_8a1d754b-408f-4e1e-87f8-7439e01681f5_92e5b9cf-c9a2-495d-83b2-3fc82f96324f_134037487945004970","","Azure AD Cloud Sync","","","","","","","","","","","","Account Provisioning","Read","success","Received User 'lewis.thomas2@acme.com' change of type (Add) from Microsoft Entra ID","External Application 9","","756eda03-cf90-441c-808e-b59787d93e2b","objectId","""f32bb32c-d9b7-4656-8596-671a4e468153""","","","accountEnabled","""False""","","","department","""Department 2""","","","displayName","""Lewis Thomas2""","","","givenName","""Lewis""","","","jobTitle","""Job Title 11""","","","ServicePrincipal","","","",""
"2025-10-30 23:33:14","Import","Details","","","ErrorCode","","","ProvisioningManagement","8a1d754b-408f-4e1e-87f8-7439e01681f5","Sync_8a1d754b-408f-4e1e-87f8-7439e01681f5_92e5b9cf-c9a2-495d-83b2-3fc82f96324f_134037487944794940","","Azure AD Cloud Sync","","","","","","","","","","","","Account Provisioning","Read","success","Received User 'reed1.mitchell@acme.com' change of type (Add) from Microsoft Entra ID","External Application 9","","756eda03-cf90-441c-808e-b59787d93e2b","objectId","""31510e04-6b24-4a36-8b50-fc1ad11ad4f9""","","","accountEnabled","""False""","","","displayName","""Reed1 Mitchell""","","","givenName","""Reed1""","","","jobTitle","""Job Title 1""","","","mailNickname","""reed1.mitchell""","","","ServicePrincipal","","","",""
"2025-10-30 23:33:14","Import","Details","","","ErrorCode","","","ProvisioningManagement","8a1d754b-408f-4e1e-87f8-7439e01681f5","Sync_8a1d754b-408f-4e1e-87f8-7439e01681f5_92e5b9cf-c9a2-495d-83b2-3fc82f96324f_134037487944674970","","Azure AD Cloud Sync","","","","","","","","","","","","Account Provisioning","Read","success","Received User 'diane.nguyen@acme.com' change of type (Add) from Microsoft Entra ID","External Application 9","","756eda03-cf90-441c-808e-b59787d93e2b","objectId","""9a338291-11ec-499c-8425-ba35ea84767e""","","","accountEnabled","""False""","","","displayName","""Diane Nguyen""","","","givenName","""Diane""","","","jobTitle","""Job Title 7""","","","mailNickname","""diane.nguyen""","","","ServicePrincipal","","","",""
"2025-10-30 23:33:14","Import","Details","","","ErrorCode","","","ProvisioningManagement","8a1d754b-408f-4e1e-87f8-7439e01681f5","Sync_8a1d754b-408f-4e1e-87f8-7439e01681f5_92e5b9cf-c9a2-495d-83b2-3fc82f96324f_134037487944524950","","Azure AD Cloud Sync","","","","","","","","","","","","Account Provisioning","Read","success","Received User 'amy2.wood@acme.com' change of type (Add) from Microsoft Entra ID","External Application 9","","756eda03-cf90-441c-808e-b59787d93e2b","objectId","""9e4eef94-db52-4ae6-83d6-bad5395ff6f8""","","","accountEnabled","""False""","","","department","""Department 4""","","","displayName","""Amy2 Wood""","","","givenName","""Hovsep""","","","jobTitle","""Job Title 14""","","","ServicePrincipal","","","",""
"2025-10-30 23:33:14","Import","Details","","","ErrorCode","","","ProvisioningManagement","8a1d754b-408f-4e1e-87f8-7439e01681f5","Sync_8a1d754b-408f-4e1e-87f8-7439e01681f5_92e5b9cf-c9a2-495d-83b2-3fc82f96324f_134037487944394960","","Azure AD Cloud Sync","","","","","","","","","","","","Account Provisioning","Read","success","Received User 'ronald1.jackson@acme.com' change of type (Add) from Microsoft Entra ID","External Application 9","","756eda03-cf90-441c-808e-b59787d93e2b","objectId","""bf9339cc-dcd3-419c-87d7-ca33b140e3cb""","","","accountEnabled","""False""","","","displayName","""Ronald1 Jackson""","","","givenName","""Ronald1""","","","jobTitle","""Job Title 13""","","","mailNickname","""ronald1.jackson""","","","ServicePrincipal","","","",""
"2025-10-30 23:33:14","Import","Details","","","ErrorCode","","","ProvisioningManagement","8a1d754b-408f-4e1e-87f8-7439e01681f5","Sync_8a1d754b-408f-4e1e-87f8-7439e01681f5_92e5b9cf-c9a2-495d-83b2-3fc82f96324f_134037487944254970","","Azure AD Cloud Sync","","","","","","","","","","","","Account Provisioning","Read","success","Received User 'thomas1.jimenez@acme.com' change of type (Add) from Microsoft Entra ID","External Application 9","","756eda03-cf90-441c-808e-b59787d93e2b","objectId","""c8bfdc83-e15d-4584-83d0-f156fda37734""","","","accountEnabled","""False""","","","department","""Department 6""","","","displayName","""Thomas1 Jimenez""","","","givenName","""Thomas1""","","","jobTitle","""Job Title 12""","","","ServicePrincipal","","","",""
"2025-10-30 23:33:14","Import","Details","","","ErrorCode","","","ProvisioningManagement","8a1d754b-408f-4e1e-87f8-7439e01681f5","Sync_8a1d754b-408f-4e1e-87f8-7439e01681f5_92e5b9cf-c9a2-495d-83b2-3fc82f96324f_134037487944134960","","Azure AD Cloud Sync","","","","","","","","","","","","Account Provisioning","Read","success","Received User 'evelyn2.rebecca1@acme.com' change of type (Add) from Microsoft Entra ID","External Application 9","","756eda03-cf90-441c-808e-b59787d93e2b","objectId","""a86ba5ad-6b84-42bb-835e-03d42d52beac""","","","accountEnabled","""False""","","","displayName","""Evelyn2 Rebecca1""","","","givenName","""Evelyn2""","","","jobTitle","""Job Title 5""","","","mailNickname","""evelyn2.rebecca1""","","","ServicePrincipal","","","",""
"2025-10-30 23:33:14","Import","Details","","","ErrorCode","","","ProvisioningManagement","8a1d754b-408f-4e1e-87f8-7439e01681f5","Sync_8a1d754b-408f-4e1e-87f8-7439e01681f5_92e5b9cf-c9a2-495d-83b2-3fc82f96324f_134037487944014960","","Azure AD Cloud Sync","","","","","","","","","","","","Account Provisioning","Read","success","Received User 'peterson.heather2@acme.com' change of type (Add) from Microsoft Entra ID","External Application 9","","756eda03-cf90-441c-808e-b59787d93e2b","objectId","""8107c9dc-0d87-4346-8d13-76a486414747""","","","accountEnabled","""False""","","","displayName","""Peterson Heather2""","","","givenName","""Peterson""","","","jobTitle","""Job Title 5""","","","mailNickname","""peterson.heather2""","","","ServicePrincipal","","","",""
"2025-10-30 23:33:14","Import","Details","","","ErrorCode","","","ProvisioningManagement","8a1d754b-408f-4e1e-87f8-7439e01681f5","Sync_8a1d754b-408f-4e1e-87f8-7439e01681f5_92e5b9cf-c9a2-495d-83b2-3fc82f96324f_134037487943884960","","Azure AD Cloud Sync","","","","","","","","","","","","Account Provisioning","Read","success","Received User 'kathleen.carter@acme.com' change of type (Add) from Microsoft Entra ID","External Application 9","","756eda03-cf90-441c-808e-b59787d93e2b","objectId","""c2d41362-b857-4351-8a78-520b3070914e""","","","accountEnabled","""False""","","","department","""Department 9""","","","displayName","""Kathleen Carter""","","","givenName","""Kathleen""","","","jobTitle","""Job Title 3""","","","ServicePrincipal","","","",""
"2025-10-30 23:33:14","Import","Details","","","ErrorCode","","","ProvisioningManagement","8a1d754b-408f-4e1e-87f8-7439e01681f5","Sync_8a1d754b-408f-4e1e-87f8-7439e01681f5_92e5b9cf-c9a2-495d-83b2-3fc82f96324f_134037487943754940","","Azure AD Cloud Sync","","","","","","","","","","","","Account Provisioning","Read","success","Received User 'catherine1.carter2@acme.com' change of type (Add) from Microsoft Entra ID","External Application 9","","756eda03-cf90-441c-808e-b59787d93e2b","objectId","""2318cfef-8d5d-4570-8820-15637b57a565""","","","accountEnabled","""False""","","","department","""Department 8""","","","displayName","""Catherine1 Carter2""","","","givenName","""Catherine1""","","","jobTitle","""Job Title 8""","","","ServicePrincipal","","","",""
"2025-10-30 23:33:14","Import","Details","","","ErrorCode","","","ProvisioningManagement","8a1d754b-408f-4e1e-87f8-7439e01681f5","Sync_8a1d754b-408f-4e1e-87f8-7439e01681f5_92e5b9cf-c9a2-495d-83b2-3fc82f96324f_134037487943624950","","Azure AD Cloud Sync","","","","","","","","","","","","Account Provisioning","Read","success","Received User 'jenkins.roberts@acme.com' change of type (Add) from Microsoft Entra ID","External Application 9","","756eda03-cf90-441c-808e-b59787d93e2b","objectId","""b4e2a357-f352-40ff-84e5-5a31a71a3c2d""","","","accountEnabled","""False""","","","department","""Department 7""","","","displayName","""Jenkins Roberts""","","","givenName","""Jenkins""","","","jobTitle","""Job Title 8""","","","ServicePrincipal","","","",""
"2025-10-30 23:33:14","Import","Details","","","ErrorCode","","","ProvisioningManagement","8a1d754b-408f-4e1e-87f8-7439e01681f5","Sync_8a1d754b-408f-4e1e-87f8-7439e01681f5_92e5b9cf-c9a2-495d-83b2-3fc82f96324f_134037487943494960","","Azure AD Cloud Sync","","","","","","","","","","","","Account Provisioning","Read","success","Received User 'allen3.edward1@acme.com' change of type (Add) from Microsoft Entra ID","External Application 9","","756eda03-cf90-441c-808e-b59787d93e2b","objectId","""2b22d269-4f10-4524-894e-e05c48f3d8d9""","","","accountEnabled","""False""","","","department","""Department 7""","","","displayName","""Allen3 Edward1""","","","givenName","""Allen3""","","","jobTitle","""Job Title 4""","","","ServicePrincipal","","","",""
"2025-10-30 23:33:14","Import","Details","","","ErrorCode","","","ProvisioningManagement","8a1d754b-408f-4e1e-87f8-7439e01681f5","Sync_8a1d754b-408f-4e1e-87f8-7439e01681f5_92e5b9cf-c9a2-495d-83b2-3fc82f96324f_134037487943374990","","Azure AD Cloud Sync","","","","","","","","","","","","Account Provisioning","Read","success","Received User 'mitchell2.ortiz@acme.com' change of type (Add) from Microsoft Entra ID","External Application 9","","756eda03-cf90-441c-808e-b59787d93e2b","objectId","""c86c5f0b-5845-4ed8-8974-9f4817e9f14c""","","","accountEnabled","""False""","","","displayName","""Mitchell2  Ortiz""","","","givenName","""Mitchell2""","","","mailNickname","""mitchell2.ortiz""","","","surname","""Ortiz""","","","ServicePrincipal","","","",""
"2025-10-30 23:33:14","Import","Details","","","ErrorCode","","","ProvisioningManagement","8a1d754b-408f-4e1e-87f8-7439e01681f5","Sync_8a1d754b-408f-4e1e-87f8-7439e01681f5_92e5b9cf-c9a2-495d-83b2-3fc82f96324f_134037487943274960","","Azure AD Cloud Sync","","","","","","","","","","","","Account Provisioning","Read","success","Received User 'samantha1.edward@acme.com' change of type (Add) from Microsoft Entra ID","External Application 9","","756eda03-cf90-441c-808e-b59787d93e2b","objectId","""d0e4a9ac-084a-4133-8c33-53487177cf8a""","","","accountEnabled","""False""","","","department","""Department 1""","","","displayName","""Samantha1 Edward""","","","givenName","""Samantha1""","","","jobTitle","""Job Title 2""","","","ServicePrincipal","","","",""
"2025-10-30 23:33:12","Other","Details","Type: AppRoleAssignment
Modification: Add
Anchor: qbr5z9K8IUyjKAHYTL_siDjlqbyxVPRBvzvI92m0dG0
Matching property values: 76177af3-b8ae-498b-81f0-4c03455d7a6a
OriginalSourceEntryType: 
Reference Change? False
ContainsEntitlement? False
TrackingId 7056c858-bb72-42ea-8661-f711451297aa","","ErrorCode","","","ProvisioningManagement","8a1d754b-408f-4e1e-87f8-7439e01681f5","Sync_8a1d754b-408f-4e1e-87f8-7439e01681f5_92e5b9cf-c9a2-495d-83b2-3fc82f96324f_134037487922494790","","Azure AD Cloud Sync","","","","","","","","","","","","Account Provisioning","Read","success","This app role assignment was imported: qbr5z9K8IUyjKAHYTL_siDjlqbyxVPRBvzvI92m0dG0.  The app role granted was 76177af3-b8ae-498b-81f0-4c03455d7a6a.  It was granted to Group 34e0af06-dc41-45ee-8b74-60db5c45fe59.","External Application 9","","756eda03-cf90-441c-808e-b59787d93e2b","","","","","","","","","","","","","","","","","","","","","","","","","ServicePrincipal","","","",""
"2025-10-30 23:22:44","Update user","UserType","Member","","User-Agent","kiota-dotnet/1.17.1","","UserManagement","680c7df0-3b26-40c1-8e22-3acfb09d76d1","Directory_680c7df0-3b26-40c1-8e22-3acfb09d76d1_XEECR_193126500","","Radius Aad Syncer","fb657268-0866-4066-8761-4312942b8b64","","","","","","","","","","","Core Directory","Update","success","","","","21c8a508-dcb1-45f5-8590-258bcfe483c5","AccountEnabled","[false]","[true]","","Included Updated Properties","""AccountEnabled""","","","ActorId.ServicePrincipalNames","""c21f6759-5289-4c17-8a0e-0febea2e0c1d""","","","SPN","""c21f6759-5289-4c17-8a0e-0febea2e0c1d""","","","TargetId.UserType","""Member""","","","","","","","User","victoria1.heather3@acme.com","","",""
"2025-10-30 23:22:44","Disable account","User-Agent","kiota-dotnet/1.17.1","","","","","UserManagement","680c7df0-3b26-40c1-8e22-3acfb09d76d1","Directory_680c7df0-3b26-40c1-8e22-3acfb09d76d1_XEECR_193126494","","Radius Aad Syncer","fb657268-0866-4066-8761-4312942b8b64","","","","","","","","","","","Core Directory","Update","success","","","","21c8a508-dcb1-45f5-8590-258bcfe483c5","AccountEnabled","[false]","[true]","","Included Updated Properties","""AccountEnabled""","","","ActorId.ServicePrincipalNames","""c21f6759-5289-4c17-8a0e-0febea2e0c1d""","","","SPN","""c21f6759-5289-4c17-8a0e-0febea2e0c1d""","","","","","","","","","","","User","victoria1.heather3@acme.com","","",""
"2025-10-30 23:22:41","Update user","UserType","Member","","User-Agent","kiota-dotnet/1.17.1","","UserManagement","4b54c7e5-481a-477a-84b0-5de139a68d2f","Directory_4b54c7e5-481a-477a-84b0-5de139a68d2f_BNPHX_389160792","","Radius Aad Syncer","fb657268-0866-4066-8761-4312942b8b64","","","","","","","","","","","Core Directory","Update","success","","","","21c8a508-dcb1-45f5-8590-258bcfe483c5","StsRefreshTokensValidFrom","[""2025-10-30T23:22:41Z""]","[""2024-11-18T16:41:19Z""]","","Included Updated Properties","""StsRefreshTokensValidFrom""","","","ActorId.ServicePrincipalNames","""c21f6759-5289-4c17-8a0e-0febea2e0c1d""","","","SPN","""c21f6759-5289-4c17-8a0e-0febea2e0c1d""","","","TargetId.UserType","""Member""","","","","","","","User","victoria1.heather3@acme.com","","",""
"2025-10-30 23:22:41","Update StsRefreshTokenValidFrom Timestamp","User-Agent","kiota-dotnet/1.17.1","","","","","UserManagement","4b54c7e5-481a-477a-84b0-5de139a68d2f","Directory_4b54c7e5-481a-477a-84b0-5de139a68d2f_BNPHX_389160786","","Radius Aad Syncer","fb657268-0866-4066-8761-4312942b8b64","","","","","","","","","","","Core Directory","Update","success","","","","21c8a508-dcb1-45f5-8590-258bcfe483c5","StsRefreshTokensValidFrom","[""2025-10-30T23:22:41Z""]","[""2024-11-18T16:41:19Z""]","","Included Updated Properties","""StsRefreshTokensValidFrom""","","","ActorId.ServicePrincipalNames","""c21f6759-5289-4c17-8a0e-0febea2e0c1d""","","","SPN","""c21f6759-5289-4c17-8a0e-0febea2e0c1d""","","","","","","","","","","","User","victoria1.heather3@acme.com","","",""
"2025-10-30 23:22:14","Settings_GetSettingsAsync","","","","","","","GroupManagement","3b031017-e42e-494b-8a51-01a6ff5459ef","SSGM_3b031017-e42e-494b-8a51-01a6ff5459ef_MOS0P_104811694","","","","","","","","","20.228.63.31","21c8a508-dcb1-45f5-8590-258bcfe483c5","victoria1.heather3@acme.com","","","Self-service Group Management","Update","success","OK","","","0dfd9c70-159e-4aa3-85d1-a03b95280861","","","","","","","","","","","","","","","","","","","","","","","","","N/A","","","",""
"2025-10-30 23:22:14","Settings_GetSettingsAsync","","","","","","","GroupManagement","6b79b879-a0b6-4c39-8b30-85c19f5aec30","SSGM_6b79b879-a0b6-4c39-8b30-85c19f5aec30_78A0N_123475117","","","","","","","","","4.154.168.188","21c8a508-dcb1-45f5-8590-258bcfe483c5","victoria1.heather3@acme.com","","","Self-service Group Management","Update","success","OK","","","0dfd9c70-159e-4aa3-85d1-a03b95280861","","","","","","","","","","","","","","","","","","","","","","","","","N/A","","","",""
"2025-10-30 20:58:59","Update device","DeviceId","9f5f1b17-4c2d-44a4-8891-cd8b79b19c0d","","DeviceOSType","Windows","","Device","50b746c5-cf6c-4e1a-8fae-6302e42f2e9c","Directory_50b746c5-cf6c-4e1a-8fae-6302e42f2e9c_TP4AJ_223643831","","Device Registration Service","20d63fc4-676f-4690-8d4b-8cc36be935cd","","","","","","","","","","","Core Directory","Update","success","","Acme","","c0374b9b-2f54-4474-830d-b83cd637e111","Included Updated Properties","""""","","","TargetId.DeviceId","""9f5f1b17-4c2d-44a4-8891-cd8b79b19c0d""","","","TargetId.DeviceOSType","""Windows""","","","TargetId.DeviceTrustType","""Workplace""","","","","","","","","","","","Device","","","",""
"2025-10-30 20:54:37","Update device","DeviceId","0145713f-8a92-4f51-8092-07fa668d513b","","DeviceOSType","Windows","","Device","2a07393c-08cd-4653-8085-5faf5cc05400","Directory_2a07393c-08cd-4653-8085-5faf5cc05400_53RGP_182237429","","Device Registration Service","20d63fc4-676f-4690-8d4b-8cc36be935cd","","","","","","","","","","","Core Directory","Update","success","","HOST-BD9E3F","","06f19636-76dd-45be-8b1a-458024933075","Included Updated Properties","""""","","","TargetId.DeviceId","""0145713f-8a92-4f51-8092-07fa668d513b""","","","TargetId.DeviceOSType","""Windows""","","","TargetId.DeviceTrustType","""Workplace""","","","","","","","","","","","Device","","","",""
"2025-10-30 19:49:22","Update device","DeviceId","64a38bf0-6a77-48b1-8d5e-87d15d32700e","","DeviceOSType","Windows","","Device","15a49b1f-e4be-4ba5-88e5-3dfb3a4839cb","Directory_15a49b1f-e4be-4ba5-88e5-3dfb3a4839cb_62U9C_213509792","","Device Registration Service","20d63fc4-676f-4690-8d4b-8cc36be935cd","","","","","","","","","","","Core Directory","Update","success","","HOST-DEDFDA","","1b8bebe4-1908-4e15-8ffd-364f9d93de06","Included Updated Properties","""""","","","TargetId.DeviceId","""64a38bf0-6a77-48b1-8d5e-87d15d32700e""","","","TargetId.DeviceOSType","""Windows""","","","TargetId.DeviceTrustType","""AzureAd""","","","","","","","","","","","Device","","","",""
"2025-10-30 19:38:38","Update user","UserType","Member","","","","","UserManagement","710838a9-89a2-44fe-870d-f599e6d110e8","Directory_710838a9-89a2-44fe-870d-f599e6d110e8_OW6AH_200898057","","Azure MFA StrongAuthenticationService","d3fcabce-d428-47ae-8acd-7945458386a5","","","","","","","","","","","Core Directory","Update","success","","","","194a0222-74a0-49c8-882d-bb01e9fb2bfc","StrongAuthenticationPhoneAppDetail","[{""DeviceName"":""iPhone 16 Pro"",""DeviceToken"":""apns2-b8fa662b45a0b0d2d7334e0a89bba4957c12901ad3f062bffcc54ce3dfe4133f"",""DeviceTag"":""SoftwareTokenActivated"",""PhoneAppVersion"":""6.8.34"",""OathTokenTimeDrift"":0,""DeviceId"":""0dfd9c70-159e-4aa3-85d1-a03b95280861"",""Id"":""afcb5909-718a-4eff-8a3b-86a8b22ba3c6"",""TimeInterval"":0,""AuthenticationType"":3,""NotificationType"":2,""LastAuthenticatedTimestamp"":""2025-10-30T19:38:38.5438394Z"",""AuthenticatorFlavor"":""Authenticator"",""HashFunction"":null,""TenantDeviceId"":null,""SecuredPartitionId"":20091,""SecuredKeyId"":7}]","[{""DeviceName"":""iPhone 16 Pro"",""DeviceToken"":""apns2-b8fa662b45a0b0d2d7334e0a89bba4957c12901ad3f062bffcc54ce3dfe4133f"",""DeviceTag"":""SoftwareTokenActivated"",""PhoneAppVersion"":""6.8.34"",""OathTokenTimeDrift"":0,""DeviceId"":""0dfd9c70-159e-4aa3-85d1-a03b95280861"",""Id"":""afcb5909-718a-4eff-8a3b-86a8b22ba3c6"",""TimeInterval"":0,""AuthenticationType"":3,""NotificationType"":2,""LastAuthenticatedTimestamp"":""2025-10-29T13:59:51.5599477Z"",""AuthenticatorFlavor"":""Authenticator"",""HashFunction"":null,""TenantDeviceId"":null,""SecuredPartitionId"":20091,""SecuredKeyId"":7}]","","Included Updated Properties","""StrongAuthenticationPhoneAppDetail""","","","TargetId.UserType","""Member""","","","ActorId.ServicePrincipalNames","""68f70590-117d-4510-87e0-06bc0d4489a8""","","","SPN","""68f70590-117d-4510-87e0-06bc0d4489a8""","","","","","","","User","richard.nancy1@acme.com","","",""
"2025-10-30 19:29:26","Update user","UserType","Member","","","","","UserManagement","0f632c74-2182-49cc-8ea6-632f5e5b630a","Directory_0f632c74-2182-49cc-8ea6-632f5e5b630a_9CC3B_145156944","","Microsoft Substrate Management","feb2a519-1cc9-4bea-8b5c-237fd8ea9a92","","","","","","","","","","","Core Directory","Update","success","","","","ace5187b-429b-4f0a-81ab-9b4568c005e1","Included Updated Properties","""""","","","TargetId.UserType","""Member""","","","ActorId.ServicePrincipalNames","""7f53a90e-44b5-410c-8fd1-a31f09c2c31d""","","","SPN","""7f53a90e-44b5-410c-8fd1-a31f09c2c31d""","","","","","","","","","","","User","miller.gray@acme.com","","",""
"2025-10-30 18:34:46","Update device","DeviceId","d8744447-ddfc-4099-8c02-f7f9efc96d1b","","DeviceOSType","Windows","","Device","d5c676ad-10ae-4372-8708-cb4f45eaf58a","Directory_d5c676ad-10ae-4372-8708-cb4f45eaf58a_ZRR78_163785355","","Device Registration Service","20d63fc4-676f-4690-8d4b-8cc36be935cd","","","","","","","","","","","Core Directory","Update","success","","HOST-9C4971","","d3b40052-baf1-4efd-8654-dd8ffd41d382","Included Updated Properties","""""","","","TargetId.DeviceId","""d8744447-ddfc-4099-8c02-f7f9efc96d1b""","","","TargetId.DeviceOSType","""Windows""","","","TargetId.DeviceTrustType","""AzureAd""","","","","","","","","","","","Device","","","",""
"2025-10-30 18:14:04","Update device","DeviceId","7520a3d0-1d27-4604-8459-ffc47188abb0","","DeviceOSType","Windows","","Device","e3c2b37d-2f10-49af-8205-4a2698666c3d","Directory_e3c2b37d-2f10-49af-8205-4a2698666c3d_M5H89_170397607","","Device Registration Service","20d63fc4-676f-4690-8d4b-8cc36be935cd","","","","","","","","","","","Core Directory","Update","success","","HOST-6FB850","","e121dc24-b2db-4f46-88f4-88a2267f7a35","Included Updated Properties","""""","","","TargetId.DeviceId","""7520a3d0-1d27-4604-8459-ffc47188abb0""","","","TargetId.DeviceOSType","""Windows""","","","TargetId.DeviceTrustType","""AzureAd""","","","","","","","","","","","Device","","","",""
"2025-10-30 16:52:26","Update device","DeviceId","d093ed95-79ec-4c10-81ac-d22861418099","","DeviceOSType","Windows","","Device","34e8551f-4d6b-44a4-8825-c8d0c56abcaf","Directory_34e8551f-4d6b-44a4-8825-c8d0c56abcaf_08858_149817960","","Device Registration Service","20d63fc4-676f-4690-8d4b-8cc36be935cd","","","","","","","","","","","Core Directory","Update","success","","HOST-BC2EB4","","e54b010b-fc82-4ec3-87bf-7ed12a5a32c2","Included Updated Properties","""""","","","TargetId.DeviceId","""d093ed95-79ec-4c10-81ac-d22861418099""","","","TargetId.DeviceOSType","""Windows""","","","TargetId.DeviceTrustType","""Workplace""","","","","","","","","","","","Device","","","",""
"2025-10-30 16:40:04","Update user","UserType","Member","","","","","UserManagement","d6d704ba-e21d-42f5-8448-ab002fc4e37e","Directory_d6d704ba-e21d-42f5-8448-ab002fc4e37e_6KJAQ_136264614","","Microsoft Substrate Management","feb2a519-1cc9-4bea-8b5c-237fd8ea9a92","","","","","","","","","","","Core Directory","Update","success","","","","f2ac467b-8dd5-44ef-8370-ecda672fd055","Included Updated Properties","""""","","","TargetId.UserType","""Member""","","","ActorId.ServicePrincipalNames","""7f53a90e-44b5-410c-8fd1-a31f09c2c31d""","","","SPN","""7f53a90e-44b5-410c-8fd1-a31f09c2c31d""","","","","","","","","","","","User","sandra2.sandra3@acme.com","","",""
"2025-10-30 15:48:38","Update device","DeviceId","8e14e573-b84a-44e9-8ae8-e6bd707c1c6c","","DeviceOSType","Windows","","Device","5194bb6c-d4c9-4f38-82a7-4ac56b9e25ab","Directory_5194bb6c-d4c9-4f38-82a7-4ac56b9e25ab_R8035_108343612","","Device Registration Service","20d63fc4-676f-4690-8d4b-8cc36be935cd","","","","","","","","","","","Core Directory","Update","success","","HOST-DA5165","","35063eb4-b056-414d-8c63-f85298721797","Included Updated Properties","""""","","","TargetId.DeviceId","""8e14e573-b84a-44e9-8ae8-e6bd707c1c6c""","","","TargetId.DeviceOSType","""Windows""","","","TargetId.DeviceTrustType","""Workplace""","","","","","","","","","","","Device","","","",""
"2025-10-30 15:40:44","Update device","DeviceId","8fe5e3b4-6b05-412b-8786-377194d7454e","","DeviceOSType","Windows","","Device","c7781b02-a3ee-44b4-8c95-dd586ae9d7bc","Directory_c7781b02-a3ee-44b4-8c95-dd586ae9d7bc_ZRR78_127342274","","Device Registration Service","20d63fc4-676f-4690-8d4b-8cc36be935cd","","","","","","","","","","","Core Directory","Update","success","","HOST-8B6C74","","cd754e78-ba8e-4684-8904-10b8fa6c3229","CloudDeviceOSVersion","[""10.0.26100.4946""]","[""10.0.26100.4652""]","","DeviceOSVersion","[""10.0.26100.4946""]","[""10.0.26100.4652""]","","Included Updated Properties","""CloudDeviceOSVersion, DeviceOSVersion""","","","TargetId.DeviceId","""8fe5e3b4-6b05-412b-8786-377194d7454e""","","","TargetId.DeviceOSType","""Windows""","","","TargetId.DeviceTrustType","""AzureAd""","","","Device","","","",""
"2025-10-30 14:26:07","Update user","UserType","Member","","","","","UserManagement","40bd84ca-4b43-4d2c-8195-75fa38f10d6d","Directory_40bd84ca-4b43-4d2c-8195-75fa38f10d6d_OB8NR_104398639","","Microsoft Substrate Management","feb2a519-1cc9-4bea-8b5c-237fd8ea9a92","","","","","","","","","","","Core Directory","Update","success","","","","79502ebb-9d60-4c86-833e-9d6f9f096912","Included Updated Properties","""""","","","TargetId.UserType","""Member""","","","ActorId.ServicePrincipalNames","""7f53a90e-44b5-410c-8fd1-a31f09c2c31d""","","","SPN","""7f53a90e-44b5-410c-8fd1-a31f09c2c31d""","","","","","","","","","","","User","joseph2.jeffrey@acme.com","","",""
"2025-10-30 13:50:30","Update device","DeviceId","422d6acc-1882-4643-85d9-19ffe4aebed0","","DeviceOSType","Windows","","Device","0510f70c-1c13-4276-83ad-dd0f78df4de5","Directory_0510f70c-1c13-4276-83ad-dd0f78df4de5_7K8B5_101597316","","Device Registration Service","20d63fc4-676f-4690-8d4b-8cc36be935cd","","","","","","","","","","","Core Directory","Update","success","","HOST-8B544A","","ff52ea96-a124-46d0-89da-107625c88f77","Included Updated Properties","""""","","","TargetId.DeviceId","""422d6acc-1882-4643-85d9-19ffe4aebed0""","","","TargetId.DeviceOSType","""Windows""","","","TargetId.DeviceTrustType","""AzureAd""","","","","","","","","","","","Device","","","",""
"2025-10-30 11:55:24","Update device","DeviceId","967e11b8-8c78-40f2-8aaa-ff6e4a648055","","DeviceOSType","Windows","","Device","7ef6bfe1-ba59-4e8c-8cec-b39c52941c0a","Directory_7ef6bfe1-ba59-4e8c-8cec-b39c52941c0a_GOCQI_76854260","","Device Registration Service","20d63fc4-676f-4690-8d4b-8cc36be935cd","","","","","","","","","","","Core Directory","Update","success","","HOST-CEEC05","","27187531-bb37-4f29-85f7-aa94a91c4012","Included Updated Properties","""""","","","TargetId.DeviceId","""967e11b8-8c78-40f2-8aaa-ff6e4a648055""","","","TargetId.DeviceOSType","""Windows""","","","TargetId.DeviceTrustType","""AzureAd""","","","","","","","","","","","Device","","","",""
"2025-10-30 05:46:34","Update user","UserType","Member","","","","","UserManagement","2ec4bd08-e660-4f5d-88cd-87bb6bade42c","Directory_2ec4bd08-e660-4f5d-88cd-87bb6bade42c_7NUPI_33224816","","Azure MFA StrongAuthenticationService","d3fcabce-d428-47ae-8acd-7945458386a5","","","","","","","","","","","Core Directory","Update","success","","","","3610cedb-4354-4305-8a20-08d0277182e0","StrongAuthenticationPhoneAppDetail","[{""DeviceName"":""iPhone 12"",""DeviceToken"":""apns2-e0859c27dc67aa82e11645a69c24f53aaa750ad4c67e40d9f47ac62a988c116b"",""DeviceTag"":""SoftwareTokenActivated"",""PhoneAppVersion"":""6.8.34"",""OathTokenTimeDrift"":-1,""DeviceId"":""0dfd9c70-159e-4aa3-85d1-a03b95280861"",""Id"":""37f1c9fa-5966-4971-8e12-ef0901de4c01"",""TimeInterval"":0,""AuthenticationType"":3,""NotificationType"":2,""LastAuthenticatedTimestamp"":""2025-10-30T05:46:34.5805032Z"",""AuthenticatorFlavor"":""Authenticator"",""HashFunction"":""hmacsha256"",""TenantDeviceId"":null,""SecuredPartitionId"":20091,""SecuredKeyId"":7}]","[{""DeviceName"":""iPhone 12"",""DeviceToken"":""apns2-e0859c27dc67aa82e11645a69c24f53aaa750ad4c67e40d9f47ac62a988c116b"",""DeviceTag"":""SoftwareTokenActivated"",""PhoneAppVersion"":""6.8.26"",""OathTokenTimeDrift"":0,""DeviceId"":""0dfd9c70-159e-4aa3-85d1-a03b95280861"",""Id"":""37f1c9fa-5966-4971-8e12-ef0901de4c01"",""TimeInterval"":0,""AuthenticationType"":3,""NotificationType"":2,""LastAuthenticatedTimestamp"":""2025-10-26T18:38:12.9299622Z"",""AuthenticatorFlavor"":""Authenticator"",""HashFunction"":""hmacsha256"",""TenantDeviceId"":null,""SecuredPartitionId"":20091,""SecuredKeyId"":7}]","","Included Updated Properties","""StrongAuthenticationPhoneAppDetail""","","","TargetId.UserType","""Member""","","","ActorId.ServicePrincipalNames","""68f70590-117d-4510-87e0-06bc0d4489a8""","","","SPN","""68f70590-117d-4510-87e0-06bc0d4489a8""","","","","","","","User","cruz1.turner@acme.com","","",""
"2025-10-30 02:17:37","Update device","DeviceId","5e8fd99d-1269-43a0-8ef6-e3770e90f838","","DeviceOSType","Windows","","Device","fe48b989-7226-4cb1-8e1e-ecb5d057513c","Directory_fe48b989-7226-4cb1-8e1e-ecb5d057513c_7SY6L_14472805","","Device Registration Service","20d63fc4-676f-4690-8d4b-8cc36be935cd","","","","","","","","","","","Core Directory","Update","success","","HOST-19CC02","","d0bac479-00ea-45c9-8c73-338e2606a2c2","Included Updated Properties","""""","","","TargetId.DeviceId","""5e8fd99d-1269-43a0-8ef6-e3770e90f838""","","","TargetId.DeviceOSType","""Windows""","","","TargetId.DeviceTrustType","""Workplace""","","","","","","","","","","","Device","","","",""
"2025-10-30 01:42:06","Update device","DeviceId","72045d23-7496-46f0-888f-af218e26c1a6","","DeviceOSType","Windows","","Device","ae020f67-002c-48e5-859a-d92f385c164b","Directory_ae020f67-002c-48e5-859a-d92f385c164b_SGCGA_57370254","","Device Registration Service","20d63fc4-676f-4690-8d4b-8cc36be935cd","","","","","","","","","","","Core Directory","Update","success","","HOST-B4F954","","c0405dda-23f7-4a8a-8583-c4d8c4bcd540","Included Updated Properties","""""","","","TargetId.DeviceId","""72045d23-7496-46f0-888f-af218e26c1a6""","","","TargetId.DeviceOSType","""Windows""","","","TargetId.DeviceTrustType","""AzureAd""","","","ActorId.ServicePrincipalNames","""urn:ms-drs:enterpriseregistration.microsoftonline.us;urn:ms-drs:enterpriseregistration.windows.net;0336bb9e-8b7e-4db2-82a4-442184c59c92""","","","SPN","""urn:ms-drs:enterpriseregistration.microsoftonline.us;urn:ms-drs:enterpriseregistration.windows.net;0336bb9e-8b7e-4db2-82a4-442184c59c92""","","","Device","","","",""
"2025-10-30 01:38:47","GroupLifecyclePolicies_Get","","","","","","","GroupManagement","abeba67d-deb1-4ebe-82a4-3d900b0b9687","SSGM_abeba67d-deb1-4ebe-82a4-3d900b0b9687_605MB_108534827","","","","","","","","","20.190.154.100","01ed56e0-dbf7-4027-8ea0-5ceabf3bfd4a","","","","Self-service Group Management","Update","success","OK","","","0dfd9c70-159e-4aa3-85d1-a03b95280861","","","","","","","","","","","","","","","","","","","","","","","","","N/A","","","",""
"2025-10-30 01:38:13","Add delegated permission grant","AppId","00000003-0000-0000-c000-000000000000","","","","","ApplicationManagement","ef38f7af-afa1-4700-88b1-0c3df5fbd265","Directory_ef38f7af-afa1-4700-88b1-0c3df5fbd265_75PWJ_3514499","","","","","","Technician","","","XX.XX.XXX.X","be51e53d-b12c-4f3c-8810-15f10ef42bf8","user_stephanie@msp1.example","","","Core Directory","Assign","success","","Microsoft Graph","","3c953ed9-ce52-4064-8eef-21a4d13632a8","DelegatedPermissionGrant.Scope","""DelegatedPermissionGrant.Read.All Directory.Read.All AppRoleAssignment.ReadWrite.All""","","","DelegatedPermissionGrant.ConsentType","""AllPrincipals""","","","ServicePrincipal.ObjectID","""01ed56e0-dbf7-4027-8ea0-5ceabf3bfd4a""","","","ServicePrincipal.DisplayName","","","","ServicePrincipal.AppId","","","","ServicePrincipal.Name","","","","ServicePrincipal","","","",""
"2025-10-30 01:38:12","Remove delegated permission grant","AppId","00000003-0000-0000-c000-000000000000","","","","","ApplicationManagement","a2c5b723-39ea-451a-8693-a0353d34cde9","Directory_a2c5b723-39ea-451a-8693-a0353d34cde9_HCRA4_3856476","","","","","","Technician","","","XX.XX.XXX.XXX","be51e53d-b12c-4f3c-8810-15f10ef42bf8","user_stephanie@msp1.example","","","Core Directory","Unassign","success","","Microsoft Graph","","3c953ed9-ce52-4064-8eef-21a4d13632a8","DelegatedPermissionGrant.Scope","","""DelegatedPermissionGrant.Read.All Directory.Read.All AppRoleAssignment.ReadWrite.All""","","DelegatedPermissionGrant.ConsentType","","""AllPrincipals""","","ServicePrincipal.ObjectID","","""01ed56e0-dbf7-4027-8ea0-5ceabf3bfd4a""","","ServicePrincipal.DisplayName","","","","ServicePrincipal.AppId","","","","ServicePrincipal.Name","","","","ServicePrincipal","","","",""
"2025-10-30 00:19:29","Update user","UserType","Member","","","","","UserManagement","685219b7-a308-4063-8152-baa2bc4a530e","Directory_685219b7-a308-4063-8152-baa2bc4a530e_LC54E_185171020","","Microsoft Substrate Management","feb2a519-1cc9-4bea-8b5c-237fd8ea9a92","","","","","","","","","","","Core Directory","Update","success","","","","f2ac467b-8dd5-44ef-8370-ecda672fd055","Included Updated Properties","""""","","","TargetId.UserType","""Member""","","","ActorId.ServicePrincipalNames","""7f53a90e-44b5-410c-8fd1-a31f09c2c31d""","","","SPN","""7f53a90e-44b5-410c-8fd1-a31f09c2c31d""","","","","","","","","","","","User","sandra2.sandra3@acme.com","","",""
"2025-10-30 00:09:02","Update device","DeviceId","13e762e2-40da-4005-832b-e87caa810cc7","","DeviceOSType","Windows","","Device","e3cb0274-f912-4325-87e0-89368866b1c3","Directory_e3cb0274-f912-4325-87e0-89368866b1c3_YPZ5R_400908237","","Device Registration Service","20d63fc4-676f-4690-8d4b-8cc36be935cd","","","","","","","","","","","Core Directory","Update","success","","HOST-61F4BE","","f6b0eed1-95af-48f1-8140-7b45ae902ee3","Included Updated Properties","""""","","","TargetId.DeviceId","""13e762e2-40da-4005-832b-e87caa810cc7""","","","TargetId.DeviceOSType","""Windows""","","","TargetId.DeviceTrustType","""Workplace""","","","","","","","","","","","Device","","","",""
"2025-10-29 21:26:15","Update user","UserType","Member","","","","","UserManagement","702f2da5-794c-4c5f-8786-09c5f4527c37","Directory_702f2da5-794c-4c5f-8786-09c5f4527c37_696H7_249995684","","Azure MFA StrongAuthenticationService","d3fcabce-d428-47ae-8acd-7945458386a5","","","","","","","","","","","Core Directory","Update","success","","","","444f7f0b-6927-40b4-8f56-96b83801794c","StrongAuthenticationPhoneAppDetail","[{""DeviceName"":""iPhone 15"",""DeviceToken"":""apns2-3bbac183f7c24f426f216170357cc381c1a84af6a032d45d89405229a1a8fbce"",""DeviceTag"":""SoftwareTokenActivated"",""PhoneAppVersion"":""6.8.34"",""OathTokenTimeDrift"":0,""DeviceId"":""0dfd9c70-159e-4aa3-85d1-a03b95280861"",""Id"":""b26f5149-3936-4ddd-8311-c92244f5e936"",""TimeInterval"":0,""AuthenticationType"":3,""NotificationType"":2,""LastAuthenticatedTimestamp"":""2025-10-29T21:26:15.3944605Z"",""AuthenticatorFlavor"":""Authenticator"",""HashFunction"":null,""TenantDeviceId"":null,""SecuredPartitionId"":20091,""SecuredKeyId"":7}]","[{""DeviceName"":""iPhone 15"",""DeviceToken"":""apns2-3bbac183f7c24f426f216170357cc381c1a84af6a032d45d89405229a1a8fbce"",""DeviceTag"":""SoftwareTokenActivated"",""PhoneAppVersion"":""6.8.30"",""OathTokenTimeDrift"":0,""DeviceId"":""0dfd9c70-159e-4aa3-85d1-a03b95280861"",""Id"":""b26f5149-3936-4ddd-8311-c92244f5e936"",""TimeInterval"":0,""AuthenticationType"":3,""NotificationType"":2,""LastAuthenticatedTimestamp"":""2025-10-09T16:54:09.4446654Z"",""AuthenticatorFlavor"":""Authenticator"",""HashFunction"":null,""TenantDeviceId"":null,""SecuredPartitionId"":20091,""SecuredKeyId"":7}]","","Included Updated Properties","""StrongAuthenticationPhoneAppDetail""","","","TargetId.UserType","""Member""","","","ActorId.ServicePrincipalNames","""68f70590-117d-4510-87e0-06bc0d4489a8""","","","SPN","""68f70590-117d-4510-87e0-06bc0d4489a8""","","","","","","","User","nathan3.ruiz@acme.com","","",""
"2025-10-29 21:24:16","Update user","UserType","Member","","","","","UserManagement","416970e7-32ac-4bf7-88e8-dabef27cfba8","Directory_416970e7-32ac-4bf7-88e8-dabef27cfba8_DJZA9_224788590","","Microsoft Substrate Management","feb2a519-1cc9-4bea-8b5c-237fd8ea9a92","","","","","","","","","","","Core Directory","Update","success","","","","4c871f4a-2969-496c-843b-2bcbca10f889","Included Updated Properties","""""","","","TargetId.UserType","""Member""","","","ActorId.ServicePrincipalNames","""7f53a90e-44b5-410c-8fd1-a31f09c2c31d""","","","SPN","""7f53a90e-44b5-410c-8fd1-a31f09c2c31d""","","","","","","","","","","","User","joan.heather4@acme.com","","",""
"2025-10-29 20:17:11","Update device","DeviceId","f2f7cbfa-be81-4cc1-8e3c-fddb4e5feb4d","","DeviceOSType","Windows","","Device","48d29f89-8947-4c58-85ad-88b37e9033e5","Directory_48d29f89-8947-4c58-85ad-88b37e9033e5_OE58V_300572341","","Device Registration Service","20d63fc4-676f-4690-8d4b-8cc36be935cd","","","","","","","","","","","Core Directory","Update","success","","HOST-2884E0","","0e115906-04c8-4b02-8636-23e6691c9735","Included Updated Properties","""""","","","TargetId.DeviceId","""f2f7cbfa-be81-4cc1-8e3c-fddb4e5feb4d""","","","TargetId.DeviceOSType","""Windows""","","","TargetId.DeviceTrustType","""Workplace""","","","","","","","","","","","Device","","","",""
"2025-10-29 20:14:32","Update user","UserType","Member","","","","","UserManagement","fa2f3115-017a-443f-81e1-08594d1f4832","Directory_fa2f3115-017a-443f-81e1-08594d1f4832_V3QVD_247851892","","Microsoft Substrate Management","feb2a519-1cc9-4bea-8b5c-237fd8ea9a92","","","","","","","","","","","Core Directory","Update","success","","","","79502ebb-9d60-4c86-833e-9d6f9f096912","Included Updated Properties","""""","","","TargetId.UserType","""Member""","","","ActorId.ServicePrincipalNames","""7f53a90e-44b5-410c-8fd1-a31f09c2c31d""","","","SPN","""7f53a90e-44b5-410c-8fd1-a31f09c2c31d""","","","","","","","","","","","User","joseph2.jeffrey@acme.com","","",""
"2025-10-29 18:54:04","Update device","DeviceId","a4bb3a44-611e-4976-82e2-4623da9f7c40","","DeviceOSType","Windows","","Device","b596ec61-0b0a-4a17-8c48-67eccfeafd4c","Directory_b596ec61-0b0a-4a17-8c48-67eccfeafd4c_6T9GI_347105785","","Device Registration Service","20d63fc4-676f-4690-8d4b-8cc36be935cd","","","","","","","","","","","Core Directory","Update","success","","HOST-20E086","","57554772-05b5-4e7b-82e1-0ca6eca2b175","Included Updated Properties","""""","","","TargetId.DeviceId","""a4bb3a44-611e-4976-82e2-4623da9f7c40""","","","TargetId.DeviceOSType","""Windows""","","","TargetId.DeviceTrustType","""AzureAd""","","","","","","","","","","","Device","","","",""
"2025-10-29 18:30:21","Update user","UserType","Member","","","","","UserManagement","5d9c5c37-90de-498e-8f2e-dde4a5df0487","Directory_5d9c5c37-90de-498e-8f2e-dde4a5df0487_JCYQ6_334428039","","Microsoft Substrate Management","feb2a519-1cc9-4bea-8b5c-237fd8ea9a92","","","","","","","","","","","Core Directory","Update","success","","","","7fcf977a-93f7-40d2-8405-ddc8a8c5c2b8","Included Updated Properties","""""","","","TargetId.UserType","""Member""","","","ActorId.ServicePrincipalNames","""7f53a90e-44b5-410c-8fd1-a31f09c2c31d""","","","SPN","""7f53a90e-44b5-410c-8fd1-a31f09c2c31d""","","","","","","","","","","","User","brown1.jessica@acme.com","","",""
"2025-10-29 18:13:10","Update device","DeviceId","2dce4e75-a3e0-4df8-8a97-2334cbe154f0","","DeviceOSType","Windows","","Device","ba446d7b-f3a7-465d-8bb8-f84adc2ce512","Directory_ba446d7b-f3a7-465d-8bb8-f84adc2ce512_XF7DI_22799539","","Device Registration Service","20d63fc4-676f-4690-8d4b-8cc36be935cd","","","","","","","","","","","Core Directory","Update","success","","Wood","","236a731c-251e-4100-8eed-b44d03c4f1ea","Included Updated Properties","""""","","","TargetId.DeviceId","""2dce4e75-a3e0-4df8-8a97-2334cbe154f0""","","","TargetId.DeviceOSType","""Windows""","","","TargetId.DeviceTrustType","""Workplace""","","","","","","","","","","","Device","","","",""
"2025-10-29 17:48:41","Update user","UserType","Member","","","","","UserManagement","dd7d489a-0d54-48fa-800f-5b8699e1302d","Directory_dd7d489a-0d54-48fa-800f-5b8699e1302d_A6VRW_118096849","","Microsoft Substrate Management","feb2a519-1cc9-4bea-8b5c-237fd8ea9a92","","","","","","","","","","","Core Directory","Update","success","","","","194a0222-74a0-49c8-882d-bb01e9fb2bfc","Included Updated Properties","""""","","","TargetId.UserType","""Member""","","","ActorId.ServicePrincipalNames","""7f53a90e-44b5-410c-8fd1-a31f09c2c31d""","","","SPN","""7f53a90e-44b5-410c-8fd1-a31f09c2c31d""","","","","","","","","","","","User","richard.nancy1@acme.com","","",""
"2025-10-29 17:36:42","Update device","DeviceId","5313419c-566c-48a1-890c-113a4d46956b","","DeviceOSType","Windows","","Device","57c57aaa-76d6-479b-8724-be1064ea8578","Directory_57c57aaa-76d6-479b-8724-be1064ea8578_NBRM6_121903846","","Device Registration Service","20d63fc4-676f-4690-8d4b-8cc36be935cd","","","","","","","","","","","Core Directory","Update","success","","HOST-7AB00A","","e19ca648-eb57-446f-8e67-f9c6ef66f766","Included Updated Properties","""""","","","TargetId.DeviceId","""5313419c-566c-48a1-890c-113a4d46956b""","","","TargetId.DeviceOSType","""Windows""","","","TargetId.DeviceTrustType","""Workplace""","","","","","","","","","","","Device","","","",""
"2025-10-29 17:13:26","GroupLifecyclePolicies_Get","","","","","","","GroupManagement","6e524cb3-0b66-4b60-80b9-8c8b87d82653","SSGM_6e524cb3-0b66-4b60-80b9-8c8b87d82653_IIAYP_131988243","","","","","","","","","40.126.62.112","49cbcae4-d4c4-4cd8-864d-da16a04ad66e","","","","Self-service Group Management","Update","success","OK","","","0dfd9c70-159e-4aa3-85d1-a03b95280861","","","","","","","","","","","","","","","","","","","","","","","","","N/A","","","",""
"2025-10-29 17:09:30","GroupLifecyclePolicies_Get","","","","","","","GroupManagement","f72158ff-7559-4586-8eab-f10ee4230177","SSGM_f72158ff-7559-4586-8eab-f10ee4230177_0L0YH_117481320","","","","","","","","","40.126.62.112","49cbcae4-d4c4-4cd8-864d-da16a04ad66e","","","","Self-service Group Management","Update","success","OK","","","0dfd9c70-159e-4aa3-85d1-a03b95280861","","","","","","","","","","","","","","","","","","","","","","","","","N/A","","","",""
"2025-10-29 16:59:56","GroupLifecyclePolicies_Get","","","","","","","GroupManagement","86524f48-cf1a-4246-8e34-7612b6fdc778","SSGM_86524f48-cf1a-4246-8e34-7612b6fdc778_M607V_6205403","","","","","","","","","20.190.155.114","49cbcae4-d4c4-4cd8-864d-da16a04ad66e","","","","Self-service Group Management","Update","success","OK","","","0dfd9c70-159e-4aa3-85d1-a03b95280861","","","","","","","","","","","","","","","","","","","","","","","","","N/A","","","",""
"2025-10-29 16:59:08","GroupLifecyclePolicies_Get","","","","","","","GroupManagement","1f431c42-50c6-4ccf-84bd-65896c94ea5a","SSGM_1f431c42-50c6-4ccf-84bd-65896c94ea5a_X7FIA_139806474","","","","","","","","","20.190.153.110","49cbcae4-d4c4-4cd8-864d-da16a04ad66e","","","","Self-service Group Management","Update","success","OK","","","0dfd9c70-159e-4aa3-85d1-a03b95280861","","","","","","","","","","","","","","","","","","","","","","","","","N/A","","","",""
"2025-10-29 16:55:46","GroupLifecyclePolicies_Get","","","","","","","GroupManagement","d423c6a2-4e68-41ee-8cf6-86a78db6162e","SSGM_d423c6a2-4e68-41ee-8cf6-86a78db6162e_X7FIA_139756425","","","","","","","","","20.190.132.197","49cbcae4-d4c4-4cd8-864d-da16a04ad66e","","","","Self-service Group Management","Update","success","OK","","","0dfd9c70-159e-4aa3-85d1-a03b95280861","","","","","","","","","","","","","","","","","","","","","","","","","N/A","","","",""
"2025-10-29 15:20:27","Update device","DeviceId","5c0abc17-c3b2-4702-8677-6a9b8953e810","","DeviceOSType","Windows","","Device","8b52f977-1bf7-4e10-81fc-1bfed599cfff","Directory_8b52f977-1bf7-4e10-81fc-1bfed599cfff_N1DAR_233484124","","Device Registration Service","20d63fc4-676f-4690-8d4b-8cc36be935cd","","","","","","","","","","","Core Directory","Update","success","","HOST-141750","","8c66dce3-1a52-448d-86fb-dd879975f587","Included Updated Properties","""""","","","TargetId.DeviceId","""5c0abc17-c3b2-4702-8677-6a9b8953e810""","","","TargetId.DeviceOSType","""Windows""","","","TargetId.DeviceTrustType","""Workplace""","","","","","","","","","","","Device","","","",""
"2025-10-29 15:05:23","Update device","DeviceId","9f37af1f-7693-4a82-83b2-2a074e8679a3","","DeviceOSType","Windows","","Device","53a2c35b-6422-423d-8a5f-3202f9038953","Directory_53a2c35b-6422-423d-8a5f-3202f9038953_US5P6_215321667","","Device Registration Service","20d63fc4-676f-4690-8d4b-8cc36be935cd","","","","","","","","","","","Core Directory","Update","success","","HOST-A116DB","","64e8a3ff-8d77-4889-86a6-3c6925c28c4f","Included Updated Properties","""""","","","TargetId.DeviceId","""9f37af1f-7693-4a82-83b2-2a074e8679a3""","","","TargetId.DeviceOSType","""Windows""","","","TargetId.DeviceTrustType","""AzureAd""","","","","","","","","","","","Device","","","",""
"2025-10-29 14:54:28","Add owner to group","","","","","","","GroupManagement","c7d7f719-a8a2-4149-8845-d7131fb5840b","Directory_c7d7f719-a8a2-4149-8845-d7131fb5840b_APPF4_853523","","","","","","Office 365 SharePoint Online","","","2a01:111:f402:ac05:d39d:fadf:4d5d:e274","1649f2bc-c5e5-41b7-81a1-128b3e9a4881","admin.phillips2@acme.onmicrosoft.com","","","Core Directory","Assign","success","","","","fc662ee9-fd13-4270-8c00-0c5ddb89e798","Group.ObjectID","""d657bd2c-1c81-4460-8abe-936f40e44129""","","","Group.DisplayName","""Group 3""","","","","","","","","","","","","","","","","","","","User","howard1.wright@acme.com","","",""
"2025-10-29 14:10:45","Set Company Information","User-Agent","O365AdminPortal","","","","","DirectoryManagement","1db91921-2058-429f-8336-6cdecf0067c8","Directory_1db91921-2058-429f-8336-6cdecf0067c8_ERCEQ_152464288","","Microsoft Office 365 Portal","b860ea04-7619-492c-8b98-bfa20b645733","","","","","","","","","","","Core Directory","Update","success","","Acme","","92e5b9cf-c9a2-495d-83b2-3fc82f96324f","Included Updated Properties","""""","","","","","","","","","","","","","","","","","","","","","","","Directory","","","",""
"2025-10-29 13:59:51","Update user","UserType","Member","","","","","UserManagement","672d4b75-66e5-4132-833b-495ef1873a2b","Directory_672d4b75-66e5-4132-833b-495ef1873a2b_3DL5Q_85086688","","Azure MFA StrongAuthenticationService","d3fcabce-d428-47ae-8acd-7945458386a5","","","","","","","","","","","Core Directory","Update","success","","","","194a0222-74a0-49c8-882d-bb01e9fb2bfc","StrongAuthenticationPhoneAppDetail","[{""DeviceName"":""iPhone 16 Pro"",""DeviceToken"":""apns2-b8fa662b45a0b0d2d7334e0a89bba4957c12901ad3f062bffcc54ce3dfe4133f"",""DeviceTag"":""SoftwareTokenActivated"",""PhoneAppVersion"":""6.8.34"",""OathTokenTimeDrift"":0,""DeviceId"":""0dfd9c70-159e-4aa3-85d1-a03b95280861"",""Id"":""afcb5909-718a-4eff-8a3b-86a8b22ba3c6"",""TimeInterval"":0,""AuthenticationType"":3,""NotificationType"":2,""LastAuthenticatedTimestamp"":""2025-10-29T13:59:51.5599477Z"",""AuthenticatorFlavor"":""Authenticator"",""HashFunction"":null,""TenantDeviceId"":null,""SecuredPartitionId"":20091,""SecuredKeyId"":7}]","[{""DeviceName"":""iPhone 16 Pro"",""DeviceToken"":""apns2-b8fa662b45a0b0d2d7334e0a89bba4957c12901ad3f062bffcc54ce3dfe4133f"",""DeviceTag"":""SoftwareTokenActivated"",""PhoneAppVersion"":""6.8.34"",""OathTokenTimeDrift"":0,""DeviceId"":""0dfd9c70-159e-4aa3-85d1-a03b95280861"",""Id"":""afcb5909-718a-4eff-8a3b-86a8b22ba3c6"",""TimeInterval"":0,""AuthenticationType"":3,""NotificationType"":2,""LastAuthenticatedTimestamp"":""2025-10-27T19:14:11.3468929Z"",""AuthenticatorFlavor"":""Authenticator"",""HashFunction"":null,""TenantDeviceId"":null,""SecuredPartitionId"":20091,""SecuredKeyId"":7}]","","Included Updated Properties","""StrongAuthenticationPhoneAppDetail""","","","TargetId.UserType","""Member""","","","","","","","","","","","","","","","User","richard.nancy1@acme.com","","",""
"2025-10-29 10:29:41","Self-service password reset flow activity progress","","","","","","","UserManagement","453d8efe-d3d1-4342-8509-6eae9766bac7","SSPR_453d8efe-d3d1-4342-8509-6eae9766bac7_FZF1K_32193156","","","","","","","","","2602:f9f3:0:b321:f165:e908:6226:badd","7fcf977a-93f7-40d2-8405-ddc8a8c5c2b8","brown1.jessica@acme.com","","","Self-service Password Management","Update","success","User was presented with verification options","HOST-77F3F9","","7fcf977a-93f7-40d2-8405-ddc8a8c5c2b8","","","","","","","","","","","","","","","","","","","","","","","","","User","brown1.jessica@acme.com","","Mozilla/5.0 (Windows NT 10.0; Win64; x64) AppleWebKit/537.36 (KHTML, like Gecko) Chrome/114.0.0.219 Safari/537.36 OPR/100.0.0.78",""
"2025-10-29 10:29:41","Self-service password reset flow activity progress","","","","","","","UserManagement","453d8efe-d3d1-4342-8509-6eae9766bac7","SSPR_453d8efe-d3d1-4342-8509-6eae9766bac7_FZF1K_32193061","","","","","","","","","2602:f9f3:0:b321:f165:e908:6226:badd","7fcf977a-93f7-40d2-8405-ddc8a8c5c2b8","brown1.jessica@acme.com","","","Self-service Password Management","Update","success","User submitted their user ID","HOST-77F3F9","","7fcf977a-93f7-40d2-8405-ddc8a8c5c2b8","","","","","","","","","","","","","","","","","","","","","","","","","User","brown1.jessica@acme.com","","Mozilla/5.0 (Windows NT 10.0; Win64; x64) AppleWebKit/537.36 (KHTML, like Gecko) Chrome/114.0.0.219 Safari/537.36 OPR/100.0.0.78",""
"2025-10-29 01:38:50","GroupLifecyclePolicies_Get","","","","","","","GroupManagement","6cbbbcc3-2b09-4979-8985-87417174dd73","SSGM_6cbbbcc3-2b09-4979-8985-87417174dd73_48X24_103245908","","","","","","","","","40.126.26.10","01ed56e0-dbf7-4027-8ea0-5ceabf3bfd4a","","","","Self-service Group Management","Update","success","OK","","","0dfd9c70-159e-4aa3-85d1-a03b95280861","","","","","","","","","","","","","","","","","","","","","","","","","N/A","","","",""
"2025-10-29 01:38:17","Add delegated permission grant","AppId","00000003-0000-0000-c000-000000000000","","","","","ApplicationManagement","bd514731-db09-4df5-8297-0f0233405a07","Directory_bd514731-db09-4df5-8297-0f0233405a07_2CM5Y_120329609","","","","","","Technician","","","XX.XXX.XX.XX","be51e53d-b12c-4f3c-8810-15f10ef42bf8","user_stephanie@msp1.example","","","Core Directory","Assign","success","","Microsoft Graph","","3c953ed9-ce52-4064-8eef-21a4d13632a8","DelegatedPermissionGrant.Scope","""DelegatedPermissionGrant.Read.All Directory.Read.All AppRoleAssignment.ReadWrite.All""","","","DelegatedPermissionGrant.ConsentType","""AllPrincipals""","","","ServicePrincipal.ObjectID","""01ed56e0-dbf7-4027-8ea0-5ceabf3bfd4a""","","","ServicePrincipal.DisplayName","","","","ServicePrincipal.AppId","","","","ServicePrincipal.Name","","","","ServicePrincipal","","","",""
"2025-10-29 01:38:15","Remove delegated permission grant","AppId","00000003-0000-0000-c000-000000000000","","","","","ApplicationManagement","4658de8f-616b-49c3-8b0e-4a665ac37e92","Directory_4658de8f-616b-49c3-8b0e-4a665ac37e92_7104I_107424716","","","","","","Technician","","","XX.XXX.XX.XX","be51e53d-b12c-4f3c-8810-15f10ef42bf8","user_stephanie@msp1.example","","","Core Directory","Unassign","success","","Microsoft Graph","","3c953ed9-ce52-4064-8eef-21a4d13632a8","DelegatedPermissionGrant.Scope","","""DelegatedPermissionGrant.Read.All Directory.Read.All AppRoleAssignment.ReadWrite.All""","","DelegatedPermissionGrant.ConsentType","","""AllPrincipals""","","ServicePrincipal.ObjectID","","""01ed56e0-dbf7-4027-8ea0-5ceabf3bfd4a""","","ServicePrincipal.DisplayName","","","","ServicePrincipal.AppId","","","","ServicePrincipal.Name","","","","ServicePrincipal","","","",""
"2025-10-28 12:35:56","Update device","DeviceId","7520a3d0-1d27-4604-8459-ffc47188abb0","","DeviceOSType","Windows","","Device","43de4de3-fbb9-4e7e-8eeb-ccb7cc83f1ff","Directory_43de4de3-fbb9-4e7e-8eeb-ccb7cc83f1ff_DS8ZU_113103247","","Device Registration Service","20d63fc4-676f-4690-8d4b-8cc36be935cd","","","","","","","","","","","Core Directory","Update","success","","HOST-6FB850","","e121dc24-b2db-4f46-88f4-88a2267f7a35","CloudDeviceOSVersion","[""10.0.26100.6584""]","[""10.0.26100.4946""]","","DeviceOSVersion","[""10.0.26100.6584""]","[""10.0.26100.4946""]","","Included Updated Properties","""CloudDeviceOSVersion, DeviceOSVersion""","","","TargetId.DeviceId","""7520a3d0-1d27-4604-8459-ffc47188abb0""","","","TargetId.DeviceOSType","""Windows""","","","TargetId.DeviceTrustType","""AzureAd""","","","Device","","","",""
"2025-10-28 02:31:20","Update device","DeviceId","0fd7258c-18de-4b1c-85cb-d96faafca02d","","DeviceOSType","Windows","","Device","35678ccf-6413-4fcd-8933-73ecb5613a75","Directory_35678ccf-6413-4fcd-8933-73ecb5613a75_BXM4F_180782854","","Device Registration Service","20d63fc4-676f-4690-8d4b-8cc36be935cd","","","","","","","","","","","Core Directory","Update","success","","HOST-19A5EF","","ab02e330-8d18-414d-85a0-2c2b3b83606a","Included Updated Properties","""""","","","TargetId.DeviceId","""0fd7258c-18de-4b1c-85cb-d96faafca02d""","","","TargetId.DeviceOSType","""Windows""","","","TargetId.DeviceTrustType","""Workplace""","","","","","","","","","","","Device","","","",""
"2025-10-28 01:38:54","GroupLifecyclePolicies_Get","","","","","","","GroupManagement","ae81ad1c-516a-48df-8eae-8e19d4c18807","SSGM_ae81ad1c-516a-48df-8eae-8e19d4c18807_94069_70636228","","","","","","","","","20.190.154.249","01ed56e0-dbf7-4027-8ea0-5ceabf3bfd4a","","","","Self-service Group Management","Update","success","OK","","","0dfd9c70-159e-4aa3-85d1-a03b95280861","","","","","","","","","","","","","","","","","","","","","","","","","N/A","","","",""
"2025-10-28 01:38:20","Add delegated permission grant","AppId","00000003-0000-0000-c000-000000000000","","","","","ApplicationManagement","2f696aed-d96b-49fa-8c1e-555a8841eb9b","Directory_2f696aed-d96b-49fa-8c1e-555a8841eb9b_CITO5_98783847","","","","","","Technician","","","XX.XX.XXX.XXX","be51e53d-b12c-4f3c-8810-15f10ef42bf8","user_stephanie@msp1.example","","","Core Directory","Assign","success","","Microsoft Graph","","3c953ed9-ce52-4064-8eef-21a4d13632a8","DelegatedPermissionGrant.Scope","""DelegatedPermissionGrant.Read.All Directory.Read.All AppRoleAssignment.ReadWrite.All""","","","DelegatedPermissionGrant.ConsentType","""AllPrincipals""","","","ServicePrincipal.ObjectID","""01ed56e0-dbf7-4027-8ea0-5ceabf3bfd4a""","","","ServicePrincipal.DisplayName","","","","ServicePrincipal.AppId","","","","ServicePrincipal.Name","","","","ServicePrincipal","","","",""
"2025-10-28 01:38:19","Remove delegated permission grant","AppId","00000003-0000-0000-c000-000000000000","","","","","ApplicationManagement","ce8e49dd-c2ca-4221-858a-776e83a237a8","Directory_ce8e49dd-c2ca-4221-858a-776e83a237a8_LD53E_109075879","","","","","","Technician","","","XX.XX.XXX.XXX","be51e53d-b12c-4f3c-8810-15f10ef42bf8","user_stephanie@msp1.example","","","Core Directory","Unassign","success","","Microsoft Graph","","3c953ed9-ce52-4064-8eef-21a4d13632a8","DelegatedPermissionGrant.Scope","","""DelegatedPermissionGrant.Read.All Directory.Read.All AppRoleAssignment.ReadWrite.All""","","DelegatedPermissionGrant.ConsentType","","""AllPrincipals""","","ServicePrincipal.ObjectID","","""01ed56e0-dbf7-4027-8ea0-5ceabf3bfd4a""","","ServicePrincipal.DisplayName","","","","ServicePrincipal.AppId","","","","ServicePrincipal.Name","","","","ServicePrincipal","","","",""
"2025-10-27 19:14:11","Update user","UserType","Member","","","","","UserManagement","74b5df6a-9b95-4f5f-8b91-fe651991db18","Directory_74b5df6a-9b95-4f5f-8b91-fe651991db18_KBDR4_111969196","","Azure MFA StrongAuthenticationService","d3fcabce-d428-47ae-8acd-7945458386a5","","","","","","","","","","","Core Directory","Update","success","","","","194a0222-74a0-49c8-882d-bb01e9fb2bfc","StrongAuthenticationPhoneAppDetail","[{""DeviceName"":""iPhone 16 Pro"",""DeviceToken"":""apns2-b8fa662b45a0b0d2d7334e0a89bba4957c12901ad3f062bffcc54ce3dfe4133f"",""DeviceTag"":""SoftwareTokenActivated"",""PhoneAppVersion"":""6.8.34"",""OathTokenTimeDrift"":0,""DeviceId"":""0dfd9c70-159e-4aa3-85d1-a03b95280861"",""Id"":""afcb5909-718a-4eff-8a3b-86a8b22ba3c6"",""TimeInterval"":0,""AuthenticationType"":3,""NotificationType"":2,""LastAuthenticatedTimestamp"":""2025-10-27T19:14:11.3468929Z"",""AuthenticatorFlavor"":""Authenticator"",""HashFunction"":null,""TenantDeviceId"":null,""SecuredPartitionId"":20091,""SecuredKeyId"":7}]","[{""DeviceName"":""iPhone 16 Pro"",""DeviceToken"":""apns2-b8fa662b45a0b0d2d7334e0a89bba4957c12901ad3f062bffcc54ce3dfe4133f"",""DeviceTag"":""SoftwareTokenActivated"",""PhoneAppVersion"":""6.8.30"",""OathTokenTimeDrift"":0,""DeviceId"":""0dfd9c70-159e-4aa3-85d1-a03b95280861"",""Id"":""afcb5909-718a-4eff-8a3b-86a8b22ba3c6"",""TimeInterval"":0,""AuthenticationType"":3,""NotificationType"":2,""LastAuthenticatedTimestamp"":""2025-10-22T22:51:06.8396641Z"",""AuthenticatorFlavor"":""Authenticator"",""HashFunction"":null,""TenantDeviceId"":null,""SecuredPartitionId"":20091,""SecuredKeyId"":7}]","","Included Updated Properties","""StrongAuthenticationPhoneAppDetail""","","","TargetId.UserType","""Member""","","","","","","","","","","","","","","","User","richard.nancy1@acme.com","","",""
"2025-10-27 18:18:18","Update device","DeviceId","027eb565-a4b1-4c6d-88b8-fa0809b3ee18","","DeviceOSType","Windows","","Device","8967e3ca-c60b-42bf-8006-8198c2a127e8","Directory_8967e3ca-c60b-42bf-8006-8198c2a127e8_OUX69_9534755","","Device Registration Service","20d63fc4-676f-4690-8d4b-8cc36be935cd","","","","","","","","","","","Core Directory","Update","success","","HOST-FC336B","","4eb3e437-aa36-4173-8f72-2632106044b1","CloudDeviceOSVersion","[""10.0.26100.4652""]","[""10.0.26100.4061""]","","DeviceOSVersion","[""10.0.26100.4652""]","[""10.0.26100.4061""]","","Included Updated Properties","""CloudDeviceOSVersion, DeviceOSVersion""","","","TargetId.DeviceId","""027eb565-a4b1-4c6d-88b8-fa0809b3ee18""","","","TargetId.DeviceOSType","""Windows""","","","TargetId.DeviceTrustType","""AzureAd""","","","Device","","","",""
"2025-10-27 13:13:16","Update user","UserType","Member","","","","","UserManagement","f2bcf85f-e1c0-4cf6-824c-189e7dc4087a","Directory_f2bcf85f-e1c0-4cf6-824c-189e7dc4087a_FQUWN_269919944","","Microsoft Substrate Management","feb2a519-1cc9-4bea-8b5c-237fd8ea9a92","","","","","","","","","","","Core Directory","Update","success","","","","2bc62264-7005-40a6-8994-1b0f4e2f6b5d","Included Updated Properties","""""","","","TargetId.UserType","""Member""","","","ActorId.ServicePrincipalNames","""7f53a90e-44b5-410c-8fd1-a31f09c2c31d""","","","SPN","""7f53a90e-44b5-410c-8fd1-a31f09c2c31d""","","","","","","","","","","","User","cynthia.brown3@acme.com","","",""
"2025-10-27 12:26:03","User registered security info","AuthenticationMethod","PhoneAppNotification","","RequestId","2d72fe32-4faa-48a2-8ddb-baeeeee4ae84","","UserManagement","2d72fe32-4faa-48a2-8ddb-baeeeee4ae84","Azure MFA_2d72fe32-4faa-48a2-8ddb-baeeeee4ae84_92e5b9cf-c9a2-495d-83b2-3fc82f96324f_134034495631020090","","","","","","collins.garcia@acme.com","","","","61db0307-670a-4281-8fcd-2ce0bd48dfbd","collins.garcia@acme.com","","","Azure MFA","Update","success","User registered Authenticator App with Code","collins.garcia@acme.com","","61db0307-670a-4281-8fcd-2ce0bd48dfbd","","","","","","","","","","","","","","","","","","","","","","","","","User","collins.garcia@acme.com","","",""
"2025-10-27 12:26:02","Update user","UserType","Member","","","","","UserManagement","d20d1866-eaf6-4288-8d9a-e20b19436b0b","Directory_d20d1866-eaf6-4288-8d9a-e20b19436b0b_67Q4P_432428860","","Azure MFA StrongAuthenticationService","d3fcabce-d428-47ae-8acd-7945458386a5","","","","","","","","","","","Core Directory","Update","success","","","","61db0307-670a-4281-8fcd-2ce0bd48dfbd","StrongAuthenticationPhoneAppDetail","[{""DeviceName"":""iPhone 15 Pro Max"",""DeviceToken"":""apns2-31c6d9654a648918ccac5461fc335051da4b37964b551c4c31b61a62c4779cd6"",""DeviceTag"":""SoftwareTokenActivated"",""PhoneAppVersion"":""6.8.34"",""OathTokenTimeDrift"":0,""DeviceId"":""0dfd9c70-159e-4aa3-85d1-a03b95280861"",""Id"":""2f372467-8c33-445c-8341-0357c2919a12"",""TimeInterval"":0,""AuthenticationType"":3,""NotificationType"":2,""LastAuthenticatedTimestamp"":""2025-10-27T12:25:53.3489251Z"",""AuthenticatorFlavor"":""Authenticator"",""HashFunction"":null,""TenantDeviceId"":null,""SecuredPartitionId"":20091,""SecuredKeyId"":7},{""DeviceName"":""iPhone"",""DeviceToken"":""apns2-bac32086b3c5e3b8b0882312c7af4b0882a32f79aaf848b2387f818a7b293386"",""DeviceTag"":""SoftwareTokenActivated"",""PhoneAppVersion"":""6.8.26"",""OathTokenTimeDrift"":0,""DeviceId"":""0dfd9c70-159e-4aa3-85d1-a03b95280861"",""Id"":""d0b9a269-c6b1-4da6-8dbb-bda64c379802"",""TimeInterval"":0,""AuthenticationType"":3,""NotificationType"":2,""LastAuthenticatedTimestamp"":""2025-07-26T13:58:40.5834661Z"",""AuthenticatorFlavor"":""Authenticator"",""HashFunction"":null,""TenantDeviceId"":null,""SecuredPartitionId"":20091,""SecuredKeyId"":7},{""DeviceName"":""iPhone"",""DeviceToken"":""apns2-e67b0c4eca8ab363de2036bd3ecf370194aa5b44f544d9574b9f23f8de0443b7"",""DeviceTag"":""iOS"",""PhoneAppVersion"":""6.8.34"",""OathTokenTimeDrift"":0,""DeviceId"":""0dfd9c70-159e-4aa3-85d1-a03b95280861"",""Id"":""e8bdc4f9-1e7a-4519-8c70-9c5eb5001c5a"",""TimeInterval"":0,""AuthenticationType"":3,""NotificationType"":2,""LastAuthenticatedTimestamp"":""2025-10-27T12:26:02.6429059Z"",""AuthenticatorFlavor"":""Authenticator"",""HashFunction"":null,""TenantDeviceId"":null,""SecuredPartitionId"":20091,""SecuredKeyId"":7}]","[{""DeviceName"":""iPhone 15 Pro Max"",""DeviceToken"":""apns2-31c6d9654a648918ccac5461fc335051da4b37964b551c4c31b61a62c4779cd6"",""DeviceTag"":""SoftwareTokenActivated"",""PhoneAppVersion"":""6.8.34"",""OathTokenTimeDrift"":0,""DeviceId"":""0dfd9c70-159e-4aa3-85d1-a03b95280861"",""Id"":""2f372467-8c33-445c-8341-0357c2919a12"",""TimeInterval"":0,""AuthenticationType"":3,""NotificationType"":2,""LastAuthenticatedTimestamp"":""2025-10-27T12:25:53.3489251Z"",""AuthenticatorFlavor"":""Authenticator"",""HashFunction"":null,""TenantDeviceId"":null,""SecuredPartitionId"":20091,""SecuredKeyId"":7},{""DeviceName"":""iPhone"",""DeviceToken"":""apns2-bac32086b3c5e3b8b0882312c7af4b0882a32f79aaf848b2387f818a7b293386"",""DeviceTag"":""SoftwareTokenActivated"",""PhoneAppVersion"":""6.8.26"",""OathTokenTimeDrift"":0,""DeviceId"":""0dfd9c70-159e-4aa3-85d1-a03b95280861"",""Id"":""d0b9a269-c6b1-4da6-8dbb-bda64c379802"",""TimeInterval"":0,""AuthenticationType"":3,""NotificationType"":2,""LastAuthenticatedTimestamp"":""2025-07-26T13:58:40.5834661Z"",""AuthenticatorFlavor"":""Authenticator"",""HashFunction"":null,""TenantDeviceId"":null,""SecuredPartitionId"":20091,""SecuredKeyId"":7}]","","Included Updated Properties","""StrongAuthenticationPhoneAppDetail""","","","TargetId.UserType","""Member""","","","","","","","","","","","","","","","User","collins.garcia@acme.com","","",""
"2025-10-27 12:26:02","Update user","UserType","Member","","","","","UserManagement","02716606-34c1-4705-84cb-9102a323b52a","Directory_02716606-34c1-4705-84cb-9102a323b52a_4QL3C_133639291","","Azure MFA StrongAuthenticationService","d3fcabce-d428-47ae-8acd-7945458386a5","","","","","","","","","","","Core Directory","Update","success","","","","61db0307-670a-4281-8fcd-2ce0bd48dfbd","Included Updated Properties","""""","","","TargetId.UserType","""Member""","","","","","","","","","","","","","","","","","","","User","collins.garcia@acme.com","","",""
"2025-10-27 12:25:53","Update user","UserType","Member","","","","","UserManagement","fe91ad88-0cfc-43a1-8fc4-3154e42a4596","Directory_fe91ad88-0cfc-43a1-8fc4-3154e42a4596_JORMU_363842010","","Azure MFA StrongAuthenticationService","d3fcabce-d428-47ae-8acd-7945458386a5","","","","","","","","","","","Core Directory","Update","success","","","","61db0307-670a-4281-8fcd-2ce0bd48dfbd","StrongAuthenticationPhoneAppDetail","[{""DeviceName"":""iPhone"",""DeviceToken"":""apns2-bac32086b3c5e3b8b0882312c7af4b0882a32f79aaf848b2387f818a7b293386"",""DeviceTag"":""SoftwareTokenActivated"",""PhoneAppVersion"":""6.8.26"",""OathTokenTimeDrift"":0,""DeviceId"":""0dfd9c70-159e-4aa3-85d1-a03b95280861"",""Id"":""d0b9a269-c6b1-4da6-8dbb-bda64c379802"",""TimeInterval"":0,""AuthenticationType"":3,""NotificationType"":2,""LastAuthenticatedTimestamp"":""2025-07-26T13:58:40.5834661Z"",""AuthenticatorFlavor"":""Authenticator"",""HashFunction"":null,""TenantDeviceId"":null,""SecuredPartitionId"":20091,""SecuredKeyId"":7},{""DeviceName"":""iPhone 15 Pro Max"",""DeviceToken"":""apns2-31c6d9654a648918ccac5461fc335051da4b37964b551c4c31b61a62c4779cd6"",""DeviceTag"":""SoftwareTokenActivated"",""PhoneAppVersion"":""6.8.34"",""OathTokenTimeDrift"":0,""DeviceId"":""0dfd9c70-159e-4aa3-85d1-a03b95280861"",""Id"":""2f372467-8c33-445c-8341-0357c2919a12"",""TimeInterval"":0,""AuthenticationType"":3,""NotificationType"":2,""LastAuthenticatedTimestamp"":""2025-10-27T12:25:53.3489251Z"",""AuthenticatorFlavor"":""Authenticator"",""HashFunction"":null,""TenantDeviceId"":null,""SecuredPartitionId"":20091,""SecuredKeyId"":7}]","[{""DeviceName"":""iPhone 15 Pro Max"",""DeviceToken"":""apns2-31c6d9654a648918ccac5461fc335051da4b37964b551c4c31b61a62c4779cd6"",""DeviceTag"":""SoftwareTokenActivated"",""PhoneAppVersion"":""6.8.30"",""OathTokenTimeDrift"":-1,""DeviceId"":""0dfd9c70-159e-4aa3-85d1-a03b95280861"",""Id"":""2f372467-8c33-445c-8341-0357c2919a12"",""TimeInterval"":0,""AuthenticationType"":3,""NotificationType"":2,""LastAuthenticatedTimestamp"":""2025-09-28T18:03:30.1988705Z"",""AuthenticatorFlavor"":""Authenticator"",""HashFunction"":null,""TenantDeviceId"":null,""SecuredPartitionId"":20091,""SecuredKeyId"":7},{""DeviceName"":""iPhone"",""DeviceToken"":""apns2-bac32086b3c5e3b8b0882312c7af4b0882a32f79aaf848b2387f818a7b293386"",""DeviceTag"":""SoftwareTokenActivated"",""PhoneAppVersion"":""6.8.26"",""OathTokenTimeDrift"":0,""DeviceId"":""0dfd9c70-159e-4aa3-85d1-a03b95280861"",""Id"":""d0b9a269-c6b1-4da6-8dbb-bda64c379802"",""TimeInterval"":0,""AuthenticationType"":3,""NotificationType"":2,""LastAuthenticatedTimestamp"":""2025-07-26T13:58:40.5834661Z"",""AuthenticatorFlavor"":""Authenticator"",""HashFunction"":null,""TenantDeviceId"":null,""SecuredPartitionId"":20091,""SecuredKeyId"":7}]","","Included Updated Properties","""StrongAuthenticationPhoneAppDetail""","","","TargetId.UserType","""Member""","","","","","","","","","","","","","","","User","collins.garcia@acme.com","","",""
"2025-10-27 11:44:44","Update device","DeviceId","7520a3d0-1d27-4604-8459-ffc47188abb0","","DeviceOSType","Windows","","Device","284b3816-aa43-4158-8cf2-d2f613753475","Directory_284b3816-aa43-4158-8cf2-d2f613753475_7R5S3_419409629","","Device Registration Service","20d63fc4-676f-4690-8d4b-8cc36be935cd","","","","","","","","","","","Core Directory","Update","success","","HOST-6FB850","","e121dc24-b2db-4f46-88f4-88a2267f7a35","CloudDeviceOSVersion","[""10.0.26100.4946""]","[""10.0.26100.4652""]","","DeviceOSVersion","[""10.0.26100.4946""]","[""10.0.26100.4652""]","","Included Updated Properties","""CloudDeviceOSVersion, DeviceOSVersion""","","","TargetId.DeviceId","""7520a3d0-1d27-4604-8459-ffc47188abb0""","","","TargetId.DeviceOSType","""Windows""","","","TargetId.DeviceTrustType","""AzureAd""","","","Device","","","",""
"2025-10-27 06:42:56","Update device","DeviceId","673a10f0-629e-48cd-8840-406a5178bc93","","DeviceOSType","Windows","","Device","9c333e56-aa64-4887-8954-e2727d99dade","Directory_9c333e56-aa64-4887-8954-e2727d99dade_280GS_478044743","","Device Registration Service","20d63fc4-676f-4690-8d4b-8cc36be935cd","","","","","","","","","","","Core Directory","Update","success","","HOST-288971","","f1be3ef7-e6b9-441d-833d-54e316a5cba8","Included Updated Properties","""""","","","TargetId.DeviceId","""673a10f0-629e-48cd-8840-406a5178bc93""","","","TargetId.DeviceOSType","""Windows""","","","TargetId.DeviceTrustType","""Workplace""","","","","","","","","","","","Device","","","",""
"2025-10-27 02:55:42","Update user","UserType","Member","","","","","UserManagement","e4db4788-3edb-4b7c-8ad3-00beae635676","Directory_e4db4788-3edb-4b7c-8ad3-00beae635676_21JHL_77662517","","Azure MFA StrongAuthenticationService","d3fcabce-d428-47ae-8acd-7945458386a5","","","","","","","","","","","Core Directory","Update","success","","","","37fee340-51d9-4e67-8484-99569a079524","StrongAuthenticationPhoneAppDetail","[{""DeviceName"":""iPhone 16 Pro"",""DeviceToken"":""apns2-2db4555948e285d4171503552a83b0e9a7a6a72be11344ff8596d4e26dec7489"",""DeviceTag"":""SoftwareTokenActivated"",""PhoneAppVersion"":""6.8.34"",""OathTokenTimeDrift"":0,""DeviceId"":""0dfd9c70-159e-4aa3-85d1-a03b95280861"",""Id"":""74c3e5e5-b577-4a26-8bef-b79497542e3d"",""TimeInterval"":0,""AuthenticationType"":3,""NotificationType"":2,""LastAuthenticatedTimestamp"":""2025-10-27T02:55:42.6174103Z"",""AuthenticatorFlavor"":""Authenticator"",""HashFunction"":null,""TenantDeviceId"":null,""SecuredPartitionId"":20091,""SecuredKeyId"":7}]","[{""DeviceName"":""iPhone 16 Pro"",""DeviceToken"":""apns2-2db4555948e285d4171503552a83b0e9a7a6a72be11344ff8596d4e26dec7489"",""DeviceTag"":""SoftwareTokenActivated"",""PhoneAppVersion"":""6.8.30"",""OathTokenTimeDrift"":0,""DeviceId"":""0dfd9c70-159e-4aa3-85d1-a03b95280861"",""Id"":""74c3e5e5-b577-4a26-8bef-b79497542e3d"",""TimeInterval"":0,""AuthenticationType"":3,""NotificationType"":2,""LastAuthenticatedTimestamp"":""2025-10-23T14:04:14.2331802Z"",""AuthenticatorFlavor"":""Authenticator"",""HashFunction"":null,""TenantDeviceId"":null,""SecuredPartitionId"":20091,""SecuredKeyId"":7}]","","Included Updated Properties","""StrongAuthenticationPhoneAppDetail""","","","TargetId.UserType","""Member""","","","","","","","","","","","","","","","User","phillips2.edward@acme.com","","",""
"2025-10-27 01:38:48","GroupLifecyclePolicies_Get","","","","","","","GroupManagement","394bafdb-40c0-4e2c-89bb-0a883391cca9","SSGM_394bafdb-40c0-4e2c-89bb-0a883391cca9_XU6AC_73124622","","","","","","","","","40.126.26.61","01ed56e0-dbf7-4027-8ea0-5ceabf3bfd4a","","","","Self-service Group Management","Update","success","OK","","","0dfd9c70-159e-4aa3-85d1-a03b95280861","","","","","","","","","","","","","","","","","","","","","","","","","N/A","","","",""
"2025-10-27 01:38:15","Add delegated permission grant","AppId","00000003-0000-0000-c000-000000000000","","","","","ApplicationManagement","fa8023f1-de34-470a-8198-184bf992b419","Directory_fa8023f1-de34-470a-8198-184bf992b419_CD1FF_97704643","","","","","","Technician","","","XX.XX.XXX.XXX","be51e53d-b12c-4f3c-8810-15f10ef42bf8","user_stephanie@msp1.example","","","Core Directory","Assign","success","","Microsoft Graph","","3c953ed9-ce52-4064-8eef-21a4d13632a8","DelegatedPermissionGrant.Scope","""DelegatedPermissionGrant.Read.All Directory.Read.All AppRoleAssignment.ReadWrite.All""","","","DelegatedPermissionGrant.ConsentType","""AllPrincipals""","","","ServicePrincipal.ObjectID","""01ed56e0-dbf7-4027-8ea0-5ceabf3bfd4a""","","","ServicePrincipal.DisplayName","","","","ServicePrincipal.AppId","","","","ServicePrincipal.Name","","","","ServicePrincipal","","","",""
"2025-10-27 01:38:13","Remove delegated permission grant","AppId","00000003-0000-0000-c000-000000000000","","","","","ApplicationManagement","8cb25b00-e497-4f7b-838a-e458392348b1","Directory_8cb25b00-e497-4f7b-838a-e458392348b1_UERY8_86246757","","","","","","Technician","","","XX.XX.XXX.XXX","be51e53d-b12c-4f3c-8810-15f10ef42bf8","user_stephanie@msp1.example","","","Core Directory","Unassign","success","","Microsoft Graph","","3c953ed9-ce52-4064-8eef-21a4d13632a8","DelegatedPermissionGrant.Scope","","""DelegatedPermissionGrant.Read.All Directory.Read.All AppRoleAssignment.ReadWrite.All""","","DelegatedPermissionGrant.ConsentType","","""AllPrincipals""","","ServicePrincipal.ObjectID","","""01ed56e0-dbf7-4027-8ea0-5ceabf3bfd4a""","","ServicePrincipal.DisplayName","","","","ServicePrincipal.AppId","","","","ServicePrincipal.Name","","","","ServicePrincipal","","","",""
"2025-10-27 00:50:44","Update device","DeviceId","9a7e0571-1d8d-4f40-88de-717e78a1a0b5","","DeviceOSType","Windows","","Device","270ec95f-2e15-41a7-8a54-01293bacdddd","Directory_270ec95f-2e15-41a7-8a54-01293bacdddd_Y33OS_43851087","","Device Registration Service","20d63fc4-676f-4690-8d4b-8cc36be935cd","","","","","","","","","","","Core Directory","Update","success","","HOST-7101D6","","8b832806-9b49-408d-8312-d572e5eddf2a","Included Updated Properties","""""","","","TargetId.DeviceId","""9a7e0571-1d8d-4f40-88de-717e78a1a0b5""","","","TargetId.DeviceOSType","""Windows""","","","TargetId.DeviceTrustType","""Workplace""","","","","","","","","","","","Device","","","",""
"2025-10-26 21:33:55","Synchronization rule action","Details","","","ErrorCode","","","ProvisioningManagement","ec0142a6-490b-4445-8393-d42f83620c53","Sync_ec0142a6-490b-4445-8393-d42f83620c53_92e5b9cf-c9a2-495d-83b2-3fc82f96324f_134033960355781380","","Azure AD Cloud Sync","","","","","","","","","","","","Account Provisioning","Read","success","User thomas1.jimenez@acme.com will be skipped, because it has not been matched with any entry in the target directory, and there has been no change in any attribute that could alter that state. ","External Application 9","","756eda03-cf90-441c-808e-b59787d93e2b","objectId","""c8bfdc83-e15d-4584-83d0-f156fda37734""","","","accountEnabled","""False""","","","department","""Department 6""","","","displayName","""Thomas1 Jimenez""","","","givenName","""Thomas1""","","","jobTitle","""Job Title 12""","","","ServicePrincipal","","","",""
"2025-10-26 21:33:55","Synchronization rule action","Details","","","ErrorCode","","","ProvisioningManagement","ec0142a6-490b-4445-8393-d42f83620c53","Sync_ec0142a6-490b-4445-8393-d42f83620c53_92e5b9cf-c9a2-495d-83b2-3fc82f96324f_134033960355661450","","Azure AD Cloud Sync","","","","","","","","","","","","Account Provisioning","Read","success","User evelyn2.rebecca1@acme.com will be skipped, because it has not been matched with any entry in the target directory, and there has been no change in any attribute that could alter that state. ","External Application 9","","756eda03-cf90-441c-808e-b59787d93e2b","objectId","""a86ba5ad-6b84-42bb-835e-03d42d52beac""","","","accountEnabled","""False""","","","displayName","""Evelyn2 Rebecca1""","","","givenName","""Evelyn2""","","","jobTitle","""Job Title 5""","","","mailNickname","""evelyn2.rebecca1""","","","ServicePrincipal","","","",""
"2025-10-26 21:33:55","Synchronization rule action","Details","","","ErrorCode","","","ProvisioningManagement","ec0142a6-490b-4445-8393-d42f83620c53","Sync_ec0142a6-490b-4445-8393-d42f83620c53_92e5b9cf-c9a2-495d-83b2-3fc82f96324f_134033960355571420","","Azure AD Cloud Sync","","","","","","","","","","","","Account Provisioning","Read","success","User jenkins.roberts@acme.com will be skipped, because it has already been effectively de-provisioned.","External Application 9","","756eda03-cf90-441c-808e-b59787d93e2b","objectId","""b4e2a357-f352-40ff-84e5-5a31a71a3c2d""","","","accountEnabled","""False""","","","department","""Department 7""","","","displayName","""Jenkins Roberts""","","","givenName","""Jenkins""","","","jobTitle","""Job Title 8""","","","ServicePrincipal","","","",""
"2025-10-26 21:33:55","Synchronization rule action","Details","","","ErrorCode","","","ProvisioningManagement","ec0142a6-490b-4445-8393-d42f83620c53","Sync_ec0142a6-490b-4445-8393-d42f83620c53_92e5b9cf-c9a2-495d-83b2-3fc82f96324f_134033960355481380","","Azure AD Cloud Sync","","","","","","","","","","","","Account Provisioning","Read","success","User allen3.edward1@acme.com will be skipped, because it has already been effectively de-provisioned.","External Application 9","","756eda03-cf90-441c-808e-b59787d93e2b","objectId","""2b22d269-4f10-4524-894e-e05c48f3d8d9""","","","accountEnabled","""False""","","","department","""Department 7""","","","displayName","""Allen3 Edward1""","","","givenName","""Allen3""","","","jobTitle","""Job Title 4""","","","ServicePrincipal","","","",""
"2025-10-26 21:33:55","Synchronization rule action","Details","","","ErrorCode","","","ProvisioningManagement","ec0142a6-490b-4445-8393-d42f83620c53","Sync_ec0142a6-490b-4445-8393-d42f83620c53_92e5b9cf-c9a2-495d-83b2-3fc82f96324f_134033960355401370","","Azure AD Cloud Sync","","","","","","","","","","","","Account Provisioning","Read","success","User samantha1.edward@acme.com will be skipped, because it has already been effectively de-provisioned.","External Application 9","","756eda03-cf90-441c-808e-b59787d93e2b","objectId","""d0e4a9ac-084a-4133-8c33-53487177cf8a""","","","accountEnabled","""False""","","","department","""Department 1""","","","displayName","""Samantha1 Edward""","","","givenName","""Samantha1""","","","jobTitle","""Job Title 2""","","","ServicePrincipal","","","",""
"2025-10-26 21:33:55","Synchronization rule action","Details","","","ErrorCode","","","ProvisioningManagement","ec0142a6-490b-4445-8393-d42f83620c53","Sync_ec0142a6-490b-4445-8393-d42f83620c53_92e5b9cf-c9a2-495d-83b2-3fc82f96324f_134033960355311400","","Azure AD Cloud Sync","","","","","","","","","","","","Account Provisioning","Read","success","User reed1.mitchell@acme.com will be skipped, because it has not been matched with any entry in the target directory, and there has been no change in any attribute that could alter that state. ","External Application 9","","756eda03-cf90-441c-808e-b59787d93e2b","objectId","""31510e04-6b24-4a36-8b50-fc1ad11ad4f9""","","","accountEnabled","""False""","","","displayName","""Reed1 Mitchell""","","","givenName","""Reed1""","","","jobTitle","""Job Title 1""","","","mailNickname","""reed1.mitchell""","","","ServicePrincipal","","","",""
"2025-10-26 21:33:55","Synchronization rule action","Details","","","ErrorCode","","","ProvisioningManagement","ec0142a6-490b-4445-8393-d42f83620c53","Sync_ec0142a6-490b-4445-8393-d42f83620c53_92e5b9cf-c9a2-495d-83b2-3fc82f96324f_134033960355231400","","Azure AD Cloud Sync","","","","","","","","","","","","Account Provisioning","Read","success","User amy2.wood@acme.com will be skipped, because it has not been matched with any entry in the target directory, and there has been no change in any attribute that could alter that state. ","External Application 9","","756eda03-cf90-441c-808e-b59787d93e2b","objectId","""9e4eef94-db52-4ae6-83d6-bad5395ff6f8""","","","accountEnabled","""False""","","","department","""Department 4""","","","displayName","""Amy2 Wood""","","","givenName","""Hovsep""","","","jobTitle","""Job Title 14""","","","ServicePrincipal","","","",""
"2025-10-26 21:33:55","Synchronization rule action","Details","","","ErrorCode","","","ProvisioningManagement","ec0142a6-490b-4445-8393-d42f83620c53","Sync_ec0142a6-490b-4445-8393-d42f83620c53_92e5b9cf-c9a2-495d-83b2-3fc82f96324f_134033960355141390","","Azure AD Cloud Sync","","","","","","","","","","","","Account Provisioning","Read","success","User kathleen.carter@acme.com will be skipped, because it has already been effectively de-provisioned.","External Application 9","","756eda03-cf90-441c-808e-b59787d93e2b","objectId","""c2d41362-b857-4351-8a78-520b3070914e""","","","accountEnabled","""False""","","","department","""Department 9""","","","displayName","""Kathleen Carter""","","","givenName","""Kathleen""","","","jobTitle","""Job Title 3""","","","ServicePrincipal","","","",""
"2025-10-26 21:33:55","Synchronization rule action","Details","","","ErrorCode","","","ProvisioningManagement","ec0142a6-490b-4445-8393-d42f83620c53","Sync_ec0142a6-490b-4445-8393-d42f83620c53_92e5b9cf-c9a2-495d-83b2-3fc82f96324f_134033960355061410","","Azure AD Cloud Sync","","","","","","","","","","","","Account Provisioning","Read","success","User peterson.heather2@acme.com will be skipped, because it has already been effectively de-provisioned.","External Application 9","","756eda03-cf90-441c-808e-b59787d93e2b","objectId","""8107c9dc-0d87-4346-8d13-76a486414747""","","","accountEnabled","""False""","","","displayName","""Peterson Heather2""","","","givenName","""Peterson""","","","jobTitle","""Job Title 5""","","","mailNickname","""peterson.heather2""","","","ServicePrincipal","","","",""
"2025-10-26 21:33:55","Synchronization rule action","Details","","","ErrorCode","","","ProvisioningManagement","ec0142a6-490b-4445-8393-d42f83620c53","Sync_ec0142a6-490b-4445-8393-d42f83620c53_92e5b9cf-c9a2-495d-83b2-3fc82f96324f_134033960354981440","","Azure AD Cloud Sync","","","","","","","","","","","","Account Provisioning","Read","success","User diane.nguyen@acme.com will be skipped, because it has not been matched with any entry in the target directory, and there has been no change in any attribute that could alter that state. ","External Application 9","","756eda03-cf90-441c-808e-b59787d93e2b","objectId","""9a338291-11ec-499c-8425-ba35ea84767e""","","","accountEnabled","""False""","","","displayName","""Diane Nguyen""","","","givenName","""Diane""","","","jobTitle","""Job Title 7""","","","mailNickname","""diane.nguyen""","","","ServicePrincipal","","","",""
"2025-10-26 21:33:55","Synchronization rule action","Details","","","ErrorCode","","","ProvisioningManagement","ec0142a6-490b-4445-8393-d42f83620c53","Sync_ec0142a6-490b-4445-8393-d42f83620c53_92e5b9cf-c9a2-495d-83b2-3fc82f96324f_134033960354901450","","Azure AD Cloud Sync","","","","","","","","","","","","Account Provisioning","Read","success","User nguyen.wood1@acme.com will be skipped, because it has already been effectively de-provisioned.","External Application 9","","756eda03-cf90-441c-808e-b59787d93e2b","objectId","""ce02f276-d914-4909-853b-bf731e718640""","","","accountEnabled","""False""","","","department","""Department 3""","","","displayName","""Nguyen Wood1""","","","givenName","""Nguyen""","","","jobTitle","""Job Title 10""","","","ServicePrincipal","","","",""
"2025-10-26 21:33:55","Synchronization rule action","Details","","","ErrorCode","","","ProvisioningManagement","ec0142a6-490b-4445-8393-d42f83620c53","Sync_ec0142a6-490b-4445-8393-d42f83620c53_92e5b9cf-c9a2-495d-83b2-3fc82f96324f_134033960354811410","","Azure AD Cloud Sync","","","","","","","","","","","","Account Provisioning","Read","success","User joan.william@acme.com will be skipped, because it has already been effectively de-provisioned.","External Application 9","","756eda03-cf90-441c-808e-b59787d93e2b","objectId","""627a4ff0-f382-43d9-846c-7c185494c01e""","","","accountEnabled","""False""","","","department","""Department 7""","","","displayName","""Ronald William""","","","givenName","""Ronald""","","","jobTitle","""Job Title 15""","","","ServicePrincipal","","","",""
"2025-10-26 21:33:55","Synchronization rule action","Details","User details: Skip reason = NotEffectivelyEntitled, Active = False, Assigned = True, Passed scope filter: True; ","","ErrorCode","","","ProvisioningManagement","ec0142a6-490b-4445-8393-d42f83620c53","Sync_ec0142a6-490b-4445-8393-d42f83620c53_92e5b9cf-c9a2-495d-83b2-3fc82f96324f_134033960354681400","","Azure AD Cloud Sync","","","","","","","","","","","","Account Provisioning","Read","success","The User 'diane.nguyen@acme.com' will be skipped due to the following reasons: 
1) This object is not active in the source system.
","External Application 9","","756eda03-cf90-441c-808e-b59787d93e2b","objectId","""9a338291-11ec-499c-8425-ba35ea84767e""","","","accountEnabled","""False""","","","displayName","""Diane Nguyen""","","","givenName","""Diane""","","","jobTitle","""Job Title 7""","","","mailNickname","""diane.nguyen""","","","ServicePrincipal","","","",""
"2025-10-26 21:33:55","Synchronization rule action","Details","User details: Skip reason = NotEffectivelyEntitled, Active = False, Assigned = True, Passed scope filter: True; ","","ErrorCode","","","ProvisioningManagement","ec0142a6-490b-4445-8393-d42f83620c53","Sync_ec0142a6-490b-4445-8393-d42f83620c53_92e5b9cf-c9a2-495d-83b2-3fc82f96324f_134033960354541390","","Azure AD Cloud Sync","","","","","","","","","","","","Account Provisioning","Read","success","The User 'amy2.wood@acme.com' will be skipped due to the following reasons: 
1) This object is not active in the source system.
","External Application 9","","756eda03-cf90-441c-808e-b59787d93e2b","objectId","""9e4eef94-db52-4ae6-83d6-bad5395ff6f8""","","","accountEnabled","""False""","","","department","""Department 4""","","","displayName","""Amy2 Wood""","","","givenName","""Hovsep""","","","jobTitle","""Job Title 14""","","","ServicePrincipal","","","",""
"2025-10-26 21:33:55","Synchronization rule action","Details","User details: Skip reason = NotEffectivelyEntitled, Active = False, Assigned = True, Passed scope filter: True; ","","ErrorCode","","","ProvisioningManagement","ec0142a6-490b-4445-8393-d42f83620c53","Sync_ec0142a6-490b-4445-8393-d42f83620c53_92e5b9cf-c9a2-495d-83b2-3fc82f96324f_134033960354401410","","Azure AD Cloud Sync","","","","","","","","","","","","Account Provisioning","Read","success","The User 'reed1.mitchell@acme.com' will be skipped due to the following reasons: 
1) This object is not active in the source system.
","External Application 9","","756eda03-cf90-441c-808e-b59787d93e2b","objectId","""31510e04-6b24-4a36-8b50-fc1ad11ad4f9""","","","accountEnabled","""False""","","","displayName","""Reed1 Mitchell""","","","givenName","""Reed1""","","","jobTitle","""Job Title 1""","","","mailNickname","""reed1.mitchell""","","","ServicePrincipal","","","",""
"2025-10-26 21:33:55","Synchronization rule action","Details","User details: Skip reason = NotEffectivelyEntitled, Active = False, Assigned = True, Passed scope filter: True; ","","ErrorCode","","","ProvisioningManagement","ec0142a6-490b-4445-8393-d42f83620c53","Sync_ec0142a6-490b-4445-8393-d42f83620c53_92e5b9cf-c9a2-495d-83b2-3fc82f96324f_134033960354271410","","Azure AD Cloud Sync","","","","","","","","","","","","Account Provisioning","Read","success","The User 'evelyn2.rebecca1@acme.com' will be skipped due to the following reasons: 
1) This object is not active in the source system.
","External Application 9","","756eda03-cf90-441c-808e-b59787d93e2b","objectId","""a86ba5ad-6b84-42bb-835e-03d42d52beac""","","","accountEnabled","""False""","","","displayName","""Evelyn2 Rebecca1""","","","givenName","""Evelyn2""","","","jobTitle","""Job Title 5""","","","mailNickname","""evelyn2.rebecca1""","","","ServicePrincipal","","","",""
"2025-10-26 21:33:55","Synchronization rule action","Details","User details: Skip reason = NotEffectivelyEntitled, Active = False, Assigned = True, Passed scope filter: True; ","","ErrorCode","","","ProvisioningManagement","ec0142a6-490b-4445-8393-d42f83620c53","Sync_ec0142a6-490b-4445-8393-d42f83620c53_92e5b9cf-c9a2-495d-83b2-3fc82f96324f_134033960354121450","","Azure AD Cloud Sync","","","","","","","","","","","","Account Provisioning","Read","success","The User 'thomas1.jimenez@acme.com' will be skipped due to the following reasons: 
1) This object is not active in the source system.
","External Application 9","","756eda03-cf90-441c-808e-b59787d93e2b","objectId","""c8bfdc83-e15d-4584-83d0-f156fda37734""","","","accountEnabled","""False""","","","department","""Department 6""","","","displayName","""Thomas1 Jimenez""","","","givenName","""Thomas1""","","","jobTitle","""Job Title 12""","","","ServicePrincipal","","","",""
"2025-10-26 21:33:55","Synchronization rule action","Details","User details: Skip reason = RedundantSoftDelete, Active = False, Assigned = True, Passed scope filter: True; ","","ErrorCode","","","ProvisioningManagement","ec0142a6-490b-4445-8393-d42f83620c53","Sync_ec0142a6-490b-4445-8393-d42f83620c53_92e5b9cf-c9a2-495d-83b2-3fc82f96324f_134033960353461450","","Azure AD Cloud Sync","","","","","","","","","","","","Account Provisioning","Read","success","The User 'torres1.carter3@acme.com' was evaluated to be soft-deleted in the source system and the provisioning service should soft-delete the target entry. However, the soft-deletion has been processed by the provisioning service previously. The soft delete operation will be skipped.","External Application 9","","756eda03-cf90-441c-808e-b59787d93e2b","objectId","""7df7de58-2af6-47c2-8887-079db9585c7e""","","","accountEnabled","""False""","","","displayName","""Lee Carter3""","","","givenName","""Lee""","","","mailNickname","""torres1.carter3""","","","surname","""Carter3""","","","ServicePrincipal","","","",""
"2025-10-26 21:33:55","Synchronization rule action","Details","User details: Skip reason = RedundantSoftDelete, Active = False, Assigned = True, Passed scope filter: True; ","","ErrorCode","","","ProvisioningManagement","ec0142a6-490b-4445-8393-d42f83620c53","Sync_ec0142a6-490b-4445-8393-d42f83620c53_92e5b9cf-c9a2-495d-83b2-3fc82f96324f_134033960353331410","","Azure AD Cloud Sync","","","","","","","","","","","","Account Provisioning","Read","success","The User 'jenkins.roberts@acme.com' was evaluated to be soft-deleted in the source system and the provisioning service should soft-delete the target entry. However, the soft-deletion has been processed by the provisioning service previously. The soft delete operation will be skipped.","External Application 9","","756eda03-cf90-441c-808e-b59787d93e2b","objectId","""b4e2a357-f352-40ff-84e5-5a31a71a3c2d""","","","accountEnabled","""False""","","","department","""Department 7""","","","displayName","""Jenkins Roberts""","","","givenName","""Jenkins""","","","jobTitle","""Job Title 8""","","","ServicePrincipal","","","",""
"2025-10-26 21:33:55","Synchronization rule action","Details","User details: Skip reason = RedundantSoftDelete, Active = False, Assigned = True, Passed scope filter: True; ","","ErrorCode","","","ProvisioningManagement","ec0142a6-490b-4445-8393-d42f83620c53","Sync_ec0142a6-490b-4445-8393-d42f83620c53_92e5b9cf-c9a2-495d-83b2-3fc82f96324f_134033960353201420","","Azure AD Cloud Sync","","","","","","","","","","","","Account Provisioning","Read","success","The User 'mitchell2.ortiz@acme.com' was evaluated to be soft-deleted in the source system and the provisioning service should soft-delete the target entry. However, the soft-deletion has been processed by the provisioning service previously. The soft delete operation will be skipped.","External Application 9","","756eda03-cf90-441c-808e-b59787d93e2b","objectId","""c86c5f0b-5845-4ed8-8974-9f4817e9f14c""","","","accountEnabled","""False""","","","displayName","""Mitchell2  Ortiz""","","","givenName","""Mitchell2""","","","mailNickname","""mitchell2.ortiz""","","","surname","""Ortiz""","","","ServicePrincipal","","","",""
"2025-10-26 21:33:55","Synchronization rule action","Details","User details: Skip reason = RedundantSoftDelete, Active = False, Assigned = True, Passed scope filter: True; ","","ErrorCode","","","ProvisioningManagement","ec0142a6-490b-4445-8393-d42f83620c53","Sync_ec0142a6-490b-4445-8393-d42f83620c53_92e5b9cf-c9a2-495d-83b2-3fc82f96324f_134033960353071420","","Azure AD Cloud Sync","","","","","","","","","","","","Account Provisioning","Read","success","The User 'allen3.edward1@acme.com' was evaluated to be soft-deleted in the source system and the provisioning service should soft-delete the target entry. However, the soft-deletion has been processed by the provisioning service previously. The soft delete operation will be skipped.","External Application 9","","756eda03-cf90-441c-808e-b59787d93e2b","objectId","""2b22d269-4f10-4524-894e-e05c48f3d8d9""","","","accountEnabled","""False""","","","department","""Department 7""","","","displayName","""Allen3 Edward1""","","","givenName","""Allen3""","","","jobTitle","""Job Title 4""","","","ServicePrincipal","","","",""
"2025-10-26 21:33:55","Synchronization rule action","Details","User details: Skip reason = RedundantSoftDelete, Active = False, Assigned = True, Passed scope filter: True; ","","ErrorCode","","","ProvisioningManagement","ec0142a6-490b-4445-8393-d42f83620c53","Sync_ec0142a6-490b-4445-8393-d42f83620c53_92e5b9cf-c9a2-495d-83b2-3fc82f96324f_134033960352931420","","Azure AD Cloud Sync","","","","","","","","","","","","Account Provisioning","Read","success","The User 'samantha1.edward@acme.com' was evaluated to be soft-deleted in the source system and the provisioning service should soft-delete the target entry. However, the soft-deletion has been processed by the provisioning service previously. The soft delete operation will be skipped.","External Application 9","","756eda03-cf90-441c-808e-b59787d93e2b","objectId","""d0e4a9ac-084a-4133-8c33-53487177cf8a""","","","accountEnabled","""False""","","","department","""Department 1""","","","displayName","""Samantha1 Edward""","","","givenName","""Samantha1""","","","jobTitle","""Job Title 2""","","","ServicePrincipal","","","",""
"2025-10-26 21:33:55","Synchronization rule action","Details","User details: Skip reason = RedundantSoftDelete, Active = False, Assigned = True, Passed scope filter: True; ","","ErrorCode","","","ProvisioningManagement","ec0142a6-490b-4445-8393-d42f83620c53","Sync_ec0142a6-490b-4445-8393-d42f83620c53_92e5b9cf-c9a2-495d-83b2-3fc82f96324f_134033960352771460","","Azure AD Cloud Sync","","","","","","","","","","","","Account Provisioning","Read","success","The User 'ronald1.jackson@acme.com' was evaluated to be soft-deleted in the source system and the provisioning service should soft-delete the target entry. However, the soft-deletion has been processed by the provisioning service previously. The soft delete operation will be skipped.","External Application 9","","756eda03-cf90-441c-808e-b59787d93e2b","objectId","""bf9339cc-dcd3-419c-87d7-ca33b140e3cb""","","","accountEnabled","""False""","","","displayName","""Ronald1 Jackson""","","","givenName","""Ronald1""","","","jobTitle","""Job Title 13""","","","mailNickname","""ronald1.jackson""","","","ServicePrincipal","","","",""
"2025-10-26 21:33:55","Synchronization rule action","Details","User details: Skip reason = RedundantSoftDelete, Active = False, Assigned = True, Passed scope filter: True; ","","ErrorCode","","","ProvisioningManagement","ec0142a6-490b-4445-8393-d42f83620c53","Sync_ec0142a6-490b-4445-8393-d42f83620c53_92e5b9cf-c9a2-495d-83b2-3fc82f96324f_134033960352641410","","Azure AD Cloud Sync","","","","","","","","","","","","Account Provisioning","Read","success","The User 'catherine1.carter2@acme.com' was evaluated to be soft-deleted in the source system and the provisioning service should soft-delete the target entry. However, the soft-deletion has been processed by the provisioning service previously. The soft delete operation will be skipped.","External Application 9","","756eda03-cf90-441c-808e-b59787d93e2b","objectId","""2318cfef-8d5d-4570-8820-15637b57a565""","","","accountEnabled","""False""","","","department","""Department 8""","","","displayName","""Catherine1 Carter2""","","","givenName","""Catherine1""","","","jobTitle","""Job Title 8""","","","ServicePrincipal","","","",""
"2025-10-26 21:33:55","Synchronization rule action","Details","User details: Skip reason = RedundantSoftDelete, Active = False, Assigned = True, Passed scope filter: True; ","","ErrorCode","","","ProvisioningManagement","ec0142a6-490b-4445-8393-d42f83620c53","Sync_ec0142a6-490b-4445-8393-d42f83620c53_92e5b9cf-c9a2-495d-83b2-3fc82f96324f_134033960352461430","","Azure AD Cloud Sync","","","","","","","","","","","","Account Provisioning","Read","success","The User 'cook1.mitchell3@acme.com' was evaluated to be soft-deleted in the source system and the provisioning service should soft-delete the target entry. However, the soft-deletion has been processed by the provisioning service previously. The soft delete operation will be skipped.","External Application 9","","756eda03-cf90-441c-808e-b59787d93e2b","objectId","""7b6593af-c87d-4674-829a-9ede3adbdf5c""","","","accountEnabled","""False""","","","displayName","""Cook1 Mitchell3""","","","givenName","""Cook1""","","","mailNickname","""cook1.mitchell3""","","","surname","""Mitchell3""","","","ServicePrincipal","","","",""
"2025-10-26 21:33:55","Synchronization rule action","Details","User details: Skip reason = RedundantSoftDelete, Active = False, Assigned = True, Passed scope filter: True; ","","ErrorCode","","","ProvisioningManagement","ec0142a6-490b-4445-8393-d42f83620c53","Sync_ec0142a6-490b-4445-8393-d42f83620c53_92e5b9cf-c9a2-495d-83b2-3fc82f96324f_134033960352271440","","Azure AD Cloud Sync","","","","","","","","","","","","Account Provisioning","Read","success","The User 'kathleen.carter@acme.com' was evaluated to be soft-deleted in the source system and the provisioning service should soft-delete the target entry. However, the soft-deletion has been processed by the provisioning service previously. The soft delete operation will be skipped.","External Application 9","","756eda03-cf90-441c-808e-b59787d93e2b","objectId","""c2d41362-b857-4351-8a78-520b3070914e""","","","accountEnabled","""False""","","","department","""Department 9""","","","displayName","""Kathleen Carter""","","","givenName","""Kathleen""","","","jobTitle","""Job Title 3""","","","ServicePrincipal","","","",""
"2025-10-26 21:33:55","Synchronization rule action","Details","User details: Skip reason = RedundantSoftDelete, Active = False, Assigned = True, Passed scope filter: True; ","","ErrorCode","","","ProvisioningManagement","ec0142a6-490b-4445-8393-d42f83620c53","Sync_ec0142a6-490b-4445-8393-d42f83620c53_92e5b9cf-c9a2-495d-83b2-3fc82f96324f_134033960352131420","","Azure AD Cloud Sync","","","","","","","","","","","","Account Provisioning","Read","success","The User 'peterson.heather2@acme.com' was evaluated to be soft-deleted in the source system and the provisioning service should soft-delete the target entry. However, the soft-deletion has been processed by the provisioning service previously. The soft delete operation will be skipped.","External Application 9","","756eda03-cf90-441c-808e-b59787d93e2b","objectId","""8107c9dc-0d87-4346-8d13-76a486414747""","","","accountEnabled","""False""","","","displayName","""Peterson Heather2""","","","givenName","""Peterson""","","","jobTitle","""Job Title 5""","","","mailNickname","""peterson.heather2""","","","ServicePrincipal","","","",""
"2025-10-26 21:33:55","Synchronization rule action","Details","User details: Skip reason = RedundantSoftDelete, Active = False, Assigned = True, Passed scope filter: True; ","","ErrorCode","","","ProvisioningManagement","ec0142a6-490b-4445-8393-d42f83620c53","Sync_ec0142a6-490b-4445-8393-d42f83620c53_92e5b9cf-c9a2-495d-83b2-3fc82f96324f_134033960352001470","","Azure AD Cloud Sync","","","","","","","","","","","","Account Provisioning","Read","success","The User 'lewis.thomas2@acme.com' was evaluated to be soft-deleted in the source system and the provisioning service should soft-delete the target entry. However, the soft-deletion has been processed by the provisioning service previously. The soft delete operation will be skipped.","External Application 9","","756eda03-cf90-441c-808e-b59787d93e2b","objectId","""f32bb32c-d9b7-4656-8596-671a4e468153""","","","accountEnabled","""False""","","","department","""Department 2""","","","displayName","""Lewis Thomas2""","","","givenName","""Lewis""","","","jobTitle","""Job Title 11""","","","ServicePrincipal","","","",""
"2025-10-26 21:33:55","Synchronization rule action","Details","User details: Skip reason = RedundantSoftDelete, Active = False, Assigned = True, Passed scope filter: True; ","","ErrorCode","","","ProvisioningManagement","ec0142a6-490b-4445-8393-d42f83620c53","Sync_ec0142a6-490b-4445-8393-d42f83620c53_92e5b9cf-c9a2-495d-83b2-3fc82f96324f_134033960351831430","","Azure AD Cloud Sync","","","","","","","","","","","","Account Provisioning","Read","success","The User 'nguyen.wood1@acme.com' was evaluated to be soft-deleted in the source system and the provisioning service should soft-delete the target entry. However, the soft-deletion has been processed by the provisioning service previously. The soft delete operation will be skipped.","External Application 9","","756eda03-cf90-441c-808e-b59787d93e2b","objectId","""ce02f276-d914-4909-853b-bf731e718640""","","","accountEnabled","""False""","","","department","""Department 3""","","","displayName","""Nguyen Wood1""","","","givenName","""Nguyen""","","","jobTitle","""Job Title 10""","","","ServicePrincipal","","","",""
"2025-10-26 21:33:55","Synchronization rule action","Details","User details: Skip reason = RedundantSoftDelete, Active = False, Assigned = True, Passed scope filter: True; ","","ErrorCode","","","ProvisioningManagement","ec0142a6-490b-4445-8393-d42f83620c53","Sync_ec0142a6-490b-4445-8393-d42f83620c53_92e5b9cf-c9a2-495d-83b2-3fc82f96324f_134033960351701420","","Azure AD Cloud Sync","","","","","","","","","","","","Account Provisioning","Read","success","The User 'joan.william@acme.com' was evaluated to be soft-deleted in the source system and the provisioning service should soft-delete the target entry. However, the soft-deletion has been processed by the provisioning service previously. The soft delete operation will be skipped.","External Application 9","","756eda03-cf90-441c-808e-b59787d93e2b","objectId","""627a4ff0-f382-43d9-846c-7c185494c01e""","","","accountEnabled","""False""","","","department","""Department 7""","","","displayName","""Ronald William""","","","givenName","""Ronald""","","","jobTitle","""Job Title 15""","","","ServicePrincipal","","","",""
"2025-10-26 21:33:54","Import","Details","","","ErrorCode","","","ProvisioningManagement","ec0142a6-490b-4445-8393-d42f83620c53","Sync_ec0142a6-490b-4445-8393-d42f83620c53_92e5b9cf-c9a2-495d-83b2-3fc82f96324f_134033960349231450","","Azure AD Cloud Sync","","","","","","","","","","","","Account Provisioning","Read","success","Received User 'thomas1.jimenez@acme.com' change of type (Add) from Microsoft Entra ID","External Application 9","","756eda03-cf90-441c-808e-b59787d93e2b","objectId","""c8bfdc83-e15d-4584-83d0-f156fda37734""","","","accountEnabled","""False""","","","department","""Department 6""","","","displayName","""Thomas1 Jimenez""","","","givenName","""Thomas1""","","","jobTitle","""Job Title 12""","","","ServicePrincipal","","","",""
"2025-10-26 21:33:54","Import","Details","","","ErrorCode","","","ProvisioningManagement","ec0142a6-490b-4445-8393-d42f83620c53","Sync_ec0142a6-490b-4445-8393-d42f83620c53_92e5b9cf-c9a2-495d-83b2-3fc82f96324f_134033960349141440","","Azure AD Cloud Sync","","","","","","","","","","","","Account Provisioning","Read","success","Received User 'evelyn2.rebecca1@acme.com' change of type (Add) from Microsoft Entra ID","External Application 9","","756eda03-cf90-441c-808e-b59787d93e2b","objectId","""a86ba5ad-6b84-42bb-835e-03d42d52beac""","","","accountEnabled","""False""","","","displayName","""Evelyn2 Rebecca1""","","","givenName","""Evelyn2""","","","jobTitle","""Job Title 5""","","","mailNickname","""evelyn2.rebecca1""","","","ServicePrincipal","","","",""
"2025-10-26 21:33:54","Import","Details","","","ErrorCode","","","ProvisioningManagement","ec0142a6-490b-4445-8393-d42f83620c53","Sync_ec0142a6-490b-4445-8393-d42f83620c53_92e5b9cf-c9a2-495d-83b2-3fc82f96324f_134033960349061450","","Azure AD Cloud Sync","","","","","","","","","","","","Account Provisioning","Read","success","Received User 'torres1.carter3@acme.com' change of type (Add) from Microsoft Entra ID","External Application 9","","756eda03-cf90-441c-808e-b59787d93e2b","objectId","""7df7de58-2af6-47c2-8887-079db9585c7e""","","","accountEnabled","""False""","","","displayName","""Lee Carter3""","","","givenName","""Lee""","","","mailNickname","""torres1.carter3""","","","surname","""Carter3""","","","ServicePrincipal","","","",""
"2025-10-26 21:33:54","Import","Details","","","ErrorCode","","","ProvisioningManagement","ec0142a6-490b-4445-8393-d42f83620c53","Sync_ec0142a6-490b-4445-8393-d42f83620c53_92e5b9cf-c9a2-495d-83b2-3fc82f96324f_134033960348971470","","Azure AD Cloud Sync","","","","","","","","","","","","Account Provisioning","Read","success","Received User 'jenkins.roberts@acme.com' change of type (Add) from Microsoft Entra ID","External Application 9","","756eda03-cf90-441c-808e-b59787d93e2b","objectId","""b4e2a357-f352-40ff-84e5-5a31a71a3c2d""","","","accountEnabled","""False""","","","department","""Department 7""","","","displayName","""Jenkins Roberts""","","","givenName","""Jenkins""","","","jobTitle","""Job Title 8""","","","ServicePrincipal","","","",""
"2025-10-26 21:33:54","Import","Details","","","ErrorCode","","","ProvisioningManagement","ec0142a6-490b-4445-8393-d42f83620c53","Sync_ec0142a6-490b-4445-8393-d42f83620c53_92e5b9cf-c9a2-495d-83b2-3fc82f96324f_134033960348851450","","Azure AD Cloud Sync","","","","","","","","","","","","Account Provisioning","Read","success","Received User 'mitchell2.ortiz@acme.com' change of type (Add) from Microsoft Entra ID","External Application 9","","756eda03-cf90-441c-808e-b59787d93e2b","objectId","""c86c5f0b-5845-4ed8-8974-9f4817e9f14c""","","","accountEnabled","""False""","","","displayName","""Mitchell2  Ortiz""","","","givenName","""Mitchell2""","","","mailNickname","""mitchell2.ortiz""","","","surname","""Ortiz""","","","ServicePrincipal","","","",""
"2025-10-26 21:33:54","Import","Details","","","ErrorCode","","","ProvisioningManagement","ec0142a6-490b-4445-8393-d42f83620c53","Sync_ec0142a6-490b-4445-8393-d42f83620c53_92e5b9cf-c9a2-495d-83b2-3fc82f96324f_134033960348781440","","Azure AD Cloud Sync","","","","","","","","","","","","Account Provisioning","Read","success","Received User 'allen3.edward1@acme.com' change of type (Add) from Microsoft Entra ID","External Application 9","","756eda03-cf90-441c-808e-b59787d93e2b","objectId","""2b22d269-4f10-4524-894e-e05c48f3d8d9""","","","accountEnabled","""False""","","","department","""Department 7""","","","displayName","""Allen3 Edward1""","","","givenName","""Allen3""","","","jobTitle","""Job Title 4""","","","ServicePrincipal","","","",""
"2025-10-26 21:33:54","Import","Details","","","ErrorCode","","","ProvisioningManagement","ec0142a6-490b-4445-8393-d42f83620c53","Sync_ec0142a6-490b-4445-8393-d42f83620c53_92e5b9cf-c9a2-495d-83b2-3fc82f96324f_134033960348701440","","Azure AD Cloud Sync","","","","","","","","","","","","Account Provisioning","Read","success","Received User 'samantha1.edward@acme.com' change of type (Add) from Microsoft Entra ID","External Application 9","","756eda03-cf90-441c-808e-b59787d93e2b","objectId","""d0e4a9ac-084a-4133-8c33-53487177cf8a""","","","accountEnabled","""False""","","","department","""Department 1""","","","displayName","""Samantha1 Edward""","","","givenName","""Samantha1""","","","jobTitle","""Job Title 2""","","","ServicePrincipal","","","",""
"2025-10-26 21:33:54","Import","Details","","","ErrorCode","","","ProvisioningManagement","ec0142a6-490b-4445-8393-d42f83620c53","Sync_ec0142a6-490b-4445-8393-d42f83620c53_92e5b9cf-c9a2-495d-83b2-3fc82f96324f_134033960348611450","","Azure AD Cloud Sync","","","","","","","","","","","","Account Provisioning","Read","success","Received User 'ronald1.jackson@acme.com' change of type (Add) from Microsoft Entra ID","External Application 9","","756eda03-cf90-441c-808e-b59787d93e2b","objectId","""bf9339cc-dcd3-419c-87d7-ca33b140e3cb""","","","accountEnabled","""False""","","","displayName","""Ronald1 Jackson""","","","givenName","""Ronald1""","","","jobTitle","""Job Title 13""","","","mailNickname","""ronald1.jackson""","","","ServicePrincipal","","","",""
"2025-10-26 21:33:54","Import","Details","","","ErrorCode","","","ProvisioningManagement","ec0142a6-490b-4445-8393-d42f83620c53","Sync_ec0142a6-490b-4445-8393-d42f83620c53_92e5b9cf-c9a2-495d-83b2-3fc82f96324f_134033960348531460","","Azure AD Cloud Sync","","","","","","","","","","","","Account Provisioning","Read","success","Received User 'catherine1.carter2@acme.com' change of type (Add) from Microsoft Entra ID","External Application 9","","756eda03-cf90-441c-808e-b59787d93e2b","objectId","""2318cfef-8d5d-4570-8820-15637b57a565""","","","accountEnabled","""False""","","","department","""Department 8""","","","displayName","""Catherine1 Carter2""","","","givenName","""Catherine1""","","","jobTitle","""Job Title 8""","","","ServicePrincipal","","","",""
"2025-10-26 21:33:54","Import","Details","","","ErrorCode","","","ProvisioningManagement","ec0142a6-490b-4445-8393-d42f83620c53","Sync_ec0142a6-490b-4445-8393-d42f83620c53_92e5b9cf-c9a2-495d-83b2-3fc82f96324f_134033960348451490","","Azure AD Cloud Sync","","","","","","","","","","","","Account Provisioning","Read","success","Received User 'reed1.mitchell@acme.com' change of type (Add) from Microsoft Entra ID","External Application 9","","756eda03-cf90-441c-808e-b59787d93e2b","objectId","""31510e04-6b24-4a36-8b50-fc1ad11ad4f9""","","","accountEnabled","""False""","","","displayName","""Reed1 Mitchell""","","","givenName","""Reed1""","","","jobTitle","""Job Title 1""","","","mailNickname","""reed1.mitchell""","","","ServicePrincipal","","","",""
"2025-10-26 21:33:54","Import","Details","","","ErrorCode","","","ProvisioningManagement","ec0142a6-490b-4445-8393-d42f83620c53","Sync_ec0142a6-490b-4445-8393-d42f83620c53_92e5b9cf-c9a2-495d-83b2-3fc82f96324f_134033960348381490","","Azure AD Cloud Sync","","","","","","","","","","","","Account Provisioning","Read","success","Received User 'cook1.mitchell3@acme.com' change of type (Add) from Microsoft Entra ID","External Application 9","","756eda03-cf90-441c-808e-b59787d93e2b","objectId","""7b6593af-c87d-4674-829a-9ede3adbdf5c""","","","accountEnabled","""False""","","","displayName","""Cook1 Mitchell3""","","","givenName","""Cook1""","","","mailNickname","""cook1.mitchell3""","","","surname","""Mitchell3""","","","ServicePrincipal","","","",""
"2025-10-26 21:33:54","Import","Details","","","ErrorCode","","","ProvisioningManagement","ec0142a6-490b-4445-8393-d42f83620c53","Sync_ec0142a6-490b-4445-8393-d42f83620c53_92e5b9cf-c9a2-495d-83b2-3fc82f96324f_134033960348301500","","Azure AD Cloud Sync","","","","","","","","","","","","Account Provisioning","Read","success","Received User 'amy2.wood@acme.com' change of type (Add) from Microsoft Entra ID","External Application 9","","756eda03-cf90-441c-808e-b59787d93e2b","objectId","""9e4eef94-db52-4ae6-83d6-bad5395ff6f8""","","","accountEnabled","""False""","","","department","""Department 4""","","","displayName","""Amy2 Wood""","","","givenName","""Hovsep""","","","jobTitle","""Job Title 14""","","","ServicePrincipal","","","",""
"2025-10-26 21:33:54","Import","Details","","","ErrorCode","","","ProvisioningManagement","ec0142a6-490b-4445-8393-d42f83620c53","Sync_ec0142a6-490b-4445-8393-d42f83620c53_92e5b9cf-c9a2-495d-83b2-3fc82f96324f_134033960348221500","","Azure AD Cloud Sync","","","","","","","","","","","","Account Provisioning","Read","success","Received User 'kathleen.carter@acme.com' change of type (Add) from Microsoft Entra ID","External Application 9","","756eda03-cf90-441c-808e-b59787d93e2b","objectId","""c2d41362-b857-4351-8a78-520b3070914e""","","","accountEnabled","""False""","","","department","""Department 9""","","","displayName","""Kathleen Carter""","","","givenName","""Kathleen""","","","jobTitle","""Job Title 3""","","","ServicePrincipal","","","",""
"2025-10-26 21:33:54","Import","Details","","","ErrorCode","","","ProvisioningManagement","ec0142a6-490b-4445-8393-d42f83620c53","Sync_ec0142a6-490b-4445-8393-d42f83620c53_92e5b9cf-c9a2-495d-83b2-3fc82f96324f_134033960348121450","","Azure AD Cloud Sync","","","","","","","","","","","","Account Provisioning","Read","success","Received User 'peterson.heather2@acme.com' change of type (Add) from Microsoft Entra ID","External Application 9","","756eda03-cf90-441c-808e-b59787d93e2b","objectId","""8107c9dc-0d87-4346-8d13-76a486414747""","","","accountEnabled","""False""","","","displayName","""Peterson Heather2""","","","givenName","""Peterson""","","","jobTitle","""Job Title 5""","","","mailNickname","""peterson.heather2""","","","ServicePrincipal","","","",""
"2025-10-26 21:33:54","Import","Details","","","ErrorCode","","","ProvisioningManagement","ec0142a6-490b-4445-8393-d42f83620c53","Sync_ec0142a6-490b-4445-8393-d42f83620c53_92e5b9cf-c9a2-495d-83b2-3fc82f96324f_134033960348041450","","Azure AD Cloud Sync","","","","","","","","","","","","Account Provisioning","Read","success","Received User 'lewis.thomas2@acme.com' change of type (Add) from Microsoft Entra ID","External Application 9","","756eda03-cf90-441c-808e-b59787d93e2b","objectId","""f32bb32c-d9b7-4656-8596-671a4e468153""","","","accountEnabled","""False""","","","department","""Department 2""","","","displayName","""Lewis Thomas2""","","","givenName","""Lewis""","","","jobTitle","""Job Title 11""","","","ServicePrincipal","","","",""
"2025-10-26 21:33:54","Import","Details","","","ErrorCode","","","ProvisioningManagement","ec0142a6-490b-4445-8393-d42f83620c53","Sync_ec0142a6-490b-4445-8393-d42f83620c53_92e5b9cf-c9a2-495d-83b2-3fc82f96324f_134033960347961450","","Azure AD Cloud Sync","","","","","","","","","","","","Account Provisioning","Read","success","Received User 'diane.nguyen@acme.com' change of type (Add) from Microsoft Entra ID","External Application 9","","756eda03-cf90-441c-808e-b59787d93e2b","objectId","""9a338291-11ec-499c-8425-ba35ea84767e""","","","accountEnabled","""False""","","","displayName","""Diane Nguyen""","","","givenName","""Diane""","","","jobTitle","""Job Title 7""","","","mailNickname","""diane.nguyen""","","","ServicePrincipal","","","",""
"2025-10-26 21:33:54","Import","Details","","","ErrorCode","","","ProvisioningManagement","ec0142a6-490b-4445-8393-d42f83620c53","Sync_ec0142a6-490b-4445-8393-d42f83620c53_92e5b9cf-c9a2-495d-83b2-3fc82f96324f_134033960347881460","","Azure AD Cloud Sync","","","","","","","","","","","","Account Provisioning","Read","success","Received User 'nguyen.wood1@acme.com' change of type (Add) from Microsoft Entra ID","External Application 9","","756eda03-cf90-441c-808e-b59787d93e2b","objectId","""ce02f276-d914-4909-853b-bf731e718640""","","","accountEnabled","""False""","","","department","""Department 3""","","","displayName","""Nguyen Wood1""","","","givenName","""Nguyen""","","","jobTitle","""Job Title 10""","","","ServicePrincipal","","","",""
"2025-10-26 21:33:54","Import","Details","","","ErrorCode","","","ProvisioningManagement","ec0142a6-490b-4445-8393-d42f83620c53","Sync_ec0142a6-490b-4445-8393-d42f83620c53_92e5b9cf-c9a2-495d-83b2-3fc82f96324f_134033960347801440","","Azure AD Cloud Sync","","","","","","","","","","","","Account Provisioning","Read","success","Received User 'joan.william@acme.com' change of type (Add) from Microsoft Entra ID","External Application 9","","756eda03-cf90-441c-808e-b59787d93e2b","objectId","""627a4ff0-f382-43d9-846c-7c185494c01e""","","","accountEnabled","""False""","","","department","""Department 7""","","","displayName","""Ronald William""","","","givenName","""Ronald""","","","jobTitle","""Job Title 15""","","","ServicePrincipal","","","",""
"2025-10-26 21:33:51","Other","Details","Type: AppRoleAssignment
Modification: Add
Anchor: qbr5z9K8IUyjKAHYTL_siDjlqbyxVPRBvzvI92m0dG0
Matching property values: 76177af3-b8ae-498b-81f0-4c03455d7a6a
OriginalSourceEntryType: 
Reference Change? False
ContainsEntitlement? False
TrackingId 80bf37cb-b286-4ba2-84af-45cfd4230c11","","ErrorCode","","","ProvisioningManagement","ec0142a6-490b-4445-8393-d42f83620c53","Sync_ec0142a6-490b-4445-8393-d42f83620c53_92e5b9cf-c9a2-495d-83b2-3fc82f96324f_134033960313708700","","Azure AD Cloud Sync","","","","","","","","","","","","Account Provisioning","Read","success","This app role assignment was imported: qbr5z9K8IUyjKAHYTL_siDjlqbyxVPRBvzvI92m0dG0.  The app role granted was 76177af3-b8ae-498b-81f0-4c03455d7a6a.  It was granted to Group 34e0af06-dc41-45ee-8b74-60db5c45fe59.","External Application 9","","756eda03-cf90-441c-808e-b59787d93e2b","","","","","","","","","","","","","","","","","","","","","","","","","ServicePrincipal","","","",""
"2025-10-26 21:22:07","Consent to application","User-Agent","EvoSTS","","AppId","289d82ac-1a90-4b86-8b94-d978b00afad7","","ApplicationManagement","77e0bda6-0ad6-491f-8cc3-4e33b7598e73","Directory_77e0bda6-0ad6-491f-8cc3-4e33b7598e73_E03TZ_62778026","","","","","","Azure ESTS Service","","","52.185.201.81","12adf75a-18f6-4265-817f-ca7394eb3d77","lewis.stephen1@acme.com","","","Core Directory","Assign","success","","External Application 2","","d2209f24-469e-4472-83af-c8758cb58571","ConsentContext.IsAdminConsent","""False""","","","ConsentContext.IsAppOnly","""False""","","","ConsentContext.OnBehalfOfAll","""False""","","","ConsentContext.Tags","""WindowsAzureActiveDirectoryIntegratedApp""","","","ConsentAction.Permissions","""[] => [[Id: r84GbkgclkiaIrGOnEWR4rYufEAFwSVOsFeZ47KKVVUTeo6GbV3nT4KqGnRuu4i1, ClientId: d2209f24-469e-4472-83af-c8758cb58571, PrincipalId: 12adf75a-18f6-4265-817f-ca7394eb3d77, ResourceId: 3c953ed9-ce52-4064-8eef-21a4d13632a8, ConsentType: Principal, Scope:  openid Mail.Read Mail.Read.Shared Mail.ReadWrite offline_access Mail.Send Mail.ReadWrite.Shared Mail.Send.Shared profile, CreatedDateTime: , LastModifiedDateTime ]]; ""","","","TargetId.ServicePrincipalNames","""289d82ac-1a90-4b86-8b94-d978b00afad7""","","","ServicePrincipal","","","",""
"2025-10-26 21:22:07","Add app role assignment grant to user","User-Agent","EvoSTS","","AppId","289d82ac-1a90-4b86-8b94-d978b00afad7","","UserManagement","77e0bda6-0ad6-491f-8cc3-4e33b7598e73","Directory_77e0bda6-0ad6-491f-8cc3-4e33b7598e73_E03TZ_62778018","","","","","","Azure ESTS Service","","","52.185.201.81","12adf75a-18f6-4265-817f-ca7394eb3d77","lewis.stephen1@acme.com","","","Core Directory","Assign","success","","External Application 2","","d2209f24-469e-4472-83af-c8758cb58571","AppRole.Id","""0dfd9c70-159e-4aa3-85d1-a03b95280861""","","","AppRole.Value","""""","","","AppRole.DisplayName","""""","","","AppRoleAssignment.CreatedDateTime","""2025-10-26T21:22:07.4019462Z""","","","AppRoleAssignment.LastModifiedDateTime","""2025-10-26T21:22:07.4019462Z""","","","User.ObjectID","""12adf75a-18f6-4265-817f-ca7394eb3d77""","","","ServicePrincipal","","","",""
"2025-10-26 21:22:07","Add delegated permission grant","User-Agent","EvoSTS","","AppId","00000003-0000-0000-c000-000000000000","","ApplicationManagement","77e0bda6-0ad6-491f-8cc3-4e33b7598e73","Directory_77e0bda6-0ad6-491f-8cc3-4e33b7598e73_E03TZ_62777986","","","","","","Azure ESTS Service","","","52.185.201.81","12adf75a-18f6-4265-817f-ca7394eb3d77","lewis.stephen1@acme.com","","","Core Directory","Assign","success","","Microsoft Graph","","3c953ed9-ce52-4064-8eef-21a4d13632a8","DelegatedPermissionGrant.Scope",""" openid Mail.Read Mail.Read.Shared Mail.ReadWrite offline_access Mail.Send Mail.ReadWrite.Shared Mail.Send.Shared profile""","","","DelegatedPermissionGrant.ConsentType","""Principal""","","","ServicePrincipal.ObjectID","""d2209f24-469e-4472-83af-c8758cb58571""","","","ServicePrincipal.DisplayName","","","","ServicePrincipal.AppId","","","","ServicePrincipal.Name","","","","ServicePrincipal","","","",""
"2025-10-26 21:00:46","Update device","DeviceId","44068072-8510-4228-8219-d469adf9f05b","","DeviceOSType","Windows","","Device","1c8244b9-280c-4214-86b0-a82eb808441f","Directory_1c8244b9-280c-4214-86b0-a82eb808441f_NVJS1_387004962","","Device Registration Service","20d63fc4-676f-4690-8d4b-8cc36be935cd","","","","","","","","","","","Core Directory","Update","success","","Deborah","","3fd8411c-2d4d-47fa-8058-531d6f3ff222","Included Updated Properties","""""","","","TargetId.DeviceId","""44068072-8510-4228-8219-d469adf9f05b""","","","TargetId.DeviceOSType","""Windows""","","","TargetId.DeviceTrustType","""Workplace""","","","","","","","","","","","Device","","","",""
"2025-10-26 20:27:14","Update device","DeviceId","e21968c4-65e8-4c0c-8e74-26343d9f7b28","","DeviceOSType","Windows","","Device","58ea4286-32d4-4cef-86e2-0081f193b4fb","Directory_58ea4286-32d4-4cef-86e2-0081f193b4fb_Q5XO1_381439939","","Device Registration Service","20d63fc4-676f-4690-8d4b-8cc36be935cd","","","","","","","","","","","Core Directory","Update","success","","HOST-9CAA93","","8522c1cb-d1e2-4337-8948-316d361933e2","Included Updated Properties","""""","","","TargetId.DeviceId","""e21968c4-65e8-4c0c-8e74-26343d9f7b28""","","","TargetId.DeviceOSType","""Windows""","","","TargetId.DeviceTrustType","""Workplace""","","","","","","","","","","","Device","","","",""
"2025-10-26 19:36:08","Set Company Information","User-Agent","O365AdminPortal","","","","","DirectoryManagement","c69b8653-90c0-482b-8842-050be1e1970c","Directory_c69b8653-90c0-482b-8842-050be1e1970c_Z3CF1_11313326","","Microsoft Office 365 Portal","b860ea04-7619-492c-8b98-bfa20b645733","","","","","","","","","","","Core Directory","Update","success","","Acme","","92e5b9cf-c9a2-495d-83b2-3fc82f96324f","Included Updated Properties","""""","","","","","","","","","","","","","","","","","","","","","","","Directory","","","",""
"2025-10-26 19:30:24","Update device","DeviceId","ff2ac952-c5b6-4c72-857b-87251697f3d5","","DeviceOSType","Windows","","Device","024aabd5-d764-40e1-8aa8-d379706ca1af","Directory_024aabd5-d764-40e1-8aa8-d379706ca1af_7R5S3_302850844","","Device Registration Service","20d63fc4-676f-4690-8d4b-8cc36be935cd","","","","","","","","","","","Core Directory","Update","success","","HOST-C775FD","","9731a427-773c-4e68-832b-241d4c00f413","Included Updated Properties","""""","","","TargetId.DeviceId","""ff2ac952-c5b6-4c72-857b-87251697f3d5""","","","TargetId.DeviceOSType","""Windows""","","","TargetId.DeviceTrustType","""Workplace""","","","","","","","","","","","Device","","","",""
"2025-10-26 19:18:24","Remove owner from group","","","","","","","GroupManagement","b6910979-b50a-4560-8595-6b541133c24f","Directory_b6910979-b50a-4560-8595-6b541133c24f_9FJ32_7025491","","","","","","Office 365 SharePoint Online","","","2a01:111:f402:e0c4:12a7:dd12:2d14:a963","1649f2bc-c5e5-41b7-81a1-128b3e9a4881","admin.phillips2@acme.onmicrosoft.com","","","Core Directory","Unassign","success","","","","50ce2e69-7f47-41a8-8fdc-8d79f455a7fe","Group.ObjectID","","""0b80fbe7-7b5d-4176-88bf-2018ccddbb9e""","","Group.DisplayName","","""Group 4""","","","","","","","","","","","","","","","","","","User","heather.walker@acme.com","","",""
"2025-10-26 19:18:12","Update device","DeviceId","4b1acc15-abee-4a8b-87f1-563b3b664741","","DeviceOSType","Windows","","Device","8728e55b-9f82-401a-8d94-320e8112fbcf","Directory_8728e55b-9f82-401a-8d94-320e8112fbcf_8EUO3_380260727","","Device Registration Service","20d63fc4-676f-4690-8d4b-8cc36be935cd","","","","","","","","","","","Core Directory","Update","success","","HOST-71C720","","5ca34696-8047-4e56-8e25-f7ddb6c9ec56","Included Updated Properties","""""","","","TargetId.DeviceId","""4b1acc15-abee-4a8b-87f1-563b3b664741""","","","TargetId.DeviceOSType","""Windows""","","","TargetId.DeviceTrustType","""Workplace""","","","","","","","","","","","Device","","","",""
"2025-10-26 19:18:03","Add owner to group","","","","","","","GroupManagement","783b1448-cf72-4460-807a-3f5ed4ee6c71","Directory_783b1448-cf72-4460-807a-3f5ed4ee6c71_O36H2_162473679","","","","","","Office 365 SharePoint Online","","","2a01:111:f402:e0c4:12a7:dd12:2d14:a963","1649f2bc-c5e5-41b7-81a1-128b3e9a4881","admin.phillips2@acme.onmicrosoft.com","","","Core Directory","Assign","success","","","","50ce2e69-7f47-41a8-8fdc-8d79f455a7fe","Group.ObjectID","""0b80fbe7-7b5d-4176-88bf-2018ccddbb9e""","","","Group.DisplayName","""Group 4""","","","","","","","","","","","","","","","","","","","User","heather.walker@acme.com","","",""
"2025-10-26 19:13:34","Settings_GetSettingsAsync","","","","","","","GroupManagement","a571c510-3177-4573-8ba8-b71f3e81370b","SSGM_a571c510-3177-4573-8ba8-b71f3e81370b_XU6AC_68465610","","","","","","","","","4.154.168.64","7fcf977a-93f7-40d2-8405-ddc8a8c5c2b8","brown1.jessica@acme.com","","","Self-service Group Management","Update","success","OK","","","0dfd9c70-159e-4aa3-85d1-a03b95280861","","","","","","","","","","","","","","","","","","","","","","","","","N/A","","","",""
"2025-10-26 19:13:34","Settings_GetSettingsAsync","","","","","","","GroupManagement","2149c1b0-0471-498a-87c1-46e737e4689d","SSGM_2149c1b0-0471-498a-87c1-46e737e4689d_YJGIH_55164391","","","","","","","","","20.228.63.24","7fcf977a-93f7-40d2-8405-ddc8a8c5c2b8","brown1.jessica@acme.com","","","Self-service Group Management","Update","success","OK","","","0dfd9c70-159e-4aa3-85d1-a03b95280861","","","","","","","","","","","","","","","","","","","","","","","","","N/A","","","",""
"2025-10-26 19:13:20","Settings_GetSettingsAsync","","","","","","","GroupManagement","ca3c14d8-0220-48bd-88be-b982e9305d41","SSGM_ca3c14d8-0220-48bd-88be-b982e9305d41_YJGIH_55105749","","","","","","","","","20.228.63.24","7fcf977a-93f7-40d2-8405-ddc8a8c5c2b8","brown1.jessica@acme.com","","","Self-service Group Management","Update","success","OK","","","0dfd9c70-159e-4aa3-85d1-a03b95280861","","","","","","","","","","","","","","","","","","","","","","","","","N/A","","","",""
"2025-10-26 19:13:20","Settings_GetSettingsAsync","","","","","","","GroupManagement","cb9b36fb-33de-4c39-8947-bbe17d81dc8b","SSGM_cb9b36fb-33de-4c39-8947-bbe17d81dc8b_JD46L_83452587","","","","","","","","","4.154.168.195","7fcf977a-93f7-40d2-8405-ddc8a8c5c2b8","brown1.jessica@acme.com","","","Self-service Group Management","Update","success","OK","","","0dfd9c70-159e-4aa3-85d1-a03b95280861","","","","","","","","","","","","","","","","","","","","","","","","","N/A","","","",""
"2025-10-26 19:07:10","Synchronization rule action","Details","","","ErrorCode","","","ProvisioningManagement","130559bb-864a-49a6-8304-af21fc4f3285","Sync_130559bb-864a-49a6-8304-af21fc4f3285_92e5b9cf-c9a2-495d-83b2-3fc82f96324f_134033872307852940","","Azure AD Cloud Sync","","","","","","","","","","","","Account Provisioning","Read","success","User virginia.charles@acme.com will be skipped, because it has not been matched with any entry in the target directory, and there has been no change in any attribute that could alter that state. ","External Application 9","","756eda03-cf90-441c-808e-b59787d93e2b","objectId","""60f87c3a-599a-4261-80c3-496229a3deb8""","","","accountEnabled","""True""","","","department","""Department 7""","","","displayName","""Virginia Charles""","","","givenName","""Virginia""","","","jobTitle","""Job Title 6""","","","ServicePrincipal","","","",""
"2025-10-26 19:07:10","Synchronization rule action","Details","User details: Skip reason = NotEffectivelyEntitled, Active = True, Assigned = False, Passed scope filter: True; ","","ErrorCode","","","ProvisioningManagement","130559bb-864a-49a6-8304-af21fc4f3285","Sync_130559bb-864a-49a6-8304-af21fc4f3285_92e5b9cf-c9a2-495d-83b2-3fc82f96324f_134033872307653000","","Azure AD Cloud Sync","","","","","","","","","","","","Account Provisioning","Read","success","The User 'virginia.charles@acme.com' will be skipped due to the following reasons: 
1) This object is not assigned to the application. If you did not expect the object to be skipped, assign the object to the application or change your scoping filter to allow all users and groups to be in scope for provisioning.
2) This object does not have required entitlement for provisioning. If you did not expect the object to be skipped, update provisioning scope to 'Sync all users and groups' or assign the object to the application with entitlement of provisioning category
","External Application 9","","756eda03-cf90-441c-808e-b59787d93e2b","objectId","""60f87c3a-599a-4261-80c3-496229a3deb8""","","","accountEnabled","""True""","","","department","""Department 7""","","","displayName","""Virginia Charles""","","","givenName","""Virginia""","","","jobTitle","""Job Title 6""","","","ServicePrincipal","","","",""
"2025-10-26 19:07:10","Import","Details","","","ErrorCode","","","ProvisioningManagement","130559bb-864a-49a6-8304-af21fc4f3285","Sync_130559bb-864a-49a6-8304-af21fc4f3285_92e5b9cf-c9a2-495d-83b2-3fc82f96324f_134033872307102910","","Azure AD Cloud Sync","","","","","","","","","","","","Account Provisioning","Read","success","Received User 'virginia.charles@acme.com' change of type (Add) from Microsoft Entra ID","External Application 9","","756eda03-cf90-441c-808e-b59787d93e2b","objectId","""60f87c3a-599a-4261-80c3-496229a3deb8""","","","accountEnabled","""True""","","","department","""Department 7""","","","displayName","""Virginia Charles""","","","givenName","""Virginia""","","","jobTitle","""Job Title 6""","","","ServicePrincipal","","","",""
"2025-10-26 19:07:10","Synchronization rule action","Details","","","ErrorCode","","","ProvisioningManagement","130559bb-864a-49a6-8304-af21fc4f3285","Sync_130559bb-864a-49a6-8304-af21fc4f3285_92e5b9cf-c9a2-495d-83b2-3fc82f96324f_134033872305222930","","Azure AD Cloud Sync","","","","","","","","","","","","Account Provisioning","Read","success","User amy2.wood@acme.com will be skipped, because it has not been matched with any entry in the target directory, and there has been no change in any attribute that could alter that state. ","External Application 9","","756eda03-cf90-441c-808e-b59787d93e2b","objectId","""9e4eef94-db52-4ae6-83d6-bad5395ff6f8""","","","accountEnabled","""False""","","","department","""Department 4""","","","displayName","""Amy2 Wood""","","","givenName","""Hovsep""","","","jobTitle","""Job Title 14""","","","ServicePrincipal","","","",""
"2025-10-26 19:07:10","Synchronization rule action","Details","","","ErrorCode","","","ProvisioningManagement","130559bb-864a-49a6-8304-af21fc4f3285","Sync_130559bb-864a-49a6-8304-af21fc4f3285_92e5b9cf-c9a2-495d-83b2-3fc82f96324f_134033872305142920","","Azure AD Cloud Sync","","","","","","","","","","","","Account Provisioning","Read","success","User kathleen.carter@acme.com will be skipped, because it has already been effectively de-provisioned.","External Application 9","","756eda03-cf90-441c-808e-b59787d93e2b","objectId","""c2d41362-b857-4351-8a78-520b3070914e""","","","accountEnabled","""False""","","","department","""Department 9""","","","displayName","""Kathleen Carter""","","","givenName","""Kathleen""","","","jobTitle","""Job Title 3""","","","ServicePrincipal","","","",""
"2025-10-26 19:07:10","Synchronization rule action","Details","","","ErrorCode","","","ProvisioningManagement","130559bb-864a-49a6-8304-af21fc4f3285","Sync_130559bb-864a-49a6-8304-af21fc4f3285_92e5b9cf-c9a2-495d-83b2-3fc82f96324f_134033872305032900","","Azure AD Cloud Sync","","","","","","","","","","","","Account Provisioning","Read","success","User allen3.edward1@acme.com will be skipped, because it has already been effectively de-provisioned.","External Application 9","","756eda03-cf90-441c-808e-b59787d93e2b","objectId","""2b22d269-4f10-4524-894e-e05c48f3d8d9""","","","accountEnabled","""False""","","","department","""Department 7""","","","displayName","""Allen3 Edward1""","","","givenName","""Allen3""","","","jobTitle","""Job Title 4""","","","ServicePrincipal","","","",""
"2025-10-26 19:07:10","Synchronization rule action","Details","","","ErrorCode","","","ProvisioningManagement","130559bb-864a-49a6-8304-af21fc4f3285","Sync_130559bb-864a-49a6-8304-af21fc4f3285_92e5b9cf-c9a2-495d-83b2-3fc82f96324f_134033872304932890","","Azure AD Cloud Sync","","","","","","","","","","","","Account Provisioning","Read","success","User jenkins.roberts@acme.com will be skipped, because it has already been effectively de-provisioned.","External Application 9","","756eda03-cf90-441c-808e-b59787d93e2b","objectId","""b4e2a357-f352-40ff-84e5-5a31a71a3c2d""","","","accountEnabled","""False""","","","department","""Department 7""","","","displayName","""Jenkins Roberts""","","","givenName","""Jenkins""","","","jobTitle","""Job Title 8""","","","ServicePrincipal","","","",""
"2025-10-26 19:07:10","Synchronization rule action","Details","","","ErrorCode","","","ProvisioningManagement","130559bb-864a-49a6-8304-af21fc4f3285","Sync_130559bb-864a-49a6-8304-af21fc4f3285_92e5b9cf-c9a2-495d-83b2-3fc82f96324f_134033872304842910","","Azure AD Cloud Sync","","","","","","","","","","","","Account Provisioning","Read","success","User nguyen.wood1@acme.com will be skipped, because it has already been effectively de-provisioned.","External Application 9","","756eda03-cf90-441c-808e-b59787d93e2b","objectId","""ce02f276-d914-4909-853b-bf731e718640""","","","accountEnabled","""False""","","","department","""Department 3""","","","displayName","""Nguyen Wood1""","","","givenName","""Nguyen""","","","jobTitle","""Job Title 10""","","","ServicePrincipal","","","",""
"2025-10-26 19:07:10","Synchronization rule action","Details","","","ErrorCode","","","ProvisioningManagement","130559bb-864a-49a6-8304-af21fc4f3285","Sync_130559bb-864a-49a6-8304-af21fc4f3285_92e5b9cf-c9a2-495d-83b2-3fc82f96324f_134033872304752910","","Azure AD Cloud Sync","","","","","","","","","","","","Account Provisioning","Read","success","User evelyn2.rebecca1@acme.com will be skipped, because it has not been matched with any entry in the target directory, and there has been no change in any attribute that could alter that state. ","External Application 9","","756eda03-cf90-441c-808e-b59787d93e2b","objectId","""a86ba5ad-6b84-42bb-835e-03d42d52beac""","","","accountEnabled","""False""","","","displayName","""Evelyn2 Rebecca1""","","","givenName","""Evelyn2""","","","jobTitle","""Job Title 5""","","","mailNickname","""evelyn2.rebecca1""","","","ServicePrincipal","","","",""
"2025-10-26 19:07:10","Synchronization rule action","Details","","","ErrorCode","","","ProvisioningManagement","130559bb-864a-49a6-8304-af21fc4f3285","Sync_130559bb-864a-49a6-8304-af21fc4f3285_92e5b9cf-c9a2-495d-83b2-3fc82f96324f_134033872304672910","","Azure AD Cloud Sync","","","","","","","","","","","","Account Provisioning","Read","success","User thomas1.jimenez@acme.com will be skipped, because it has not been matched with any entry in the target directory, and there has been no change in any attribute that could alter that state. ","External Application 9","","756eda03-cf90-441c-808e-b59787d93e2b","objectId","""c8bfdc83-e15d-4584-83d0-f156fda37734""","","","accountEnabled","""False""","","","department","""Department 6""","","","displayName","""Thomas1 Jimenez""","","","givenName","""Thomas1""","","","jobTitle","""Job Title 12""","","","ServicePrincipal","","","",""
"2025-10-26 19:07:10","Synchronization rule action","Details","","","ErrorCode","","","ProvisioningManagement","130559bb-864a-49a6-8304-af21fc4f3285","Sync_130559bb-864a-49a6-8304-af21fc4f3285_92e5b9cf-c9a2-495d-83b2-3fc82f96324f_134033872304582900","","Azure AD Cloud Sync","","","","","","","","","","","","Account Provisioning","Read","success","User samantha1.edward@acme.com will be skipped, because it has already been effectively de-provisioned.","External Application 9","","756eda03-cf90-441c-808e-b59787d93e2b","objectId","""d0e4a9ac-084a-4133-8c33-53487177cf8a""","","","accountEnabled","""False""","","","department","""Department 1""","","","displayName","""Samantha1 Edward""","","","givenName","""Samantha1""","","","jobTitle","""Job Title 2""","","","ServicePrincipal","","","",""
"2025-10-26 19:07:10","Synchronization rule action","Details","","","ErrorCode","","","ProvisioningManagement","130559bb-864a-49a6-8304-af21fc4f3285","Sync_130559bb-864a-49a6-8304-af21fc4f3285_92e5b9cf-c9a2-495d-83b2-3fc82f96324f_134033872304492880","","Azure AD Cloud Sync","","","","","","","","","","","","Account Provisioning","Read","success","User peterson.heather2@acme.com will be skipped, because it has already been effectively de-provisioned.","External Application 9","","756eda03-cf90-441c-808e-b59787d93e2b","objectId","""8107c9dc-0d87-4346-8d13-76a486414747""","","","accountEnabled","""False""","","","displayName","""Peterson Heather2""","","","givenName","""Peterson""","","","jobTitle","""Job Title 5""","","","mailNickname","""peterson.heather2""","","","ServicePrincipal","","","",""
"2025-10-26 19:07:10","Synchronization rule action","Details","","","ErrorCode","","","ProvisioningManagement","130559bb-864a-49a6-8304-af21fc4f3285","Sync_130559bb-864a-49a6-8304-af21fc4f3285_92e5b9cf-c9a2-495d-83b2-3fc82f96324f_134033872304362870","","Azure AD Cloud Sync","","","","","","","","","","","","Account Provisioning","Read","success","User reed1.mitchell@acme.com will be skipped, because it has not been matched with any entry in the target directory, and there has been no change in any attribute that could alter that state. ","External Application 9","","756eda03-cf90-441c-808e-b59787d93e2b","objectId","""31510e04-6b24-4a36-8b50-fc1ad11ad4f9""","","","accountEnabled","""False""","","","displayName","""Reed1 Mitchell""","","","givenName","""Reed1""","","","jobTitle","""Job Title 1""","","","mailNickname","""reed1.mitchell""","","","ServicePrincipal","","","",""
"2025-10-26 19:07:10","Synchronization rule action","Details","","","ErrorCode","","","ProvisioningManagement","130559bb-864a-49a6-8304-af21fc4f3285","Sync_130559bb-864a-49a6-8304-af21fc4f3285_92e5b9cf-c9a2-495d-83b2-3fc82f96324f_134033872304282870","","Azure AD Cloud Sync","","","","","","","","","","","","Account Provisioning","Read","success","User joan.william@acme.com will be skipped, because it has already been effectively de-provisioned.","External Application 9","","756eda03-cf90-441c-808e-b59787d93e2b","objectId","""627a4ff0-f382-43d9-846c-7c185494c01e""","","","accountEnabled","""False""","","","department","""Department 7""","","","displayName","""Ronald William""","","","givenName","""Ronald""","","","jobTitle","""Job Title 15""","","","ServicePrincipal","","","",""
"2025-10-26 19:07:10","Synchronization rule action","Details","","","ErrorCode","","","ProvisioningManagement","130559bb-864a-49a6-8304-af21fc4f3285","Sync_130559bb-864a-49a6-8304-af21fc4f3285_92e5b9cf-c9a2-495d-83b2-3fc82f96324f_134033872304192870","","Azure AD Cloud Sync","","","","","","","","","","","","Account Provisioning","Read","success","User diane.nguyen@acme.com will be skipped, because it has not been matched with any entry in the target directory, and there has been no change in any attribute that could alter that state. ","External Application 9","","756eda03-cf90-441c-808e-b59787d93e2b","objectId","""9a338291-11ec-499c-8425-ba35ea84767e""","","","accountEnabled","""False""","","","displayName","""Diane Nguyen""","","","givenName","""Diane""","","","jobTitle","""Job Title 7""","","","mailNickname","""diane.nguyen""","","","ServicePrincipal","","","",""
"2025-10-26 19:07:10","Synchronization rule action","Details","User details: Skip reason = NotEffectivelyEntitled, Active = False, Assigned = True, Passed scope filter: True; ","","ErrorCode","","","ProvisioningManagement","130559bb-864a-49a6-8304-af21fc4f3285","Sync_130559bb-864a-49a6-8304-af21fc4f3285_92e5b9cf-c9a2-495d-83b2-3fc82f96324f_134033872304052870","","Azure AD Cloud Sync","","","","","","","","","","","","Account Provisioning","Read","success","The User 'diane.nguyen@acme.com' will be skipped due to the following reasons: 
1) This object is not active in the source system.
","External Application 9","","756eda03-cf90-441c-808e-b59787d93e2b","objectId","""9a338291-11ec-499c-8425-ba35ea84767e""","","","accountEnabled","""False""","","","displayName","""Diane Nguyen""","","","givenName","""Diane""","","","jobTitle","""Job Title 7""","","","mailNickname","""diane.nguyen""","","","ServicePrincipal","","","",""
"2025-10-26 19:07:10","Synchronization rule action","Details","User details: Skip reason = NotEffectivelyEntitled, Active = False, Assigned = True, Passed scope filter: True; ","","ErrorCode","","","ProvisioningManagement","130559bb-864a-49a6-8304-af21fc4f3285","Sync_130559bb-864a-49a6-8304-af21fc4f3285_92e5b9cf-c9a2-495d-83b2-3fc82f96324f_134033872303892880","","Azure AD Cloud Sync","","","","","","","","","","","","Account Provisioning","Read","success","The User 'reed1.mitchell@acme.com' will be skipped due to the following reasons: 
1) This object is not active in the source system.
","External Application 9","","756eda03-cf90-441c-808e-b59787d93e2b","objectId","""31510e04-6b24-4a36-8b50-fc1ad11ad4f9""","","","accountEnabled","""False""","","","displayName","""Reed1 Mitchell""","","","givenName","""Reed1""","","","jobTitle","""Job Title 1""","","","mailNickname","""reed1.mitchell""","","","ServicePrincipal","","","",""
"2025-10-26 19:07:10","Synchronization rule action","Details","User details: Skip reason = NotEffectivelyEntitled, Active = False, Assigned = True, Passed scope filter: True; ","","ErrorCode","","","ProvisioningManagement","130559bb-864a-49a6-8304-af21fc4f3285","Sync_130559bb-864a-49a6-8304-af21fc4f3285_92e5b9cf-c9a2-495d-83b2-3fc82f96324f_134033872303752830","","Azure AD Cloud Sync","","","","","","","","","","","","Account Provisioning","Read","success","The User 'thomas1.jimenez@acme.com' will be skipped due to the following reasons: 
1) This object is not active in the source system.
","External Application 9","","756eda03-cf90-441c-808e-b59787d93e2b","objectId","""c8bfdc83-e15d-4584-83d0-f156fda37734""","","","accountEnabled","""False""","","","department","""Department 6""","","","displayName","""Thomas1 Jimenez""","","","givenName","""Thomas1""","","","jobTitle","""Job Title 12""","","","ServicePrincipal","","","",""
"2025-10-26 19:07:10","Synchronization rule action","Details","User details: Skip reason = NotEffectivelyEntitled, Active = False, Assigned = True, Passed scope filter: True; ","","ErrorCode","","","ProvisioningManagement","130559bb-864a-49a6-8304-af21fc4f3285","Sync_130559bb-864a-49a6-8304-af21fc4f3285_92e5b9cf-c9a2-495d-83b2-3fc82f96324f_134033872303602860","","Azure AD Cloud Sync","","","","","","","","","","","","Account Provisioning","Read","success","The User 'evelyn2.rebecca1@acme.com' will be skipped due to the following reasons: 
1) This object is not active in the source system.
","External Application 9","","756eda03-cf90-441c-808e-b59787d93e2b","objectId","""a86ba5ad-6b84-42bb-835e-03d42d52beac""","","","accountEnabled","""False""","","","displayName","""Evelyn2 Rebecca1""","","","givenName","""Evelyn2""","","","jobTitle","""Job Title 5""","","","mailNickname","""evelyn2.rebecca1""","","","ServicePrincipal","","","",""
"2025-10-26 19:07:10","Synchronization rule action","Details","User details: Skip reason = NotEffectivelyEntitled, Active = False, Assigned = True, Passed scope filter: True; ","","ErrorCode","","","ProvisioningManagement","130559bb-864a-49a6-8304-af21fc4f3285","Sync_130559bb-864a-49a6-8304-af21fc4f3285_92e5b9cf-c9a2-495d-83b2-3fc82f96324f_134033872303452860","","Azure AD Cloud Sync","","","","","","","","","","","","Account Provisioning","Read","success","The User 'amy2.wood@acme.com' will be skipped due to the following reasons: 
1) This object is not active in the source system.
","External Application 9","","756eda03-cf90-441c-808e-b59787d93e2b","objectId","""9e4eef94-db52-4ae6-83d6-bad5395ff6f8""","","","accountEnabled","""False""","","","department","""Department 4""","","","displayName","""Amy2 Wood""","","","givenName","""Hovsep""","","","jobTitle","""Job Title 14""","","","ServicePrincipal","","","",""
"2025-10-26 19:07:10","Synchronization rule action","Details","User details: Skip reason = RedundantSoftDelete, Active = False, Assigned = True, Passed scope filter: True; ","","ErrorCode","","","ProvisioningManagement","130559bb-864a-49a6-8304-af21fc4f3285","Sync_130559bb-864a-49a6-8304-af21fc4f3285_92e5b9cf-c9a2-495d-83b2-3fc82f96324f_134033872301572830","","Azure AD Cloud Sync","","","","","","","","","","","","Account Provisioning","Read","success","The User 'lewis.thomas2@acme.com' was evaluated to be soft-deleted in the source system and the provisioning service should soft-delete the target entry. However, the soft-deletion has been processed by the provisioning service previously. The soft delete operation will be skipped.","External Application 9","","756eda03-cf90-441c-808e-b59787d93e2b","objectId","""f32bb32c-d9b7-4656-8596-671a4e468153""","","","accountEnabled","""False""","","","department","""Department 2""","","","displayName","""Lewis Thomas2""","","","givenName","""Lewis""","","","jobTitle","""Job Title 11""","","","ServicePrincipal","","","",""
"2025-10-26 19:07:10","Synchronization rule action","Details","User details: Skip reason = RedundantSoftDelete, Active = False, Assigned = True, Passed scope filter: True; ","","ErrorCode","","","ProvisioningManagement","130559bb-864a-49a6-8304-af21fc4f3285","Sync_130559bb-864a-49a6-8304-af21fc4f3285_92e5b9cf-c9a2-495d-83b2-3fc82f96324f_134033872301392850","","Azure AD Cloud Sync","","","","","","","","","","","","Account Provisioning","Read","success","The User 'kathleen.carter@acme.com' was evaluated to be soft-deleted in the source system and the provisioning service should soft-delete the target entry. However, the soft-deletion has been processed by the provisioning service previously. The soft delete operation will be skipped.","External Application 9","","756eda03-cf90-441c-808e-b59787d93e2b","objectId","""c2d41362-b857-4351-8a78-520b3070914e""","","","accountEnabled","""False""","","","department","""Department 9""","","","displayName","""Kathleen Carter""","","","givenName","""Kathleen""","","","jobTitle","""Job Title 3""","","","ServicePrincipal","","","",""
"2025-10-26 19:07:10","Synchronization rule action","Details","User details: Skip reason = RedundantSoftDelete, Active = False, Assigned = True, Passed scope filter: True; ","","ErrorCode","","","ProvisioningManagement","130559bb-864a-49a6-8304-af21fc4f3285","Sync_130559bb-864a-49a6-8304-af21fc4f3285_92e5b9cf-c9a2-495d-83b2-3fc82f96324f_134033872301252840","","Azure AD Cloud Sync","","","","","","","","","","","","Account Provisioning","Read","success","The User 'allen3.edward1@acme.com' was evaluated to be soft-deleted in the source system and the provisioning service should soft-delete the target entry. However, the soft-deletion has been processed by the provisioning service previously. The soft delete operation will be skipped.","External Application 9","","756eda03-cf90-441c-808e-b59787d93e2b","objectId","""2b22d269-4f10-4524-894e-e05c48f3d8d9""","","","accountEnabled","""False""","","","department","""Department 7""","","","displayName","""Allen3 Edward1""","","","givenName","""Allen3""","","","jobTitle","""Job Title 4""","","","ServicePrincipal","","","",""
"2025-10-26 19:07:10","Synchronization rule action","Details","User details: Skip reason = RedundantSoftDelete, Active = False, Assigned = True, Passed scope filter: True; ","","ErrorCode","","","ProvisioningManagement","130559bb-864a-49a6-8304-af21fc4f3285","Sync_130559bb-864a-49a6-8304-af21fc4f3285_92e5b9cf-c9a2-495d-83b2-3fc82f96324f_134033872301112880","","Azure AD Cloud Sync","","","","","","","","","","","","Account Provisioning","Read","success","The User 'mitchell2.ortiz@acme.com' was evaluated to be soft-deleted in the source system and the provisioning service should soft-delete the target entry. However, the soft-deletion has been processed by the provisioning service previously. The soft delete operation will be skipped.","External Application 9","","756eda03-cf90-441c-808e-b59787d93e2b","objectId","""c86c5f0b-5845-4ed8-8974-9f4817e9f14c""","","","accountEnabled","""False""","","","displayName","""Mitchell2  Ortiz""","","","givenName","""Mitchell2""","","","mailNickname","""mitchell2.ortiz""","","","surname","""Ortiz""","","","ServicePrincipal","","","",""
"2025-10-26 19:07:10","Synchronization rule action","Details","User details: Skip reason = RedundantSoftDelete, Active = False, Assigned = True, Passed scope filter: True; ","","ErrorCode","","","ProvisioningManagement","130559bb-864a-49a6-8304-af21fc4f3285","Sync_130559bb-864a-49a6-8304-af21fc4f3285_92e5b9cf-c9a2-495d-83b2-3fc82f96324f_134033872300992880","","Azure AD Cloud Sync","","","","","","","","","","","","Account Provisioning","Read","success","The User 'ronald1.jackson@acme.com' was evaluated to be soft-deleted in the source system and the provisioning service should soft-delete the target entry. However, the soft-deletion has been processed by the provisioning service previously. The soft delete operation will be skipped.","External Application 9","","756eda03-cf90-441c-808e-b59787d93e2b","objectId","""bf9339cc-dcd3-419c-87d7-ca33b140e3cb""","","","accountEnabled","""False""","","","displayName","""Ronald1 Jackson""","","","givenName","""Ronald1""","","","jobTitle","""Job Title 13""","","","mailNickname","""ronald1.jackson""","","","ServicePrincipal","","","",""
"2025-10-26 19:07:10","Synchronization rule action","Details","User details: Skip reason = RedundantSoftDelete, Active = False, Assigned = True, Passed scope filter: True; ","","ErrorCode","","","ProvisioningManagement","130559bb-864a-49a6-8304-af21fc4f3285","Sync_130559bb-864a-49a6-8304-af21fc4f3285_92e5b9cf-c9a2-495d-83b2-3fc82f96324f_134033872300852830","","Azure AD Cloud Sync","","","","","","","","","","","","Account Provisioning","Read","success","The User 'cook1.mitchell3@acme.com' was evaluated to be soft-deleted in the source system and the provisioning service should soft-delete the target entry. However, the soft-deletion has been processed by the provisioning service previously. The soft delete operation will be skipped.","External Application 9","","756eda03-cf90-441c-808e-b59787d93e2b","objectId","""7b6593af-c87d-4674-829a-9ede3adbdf5c""","","","accountEnabled","""False""","","","displayName","""Cook1 Mitchell3""","","","givenName","""Cook1""","","","mailNickname","""cook1.mitchell3""","","","surname","""Mitchell3""","","","ServicePrincipal","","","",""
"2025-10-26 19:07:10","Synchronization rule action","Details","User details: Skip reason = RedundantSoftDelete, Active = False, Assigned = True, Passed scope filter: True; ","","ErrorCode","","","ProvisioningManagement","130559bb-864a-49a6-8304-af21fc4f3285","Sync_130559bb-864a-49a6-8304-af21fc4f3285_92e5b9cf-c9a2-495d-83b2-3fc82f96324f_134033872300722840","","Azure AD Cloud Sync","","","","","","","","","","","","Account Provisioning","Read","success","The User 'jenkins.roberts@acme.com' was evaluated to be soft-deleted in the source system and the provisioning service should soft-delete the target entry. However, the soft-deletion has been processed by the provisioning service previously. The soft delete operation will be skipped.","External Application 9","","756eda03-cf90-441c-808e-b59787d93e2b","objectId","""b4e2a357-f352-40ff-84e5-5a31a71a3c2d""","","","accountEnabled","""False""","","","department","""Department 7""","","","displayName","""Jenkins Roberts""","","","givenName","""Jenkins""","","","jobTitle","""Job Title 8""","","","ServicePrincipal","","","",""
"2025-10-26 19:07:10","Synchronization rule action","Details","User details: Skip reason = RedundantSoftDelete, Active = False, Assigned = True, Passed scope filter: True; ","","ErrorCode","","","ProvisioningManagement","130559bb-864a-49a6-8304-af21fc4f3285","Sync_130559bb-864a-49a6-8304-af21fc4f3285_92e5b9cf-c9a2-495d-83b2-3fc82f96324f_134033872300592850","","Azure AD Cloud Sync","","","","","","","","","","","","Account Provisioning","Read","success","The User 'catherine1.carter2@acme.com' was evaluated to be soft-deleted in the source system and the provisioning service should soft-delete the target entry. However, the soft-deletion has been processed by the provisioning service previously. The soft delete operation will be skipped.","External Application 9","","756eda03-cf90-441c-808e-b59787d93e2b","objectId","""2318cfef-8d5d-4570-8820-15637b57a565""","","","accountEnabled","""False""","","","department","""Department 8""","","","displayName","""Catherine1 Carter2""","","","givenName","""Catherine1""","","","jobTitle","""Job Title 8""","","","ServicePrincipal","","","",""
"2025-10-26 19:07:10","Synchronization rule action","Details","User details: Skip reason = RedundantSoftDelete, Active = False, Assigned = True, Passed scope filter: True; ","","ErrorCode","","","ProvisioningManagement","130559bb-864a-49a6-8304-af21fc4f3285","Sync_130559bb-864a-49a6-8304-af21fc4f3285_92e5b9cf-c9a2-495d-83b2-3fc82f96324f_134033872300442820","","Azure AD Cloud Sync","","","","","","","","","","","","Account Provisioning","Read","success","The User 'nguyen.wood1@acme.com' was evaluated to be soft-deleted in the source system and the provisioning service should soft-delete the target entry. However, the soft-deletion has been processed by the provisioning service previously. The soft delete operation will be skipped.","External Application 9","","756eda03-cf90-441c-808e-b59787d93e2b","objectId","""ce02f276-d914-4909-853b-bf731e718640""","","","accountEnabled","""False""","","","department","""Department 3""","","","displayName","""Nguyen Wood1""","","","givenName","""Nguyen""","","","jobTitle","""Job Title 10""","","","ServicePrincipal","","","",""
"2025-10-26 19:07:10","Synchronization rule action","Details","User details: Skip reason = RedundantSoftDelete, Active = False, Assigned = True, Passed scope filter: True; ","","ErrorCode","","","ProvisioningManagement","130559bb-864a-49a6-8304-af21fc4f3285","Sync_130559bb-864a-49a6-8304-af21fc4f3285_92e5b9cf-c9a2-495d-83b2-3fc82f96324f_134033872300212840","","Azure AD Cloud Sync","","","","","","","","","","","","Account Provisioning","Read","success","The User 'samantha1.edward@acme.com' was evaluated to be soft-deleted in the source system and the provisioning service should soft-delete the target entry. However, the soft-deletion has been processed by the provisioning service previously. The soft delete operation will be skipped.","External Application 9","","756eda03-cf90-441c-808e-b59787d93e2b","objectId","""d0e4a9ac-084a-4133-8c33-53487177cf8a""","","","accountEnabled","""False""","","","department","""Department 1""","","","displayName","""Samantha1 Edward""","","","givenName","""Samantha1""","","","jobTitle","""Job Title 2""","","","ServicePrincipal","","","",""
"2025-10-26 19:07:10","Synchronization rule action","Details","User details: Skip reason = RedundantSoftDelete, Active = False, Assigned = True, Passed scope filter: True; ","","ErrorCode","","","ProvisioningManagement","130559bb-864a-49a6-8304-af21fc4f3285","Sync_130559bb-864a-49a6-8304-af21fc4f3285_92e5b9cf-c9a2-495d-83b2-3fc82f96324f_134033872300082810","","Azure AD Cloud Sync","","","","","","","","","","","","Account Provisioning","Read","success","The User 'peterson.heather2@acme.com' was evaluated to be soft-deleted in the source system and the provisioning service should soft-delete the target entry. However, the soft-deletion has been processed by the provisioning service previously. The soft delete operation will be skipped.","External Application 9","","756eda03-cf90-441c-808e-b59787d93e2b","objectId","""8107c9dc-0d87-4346-8d13-76a486414747""","","","accountEnabled","""False""","","","displayName","""Peterson Heather2""","","","givenName","""Peterson""","","","jobTitle","""Job Title 5""","","","mailNickname","""peterson.heather2""","","","ServicePrincipal","","","",""
"2025-10-26 19:07:09","Synchronization rule action","Details","User details: Skip reason = RedundantSoftDelete, Active = False, Assigned = True, Passed scope filter: True; ","","ErrorCode","","","ProvisioningManagement","130559bb-864a-49a6-8304-af21fc4f3285","Sync_130559bb-864a-49a6-8304-af21fc4f3285_92e5b9cf-c9a2-495d-83b2-3fc82f96324f_134033872299902810","","Azure AD Cloud Sync","","","","","","","","","","","","Account Provisioning","Read","success","The User 'joan.william@acme.com' was evaluated to be soft-deleted in the source system and the provisioning service should soft-delete the target entry. However, the soft-deletion has been processed by the provisioning service previously. The soft delete operation will be skipped.","External Application 9","","756eda03-cf90-441c-808e-b59787d93e2b","objectId","""627a4ff0-f382-43d9-846c-7c185494c01e""","","","accountEnabled","""False""","","","department","""Department 7""","","","displayName","""Ronald William""","","","givenName","""Ronald""","","","jobTitle","""Job Title 15""","","","ServicePrincipal","","","",""
"2025-10-26 19:07:09","Synchronization rule action","Details","User details: Skip reason = RedundantSoftDelete, Active = False, Assigned = True, Passed scope filter: True; ","","ErrorCode","","","ProvisioningManagement","130559bb-864a-49a6-8304-af21fc4f3285","Sync_130559bb-864a-49a6-8304-af21fc4f3285_92e5b9cf-c9a2-495d-83b2-3fc82f96324f_134033872299722790","","Azure AD Cloud Sync","","","","","","","","","","","","Account Provisioning","Read","success","The User 'torres1.carter3@acme.com' was evaluated to be soft-deleted in the source system and the provisioning service should soft-delete the target entry. However, the soft-deletion has been processed by the provisioning service previously. The soft delete operation will be skipped.","External Application 9","","756eda03-cf90-441c-808e-b59787d93e2b","objectId","""7df7de58-2af6-47c2-8887-079db9585c7e""","","","accountEnabled","""False""","","","displayName","""Lee Carter3""","","","givenName","""Lee""","","","mailNickname","""torres1.carter3""","","","surname","""Carter3""","","","ServicePrincipal","","","",""
"2025-10-26 19:07:09","Import","Details","","","ErrorCode","","","ProvisioningManagement","130559bb-864a-49a6-8304-af21fc4f3285","Sync_130559bb-864a-49a6-8304-af21fc4f3285_92e5b9cf-c9a2-495d-83b2-3fc82f96324f_134033872297242780","","Azure AD Cloud Sync","","","","","","","","","","","","Account Provisioning","Read","success","Received User 'amy2.wood@acme.com' change of type (Add) from Microsoft Entra ID","External Application 9","","756eda03-cf90-441c-808e-b59787d93e2b","objectId","""9e4eef94-db52-4ae6-83d6-bad5395ff6f8""","","","accountEnabled","""False""","","","department","""Department 4""","","","displayName","""Amy2 Wood""","","","givenName","""Hovsep""","","","jobTitle","""Job Title 14""","","","ServicePrincipal","","","",""
"2025-10-26 19:07:09","Import","Details","","","ErrorCode","","","ProvisioningManagement","130559bb-864a-49a6-8304-af21fc4f3285","Sync_130559bb-864a-49a6-8304-af21fc4f3285_92e5b9cf-c9a2-495d-83b2-3fc82f96324f_134033872297162770","","Azure AD Cloud Sync","","","","","","","","","","","","Account Provisioning","Read","success","Received User 'lewis.thomas2@acme.com' change of type (Add) from Microsoft Entra ID","External Application 9","","756eda03-cf90-441c-808e-b59787d93e2b","objectId","""f32bb32c-d9b7-4656-8596-671a4e468153""","","","accountEnabled","""False""","","","department","""Department 2""","","","displayName","""Lewis Thomas2""","","","givenName","""Lewis""","","","jobTitle","""Job Title 11""","","","ServicePrincipal","","","",""
"2025-10-26 19:07:09","Import","Details","","","ErrorCode","","","ProvisioningManagement","130559bb-864a-49a6-8304-af21fc4f3285","Sync_130559bb-864a-49a6-8304-af21fc4f3285_92e5b9cf-c9a2-495d-83b2-3fc82f96324f_134033872297082790","","Azure AD Cloud Sync","","","","","","","","","","","","Account Provisioning","Read","success","Received User 'kathleen.carter@acme.com' change of type (Add) from Microsoft Entra ID","External Application 9","","756eda03-cf90-441c-808e-b59787d93e2b","objectId","""c2d41362-b857-4351-8a78-520b3070914e""","","","accountEnabled","""False""","","","department","""Department 9""","","","displayName","""Kathleen Carter""","","","givenName","""Kathleen""","","","jobTitle","""Job Title 3""","","","ServicePrincipal","","","",""
"2025-10-26 19:07:09","Import","Details","","","ErrorCode","","","ProvisioningManagement","130559bb-864a-49a6-8304-af21fc4f3285","Sync_130559bb-864a-49a6-8304-af21fc4f3285_92e5b9cf-c9a2-495d-83b2-3fc82f96324f_134033872297002770","","Azure AD Cloud Sync","","","","","","","","","","","","Account Provisioning","Read","success","Received User 'allen3.edward1@acme.com' change of type (Add) from Microsoft Entra ID","External Application 9","","756eda03-cf90-441c-808e-b59787d93e2b","objectId","""2b22d269-4f10-4524-894e-e05c48f3d8d9""","","","accountEnabled","""False""","","","department","""Department 7""","","","displayName","""Allen3 Edward1""","","","givenName","""Allen3""","","","jobTitle","""Job Title 4""","","","ServicePrincipal","","","",""
"2025-10-26 19:07:09","Import","Details","","","ErrorCode","","","ProvisioningManagement","130559bb-864a-49a6-8304-af21fc4f3285","Sync_130559bb-864a-49a6-8304-af21fc4f3285_92e5b9cf-c9a2-495d-83b2-3fc82f96324f_134033872296922780","","Azure AD Cloud Sync","","","","","","","","","","","","Account Provisioning","Read","success","Received User 'mitchell2.ortiz@acme.com' change of type (Add) from Microsoft Entra ID","External Application 9","","756eda03-cf90-441c-808e-b59787d93e2b","objectId","""c86c5f0b-5845-4ed8-8974-9f4817e9f14c""","","","accountEnabled","""False""","","","displayName","""Mitchell2  Ortiz""","","","givenName","""Mitchell2""","","","mailNickname","""mitchell2.ortiz""","","","surname","""Ortiz""","","","ServicePrincipal","","","",""
"2025-10-26 19:07:09","Import","Details","","","ErrorCode","","","ProvisioningManagement","130559bb-864a-49a6-8304-af21fc4f3285","Sync_130559bb-864a-49a6-8304-af21fc4f3285_92e5b9cf-c9a2-495d-83b2-3fc82f96324f_134033872296842770","","Azure AD Cloud Sync","","","","","","","","","","","","Account Provisioning","Read","success","Received User 'ronald1.jackson@acme.com' change of type (Add) from Microsoft Entra ID","External Application 9","","756eda03-cf90-441c-808e-b59787d93e2b","objectId","""bf9339cc-dcd3-419c-87d7-ca33b140e3cb""","","","accountEnabled","""False""","","","displayName","""Ronald1 Jackson""","","","givenName","""Ronald1""","","","jobTitle","""Job Title 13""","","","mailNickname","""ronald1.jackson""","","","ServicePrincipal","","","",""
"2025-10-26 19:07:09","Import","Details","","","ErrorCode","","","ProvisioningManagement","130559bb-864a-49a6-8304-af21fc4f3285","Sync_130559bb-864a-49a6-8304-af21fc4f3285_92e5b9cf-c9a2-495d-83b2-3fc82f96324f_134033872296762770","","Azure AD Cloud Sync","","","","","","","","","","","","Account Provisioning","Read","success","Received User 'cook1.mitchell3@acme.com' change of type (Add) from Microsoft Entra ID","External Application 9","","756eda03-cf90-441c-808e-b59787d93e2b","objectId","""7b6593af-c87d-4674-829a-9ede3adbdf5c""","","","accountEnabled","""False""","","","displayName","""Cook1 Mitchell3""","","","givenName","""Cook1""","","","mailNickname","""cook1.mitchell3""","","","surname","""Mitchell3""","","","ServicePrincipal","","","",""
"2025-10-26 19:07:09","Import","Details","","","ErrorCode","","","ProvisioningManagement","130559bb-864a-49a6-8304-af21fc4f3285","Sync_130559bb-864a-49a6-8304-af21fc4f3285_92e5b9cf-c9a2-495d-83b2-3fc82f96324f_134033872296682770","","Azure AD Cloud Sync","","","","","","","","","","","","Account Provisioning","Read","success","Received User 'jenkins.roberts@acme.com' change of type (Add) from Microsoft Entra ID","External Application 9","","756eda03-cf90-441c-808e-b59787d93e2b","objectId","""b4e2a357-f352-40ff-84e5-5a31a71a3c2d""","","","accountEnabled","""False""","","","department","""Department 7""","","","displayName","""Jenkins Roberts""","","","givenName","""Jenkins""","","","jobTitle","""Job Title 8""","","","ServicePrincipal","","","",""
"2025-10-26 19:07:09","Import","Details","","","ErrorCode","","","ProvisioningManagement","130559bb-864a-49a6-8304-af21fc4f3285","Sync_130559bb-864a-49a6-8304-af21fc4f3285_92e5b9cf-c9a2-495d-83b2-3fc82f96324f_134033872296602770","","Azure AD Cloud Sync","","","","","","","","","","","","Account Provisioning","Read","success","Received User 'catherine1.carter2@acme.com' change of type (Add) from Microsoft Entra ID","External Application 9","","756eda03-cf90-441c-808e-b59787d93e2b","objectId","""2318cfef-8d5d-4570-8820-15637b57a565""","","","accountEnabled","""False""","","","department","""Department 8""","","","displayName","""Catherine1 Carter2""","","","givenName","""Catherine1""","","","jobTitle","""Job Title 8""","","","ServicePrincipal","","","",""
"2025-10-26 19:07:09","Import","Details","","","ErrorCode","","","ProvisioningManagement","130559bb-864a-49a6-8304-af21fc4f3285","Sync_130559bb-864a-49a6-8304-af21fc4f3285_92e5b9cf-c9a2-495d-83b2-3fc82f96324f_134033872296522770","","Azure AD Cloud Sync","","","","","","","","","","","","Account Provisioning","Read","success","Received User 'nguyen.wood1@acme.com' change of type (Add) from Microsoft Entra ID","External Application 9","","756eda03-cf90-441c-808e-b59787d93e2b","objectId","""ce02f276-d914-4909-853b-bf731e718640""","","","accountEnabled","""False""","","","department","""Department 3""","","","displayName","""Nguyen Wood1""","","","givenName","""Nguyen""","","","jobTitle","""Job Title 10""","","","ServicePrincipal","","","",""
"2025-10-26 19:07:09","Import","Details","","","ErrorCode","","","ProvisioningManagement","130559bb-864a-49a6-8304-af21fc4f3285","Sync_130559bb-864a-49a6-8304-af21fc4f3285_92e5b9cf-c9a2-495d-83b2-3fc82f96324f_134033872296442770","","Azure AD Cloud Sync","","","","","","","","","","","","Account Provisioning","Read","success","Received User 'evelyn2.rebecca1@acme.com' change of type (Add) from Microsoft Entra ID","External Application 9","","756eda03-cf90-441c-808e-b59787d93e2b","objectId","""a86ba5ad-6b84-42bb-835e-03d42d52beac""","","","accountEnabled","""False""","","","displayName","""Evelyn2 Rebecca1""","","","givenName","""Evelyn2""","","","jobTitle","""Job Title 5""","","","mailNickname","""evelyn2.rebecca1""","","","ServicePrincipal","","","",""
"2025-10-26 19:07:09","Import","Details","","","ErrorCode","","","ProvisioningManagement","130559bb-864a-49a6-8304-af21fc4f3285","Sync_130559bb-864a-49a6-8304-af21fc4f3285_92e5b9cf-c9a2-495d-83b2-3fc82f96324f_134033872296362790","","Azure AD Cloud Sync","","","","","","","","","","","","Account Provisioning","Read","success","Received User 'thomas1.jimenez@acme.com' change of type (Add) from Microsoft Entra ID","External Application 9","","756eda03-cf90-441c-808e-b59787d93e2b","objectId","""c8bfdc83-e15d-4584-83d0-f156fda37734""","","","accountEnabled","""False""","","","department","""Department 6""","","","displayName","""Thomas1 Jimenez""","","","givenName","""Thomas1""","","","jobTitle","""Job Title 12""","","","ServicePrincipal","","","",""
"2025-10-26 19:07:09","Import","Details","","","ErrorCode","","","ProvisioningManagement","130559bb-864a-49a6-8304-af21fc4f3285","Sync_130559bb-864a-49a6-8304-af21fc4f3285_92e5b9cf-c9a2-495d-83b2-3fc82f96324f_134033872296282780","","Azure AD Cloud Sync","","","","","","","","","","","","Account Provisioning","Read","success","Received User 'samantha1.edward@acme.com' change of type (Add) from Microsoft Entra ID","External Application 9","","756eda03-cf90-441c-808e-b59787d93e2b","objectId","""d0e4a9ac-084a-4133-8c33-53487177cf8a""","","","accountEnabled","""False""","","","department","""Department 1""","","","displayName","""Samantha1 Edward""","","","givenName","""Samantha1""","","","jobTitle","""Job Title 2""","","","ServicePrincipal","","","",""
"2025-10-26 19:07:09","Import","Details","","","ErrorCode","","","ProvisioningManagement","130559bb-864a-49a6-8304-af21fc4f3285","Sync_130559bb-864a-49a6-8304-af21fc4f3285_92e5b9cf-c9a2-495d-83b2-3fc82f96324f_134033872296202790","","Azure AD Cloud Sync","","","","","","","","","","","","Account Provisioning","Read","success","Received User 'peterson.heather2@acme.com' change of type (Add) from Microsoft Entra ID","External Application 9","","756eda03-cf90-441c-808e-b59787d93e2b","objectId","""8107c9dc-0d87-4346-8d13-76a486414747""","","","accountEnabled","""False""","","","displayName","""Peterson Heather2""","","","givenName","""Peterson""","","","jobTitle","""Job Title 5""","","","mailNickname","""peterson.heather2""","","","ServicePrincipal","","","",""
"2025-10-26 19:07:09","Import","Details","","","ErrorCode","","","ProvisioningManagement","130559bb-864a-49a6-8304-af21fc4f3285","Sync_130559bb-864a-49a6-8304-af21fc4f3285_92e5b9cf-c9a2-495d-83b2-3fc82f96324f_134033872296122810","","Azure AD Cloud Sync","","","","","","","","","","","","Account Provisioning","Read","success","Received User 'reed1.mitchell@acme.com' change of type (Add) from Microsoft Entra ID","External Application 9","","756eda03-cf90-441c-808e-b59787d93e2b","objectId","""31510e04-6b24-4a36-8b50-fc1ad11ad4f9""","","","accountEnabled","""False""","","","displayName","""Reed1 Mitchell""","","","givenName","""Reed1""","","","jobTitle","""Job Title 1""","","","mailNickname","""reed1.mitchell""","","","ServicePrincipal","","","",""
"2025-10-26 19:07:09","Import","Details","","","ErrorCode","","","ProvisioningManagement","130559bb-864a-49a6-8304-af21fc4f3285","Sync_130559bb-864a-49a6-8304-af21fc4f3285_92e5b9cf-c9a2-495d-83b2-3fc82f96324f_134033872296012780","","Azure AD Cloud Sync","","","","","","","","","","","","Account Provisioning","Read","success","Received User 'joan.william@acme.com' change of type (Add) from Microsoft Entra ID","External Application 9","","756eda03-cf90-441c-808e-b59787d93e2b","objectId","""627a4ff0-f382-43d9-846c-7c185494c01e""","","","accountEnabled","""False""","","","department","""Department 7""","","","displayName","""Ronald William""","","","givenName","""Ronald""","","","jobTitle","""Job Title 15""","","","ServicePrincipal","","","",""
"2025-10-26 19:07:09","Import","Details","","","ErrorCode","","","ProvisioningManagement","130559bb-864a-49a6-8304-af21fc4f3285","Sync_130559bb-864a-49a6-8304-af21fc4f3285_92e5b9cf-c9a2-495d-83b2-3fc82f96324f_134033872295882780","","Azure AD Cloud Sync","","","","","","","","","","","","Account Provisioning","Read","success","Received User 'diane.nguyen@acme.com' change of type (Add) from Microsoft Entra ID","External Application 9","","756eda03-cf90-441c-808e-b59787d93e2b","objectId","""9a338291-11ec-499c-8425-ba35ea84767e""","","","accountEnabled","""False""","","","displayName","""Diane Nguyen""","","","givenName","""Diane""","","","jobTitle","""Job Title 7""","","","mailNickname","""diane.nguyen""","","","ServicePrincipal","","","",""
"2025-10-26 19:07:09","Import","Details","","","ErrorCode","","","ProvisioningManagement","130559bb-864a-49a6-8304-af21fc4f3285","Sync_130559bb-864a-49a6-8304-af21fc4f3285_92e5b9cf-c9a2-495d-83b2-3fc82f96324f_134033872295762780","","Azure AD Cloud Sync","","","","","","","","","","","","Account Provisioning","Read","success","Received User 'torres1.carter3@acme.com' change of type (Add) from Microsoft Entra ID","External Application 9","","756eda03-cf90-441c-808e-b59787d93e2b","objectId","""7df7de58-2af6-47c2-8887-079db9585c7e""","","","accountEnabled","""False""","","","displayName","""Lee Carter3""","","","givenName","""Lee""","","","mailNickname","""torres1.carter3""","","","surname","""Carter3""","","","ServicePrincipal","","","",""
"2025-10-26 19:07:07","Other","Details","Type: AppRoleAssignment
Modification: Add
Anchor: qbr5z9K8IUyjKAHYTL_siDjlqbyxVPRBvzvI92m0dG0
Matching property values: 76177af3-b8ae-498b-81f0-4c03455d7a6a
OriginalSourceEntryType: 
Reference Change? False
ContainsEntitlement? False
TrackingId 9541503a-5688-4432-879f-cc487b96e863","","ErrorCode","","","ProvisioningManagement","130559bb-864a-49a6-8304-af21fc4f3285","Sync_130559bb-864a-49a6-8304-af21fc4f3285_92e5b9cf-c9a2-495d-83b2-3fc82f96324f_134033872272785980","","Azure AD Cloud Sync","","","","","","","","","","","","Account Provisioning","Read","success","This app role assignment was imported: qbr5z9K8IUyjKAHYTL_siDjlqbyxVPRBvzvI92m0dG0.  The app role granted was 76177af3-b8ae-498b-81f0-4c03455d7a6a.  It was granted to Group 34e0af06-dc41-45ee-8b74-60db5c45fe59.","External Application 9","","756eda03-cf90-441c-808e-b59787d93e2b","","","","","","","","","","","","","","","","","","","","","","","","","ServicePrincipal","","","",""
"2025-10-26 18:58:23","Update user","UserType","Member","","User-Agent","O365AdminPortal","","UserManagement","fbbb3e3a-8028-40d8-8260-2507e51eedc2","Directory_fbbb3e3a-8028-40d8-8260-2507e51eedc2_WPI93_383179537","","","","","","Microsoft Office 365 Portal","","","2603:1036:2400:a019:46ed:e97d:decf:b228","5d3ec9ce-5106-4e8e-8071-22bae2035f17","powell@acme.com","","","Core Directory","Update","success","","","","60f87c3a-599a-4261-80c3-496229a3deb8","Included Updated Properties","""""","","","TargetId.UserType","""Member""","","","","","","","","","","","","","","","","","","","User","virginia.charles@acme.com","","",""
"2025-10-26 18:58:23","Update StsRefreshTokenValidFrom Timestamp","User-Agent","O365AdminPortal","","","","","UserManagement","fbbb3e3a-8028-40d8-8260-2507e51eedc2","Directory_fbbb3e3a-8028-40d8-8260-2507e51eedc2_WPI93_383179524","","","","","","Microsoft Office 365 Portal","","","2603:1036:2400:a019:46ed:e97d:decf:b228","5d3ec9ce-5106-4e8e-8071-22bae2035f17","powell@acme.com","","","Core Directory","Update","success","","","","60f87c3a-599a-4261-80c3-496229a3deb8","Included Updated Properties","""""","","","","","","","","","","","","","","","","","","","","","","","User","virginia.charles@acme.com","","",""
"2025-10-26 18:58:22","Update StsRefreshTokenValidFrom Timestamp","User-Agent","O365AdminPortal","","","","","UserManagement","169f34eb-ac82-4a5f-89cd-f01bacf7b9d5","Directory_169f34eb-ac82-4a5f-89cd-f01bacf7b9d5_1ILIV_19599205","","","","","","Microsoft Office 365 Portal","","","2603:1036:2400:a019:46ed:e97d:decf:b228","5d3ec9ce-5106-4e8e-8071-22bae2035f17","powell@acme.com","","","Core Directory","Update","success","","","","60f87c3a-599a-4261-80c3-496229a3deb8","","","","","","","","","","","","","","","","","","","","","","","","","User","virginia.charles@acme.com","","",""
"2025-10-26 18:58:22","Reset user password","User-Agent","O365AdminPortal","","","","","UserManagement","169f34eb-ac82-4a5f-89cd-f01bacf7b9d5","Directory_169f34eb-ac82-4a5f-89cd-f01bacf7b9d5_1ILIV_19599192","","","","","","Microsoft Office 365 Portal","","","2603:1036:2400:a019:46ed:e97d:decf:b228","5d3ec9ce-5106-4e8e-8071-22bae2035f17","powell@acme.com","","","Core Directory","Update","success","","","","60f87c3a-599a-4261-80c3-496229a3deb8","","","","","","","","","","","","","","","","","","","","","","","","","User","virginia.charles@acme.com","","",""
"2025-10-26 18:58:22","Update PasswordProfile","User-Agent","O365AdminPortal","","","","","UserManagement","169f34eb-ac82-4a5f-89cd-f01bacf7b9d5","Directory_169f34eb-ac82-4a5f-89cd-f01bacf7b9d5_1ILIV_19598723","","","","","","Microsoft Office 365 Portal","","","2603:1036:2400:a019:46ed:e97d:decf:b228","5d3ec9ce-5106-4e8e-8071-22bae2035f17","powell@acme.com","","","Core Directory","Update","success","","","","60f87c3a-599a-4261-80c3-496229a3deb8","Password","","","","","","","","","","","","","","","","","","","","","","","","User","virginia.charles@acme.com","","",""
"2025-10-26 18:58:22","Update user","UserType","Member","","User-Agent","O365AdminPortal","","UserManagement","169f34eb-ac82-4a5f-89cd-f01bacf7b9d5","Directory_169f34eb-ac82-4a5f-89cd-f01bacf7b9d5_1ILIV_19598699","","","","","","Microsoft Office 365 Portal","","","2603:1036:2400:a019:46ed:e97d:decf:b228","5d3ec9ce-5106-4e8e-8071-22bae2035f17","powell@acme.com","","","Core Directory","Update","success","","","","60f87c3a-599a-4261-80c3-496229a3deb8","StsRefreshTokensValidFrom","[""2025-10-26T18:58:22Z""]","[""2025-10-26T18:50:24Z""]","","Included Updated Properties","""StsRefreshTokensValidFrom""","","","TargetId.UserType","""Member""","","","","","","","","","","","","","","","User","virginia.charles@acme.com","","",""
"2025-10-26 18:58:22","Update PasswordProfile","User-Agent","O365AdminPortal","","","","","UserManagement","169f34eb-ac82-4a5f-89cd-f01bacf7b9d5","Directory_169f34eb-ac82-4a5f-89cd-f01bacf7b9d5_1ILIV_19597572","","","","","","Microsoft Office 365 Portal","","","2603:1036:2400:a019:46ed:e97d:decf:b228","5d3ec9ce-5106-4e8e-8071-22bae2035f17","powell@acme.com","","","Core Directory","Update","success","","","","60f87c3a-599a-4261-80c3-496229a3deb8","Password","","","","","","","","","","","","","","","","","","","","","","","","User","virginia.charles@acme.com","","",""
"2025-10-26 18:58:18","Validate Password","User-Agent","O365AdminPortal","","","","","DirectoryManagement","03e3faa6-6757-4425-8327-37cf19701dfb","Directory_03e3faa6-6757-4425-8327-37cf19701dfb_3HXAA_450237455","","","","","","Microsoft Office 365 Portal","","","2603:1036:2400:a019:46ed:e97d:decf:b228","5d3ec9ce-5106-4e8e-8071-22bae2035f17","powell@acme.com","","","Core Directory","Update","success","","Acme","","92e5b9cf-c9a2-495d-83b2-3fc82f96324f","","","","","","","","","","","","","","","","","","","","","","","","","Directory","","","",""
"2025-10-26 18:58:17","Validate Password","User-Agent","O365AdminPortal","","","","","DirectoryManagement","40a2d3d9-2e21-4d51-8e20-2804092c1620","Directory_40a2d3d9-2e21-4d51-8e20-2804092c1620_IG4YS_458702982","","","","","","Microsoft Office 365 Portal","","","2603:1036:2400:a019:46ed:e97d:decf:b228","5d3ec9ce-5106-4e8e-8071-22bae2035f17","powell@acme.com","","","Core Directory","Update","success","","Acme","","92e5b9cf-c9a2-495d-83b2-3fc82f96324f","","","","","","","","","","","","","","","","","","","","","","","","","Directory","","","",""
"2025-10-26 18:54:51","Update user","UserType","Member","","","","","UserManagement","7a3cc6c7-ce77-48db-8eb5-78134e0e68b6","Directory_7a3cc6c7-ce77-48db-8eb5-78134e0e68b6_2J5UC_242829946","","Microsoft Substrate Management","feb2a519-1cc9-4bea-8b5c-237fd8ea9a92","","","","","","","","","","","Core Directory","Update","success","","","","60f87c3a-599a-4261-80c3-496229a3deb8","Included Updated Properties","""""","","","TargetId.UserType","""Member""","","","ActorId.ServicePrincipalNames","""7f53a90e-44b5-410c-8fd1-a31f09c2c31d""","","","SPN","""7f53a90e-44b5-410c-8fd1-a31f09c2c31d""","","","","","","","","","","","User","virginia.charles@acme.com","","",""
"2025-10-26 18:54:27","Change user license","User-Agent","O365AdminPortal","","","","","UserManagement","59c7ddab-3cc0-4422-8f6e-169ba817da89","Directory_59c7ddab-3cc0-4422-8f6e-169ba817da89_I4V0B_141405173","","","","","","Microsoft Office 365 Portal","","","2603:1036:2400:a019:46ed:e97d:decf:b228","5d3ec9ce-5106-4e8e-8071-22bae2035f17","powell@acme.com","","","Core Directory","Update","success","","","","60f87c3a-599a-4261-80c3-496229a3deb8","AssignedLicense","[""[SkuName=O365_BUSINESS_PREMIUM, AccountId=92e5b9cf-c9a2-495d-83b2-3fc82f96324f, SkuId=39ac3934-2505-4b78-8be5-17951ee7c7d1, DisabledPlans=[]]""]","[]","","AssignedPlan","[{""SubscribedPlanId"":""1f88db4e-f236-4866-8075-f4b82dd720cb"",""ServiceInstance"":""VivaSkills/NA001"",""CapabilityStatus"":0,""AssignedTimestamp"":""2025-10-26T18:54:27.7218514Z"",""InitialState"":null,""Capability"":null,""ServicePlanId"":""92344708-f42f-4fb3-8c2c-7cf4de41f68f""},{""SubscribedPlanId"":""524640c1-df0f-49b5-82b0-28d15122e66c"",""ServiceInstance"":""OnlineService/NA001"",""CapabilityStatus"":0,""AssignedTimestamp"":""2025-10-26T18:54:27.7218514Z"",""InitialState"":null,""Capability"":null,""ServicePlanId"":""ce4ad54a-48ee-4ed1-83b0-68ef9fc06654""},{""SubscribedPlanId"":""bb824525-afca-4781-8c2a-ec1b95f52014"",""ServiceInstance"":""exchange/namprd22-001-01"",""CapabilityStatus"":0,""AssignedTimestamp"":""2025-10-26T18:54:27.7218514Z"",""InitialState"":null,""Capability"":null,""ServicePlanId"":""c0781dbc-716e-40d4-8210-7fe7da71105e""},{""SubscribedPlanId"":""24388c5b-fb2a-42e1-854d-c1a62eafeeb2"",""ServiceInstance"":""MixedRealityCollaborationServices/NA001"",""CapabilityStatus"":0,""AssignedTimestamp"":""2025-10-26T18:54:27.7218514Z"",""InitialState"":null,""Capability"":null,""ServicePlanId"":""7abe0b50-46a8-4aab-8235-2ebaf183a72c""},{""SubscribedPlanId"":""057e98f4-5a6e-4324-890e-19b0ed0d1c0c"",""ServiceInstance"":""MixedRealityCollaborationServices/NA001"",""CapabilityStatus"":0,""AssignedTimestamp"":""2025-10-26T18:54:27.7228524Z"",""InitialState"":null,""Capability"":null,""ServicePlanId"":""e26456f9-2992-42ba-8757-83c99400d2d7""},{""SubscribedPlanId"":""9181462f-1d1c-4f88-8896-42dc34727893"",""ServiceInstance"":""MixedRealityCollaborationServices/NA001"",""CapabilityStatus"":0,""AssignedTimestamp"":""2025-10-26T18:54:27.7228524Z"",""InitialState"":null,""Capability"":null,""ServicePlanId"":""91187c2d-f7f7-4c3b-8293-52f70856fc73""},{""SubscribedPlanId"":""616baa50-8304-452d-8e0c-8037fdb32d0f"",""ServiceInstance"":""Chapter5FluidApp/NA001"",""CapabilityStatus"":0,""AssignedTimestamp"":""2025-10-26T18:54:27.7228524Z"",""InitialState"":null,""Capability"":null,""ServicePlanId"":""419e0e54-6213-44ba-84df-d56561391bf7""},{""SubscribedPlanId"":""42fa3b71-873d-4acd-848f-89484d543580"",""ServiceInstance"":""Bing/NA001"",""CapabilityStatus"":0,""AssignedTimestamp"":""2025-10-26T18:54:27.7228524Z"",""InitialState"":null,""Capability"":null,""ServicePlanId"":""364130f7-f689-4314-872b-872b47016e25""},{""SubscribedPlanId"":""011b6f14-71d6-4948-8857-d4d1b60a0610"",""ServiceInstance"":""SharePoint/SPOS1084"",""CapabilityStatus"":0,""AssignedTimestamp"":""2025-10-26T18:54:27.7228524Z"",""InitialState"":null,""Capability"":null,""ServicePlanId"":""832e88e1-3db2-44f6-8879-e73cf633bcf9""},{""SubscribedPlanId"":""c7afe6ed-95a2-4ea1-8945-943fae9d8003"",""ServiceInstance"":""YammerEnterprise/*"",""CapabilityStatus"":0,""AssignedTimestamp"":""2025-10-26T18:54:27.7228524Z"",""InitialState"":null,""Capability"":null,""ServicePlanId"":""cb425314-632f-4b68-89b9-51124227bfd7""},{""SubscribedPlanId"":""5b629bd3-27e4-4127-801e-15d169d6b687"",""ServiceInstance"":""LearningAppServiceInTeams/NA001"",""CapabilityStatus"":0,""AssignedTimestamp"":""2025-10-26T18:54:27.7228524Z"",""InitialState"":null,""Capability"":null,""ServicePlanId"":""0c4f3587-5446-4441-8c9b-af10fcd81dc5""},{""SubscribedPlanId"":""f3de3b7b-1936-4290-8aa8-765c53799931"",""ServiceInstance"":""ccibotsprod/NA001"",""CapabilityStatus"":0,""AssignedTimestamp"":""2025-10-26T18:54:27.7228524Z"",""InitialState"":null,""Capability"":null,""ServicePlanId"":""8add301a-4f40-493f-87e1-0a79ae9c1114""},{""SubscribedPlanId"":""91358a7b-018a-49ff-802d-35065d670ceb"",""ServiceInstance"":""CRM/NA100"",""CapabilityStatus"":0,""AssignedTimestamp"":""2025-10-26T18:54:27.7228524Z"",""InitialState"":null,""Capability"":null,""ServicePlanId"":""b254ab13-c794-4ec7-8704-9ee0cc9244eb""},{""SubscribedPlanId"":""1e5fba2c-2971-4538-8433-c6198e31b2f6"",""ServiceInstance"":""ProjectProgramsAndPortfolios/NA001"",""CapabilityStatus"":0,""AssignedTimestamp"":""2025-10-26T18:54:27.7238594Z"",""InitialState"":null,""Capability"":null,""ServicePlanId"":""6aad38f9-b985-4e3b-83f1-b601c6b4ca6e""},{""SubscribedPlanId"":""f062ad6d-dc8c-4176-80ee-b2f62c86e494"",""ServiceInstance"":""CRM/NA100"",""CapabilityStatus"":0,""AssignedTimestamp"":""2025-10-26T18:54:27.7238594Z"",""InitialState"":null,""Capability"":null,""ServicePlanId"":""a3b056ec-36a7-4a2a-838d-4eb299ab3df4""},{""SubscribedPlanId"":""9a0bd224-5b09-41cc-87f4-eae78b51b8ed"",""ServiceInstance"":""WhiteboardServices/NA001"",""CapabilityStatus"":0,""AssignedTimestamp"":""2025-10-26T18:54:27.7238594Z"",""InitialState"":null,""Capability"":null,""ServicePlanId"":""29b77133-4309-4d7b-884a-4b1a1857334d""},{""SubscribedPlanId"":""a62df997-80a9-47cd-8e1c-930c26dd9db5"",""ServiceInstance"":""exchange/namprd22-001-01"",""CapabilityStatus"":0,""AssignedTimestamp"":""2025-10-26T18:54:27.7238594Z"",""InitialState"":null,""Capability"":null,""ServicePlanId"":""67ad4f56-cd73-4c93-872e-f6d20eb29842""},{""SubscribedPlanId"":""cadfde80-87d4-4d9a-87b4-87c0f98622f0"",""ServiceInstance"":""DynamicsNAV/NA"",""CapabilityStatus"":0,""AssignedTimestamp"":""2025-10-26T18:54:27.7238594Z"",""InitialState"":null,""Capability"":null,""ServicePlanId"":""e9239356-8408-4829-8934-50eefedeac37""},{""SubscribedPlanId"":""e8b60e01-d181-4056-87c3-e56060bb420e"",""ServiceInstance"":""MicrosoftKaizala/NA001"",""CapabilityStatus"":0,""AssignedTimestamp"":""2025-10-26T18:54:27.7238594Z"",""InitialState"":null,""Capability"":null,""ServicePlanId"":""0fc2c1bf-2d1e-473c-8f9b-581220fcc226""},{""SubscribedPlanId"":""9de98d9b-348a-44f1-8846-d87c612828b0"",""ServiceInstance"":""MicrosoftStream/NA001"",""CapabilityStatus"":0,""AssignedTimestamp"":""2025-10-26T18:54:27.7238594Z"",""InitialState"":null,""Capability"":null,""ServicePlanId"":""05538f2f-f64d-499f-8fc3-0dff5b6b37f7""},{""SubscribedPlanId"":""5eaed281-7e0c-4d8d-8170-1cb64444234f"",""ServiceInstance"":""Deskless/NA001"",""CapabilityStatus"":0,""AssignedTimestamp"":""2025-10-26T18:54:27.7238594Z"",""InitialState"":null,""Capability"":null,""ServicePlanId"":""2c56b653-1467-4db9-8546-9f398b83b66b""},{""SubscribedPlanId"":""206b8375-2e17-4f39-8e93-b46816fa5d09"",""ServiceInstance"":""To-Do/NA001"",""CapabilityStatus"":0,""AssignedTimestamp"":""2025-10-26T18:54:27.7238594Z"",""InitialState"":null,""Capability"":null,""ServicePlanId"":""dd3e0f55-63a0-42fa-8fba-fa4ea408a599""},{""SubscribedPlanId"":""7605f28d-5252-4a89-8ce8-ac22a50c4388"",""ServiceInstance"":""exchange/namprd22-001-01"",""CapabilityStatus"":0,""AssignedTimestamp"":""2025-10-26T18:54:27.7238594Z"",""InitialState"":null,""Capability"":null,""ServicePlanId"":""a2afce0b-3a0b-4d16-8eb7-6a25d252793e""},{""SubscribedPlanId"":""82b5386f-9800-4664-85d8-3a71566fbc05"",""ServiceInstance"":""OfficeForms/NA001"",""CapabilityStatus"":0,""AssignedTimestamp"":""2025-10-26T18:54:27.7248539Z"",""InitialState"":null,""Capability"":null,""ServicePlanId"":""c39e19c3-e7ba-4252-8e41-bfa5a25dbfbf""},{""SubscribedPlanId"":""381c4471-2d2e-4efa-83ee-4b3c85a754fd"",""ServiceInstance"":""ProcessSimple/NA001"",""CapabilityStatus"":0,""AssignedTimestamp"":""2025-10-26T18:54:27.7248539Z"",""InitialState"":null,""Capability"":null,""ServicePlanId"":""b0ac01a0-3ce2-4a09-8d40-c6c20c82e09d""},{""SubscribedPlanId"":""19046da9-c751-46c4-8740-03678287c6b5"",""ServiceInstance"":""PowerAppsService/NA001"",""CapabilityStatus"":0,""AssignedTimestamp"":""2025-10-26T18:54:27.7248539Z"",""InitialState"":null,""Capability"":null,""ServicePlanId"":""beba6de4-c147-4e63-8824-4ff01f51f908""},{""SubscribedPlanId"":""a146ddc9-d21b-4906-8802-e6fb060b7149"",""ServiceInstance"":""exchange/namprd22-001-01"",""CapabilityStatus"":0,""AssignedTimestamp"":""2025-10-26T18:54:27.7248539Z"",""InitialState"":null,""Capability"":null,""ServicePlanId"":""396b0ac6-0531-4cd2-8488-f81cce7a75fe""},{""SubscribedPlanId"":""cb37270c-4503-411a-831f-40f71c64538b"",""ServiceInstance"":""TeamspaceAPI/NA001"",""CapabilityStatus"":0,""AssignedTimestamp"":""2025-10-26T18:54:27.7248539Z"",""InitialState"":null,""Capability"":null,""ServicePlanId"":""38c14383-8ae6-4db3-814f-f88bb6679666""},{""SubscribedPlanId"":""5ce18d11-4209-4cce-885c-501aabadfb70"",""ServiceInstance"":""ProjectWorkManagement/*"",""CapabilityStatus"":0,""AssignedTimestamp"":""2025-10-26T18:54:27.7248539Z"",""InitialState"":null,""Capability"":null,""ServicePlanId"":""3dc29034-a956-434a-8a9f-dd7617737148""},{""SubscribedPlanId"":""54cb4cc1-1948-42b8-8b6d-6632a0813633"",""ServiceInstance"":""Sway/NA001"",""CapabilityStatus"":0,""AssignedTimestamp"":""2025-10-26T18:54:27.7248539Z"",""InitialState"":null,""Capability"":null,""ServicePlanId"":""b13ebe20-1c23-48df-8967-965ebae8a14c""},{""SubscribedPlanId"":""81ed66bd-8fe6-41ed-8408-92e820993d1b"",""ServiceInstance"":""SharePoint/SPOS1084"",""CapabilityStatus"":0,""AssignedTimestamp"":""2025-10-26T18:54:27.7248539Z"",""InitialState"":null,""Capability"":null,""ServicePlanId"":""29fd2449-77bc-42b2-8708-27b06098eac5""},{""SubscribedPlanId"":""a1f4bba7-02d5-4ee1-8c60-184802c18515"",""ServiceInstance"":""MicrosoftOffice/NorthAmerica4"",""CapabilityStatus"":0,""AssignedTimestamp"":""2025-10-26T18:54:27.7248539Z"",""InitialState"":null,""Capability"":null,""ServicePlanId"":""0538db1c-bce7-41a2-8630-487bc418707d""},{""SubscribedPlanId"":""fe498596-39ff-4293-8b2a-5fda800c4588"",""ServiceInstance"":""YammerEnterprise/*"",""CapabilityStatus"":0,""AssignedTimestamp"":""2025-10-26T18:54:27.7248539Z"",""InitialState"":null,""Capability"":null,""ServicePlanId"":""e37ba1b9-7760-4d68-861d-5cfd6579021e""},{""SubscribedPlanId"":""da97eff8-1253-4a1c-8f2b-35ea4adb88c5"",""ServiceInstance"":""exchange/namprd22-001-01"",""CapabilityStatus"":0,""AssignedTimestamp"":""2025-10-26T18:54:27.7248539Z"",""InitialState"":null,""Capability"":null,""ServicePlanId"":""a9b582d3-f275-4f37-8754-b4444747df6a""},{""SubscribedPlanId"":""dc164235-d87f-4c9a-8fe8-2481a2434ef6"",""ServiceInstance"":""MicrosoftCommunicationsOnline/NOAM-2A-S7"",""CapabilityStatus"":0,""AssignedTimestamp"":""2025-10-26T18:54:27.7248539Z"",""InitialState"":null,""Capability"":null,""ServicePlanId"":""84ddd08f-c30f-4682-8c4c-63537cd0be71""},{""SubscribedPlanId"":""940c6631-652d-40f9-8f48-bc5ab9b38829"",""ServiceInstance"":""SharePoint/SPOS1084"",""CapabilityStatus"":0,""AssignedTimestamp"":""2025-10-26T18:54:27.7258515Z"",""InitialState"":null,""Capability"":null,""ServicePlanId"":""ae69e625-e0be-491d-8c59-0d5e882ef555""}]","[]","","ProxyAddresses","[""SMTP:virginia.charles@acme.com""]","[]","","Included Updated Properties","""AssignedLicense, AssignedPlan, ProxyAddresses""","","","TargetId.UserType","""Member""","","","","","","","User","virginia.charles@acme.com","","",""
"2025-10-26 18:54:27","Update user","UserType","Member","","User-Agent","O365AdminPortal","","UserManagement","59c7ddab-3cc0-4422-8f6e-169ba817da89","Directory_59c7ddab-3cc0-4422-8f6e-169ba817da89_I4V0B_141405164","","","","","","Microsoft Office 365 Portal","","","2603:1036:2400:a019:46ed:e97d:decf:b228","5d3ec9ce-5106-4e8e-8071-22bae2035f17","powell@acme.com","","","Core Directory","Update","success","","","","60f87c3a-599a-4261-80c3-496229a3deb8","AssignedLicense","[""[SkuName=O365_BUSINESS_PREMIUM, AccountId=92e5b9cf-c9a2-495d-83b2-3fc82f96324f, SkuId=39ac3934-2505-4b78-8be5-17951ee7c7d1, DisabledPlans=[]]""]","[]","","AssignedPlan","[{""SubscribedPlanId"":""1f88db4e-f236-4866-8075-f4b82dd720cb"",""ServiceInstance"":""VivaSkills/NA001"",""CapabilityStatus"":0,""AssignedTimestamp"":""2025-10-26T18:54:27.7218514Z"",""InitialState"":null,""Capability"":null,""ServicePlanId"":""92344708-f42f-4fb3-8c2c-7cf4de41f68f""},{""SubscribedPlanId"":""524640c1-df0f-49b5-82b0-28d15122e66c"",""ServiceInstance"":""OnlineService/NA001"",""CapabilityStatus"":0,""AssignedTimestamp"":""2025-10-26T18:54:27.7218514Z"",""InitialState"":null,""Capability"":null,""ServicePlanId"":""ce4ad54a-48ee-4ed1-83b0-68ef9fc06654""},{""SubscribedPlanId"":""bb824525-afca-4781-8c2a-ec1b95f52014"",""ServiceInstance"":""exchange/namprd22-001-01"",""CapabilityStatus"":0,""AssignedTimestamp"":""2025-10-26T18:54:27.7218514Z"",""InitialState"":null,""Capability"":null,""ServicePlanId"":""c0781dbc-716e-40d4-8210-7fe7da71105e""},{""SubscribedPlanId"":""24388c5b-fb2a-42e1-854d-c1a62eafeeb2"",""ServiceInstance"":""MixedRealityCollaborationServices/NA001"",""CapabilityStatus"":0,""AssignedTimestamp"":""2025-10-26T18:54:27.7218514Z"",""InitialState"":null,""Capability"":null,""ServicePlanId"":""7abe0b50-46a8-4aab-8235-2ebaf183a72c""},{""SubscribedPlanId"":""057e98f4-5a6e-4324-890e-19b0ed0d1c0c"",""ServiceInstance"":""MixedRealityCollaborationServices/NA001"",""CapabilityStatus"":0,""AssignedTimestamp"":""2025-10-26T18:54:27.7228524Z"",""InitialState"":null,""Capability"":null,""ServicePlanId"":""e26456f9-2992-42ba-8757-83c99400d2d7""},{""SubscribedPlanId"":""9181462f-1d1c-4f88-8896-42dc34727893"",""ServiceInstance"":""MixedRealityCollaborationServices/NA001"",""CapabilityStatus"":0,""AssignedTimestamp"":""2025-10-26T18:54:27.7228524Z"",""InitialState"":null,""Capability"":null,""ServicePlanId"":""91187c2d-f7f7-4c3b-8293-52f70856fc73""},{""SubscribedPlanId"":""616baa50-8304-452d-8e0c-8037fdb32d0f"",""ServiceInstance"":""Chapter5FluidApp/NA001"",""CapabilityStatus"":0,""AssignedTimestamp"":""2025-10-26T18:54:27.7228524Z"",""InitialState"":null,""Capability"":null,""ServicePlanId"":""419e0e54-6213-44ba-84df-d56561391bf7""},{""SubscribedPlanId"":""42fa3b71-873d-4acd-848f-89484d543580"",""ServiceInstance"":""Bing/NA001"",""CapabilityStatus"":0,""AssignedTimestamp"":""2025-10-26T18:54:27.7228524Z"",""InitialState"":null,""Capability"":null,""ServicePlanId"":""364130f7-f689-4314-872b-872b47016e25""},{""SubscribedPlanId"":""011b6f14-71d6-4948-8857-d4d1b60a0610"",""ServiceInstance"":""SharePoint/SPOS1084"",""CapabilityStatus"":0,""AssignedTimestamp"":""2025-10-26T18:54:27.7228524Z"",""InitialState"":null,""Capability"":null,""ServicePlanId"":""832e88e1-3db2-44f6-8879-e73cf633bcf9""},{""SubscribedPlanId"":""c7afe6ed-95a2-4ea1-8945-943fae9d8003"",""ServiceInstance"":""YammerEnterprise/*"",""CapabilityStatus"":0,""AssignedTimestamp"":""2025-10-26T18:54:27.7228524Z"",""InitialState"":null,""Capability"":null,""ServicePlanId"":""cb425314-632f-4b68-89b9-51124227bfd7""},{""SubscribedPlanId"":""5b629bd3-27e4-4127-801e-15d169d6b687"",""ServiceInstance"":""LearningAppServiceInTeams/NA001"",""CapabilityStatus"":0,""AssignedTimestamp"":""2025-10-26T18:54:27.7228524Z"",""InitialState"":null,""Capability"":null,""ServicePlanId"":""0c4f3587-5446-4441-8c9b-af10fcd81dc5""},{""SubscribedPlanId"":""f3de3b7b-1936-4290-8aa8-765c53799931"",""ServiceInstance"":""ccibotsprod/NA001"",""CapabilityStatus"":0,""AssignedTimestamp"":""2025-10-26T18:54:27.7228524Z"",""InitialState"":null,""Capability"":null,""ServicePlanId"":""8add301a-4f40-493f-87e1-0a79ae9c1114""},{""SubscribedPlanId"":""91358a7b-018a-49ff-802d-35065d670ceb"",""ServiceInstance"":""CRM/NA100"",""CapabilityStatus"":0,""AssignedTimestamp"":""2025-10-26T18:54:27.7228524Z"",""InitialState"":null,""Capability"":null,""ServicePlanId"":""b254ab13-c794-4ec7-8704-9ee0cc9244eb""},{""SubscribedPlanId"":""1e5fba2c-2971-4538-8433-c6198e31b2f6"",""ServiceInstance"":""ProjectProgramsAndPortfolios/NA001"",""CapabilityStatus"":0,""AssignedTimestamp"":""2025-10-26T18:54:27.7238594Z"",""InitialState"":null,""Capability"":null,""ServicePlanId"":""6aad38f9-b985-4e3b-83f1-b601c6b4ca6e""},{""SubscribedPlanId"":""f062ad6d-dc8c-4176-80ee-b2f62c86e494"",""ServiceInstance"":""CRM/NA100"",""CapabilityStatus"":0,""AssignedTimestamp"":""2025-10-26T18:54:27.7238594Z"",""InitialState"":null,""Capability"":null,""ServicePlanId"":""a3b056ec-36a7-4a2a-838d-4eb299ab3df4""},{""SubscribedPlanId"":""9a0bd224-5b09-41cc-87f4-eae78b51b8ed"",""ServiceInstance"":""WhiteboardServices/NA001"",""CapabilityStatus"":0,""AssignedTimestamp"":""2025-10-26T18:54:27.7238594Z"",""InitialState"":null,""Capability"":null,""ServicePlanId"":""29b77133-4309-4d7b-884a-4b1a1857334d""},{""SubscribedPlanId"":""a62df997-80a9-47cd-8e1c-930c26dd9db5"",""ServiceInstance"":""exchange/namprd22-001-01"",""CapabilityStatus"":0,""AssignedTimestamp"":""2025-10-26T18:54:27.7238594Z"",""InitialState"":null,""Capability"":null,""ServicePlanId"":""67ad4f56-cd73-4c93-872e-f6d20eb29842""},{""SubscribedPlanId"":""cadfde80-87d4-4d9a-87b4-87c0f98622f0"",""ServiceInstance"":""DynamicsNAV/NA"",""CapabilityStatus"":0,""AssignedTimestamp"":""2025-10-26T18:54:27.7238594Z"",""InitialState"":null,""Capability"":null,""ServicePlanId"":""e9239356-8408-4829-8934-50eefedeac37""},{""SubscribedPlanId"":""e8b60e01-d181-4056-87c3-e56060bb420e"",""ServiceInstance"":""MicrosoftKaizala/NA001"",""CapabilityStatus"":0,""AssignedTimestamp"":""2025-10-26T18:54:27.7238594Z"",""InitialState"":null,""Capability"":null,""ServicePlanId"":""0fc2c1bf-2d1e-473c-8f9b-581220fcc226""},{""SubscribedPlanId"":""9de98d9b-348a-44f1-8846-d87c612828b0"",""ServiceInstance"":""MicrosoftStream/NA001"",""CapabilityStatus"":0,""AssignedTimestamp"":""2025-10-26T18:54:27.7238594Z"",""InitialState"":null,""Capability"":null,""ServicePlanId"":""05538f2f-f64d-499f-8fc3-0dff5b6b37f7""},{""SubscribedPlanId"":""5eaed281-7e0c-4d8d-8170-1cb64444234f"",""ServiceInstance"":""Deskless/NA001"",""CapabilityStatus"":0,""AssignedTimestamp"":""2025-10-26T18:54:27.7238594Z"",""InitialState"":null,""Capability"":null,""ServicePlanId"":""2c56b653-1467-4db9-8546-9f398b83b66b""},{""SubscribedPlanId"":""206b8375-2e17-4f39-8e93-b46816fa5d09"",""ServiceInstance"":""To-Do/NA001"",""CapabilityStatus"":0,""AssignedTimestamp"":""2025-10-26T18:54:27.7238594Z"",""InitialState"":null,""Capability"":null,""ServicePlanId"":""dd3e0f55-63a0-42fa-8fba-fa4ea408a599""},{""SubscribedPlanId"":""7605f28d-5252-4a89-8ce8-ac22a50c4388"",""ServiceInstance"":""exchange/namprd22-001-01"",""CapabilityStatus"":0,""AssignedTimestamp"":""2025-10-26T18:54:27.7238594Z"",""InitialState"":null,""Capability"":null,""ServicePlanId"":""a2afce0b-3a0b-4d16-8eb7-6a25d252793e""},{""SubscribedPlanId"":""82b5386f-9800-4664-85d8-3a71566fbc05"",""ServiceInstance"":""OfficeForms/NA001"",""CapabilityStatus"":0,""AssignedTimestamp"":""2025-10-26T18:54:27.7248539Z"",""InitialState"":null,""Capability"":null,""ServicePlanId"":""c39e19c3-e7ba-4252-8e41-bfa5a25dbfbf""},{""SubscribedPlanId"":""381c4471-2d2e-4efa-83ee-4b3c85a754fd"",""ServiceInstance"":""ProcessSimple/NA001"",""CapabilityStatus"":0,""AssignedTimestamp"":""2025-10-26T18:54:27.7248539Z"",""InitialState"":null,""Capability"":null,""ServicePlanId"":""b0ac01a0-3ce2-4a09-8d40-c6c20c82e09d""},{""SubscribedPlanId"":""19046da9-c751-46c4-8740-03678287c6b5"",""ServiceInstance"":""PowerAppsService/NA001"",""CapabilityStatus"":0,""AssignedTimestamp"":""2025-10-26T18:54:27.7248539Z"",""InitialState"":null,""Capability"":null,""ServicePlanId"":""beba6de4-c147-4e63-8824-4ff01f51f908""},{""SubscribedPlanId"":""a146ddc9-d21b-4906-8802-e6fb060b7149"",""ServiceInstance"":""exchange/namprd22-001-01"",""CapabilityStatus"":0,""AssignedTimestamp"":""2025-10-26T18:54:27.7248539Z"",""InitialState"":null,""Capability"":null,""ServicePlanId"":""396b0ac6-0531-4cd2-8488-f81cce7a75fe""},{""SubscribedPlanId"":""cb37270c-4503-411a-831f-40f71c64538b"",""ServiceInstance"":""TeamspaceAPI/NA001"",""CapabilityStatus"":0,""AssignedTimestamp"":""2025-10-26T18:54:27.7248539Z"",""InitialState"":null,""Capability"":null,""ServicePlanId"":""38c14383-8ae6-4db3-814f-f88bb6679666""},{""SubscribedPlanId"":""5ce18d11-4209-4cce-885c-501aabadfb70"",""ServiceInstance"":""ProjectWorkManagement/*"",""CapabilityStatus"":0,""AssignedTimestamp"":""2025-10-26T18:54:27.7248539Z"",""InitialState"":null,""Capability"":null,""ServicePlanId"":""3dc29034-a956-434a-8a9f-dd7617737148""},{""SubscribedPlanId"":""54cb4cc1-1948-42b8-8b6d-6632a0813633"",""ServiceInstance"":""Sway/NA001"",""CapabilityStatus"":0,""AssignedTimestamp"":""2025-10-26T18:54:27.7248539Z"",""InitialState"":null,""Capability"":null,""ServicePlanId"":""b13ebe20-1c23-48df-8967-965ebae8a14c""},{""SubscribedPlanId"":""81ed66bd-8fe6-41ed-8408-92e820993d1b"",""ServiceInstance"":""SharePoint/SPOS1084"",""CapabilityStatus"":0,""AssignedTimestamp"":""2025-10-26T18:54:27.7248539Z"",""InitialState"":null,""Capability"":null,""ServicePlanId"":""29fd2449-77bc-42b2-8708-27b06098eac5""},{""SubscribedPlanId"":""a1f4bba7-02d5-4ee1-8c60-184802c18515"",""ServiceInstance"":""MicrosoftOffice/NorthAmerica4"",""CapabilityStatus"":0,""AssignedTimestamp"":""2025-10-26T18:54:27.7248539Z"",""InitialState"":null,""Capability"":null,""ServicePlanId"":""0538db1c-bce7-41a2-8630-487bc418707d""},{""SubscribedPlanId"":""fe498596-39ff-4293-8b2a-5fda800c4588"",""ServiceInstance"":""YammerEnterprise/*"",""CapabilityStatus"":0,""AssignedTimestamp"":""2025-10-26T18:54:27.7248539Z"",""InitialState"":null,""Capability"":null,""ServicePlanId"":""e37ba1b9-7760-4d68-861d-5cfd6579021e""},{""SubscribedPlanId"":""da97eff8-1253-4a1c-8f2b-35ea4adb88c5"",""ServiceInstance"":""exchange/namprd22-001-01"",""CapabilityStatus"":0,""AssignedTimestamp"":""2025-10-26T18:54:27.7248539Z"",""InitialState"":null,""Capability"":null,""ServicePlanId"":""a9b582d3-f275-4f37-8754-b4444747df6a""},{""SubscribedPlanId"":""dc164235-d87f-4c9a-8fe8-2481a2434ef6"",""ServiceInstance"":""MicrosoftCommunicationsOnline/NOAM-2A-S7"",""CapabilityStatus"":0,""AssignedTimestamp"":""2025-10-26T18:54:27.7248539Z"",""InitialState"":null,""Capability"":null,""ServicePlanId"":""84ddd08f-c30f-4682-8c4c-63537cd0be71""},{""SubscribedPlanId"":""940c6631-652d-40f9-8f48-bc5ab9b38829"",""ServiceInstance"":""SharePoint/SPOS1084"",""CapabilityStatus"":0,""AssignedTimestamp"":""2025-10-26T18:54:27.7258515Z"",""InitialState"":null,""Capability"":null,""ServicePlanId"":""ae69e625-e0be-491d-8c59-0d5e882ef555""}]","[]","","ProxyAddresses","[""SMTP:virginia.charles@acme.com""]","[]","","Included Updated Properties","""AssignedLicense, AssignedPlan, ProxyAddresses""","","","TargetId.UserType","""Member""","","","","","","","User","virginia.charles@acme.com","","",""
"2025-10-26 18:54:27","Update user","UserType","Member","","User-Agent","O365AdminPortal","","UserManagement","69131cc4-17ea-4b0b-852d-1d0e6ae9155c","Directory_69131cc4-17ea-4b0b-852d-1d0e6ae9155c_3HXAA_449450946","","","","","","Microsoft Office 365 Portal","","","2603:1036:2400:a019:46ed:e97d:decf:b228","5d3ec9ce-5106-4e8e-8071-22bae2035f17","powell@acme.com","","","Core Directory","Update","success","","","","60f87c3a-599a-4261-80c3-496229a3deb8","UsageLocation","[""US""]","[]","","Included Updated Properties","""UsageLocation""","","","TargetId.UserType","""Member""","","","","","","","","","","","","","","","User","virginia.charles@acme.com","","",""
"2025-10-26 18:54:21","Add Windows Hello for Business credential","AdditionalInfo","Successfully provisioned key with identifier 7d6239b8-79bc-4c1e-8eff-46b23ccbea6e. KeyStrength: Normal. Details: Attributes: [None], Platform: [Windows]","","AAGuid","Unknown","","UserManagement","7185a133-8150-40fc-8685-c05d4fc50cf1","Device Registration Service_7185a133-8150-40fc-8685-c05d4fc50cf1_1NYYO_3701747753","","","","","","","","","128.92.78.120","5d3ec9ce-5106-4e8e-8071-22bae2035f17","powell@acme.com","","","Device Registration Service","Add","success","","","","5d3ec9ce-5106-4e8e-8071-22bae2035f17","searchableDeviceKey","[{""usage"":""NGC"",""keyIdentifier"":""bFaO7ldhoUPJWLd47OcSJPvcdaf/zQL2zGKypVMyDbY="",""creationTime"":""6/15/2025 5:43:21 PM +00:00"",""deviceId"":""33723f12-3b66-4cfe-8f8d-cad4552086c9"",""customKeyInformation"":{""Version"":1,""Attestation"":1,""VolumeType"":0,""SupportsNotification"":0,""WipKeyVersion"":0,""KeyStrength"":2,""KeyFormat"":1,""Platform"":0,""SyncType"":0,""ExtendedCustomKeyInformationVersion"":0,""ExtendedCustomKeyInfo"":null}},{""usage"":""NGC"",""keyIdentifier"":""8Y9syBBIiZMDsIU4ZiQDN0SNE7zxs03jDvQpBKEnCW4="",""creationTime"":""5/28/2025 7:38:47 PM +00:00"",""deviceId"":""5f29454a-9274-4522-8bf9-d50586aa09d5"",""customKeyInformation"":{""Version"":1,""Attestation"":1,""VolumeType"":0,""SupportsNotification"":0,""WipKeyVersion"":0,""KeyStrength"":2,""KeyFormat"":1,""Platform"":0,""SyncType"":0,""ExtendedCustomKeyInformationVersion"":0,""ExtendedCustomKeyInfo"":null}},{""usage"":""NGC"",""keyIdentifier"":""AzbaSJ58qsd8o1djFXG+aj6kwlA8yvEzs3x/vCfrF8c="",""creationTime"":""5/14/2025 9:44:04 PM +00:00"",""deviceId"":""9576a59a-0704-4623-851d-c4816951c8da"",""customKeyInformation"":{""Version"":1,""Attestation"":1,""VolumeType"":0,""SupportsNotification"":0,""WipKeyVersion"":0,""KeyStrength"":2,""KeyFormat"":1,""Platform"":0,""SyncType"":0,""ExtendedCustomKeyInformationVersion"":0,""ExtendedCustomKeyInfo"":null}},{""usage"":""NGC"",""keyIdentifier"":""v5U2QKOgfeAoC1pDKjWREHLMZFkdYmgj8DfXewiV85g="",""creationTime"":""12/27/2024 6:01:23 PM +00:00"",""deviceId"":""9ac33253-3846-409a-8592-cbc5cbf2f2e4"",""customKeyInformation"":{""Version"":1,""Attestation"":1,""VolumeType"":0,""SupportsNotification"":0,""WipKeyVersion"":0,""KeyStrength"":2,""KeyFormat"":1,""Platform"":0,""SyncType"":0,""ExtendedCustomKeyInformationVersion"":0,""ExtendedCustomKeyInfo"":null}},{""usage"":""NGC"",""keyIdentifier"":""fgzJOZYJYtiCfUQhgUjZqq97YlvsHqM3/yRnt5pJtWk="",""creationTime"":""4/29/2024 7:32:59 PM +00:00"",""deviceId"":""244a683b-845e-4678-8302-d8524234d47e"",""customKeyInformation"":{""Version"":1,""Attestation"":1,""VolumeType"":0,""SupportsNotification"":0,""WipKeyVersion"":0,""KeyStrength"":2,""KeyFormat"":1,""Platform"":0,""SyncType"":0,""ExtendedCustomKeyInformationVersion"":0,""ExtendedCustomKeyInfo"":null}},{""usage"":""NGC"",""keyIdentifier"":""ihOFB0rODSUNpZVIiWi+q2O65C1u7Bc5reISl9ilZkg="",""creationTime"":""1/27/2024 11:56:02 PM +00:00"",""deviceId"":""64a38bf0-6a77-48b1-8d5e-87d15d32700e"",""customKeyInformation"":{""Version"":1,""Attestation"":1,""VolumeType"":0,""SupportsNotification"":0,""WipKeyVersion"":0,""KeyStrength"":2,""KeyFormat"":1,""Platform"":0,""SyncType"":0,""ExtendedCustomKeyInformationVersion"":0,""ExtendedCustomKeyInfo"":null}},{""usage"":""NGC"",""keyIdentifier"":""DJvJB2rv7qCwUueSYsfAAREU6rHvoYSIvqIy84VHZ5E="",""creationTime"":""10/26/2025 6:54:21 PM +00:00"",""deviceId"":""95629f5b-b8ac-4a8e-8083-13ba549761fa"",""customKeyInformation"":{""Version"":1,""Attestation"":1,""VolumeType"":0,""SupportsNotification"":0,""WipKeyVersion"":0,""KeyStrength"":2,""KeyFormat"":1,""Platform"":0,""SyncType"":0,""ExtendedCustomKeyInformationVersion"":0,""ExtendedCustomKeyInfo"":null}}]","[{""usage"":""NGC"",""keyIdentifier"":""bFaO7ldhoUPJWLd47OcSJPvcdaf/zQL2zGKypVMyDbY="",""creationTime"":""6/15/2025 5:43:21 PM +00:00"",""deviceId"":""33723f12-3b66-4cfe-8f8d-cad4552086c9"",""customKeyInformation"":{""Version"":1,""Attestation"":1,""VolumeType"":0,""SupportsNotification"":0,""WipKeyVersion"":0,""KeyStrength"":2,""KeyFormat"":1,""Platform"":0,""SyncType"":0,""ExtendedCustomKeyInformationVersion"":0,""ExtendedCustomKeyInfo"":null}},{""usage"":""NGC"",""keyIdentifier"":""8Y9syBBIiZMDsIU4ZiQDN0SNE7zxs03jDvQpBKEnCW4="",""creationTime"":""5/28/2025 7:38:47 PM +00:00"",""deviceId"":""5f29454a-9274-4522-8bf9-d50586aa09d5"",""customKeyInformation"":{""Version"":1,""Attestation"":1,""VolumeType"":0,""SupportsNotification"":0,""WipKeyVersion"":0,""KeyStrength"":2,""KeyFormat"":1,""Platform"":0,""SyncType"":0,""ExtendedCustomKeyInformationVersion"":0,""ExtendedCustomKeyInfo"":null}},{""usage"":""NGC"",""keyIdentifier"":""AzbaSJ58qsd8o1djFXG+aj6kwlA8yvEzs3x/vCfrF8c="",""creationTime"":""5/14/2025 9:44:04 PM +00:00"",""deviceId"":""9576a59a-0704-4623-851d-c4816951c8da"",""customKeyInformation"":{""Version"":1,""Attestation"":1,""VolumeType"":0,""SupportsNotification"":0,""WipKeyVersion"":0,""KeyStrength"":2,""KeyFormat"":1,""Platform"":0,""SyncType"":0,""ExtendedCustomKeyInformationVersion"":0,""ExtendedCustomKeyInfo"":null}},{""usage"":""NGC"",""keyIdentifier"":""v5U2QKOgfeAoC1pDKjWREHLMZFkdYmgj8DfXewiV85g="",""creationTime"":""12/27/2024 6:01:23 PM +00:00"",""deviceId"":""9ac33253-3846-409a-8592-cbc5cbf2f2e4"",""customKeyInformation"":{""Version"":1,""Attestation"":1,""VolumeType"":0,""SupportsNotification"":0,""WipKeyVersion"":0,""KeyStrength"":2,""KeyFormat"":1,""Platform"":0,""SyncType"":0,""ExtendedCustomKeyInformationVersion"":0,""ExtendedCustomKeyInfo"":null}},{""usage"":""NGC"",""keyIdentifier"":""fgzJOZYJYtiCfUQhgUjZqq97YlvsHqM3/yRnt5pJtWk="",""creationTime"":""4/29/2024 7:32:59 PM +00:00"",""deviceId"":""244a683b-845e-4678-8302-d8524234d47e"",""customKeyInformation"":{""Version"":1,""Attestation"":1,""VolumeType"":0,""SupportsNotification"":0,""WipKeyVersion"":0,""KeyStrength"":2,""KeyFormat"":1,""Platform"":0,""SyncType"":0,""ExtendedCustomKeyInformationVersion"":0,""ExtendedCustomKeyInfo"":null}},{""usage"":""NGC"",""keyIdentifier"":""ihOFB0rODSUNpZVIiWi+q2O65C1u7Bc5reISl9ilZkg="",""creationTime"":""1/27/2024 11:56:02 PM +00:00"",""deviceId"":""64a38bf0-6a77-48b1-8d5e-87d15d32700e"",""customKeyInformation"":{""Version"":1,""Attestation"":1,""VolumeType"":0,""SupportsNotification"":0,""WipKeyVersion"":0,""KeyStrength"":2,""KeyFormat"":1,""Platform"":0,""SyncType"":0,""ExtendedCustomKeyInformationVersion"":0,""ExtendedCustomKeyInfo"":null}}]","","","","","","","","","","","","","","","","","","","","","","User","powell@acme.com","","Dsreg/10.0 (Windows 10.0.26100.4652)",""
"2025-10-26 18:54:21","Update user","UserType","Member","","User-Agent","Microsoft.OData.Client/7.12.5","","UserManagement","42b71b56-e09b-4be6-8be1-c13dc7d2c6ca","Directory_42b71b56-e09b-4be6-8be1-c13dc7d2c6ca_T2SVJ_389427456","","Device Registration Service","20d63fc4-676f-4690-8d4b-8cc36be935cd","","","","","","","","","","","Core Directory","Update","success","","","","5d3ec9ce-5106-4e8e-8071-22bae2035f17","SearchableDeviceKey","[""[Usage=NGC,KeyIdentifier=bFaO7ldhoUPJWLd47OcSJPvcdaf/zQL2zGKypVMyDbY=,Version=2,CreationTime=6/15/2025 17:43:21,DeviceId=33723f12-3b66-4cfe-8f8d-cad4552086c9,CustomKeyInformation=AQAAAAACAQAAAAAAAAAA"",""[Usage=NGC,KeyIdentifier=8Y9syBBIiZMDsIU4ZiQDN0SNE7zxs03jDvQpBKEnCW4=,Version=2,CreationTime=5/28/2025 19:38:47,DeviceId=5f29454a-9274-4522-8bf9-d50586aa09d5,CustomKeyInformation=AQAAAAACAQAAAAAAAAAA"",""[Usage=NGC,KeyIdentifier=AzbaSJ58qsd8o1djFXG+aj6kwlA8yvEzs3x/vCfrF8c=,Version=2,CreationTime=5/14/2025 21:44:04,DeviceId=9576a59a-0704-4623-851d-c4816951c8da,CustomKeyInformation=AQAAAAACAQAAAAAAAAAA"",""[Usage=NGC,KeyIdentifier=v5U2QKOgfeAoC1pDKjWREHLMZFkdYmgj8DfXewiV85g=,Version=2,CreationTime=12/27/2024 18:01:23,DeviceId=9ac33253-3846-409a-8592-cbc5cbf2f2e4,CustomKeyInformation=AQAAAAACAQAAAAAAAAAA"",""[Usage=NGC,KeyIdentifier=fgzJOZYJYtiCfUQhgUjZqq97YlvsHqM3/yRnt5pJtWk=,Version=2,CreationTime=4/29/2024 19:32:59,DeviceId=244a683b-845e-4678-8302-d8524234d47e,CustomKeyInformation=AQAAAAACAQAAAAAAAAAA"",""[Usage=NGC,KeyIdentifier=ihOFB0rODSUNpZVIiWi+q2O65C1u7Bc5reISl9ilZkg=,Version=2,CreationTime=1/27/2024 23:56:02,DeviceId=64a38bf0-6a77-48b1-8d5e-87d15d32700e,CustomKeyInformation=AQAAAAACAQAAAAAAAAAA"",""[Usage=NGC,KeyIdentifier=DJvJB2rv7qCwUueSYsfAAREU6rHvoYSIvqIy84VHZ5E=,Version=2,CreationTime=10/26/2025 18:54:21,DeviceId=95629f5b-b8ac-4a8e-8083-13ba549761fa,CustomKeyInformation=AQAAAAACAQAAAAAAAAAA""]","[""[Usage=NGC,KeyIdentifier=8Y9syBBIiZMDsIU4ZiQDN0SNE7zxs03jDvQpBKEnCW4=,Version=2,CreationTime=5/28/2025 19:38:47,DeviceId=5f29454a-9274-4522-8bf9-d50586aa09d5,CustomKeyInformation=AQAAAAACAQAAAAAAAAAA"",""[Usage=NGC,KeyIdentifier=AzbaSJ58qsd8o1djFXG+aj6kwlA8yvEzs3x/vCfrF8c=,Version=2,CreationTime=5/14/2025 21:44:04,DeviceId=9576a59a-0704-4623-851d-c4816951c8da,CustomKeyInformation=AQAAAAACAQAAAAAAAAAA"",""[Usage=NGC,KeyIdentifier=bFaO7ldhoUPJWLd47OcSJPvcdaf/zQL2zGKypVMyDbY=,Version=2,CreationTime=6/15/2025 17:43:21,DeviceId=33723f12-3b66-4cfe-8f8d-cad4552086c9,CustomKeyInformation=AQAAAAACAQAAAAAAAAAA"",""[Usage=NGC,KeyIdentifier=fgzJOZYJYtiCfUQhgUjZqq97YlvsHqM3/yRnt5pJtWk=,Version=2,CreationTime=4/29/2024 19:32:59,DeviceId=244a683b-845e-4678-8302-d8524234d47e,CustomKeyInformation=AQAAAAACAQAAAAAAAAAA"",""[Usage=NGC,KeyIdentifier=ihOFB0rODSUNpZVIiWi+q2O65C1u7Bc5reISl9ilZkg=,Version=2,CreationTime=1/27/2024 23:56:02,DeviceId=64a38bf0-6a77-48b1-8d5e-87d15d32700e,CustomKeyInformation=AQAAAAACAQAAAAAAAAAA"",""[Usage=NGC,KeyIdentifier=v5U2QKOgfeAoC1pDKjWREHLMZFkdYmgj8DfXewiV85g=,Version=2,CreationTime=12/27/2024 18:01:23,DeviceId=9ac33253-3846-409a-8592-cbc5cbf2f2e4,CustomKeyInformation=AQAAAAACAQAAAAAAAAAA""]","","Included Updated Properties","""SearchableDeviceKey""","","","TargetId.UserType","""Member""","","","","","","","","","","","","","","","User","powell@acme.com","","",""
"2025-10-26 18:52:06","Update device","DeviceId","95629f5b-b8ac-4a8e-8083-13ba549761fa","","DeviceOSType","Windows","","Device","29487eeb-2202-48e3-879a-091fcd2f240e","Directory_29487eeb-2202-48e3-879a-091fcd2f240e_Q5XO1_363927512","","Device Registration Service","20d63fc4-676f-4690-8d4b-8cc36be935cd","","","","","","","","","","","Core Directory","Update","success","","HOST-549864","","3c98f817-37d1-43b0-8190-c37d87ebf29b","Included Updated Properties","""""","","","TargetId.DeviceId","""95629f5b-b8ac-4a8e-8083-13ba549761fa""","","","TargetId.DeviceOSType","""Windows""","","","TargetId.DeviceTrustType","""AzureAd""","","","","","","","","","","","Device","","","",""
"2025-10-26 18:50:57","Add BitLocker key","AdditionalInfo","Successfully provisioned a BitLocker recovery key on the device","","Device Id","95629f5b-b8ac-4a8e-8083-13ba549761fa","","KeyManagement","2912bfcb-9981-459f-8605-8a3c22706dba","Device Registration Service_2912bfcb-9981-459f-8605-8a3c22706dba_DMVQS_3289527566","","","","","","","","","128.92.78.120","5d3ec9ce-5106-4e8e-8071-22bae2035f17","","","","Device Registration Service","Add","success","","","","66f19187-2cf0-4800-8dae-86c84f17c8c5","","","","","","","","","","","","","","","","","","","","","","","","","","","","BitLocker/ 10.0.26100 (Windows BitLocker)",""
"2025-10-26 18:50:24","Set user manager","User-Agent","Mozilla/5.0 (Windows NT 10.0; Win64; x64) AppleWebKit/537.36 (KHTML, like Gecko) Chrome/140.0.0.52 Safari/537.36","","","","","UserManagement","8678ae2d-87dc-4ffd-8059-58a0ac50023c","Directory_8678ae2d-87dc-4ffd-8059-58a0ac50023c_HL0AF_178013576","","","","","","","","","2601:1c2:c088:48b1:e441:3419:ef8f:beeb","5d3ec9ce-5106-4e8e-8071-22bae2035f17","powell@acme.com","","","Core Directory","Update","success","","","","60f87c3a-599a-4261-80c3-496229a3deb8","New Manager","""User.ObjectID=62334a89-c0ef-4390-86ec-c1230885b8aa, User.UPN=ramos.foster@acme.com, User.PUID=577B954E54D6DE3F""","","","","","","","","","","","","","","","","","","","","","","","User","virginia.charles@acme.com","","",""
"2025-10-26 18:50:24","Add user","User-Agent","Mozilla/5.0 (Windows NT 10.0; Win64; x64) AppleWebKit/537.36 (KHTML, like Gecko) Chrome/140.0.0.52 Safari/537.36","","","","","UserManagement","8678ae2d-87dc-4ffd-8059-58a0ac50023c","Directory_8678ae2d-87dc-4ffd-8059-58a0ac50023c_HL0AF_178012851","","","","","","","","","2601:1c2:c088:48b1:e441:3419:ef8f:beeb","5d3ec9ce-5106-4e8e-8071-22bae2035f17","powell@acme.com","","","Core Directory","Add","success","","","","60f87c3a-599a-4261-80c3-496229a3deb8","AccountEnabled","[true]","[]","","CompanyName","[""Acme Corporation""]","[]","","Department","[""Department 7""]","[]","","DisplayName","[""Virginia Charles""]","[]","","GivenName","[""Virginia""]","[]","","JobTitle","[""Job Title 6""]","[]","","User","virginia.charles@acme.com","","",""
"2025-10-26 18:50:24","Update PasswordProfile","User-Agent","Mozilla/5.0 (Windows NT 10.0; Win64; x64) AppleWebKit/537.36 (KHTML, like Gecko) Chrome/140.0.0.52 Safari/537.36","","","","","UserManagement","8678ae2d-87dc-4ffd-8059-58a0ac50023c","Directory_8678ae2d-87dc-4ffd-8059-58a0ac50023c_HL0AF_178011551","","","","","","","","","2601:1c2:c088:48b1:e441:3419:ef8f:beeb","5d3ec9ce-5106-4e8e-8071-22bae2035f17","powell@acme.com","","","Core Directory","Update","success","","","","60f87c3a-599a-4261-80c3-496229a3deb8","ForceChangePassword","""True""","""False""","","Password","","","","","","","","","","","","","","","","","","","","User","virginia.charles@acme.com","","",""
"2025-10-26 18:44:49","Validate Password","User-Agent","Mozilla/5.0 (Windows NT 10.0; Win64; x64) AppleWebKit/537.36 (KHTML, like Gecko) Chrome/140.0.0.52 Safari/537.36","","","","","DirectoryManagement","ba1a0bac-2e8e-4f0b-83d9-f8fb8faef878","Directory_ba1a0bac-2e8e-4f0b-83d9-f8fb8faef878_8U756_391039873","","","","","","","","","2601:1c2:c088:48b1:e441:3419:ef8f:beeb","5d3ec9ce-5106-4e8e-8071-22bae2035f17","powell@acme.com","","","Core Directory","Update","success","","Acme","","92e5b9cf-c9a2-495d-83b2-3fc82f96324f","","","","","","","","","","","","","","","","","","","","","","","","","Directory","","","",""
"2025-10-26 18:44:16","Validate user authentication","targetTenant","0dfd9c70-159e-4aa3-85d1-a03b95280861","","targetEntityType","None","","Authentication","1b6f7185-937f-4ede-89eb-bf2bb4e72382","B2C_1b6f7185-937f-4ede-89eb-bf2bb4e72382_92e5b9cf-c9a2-495d-83b2-3fc82f96324f_134033858568381860","","","","","","powell@acme.com","","","20.190.154.203","5d3ec9ce-5106-4e8e-8071-22bae2035f17","powell@acme.com","","","B2C","Read","success","Token is valid","0dfd9c70-159e-4aa3-85d1-a03b95280861","","","","","","","","","","","","","","","","","","","","","","","","","","","Other","","","Mozilla/5.0 (Windows NT 10.0; Win64; x64) AppleWebKit/537.36 (KHTML, like Gecko) Chrome/140.0.0.52 Sa",""
"2025-10-26 18:38:13","Update user","UserType","Member","","","","","UserManagement","59e8f69e-af43-40dd-865b-776e1f67595a","Directory_59e8f69e-af43-40dd-865b-776e1f67595a_A4QPC_282927342","","Azure MFA StrongAuthenticationService","d3fcabce-d428-47ae-8acd-7945458386a5","","","","","","","","","","","Core Directory","Update","success","","","","3610cedb-4354-4305-8a20-08d0277182e0","StrongAuthenticationPhoneAppDetail","[{""DeviceName"":""iPhone 12"",""DeviceToken"":""apns2-e0859c27dc67aa82e11645a69c24f53aaa750ad4c67e40d9f47ac62a988c116b"",""DeviceTag"":""SoftwareTokenActivated"",""PhoneAppVersion"":""6.8.26"",""OathTokenTimeDrift"":0,""DeviceId"":""0dfd9c70-159e-4aa3-85d1-a03b95280861"",""Id"":""37f1c9fa-5966-4971-8e12-ef0901de4c01"",""TimeInterval"":0,""AuthenticationType"":3,""NotificationType"":2,""LastAuthenticatedTimestamp"":""2025-10-26T18:38:12.9299622Z"",""AuthenticatorFlavor"":""Authenticator"",""HashFunction"":""hmacsha256"",""TenantDeviceId"":null,""SecuredPartitionId"":20091,""SecuredKeyId"":7}]","[{""DeviceName"":""iPhone 12"",""DeviceToken"":""apns2-e0859c27dc67aa82e11645a69c24f53aaa750ad4c67e40d9f47ac62a988c116b"",""DeviceTag"":""SoftwareTokenActivated"",""PhoneAppVersion"":""6.8.26"",""OathTokenTimeDrift"":0,""DeviceId"":""0dfd9c70-159e-4aa3-85d1-a03b95280861"",""Id"":""37f1c9fa-5966-4971-8e12-ef0901de4c01"",""TimeInterval"":0,""AuthenticationType"":3,""NotificationType"":2,""LastAuthenticatedTimestamp"":""2025-07-11T05:57:57.8073401Z"",""AuthenticatorFlavor"":""Authenticator"",""HashFunction"":""hmacsha256"",""TenantDeviceId"":null,""SecuredPartitionId"":20091,""SecuredKeyId"":7}]","","Included Updated Properties","""StrongAuthenticationPhoneAppDetail""","","","TargetId.UserType","""Member""","","","","","","","","","","","","","","","User","cruz1.turner@acme.com","","",""
"2025-10-26 18:36:22","Self-service password reset flow activity progress","","","","","","","UserManagement","3095e21a-f026-4aff-8f06-bc33d1d5a7be","SSPR_3095e21a-f026-4aff-8f06-bc33d1d5a7be_VELU8_20383765","","","","","","","","","2600:1700:b851:c646:8901:ff4f:5b2f:8426","3610cedb-4354-4305-8a20-08d0277182e0","cruz1.turner@acme.com","","","Self-service Password Management","Update","success","User successfully reset password","Cruz1 Turner","","3610cedb-4354-4305-8a20-08d0277182e0","","","","","","","","","","","","","","","","","","","","","","","","","User","cruz1.turner@acme.com","","Mozilla/5.0 (Windows NT 10.0; Win64; x64) AppleWebKit/537.36 (KHTML, like Gecko) Chrome/140.0.0.52 Safari/537.36",""
"2025-10-26 18:36:22","Reset password (self-service)","ClientType","ClassicPortal","","MethodsUsedForValidation","[Mobile phone SMS]","","UserManagement","3095e21a-f026-4aff-8f06-bc33d1d5a7be","SSPR_3095e21a-f026-4aff-8f06-bc33d1d5a7be_VELU8_20383755","","","","","","","","","2600:1700:b851:c646:8901:ff4f:5b2f:8426","3610cedb-4354-4305-8a20-08d0277182e0","cruz1.turner@acme.com","","","Self-service Password Management","Update","success","Successfully completed reset.","Cruz1 Turner","","3610cedb-4354-4305-8a20-08d0277182e0","","","","","","","","","","","","","","","","","","","","","","","","","User","cruz1.turner@acme.com","","Mozilla/5.0 (Windows NT 10.0; Win64; x64) AppleWebKit/537.36 (KHTML, like Gecko) Chrome/140.0.0.52 Safari/537.36",""
"2025-10-26 18:36:22","Update StsRefreshTokenValidFrom Timestamp","","","","","","","UserManagement","f5e90769-8d45-4070-8287-f45912772315","Directory_f5e90769-8d45-4070-8287-f45912772315_W1U5X_175249189","","Microsoft password reset service","e81df0d0-bb59-4e0d-8c35-8f8f7bea1eb4","","","","","","","","","","","Core Directory","Update","success","","","","3610cedb-4354-4305-8a20-08d0277182e0","","","","","","","","","","","","","","","","","","","","","","","","","User","cruz1.turner@acme.com","","",""
"2025-10-26 18:36:22","Reset user password","","","","","","","UserManagement","f5e90769-8d45-4070-8287-f45912772315","Directory_f5e90769-8d45-4070-8287-f45912772315_W1U5X_175249181","","Microsoft password reset service","e81df0d0-bb59-4e0d-8c35-8f8f7bea1eb4","","","","","","","","","","","Core Directory","Update","success","","","","3610cedb-4354-4305-8a20-08d0277182e0","","","","","","","","","","","","","","","","","","","","","","","","","User","cruz1.turner@acme.com","","",""
"2025-10-26 18:36:21","Update PasswordProfile","","","","","","","UserManagement","f5e90769-8d45-4070-8287-f45912772315","Directory_f5e90769-8d45-4070-8287-f45912772315_W1U5X_175248356","","Microsoft password reset service","e81df0d0-bb59-4e0d-8c35-8f8f7bea1eb4","","","","","","","","","","","Core Directory","Update","success","","","","3610cedb-4354-4305-8a20-08d0277182e0","ForceChangePassword","""False""","""True""","","Password","","","","","","","","","","","","","","","","","","","","User","cruz1.turner@acme.com","","",""
"2025-10-26 18:36:21","Update user","UserType","Member","","","","","UserManagement","f5e90769-8d45-4070-8287-f45912772315","Directory_f5e90769-8d45-4070-8287-f45912772315_W1U5X_175248336","","Microsoft password reset service","e81df0d0-bb59-4e0d-8c35-8f8f7bea1eb4","","","","","","","","","","","Core Directory","Update","success","","","","3610cedb-4354-4305-8a20-08d0277182e0","StsRefreshTokensValidFrom","[""2025-10-26T18:36:21Z""]","[""2025-03-26T22:01:28Z""]","","Included Updated Properties","""StsRefreshTokensValidFrom""","","","TargetId.UserType","""Member""","","","","","","","","","","","","","","","User","cruz1.turner@acme.com","","",""
"2025-10-26 18:36:21","Update PasswordProfile","","","","","","","UserManagement","f5e90769-8d45-4070-8287-f45912772315","Directory_f5e90769-8d45-4070-8287-f45912772315_W1U5X_175246744","","Microsoft password reset service","e81df0d0-bb59-4e0d-8c35-8f8f7bea1eb4","","","","","","","","","","","Core Directory","Update","success","","","","3610cedb-4354-4305-8a20-08d0277182e0","ForceChangePassword","""True""","""False""","","Password","","","","","","","","","","","","","","","","","","","","User","cruz1.turner@acme.com","","",""
"2025-10-26 18:36:21","Self-service password reset flow activity progress","","","","","","","UserManagement","3095e21a-f026-4aff-8f06-bc33d1d5a7be","SSPR_3095e21a-f026-4aff-8f06-bc33d1d5a7be_VELU8_20383179","","","","","","","","","2600:1700:b851:c646:8901:ff4f:5b2f:8426","3610cedb-4354-4305-8a20-08d0277182e0","cruz1.turner@acme.com","","","Self-service Password Management","Update","success","User submitted a new password","Cruz1 Turner","","3610cedb-4354-4305-8a20-08d0277182e0","","","","","","","","","","","","","","","","","","","","","","","","","User","cruz1.turner@acme.com","","Mozilla/5.0 (Windows NT 10.0; Win64; x64) AppleWebKit/537.36 (KHTML, like Gecko) Chrome/140.0.0.52 Safari/537.36",""
"2025-10-26 18:34:22","Self-service password reset flow activity progress","","","","","","","UserManagement","3095e21a-f026-4aff-8f06-bc33d1d5a7be","SSPR_3095e21a-f026-4aff-8f06-bc33d1d5a7be_0MRJ8_21057242","","","","","","","","","2600:1700:b851:c646:8901:ff4f:5b2f:8426","3610cedb-4354-4305-8a20-08d0277182e0","cruz1.turner@acme.com","","","Self-service Password Management","Update","failure","The user selected a password that was automatically banned because the Microsoft Banned Password Detection capabilities found it to be too common or especially weak.","Cruz1 Turner","","3610cedb-4354-4305-8a20-08d0277182e0","","","","","","","","","","","","","","","","","","","","","","","","","User","cruz1.turner@acme.com","","Mozilla/5.0 (Windows NT 10.0; Win64; x64) AppleWebKit/537.36 (KHTML, like Gecko) Chrome/140.0.0.52 Safari/537.36",""
"2025-10-26 18:34:22","Reset password (self-service)","ClientType","ClassicPortal","","MethodsUsedForValidation","[Mobile phone SMS]","","UserManagement","3095e21a-f026-4aff-8f06-bc33d1d5a7be","SSPR_3095e21a-f026-4aff-8f06-bc33d1d5a7be_0MRJ8_21057228","","","","","","","","","2600:1700:b851:c646:8901:ff4f:5b2f:8426","3610cedb-4354-4305-8a20-08d0277182e0","cruz1.turner@acme.com","","","Self-service Password Management","Update","failure","FuzzyPolicyViolationInvalidPassword","Cruz1 Turner","","3610cedb-4354-4305-8a20-08d0277182e0","","","","","","","","","","","","","","","","","","","","","","","","","User","cruz1.turner@acme.com","","Mozilla/5.0 (Windows NT 10.0; Win64; x64) AppleWebKit/537.36 (KHTML, like Gecko) Chrome/140.0.0.52 Safari/537.36",""
"2025-10-26 18:34:22","Self-service password reset flow activity progress","","","","","","","UserManagement","3095e21a-f026-4aff-8f06-bc33d1d5a7be","SSPR_3095e21a-f026-4aff-8f06-bc33d1d5a7be_0MRJ8_21057202","","","","","","","","","2600:1700:b851:c646:8901:ff4f:5b2f:8426","3610cedb-4354-4305-8a20-08d0277182e0","cruz1.turner@acme.com","","","Self-service Password Management","Update","success","User submitted a new password","Cruz1 Turner","","3610cedb-4354-4305-8a20-08d0277182e0","","","","","","","","","","","","","","","","","","","","","","","","","User","cruz1.turner@acme.com","","Mozilla/5.0 (Windows NT 10.0; Win64; x64) AppleWebKit/537.36 (KHTML, like Gecko) Chrome/140.0.0.52 Safari/537.36",""
"2025-10-26 18:33:14","Self-service password reset flow activity progress","","","","","","","UserManagement","3095e21a-f026-4aff-8f06-bc33d1d5a7be","SSPR_3095e21a-f026-4aff-8f06-bc33d1d5a7be_0MRJ8_21026639","","","","","","","","","2600:1700:b851:c646:8901:ff4f:5b2f:8426","3610cedb-4354-4305-8a20-08d0277182e0","cruz1.turner@acme.com","","","Self-service Password Management","Update","failure","The user selected a password that was automatically banned because the Microsoft Banned Password Detection capabilities found it to be too common or especially weak.","Cruz1 Turner","","3610cedb-4354-4305-8a20-08d0277182e0","","","","","","","","","","","","","","","","","","","","","","","","","User","cruz1.turner@acme.com","","Mozilla/5.0 (Windows NT 10.0; Win64; x64) AppleWebKit/537.36 (KHTML, like Gecko) Chrome/140.0.0.52 Safari/537.36",""
"2025-10-26 18:33:14","Reset password (self-service)","ClientType","ClassicPortal","","MethodsUsedForValidation","[Mobile phone SMS]","","UserManagement","3095e21a-f026-4aff-8f06-bc33d1d5a7be","SSPR_3095e21a-f026-4aff-8f06-bc33d1d5a7be_0MRJ8_21026629","","","","","","","","","2600:1700:b851:c646:8901:ff4f:5b2f:8426","3610cedb-4354-4305-8a20-08d0277182e0","cruz1.turner@acme.com","","","Self-service Password Management","Update","failure","FuzzyPolicyViolationInvalidPassword","Cruz1 Turner","","3610cedb-4354-4305-8a20-08d0277182e0","","","","","","","","","","","","","","","","","","","","","","","","","User","cruz1.turner@acme.com","","Mozilla/5.0 (Windows NT 10.0; Win64; x64) AppleWebKit/537.36 (KHTML, like Gecko) Chrome/140.0.0.52 Safari/537.36",""
"2025-10-26 18:33:14","Self-service password reset flow activity progress","","","","","","","UserManagement","3095e21a-f026-4aff-8f06-bc33d1d5a7be","SSPR_3095e21a-f026-4aff-8f06-bc33d1d5a7be_0MRJ8_21026611","","","","","","","","","2600:1700:b851:c646:8901:ff4f:5b2f:8426","3610cedb-4354-4305-8a20-08d0277182e0","cruz1.turner@acme.com","","","Self-service Password Management","Update","success","User submitted a new password","Cruz1 Turner","","3610cedb-4354-4305-8a20-08d0277182e0","","","","","","","","","","","","","","","","","","","","","","","","","User","cruz1.turner@acme.com","","Mozilla/5.0 (Windows NT 10.0; Win64; x64) AppleWebKit/537.36 (KHTML, like Gecko) Chrome/140.0.0.52 Safari/537.36",""
"2025-10-26 18:33:11","Update user","UserType","Member","","","","","UserManagement","85981dc8-01e2-4c51-85ed-22fa2c10a29f","Directory_85981dc8-01e2-4c51-85ed-22fa2c10a29f_ZZ8G0_406944607","","Microsoft Substrate Management","feb2a519-1cc9-4bea-8b5c-237fd8ea9a92","","","","","","","","","","","Core Directory","Update","success","","","","ace5187b-429b-4f0a-81ab-9b4568c005e1","Included Updated Properties","""""","","","TargetId.UserType","""Member""","","","ActorId.ServicePrincipalNames","""7f53a90e-44b5-410c-8fd1-a31f09c2c31d""","","","SPN","""7f53a90e-44b5-410c-8fd1-a31f09c2c31d""","","","","","","","","","","","User","miller.gray@acme.com","","",""
"2025-10-26 18:32:20","Self-service password reset flow activity progress","","","","","","","UserManagement","3095e21a-f026-4aff-8f06-bc33d1d5a7be","SSPR_3095e21a-f026-4aff-8f06-bc33d1d5a7be_PD0FG_19684244","","","","","","","","","2600:1700:b851:c646:8901:ff4f:5b2f:8426","3610cedb-4354-4305-8a20-08d0277182e0","cruz1.turner@acme.com","","","Self-service Password Management","Update","failure","The user selected a password that was automatically banned because the Microsoft Banned Password Detection capabilities found it to be too common or especially weak.","Cruz1 Turner","","3610cedb-4354-4305-8a20-08d0277182e0","","","","","","","","","","","","","","","","","","","","","","","","","User","cruz1.turner@acme.com","","Mozilla/5.0 (Windows NT 10.0; Win64; x64) AppleWebKit/537.36 (KHTML, like Gecko) Chrome/140.0.0.52 Safari/537.36",""
"2025-10-26 18:32:20","Reset password (self-service)","ClientType","ClassicPortal","","MethodsUsedForValidation","[Mobile phone SMS]","","UserManagement","3095e21a-f026-4aff-8f06-bc33d1d5a7be","SSPR_3095e21a-f026-4aff-8f06-bc33d1d5a7be_PD0FG_19684234","","","","","","","","","2600:1700:b851:c646:8901:ff4f:5b2f:8426","3610cedb-4354-4305-8a20-08d0277182e0","cruz1.turner@acme.com","","","Self-service Password Management","Update","failure","FuzzyPolicyViolationInvalidPassword","Cruz1 Turner","","3610cedb-4354-4305-8a20-08d0277182e0","","","","","","","","","","","","","","","","","","","","","","","","","User","cruz1.turner@acme.com","","Mozilla/5.0 (Windows NT 10.0; Win64; x64) AppleWebKit/537.36 (KHTML, like Gecko) Chrome/140.0.0.52 Safari/537.36",""
"2025-10-26 18:32:20","Self-service password reset flow activity progress","","","","","","","UserManagement","3095e21a-f026-4aff-8f06-bc33d1d5a7be","SSPR_3095e21a-f026-4aff-8f06-bc33d1d5a7be_PD0FG_19684216","","","","","","","","","2600:1700:b851:c646:8901:ff4f:5b2f:8426","3610cedb-4354-4305-8a20-08d0277182e0","cruz1.turner@acme.com","","","Self-service Password Management","Update","success","User submitted a new password","Cruz1 Turner","","3610cedb-4354-4305-8a20-08d0277182e0","","","","","","","","","","","","","","","","","","","","","","","","","User","cruz1.turner@acme.com","","Mozilla/5.0 (Windows NT 10.0; Win64; x64) AppleWebKit/537.36 (KHTML, like Gecko) Chrome/140.0.0.52 Safari/537.36",""
"2025-10-26 18:31:58","Self-service password reset flow activity progress","","","","","","","UserManagement","3095e21a-f026-4aff-8f06-bc33d1d5a7be","SSPR_3095e21a-f026-4aff-8f06-bc33d1d5a7be_VELU8_20289972","","","","","","","","","2600:1700:b851:c646:8901:ff4f:5b2f:8426","3610cedb-4354-4305-8a20-08d0277182e0","cruz1.turner@acme.com","","","Self-service Password Management","Update","success","User completed all verification steps required to reset their password","Cruz1 Turner","","3610cedb-4354-4305-8a20-08d0277182e0","","","","","","","","","","","","","","","","","","","","","","","","","User","cruz1.turner@acme.com","","Mozilla/5.0 (Windows NT 10.0; Win64; x64) AppleWebKit/537.36 (KHTML, like Gecko) Chrome/140.0.0.52 Safari/537.36",""
"2025-10-26 18:31:58","Self-service password reset flow activity progress","","","","","","","UserManagement","3095e21a-f026-4aff-8f06-bc33d1d5a7be","SSPR_3095e21a-f026-4aff-8f06-bc33d1d5a7be_VELU8_20289966","","","","","","","","","2600:1700:b851:c646:8901:ff4f:5b2f:8426","3610cedb-4354-4305-8a20-08d0277182e0","cruz1.turner@acme.com","","","Self-service Password Management","Update","success","User completed the mobile SMS verification option","Cruz1 Turner","","3610cedb-4354-4305-8a20-08d0277182e0","","","","","","","","","","","","","","","","","","","","","","","","","User","cruz1.turner@acme.com","","Mozilla/5.0 (Windows NT 10.0; Win64; x64) AppleWebKit/537.36 (KHTML, like Gecko) Chrome/140.0.0.52 Safari/537.36",""
"2025-10-26 18:31:44","Self-service password reset flow activity progress","","","","","","","UserManagement","3095e21a-f026-4aff-8f06-bc33d1d5a7be","SSPR_3095e21a-f026-4aff-8f06-bc33d1d5a7be_N49RL_19025406","","","","","","","","","2600:1700:b851:c646:8901:ff4f:5b2f:8426","3610cedb-4354-4305-8a20-08d0277182e0","cruz1.turner@acme.com","","","Self-service Password Management","Update","success","User started the mobile SMS verification option","Cruz1 Turner","","3610cedb-4354-4305-8a20-08d0277182e0","","","","","","","","","","","","","","","","","","","","","","","","","User","cruz1.turner@acme.com","","Mozilla/5.0 (Windows NT 10.0; Win64; x64) AppleWebKit/537.36 (KHTML, like Gecko) Chrome/140.0.0.52 Safari/537.36",""
"2025-10-26 18:31:31","Self-service password reset flow activity progress","","","","","","","UserManagement","3095e21a-f026-4aff-8f06-bc33d1d5a7be","SSPR_3095e21a-f026-4aff-8f06-bc33d1d5a7be_37V7V_20342567","","","","","","","","","2600:1700:b851:c646:8901:ff4f:5b2f:8426","3610cedb-4354-4305-8a20-08d0277182e0","cruz1.turner@acme.com","","","Self-service Password Management","Update","success","User was presented with verification options","Cruz1 Turner","","3610cedb-4354-4305-8a20-08d0277182e0","","","","","","","","","","","","","","","","","","","","","","","","","User","cruz1.turner@acme.com","","Mozilla/5.0 (Windows NT 10.0; Win64; x64) AppleWebKit/537.36 (KHTML, like Gecko) Chrome/140.0.0.52 Safari/537.36",""
"2025-10-26 18:31:31","Self-service password reset flow activity progress","","","","","","","UserManagement","3095e21a-f026-4aff-8f06-bc33d1d5a7be","SSPR_3095e21a-f026-4aff-8f06-bc33d1d5a7be_37V7V_20342517","","","","","","","","","2600:1700:b851:c646:8901:ff4f:5b2f:8426","3610cedb-4354-4305-8a20-08d0277182e0","cruz1.turner@acme.com","","","Self-service Password Management","Update","success","User submitted their user ID","Cruz1 Turner","","3610cedb-4354-4305-8a20-08d0277182e0","","","","","","","","","","","","","","","","","","","","","","","","","User","cruz1.turner@acme.com","","Mozilla/5.0 (Windows NT 10.0; Win64; x64) AppleWebKit/537.36 (KHTML, like Gecko) Chrome/140.0.0.52 Safari/537.36",""
"2025-10-26 17:20:21","Update user","UserType","Member","","","","","UserManagement","fab388cc-cad7-450f-8697-de57ea7182d4","Directory_fab388cc-cad7-450f-8697-de57ea7182d4_691QW_161311606","","Microsoft Substrate Management","feb2a519-1cc9-4bea-8b5c-237fd8ea9a92","","","","","","","","","","","Core Directory","Update","success","","","","7f8bc1ce-8643-4625-8d59-a993352d3b8b","Included Updated Properties","""""","","","TargetId.UserType","""Member""","","","ActorId.ServicePrincipalNames","""7f53a90e-44b5-410c-8fd1-a31f09c2c31d""","","","SPN","""7f53a90e-44b5-410c-8fd1-a31f09c2c31d""","","","","","","","","","","","User","sanchez.amy3@acme.com","","",""
"2025-10-26 16:35:40","GroupLifecyclePolicies_Get","","","","","","","GroupManagement","3ce363b5-6762-40eb-82d5-999c11bb6583","SSGM_3ce363b5-6762-40eb-82d5-999c11bb6583_WEUBR_113502048","","","","","","","","","20.190.190.103","49cbcae4-d4c4-4cd8-864d-da16a04ad66e","","","","Self-service Group Management","Update","success","OK","","","0dfd9c70-159e-4aa3-85d1-a03b95280861","","","","","","","","","","","","","","","","","","","","","","","","","N/A","","","",""
"2025-10-26 16:27:10","Update user","UserType","Member","","","","","UserManagement","1eb61c64-98d3-47b0-86e2-6170f29203b5","Directory_1eb61c64-98d3-47b0-86e2-6170f29203b5_0JBBF_314847573","","Microsoft Substrate Management","feb2a519-1cc9-4bea-8b5c-237fd8ea9a92","","","","","","","","","","","Core Directory","Update","success","","","","f2ac467b-8dd5-44ef-8370-ecda672fd055","Included Updated Properties","""""","","","TargetId.UserType","""Member""","","","ActorId.ServicePrincipalNames","""7f53a90e-44b5-410c-8fd1-a31f09c2c31d""","","","SPN","""7f53a90e-44b5-410c-8fd1-a31f09c2c31d""","","","","","","","","","","","User","sandra2.sandra3@acme.com","","",""
"2025-10-26 16:19:03","GroupLifecyclePolicies_Get","","","","","","","GroupManagement","29acc824-0746-4ee3-8486-b4afc3647836","SSGM_29acc824-0746-4ee3-8486-b4afc3647836_VV3BB_115364240","","","","","","","","","40.126.29.133","49cbcae4-d4c4-4cd8-864d-da16a04ad66e","","","","Self-service Group Management","Update","success","OK","","","0dfd9c70-159e-4aa3-85d1-a03b95280861","","","","","","","","","","","","","","","","","","","","","","","","","N/A","","","",""
"2025-10-26 15:56:44","Update device","DeviceId","6143691d-1325-4052-80ff-972cec2ad6d6","","DeviceOSType","Windows","","Device","0f9e7bfa-01a0-4157-8556-930a80303091","Directory_0f9e7bfa-01a0-4157-8556-930a80303091_RJE7J_425381105","","Device Registration Service","20d63fc4-676f-4690-8d4b-8cc36be935cd","","","","","","","","","","","Core Directory","Update","success","","HOST-ADFBF9","","a35eaf71-2979-47bb-8e7f-e6a0d6463e3a","Included Updated Properties","""""","","","TargetId.DeviceId","""6143691d-1325-4052-80ff-972cec2ad6d6""","","","TargetId.DeviceOSType","""Windows""","","","TargetId.DeviceTrustType","""AzureAd""","","","","","","","","","","","Device","","","",""
"2025-10-26 15:55:11","Synchronization rule action","Details","","","ErrorCode","","","ProvisioningManagement","d2ff0c83-1c3e-49b1-8bdc-67b8e5a12fc5","Sync_d2ff0c83-1c3e-49b1-8bdc-67b8e5a12fc5_92e5b9cf-c9a2-495d-83b2-3fc82f96324f_134033757110202110","","Azure AD Cloud Sync","","","","","","","","","","","","Account Provisioning","Read","success","User samantha1.edward@acme.com will be skipped, because it has already been effectively de-provisioned.","External Application 9","","756eda03-cf90-441c-808e-b59787d93e2b","objectId","""d0e4a9ac-084a-4133-8c33-53487177cf8a""","","","accountEnabled","""False""","","","department","""Department 1""","","","displayName","""Samantha1 Edward""","","","givenName","""Samantha1""","","","jobTitle","""Job Title 2""","","","ServicePrincipal","","","",""
"2025-10-26 15:55:11","Synchronization rule action","Details","","","ErrorCode","","","ProvisioningManagement","d2ff0c83-1c3e-49b1-8bdc-67b8e5a12fc5","Sync_d2ff0c83-1c3e-49b1-8bdc-67b8e5a12fc5_92e5b9cf-c9a2-495d-83b2-3fc82f96324f_134033757110102120","","Azure AD Cloud Sync","","","","","","","","","","","","Account Provisioning","Read","success","User allen3.edward1@acme.com will be skipped, because it has already been effectively de-provisioned.","External Application 9","","756eda03-cf90-441c-808e-b59787d93e2b","objectId","""2b22d269-4f10-4524-894e-e05c48f3d8d9""","","","accountEnabled","""False""","","","department","""Department 7""","","","displayName","""Allen3 Edward1""","","","givenName","""Allen3""","","","jobTitle","""Job Title 4""","","","ServicePrincipal","","","",""
"2025-10-26 15:55:11","Synchronization rule action","Details","","","ErrorCode","","","ProvisioningManagement","d2ff0c83-1c3e-49b1-8bdc-67b8e5a12fc5","Sync_d2ff0c83-1c3e-49b1-8bdc-67b8e5a12fc5_92e5b9cf-c9a2-495d-83b2-3fc82f96324f_134033757110012120","","Azure AD Cloud Sync","","","","","","","","","","","","Account Provisioning","Read","success","User amy2.wood@acme.com will be skipped, because it has not been matched with any entry in the target directory, and there has been no change in any attribute that could alter that state. ","External Application 9","","756eda03-cf90-441c-808e-b59787d93e2b","objectId","""9e4eef94-db52-4ae6-83d6-bad5395ff6f8""","","","accountEnabled","""False""","","","department","""Department 4""","","","displayName","""Amy2 Wood""","","","givenName","""Hovsep""","","","jobTitle","""Job Title 14""","","","ServicePrincipal","","","",""
"2025-10-26 15:55:10","Synchronization rule action","Details","","","ErrorCode","","","ProvisioningManagement","d2ff0c83-1c3e-49b1-8bdc-67b8e5a12fc5","Sync_d2ff0c83-1c3e-49b1-8bdc-67b8e5a12fc5_92e5b9cf-c9a2-495d-83b2-3fc82f96324f_134033757109932110","","Azure AD Cloud Sync","","","","","","","","","","","","Account Provisioning","Read","success","User nguyen.wood1@acme.com will be skipped, because it has already been effectively de-provisioned.","External Application 9","","756eda03-cf90-441c-808e-b59787d93e2b","objectId","""ce02f276-d914-4909-853b-bf731e718640""","","","accountEnabled","""False""","","","department","""Department 3""","","","displayName","""Nguyen Wood1""","","","givenName","""Nguyen""","","","jobTitle","""Job Title 10""","","","ServicePrincipal","","","",""
"2025-10-26 15:55:10","Synchronization rule action","Details","","","ErrorCode","","","ProvisioningManagement","d2ff0c83-1c3e-49b1-8bdc-67b8e5a12fc5","Sync_d2ff0c83-1c3e-49b1-8bdc-67b8e5a12fc5_92e5b9cf-c9a2-495d-83b2-3fc82f96324f_134033757109832130","","Azure AD Cloud Sync","","","","","","","","","","","","Account Provisioning","Read","success","User jenkins.roberts@acme.com will be skipped, because it has already been effectively de-provisioned.","External Application 9","","756eda03-cf90-441c-808e-b59787d93e2b","objectId","""b4e2a357-f352-40ff-84e5-5a31a71a3c2d""","","","accountEnabled","""False""","","","department","""Department 7""","","","displayName","""Jenkins Roberts""","","","givenName","""Jenkins""","","","jobTitle","""Job Title 8""","","","ServicePrincipal","","","",""
"2025-10-26 15:55:10","Synchronization rule action","Details","","","ErrorCode","","","ProvisioningManagement","d2ff0c83-1c3e-49b1-8bdc-67b8e5a12fc5","Sync_d2ff0c83-1c3e-49b1-8bdc-67b8e5a12fc5_92e5b9cf-c9a2-495d-83b2-3fc82f96324f_134033757109742120","","Azure AD Cloud Sync","","","","","","","","","","","","Account Provisioning","Read","success","User kathleen.carter@acme.com will be skipped, because it has already been effectively de-provisioned.","External Application 9","","756eda03-cf90-441c-808e-b59787d93e2b","objectId","""c2d41362-b857-4351-8a78-520b3070914e""","","","accountEnabled","""False""","","","department","""Department 9""","","","displayName","""Kathleen Carter""","","","givenName","""Kathleen""","","","jobTitle","""Job Title 3""","","","ServicePrincipal","","","",""
"2025-10-26 15:55:10","Synchronization rule action","Details","","","ErrorCode","","","ProvisioningManagement","d2ff0c83-1c3e-49b1-8bdc-67b8e5a12fc5","Sync_d2ff0c83-1c3e-49b1-8bdc-67b8e5a12fc5_92e5b9cf-c9a2-495d-83b2-3fc82f96324f_134033757109652160","","Azure AD Cloud Sync","","","","","","","","","","","","Account Provisioning","Read","success","User thomas1.jimenez@acme.com will be skipped, because it has not been matched with any entry in the target directory, and there has been no change in any attribute that could alter that state. ","External Application 9","","756eda03-cf90-441c-808e-b59787d93e2b","objectId","""c8bfdc83-e15d-4584-83d0-f156fda37734""","","","accountEnabled","""False""","","","department","""Department 6""","","","displayName","""Thomas1 Jimenez""","","","givenName","""Thomas1""","","","jobTitle","""Job Title 12""","","","ServicePrincipal","","","",""
"2025-10-26 15:55:10","Synchronization rule action","Details","","","ErrorCode","","","ProvisioningManagement","d2ff0c83-1c3e-49b1-8bdc-67b8e5a12fc5","Sync_d2ff0c83-1c3e-49b1-8bdc-67b8e5a12fc5_92e5b9cf-c9a2-495d-83b2-3fc82f96324f_134033757109562120","","Azure AD Cloud Sync","","","","","","","","","","","","Account Provisioning","Read","success","User diane.nguyen@acme.com will be skipped, because it has not been matched with any entry in the target directory, and there has been no change in any attribute that could alter that state. ","External Application 9","","756eda03-cf90-441c-808e-b59787d93e2b","objectId","""9a338291-11ec-499c-8425-ba35ea84767e""","","","accountEnabled","""False""","","","displayName","""Diane Nguyen""","","","givenName","""Diane""","","","jobTitle","""Job Title 7""","","","mailNickname","""diane.nguyen""","","","ServicePrincipal","","","",""
"2025-10-26 15:55:10","Synchronization rule action","Details","","","ErrorCode","","","ProvisioningManagement","d2ff0c83-1c3e-49b1-8bdc-67b8e5a12fc5","Sync_d2ff0c83-1c3e-49b1-8bdc-67b8e5a12fc5_92e5b9cf-c9a2-495d-83b2-3fc82f96324f_134033757109452140","","Azure AD Cloud Sync","","","","","","","","","","","","Account Provisioning","Read","success","User reed1.mitchell@acme.com will be skipped, because it has not been matched with any entry in the target directory, and there has been no change in any attribute that could alter that state. ","External Application 9","","756eda03-cf90-441c-808e-b59787d93e2b","objectId","""31510e04-6b24-4a36-8b50-fc1ad11ad4f9""","","","accountEnabled","""False""","","","displayName","""Reed1 Mitchell""","","","givenName","""Reed1""","","","jobTitle","""Job Title 1""","","","mailNickname","""reed1.mitchell""","","","ServicePrincipal","","","",""
"2025-10-26 15:55:10","Synchronization rule action","Details","","","ErrorCode","","","ProvisioningManagement","d2ff0c83-1c3e-49b1-8bdc-67b8e5a12fc5","Sync_d2ff0c83-1c3e-49b1-8bdc-67b8e5a12fc5_92e5b9cf-c9a2-495d-83b2-3fc82f96324f_134033757109322130","","Azure AD Cloud Sync","","","","","","","","","","","","Account Provisioning","Read","success","User peterson.heather2@acme.com will be skipped, because it has already been effectively de-provisioned.","External Application 9","","756eda03-cf90-441c-808e-b59787d93e2b","objectId","""8107c9dc-0d87-4346-8d13-76a486414747""","","","accountEnabled","""False""","","","displayName","""Peterson Heather2""","","","givenName","""Peterson""","","","jobTitle","""Job Title 5""","","","mailNickname","""peterson.heather2""","","","ServicePrincipal","","","",""
"2025-10-26 15:55:10","Synchronization rule action","Details","","","ErrorCode","","","ProvisioningManagement","d2ff0c83-1c3e-49b1-8bdc-67b8e5a12fc5","Sync_d2ff0c83-1c3e-49b1-8bdc-67b8e5a12fc5_92e5b9cf-c9a2-495d-83b2-3fc82f96324f_134033757109202080","","Azure AD Cloud Sync","","","","","","","","","","","","Account Provisioning","Read","success","User evelyn2.rebecca1@acme.com will be skipped, because it has not been matched with any entry in the target directory, and there has been no change in any attribute that could alter that state. ","External Application 9","","756eda03-cf90-441c-808e-b59787d93e2b","objectId","""a86ba5ad-6b84-42bb-835e-03d42d52beac""","","","accountEnabled","""False""","","","displayName","""Evelyn2 Rebecca1""","","","givenName","""Evelyn2""","","","jobTitle","""Job Title 5""","","","mailNickname","""evelyn2.rebecca1""","","","ServicePrincipal","","","",""
"2025-10-26 15:55:10","Synchronization rule action","Details","","","ErrorCode","","","ProvisioningManagement","d2ff0c83-1c3e-49b1-8bdc-67b8e5a12fc5","Sync_d2ff0c83-1c3e-49b1-8bdc-67b8e5a12fc5_92e5b9cf-c9a2-495d-83b2-3fc82f96324f_134033757109122080","","Azure AD Cloud Sync","","","","","","","","","","","","Account Provisioning","Read","success","User joan.william@acme.com will be skipped, because it has already been effectively de-provisioned.","External Application 9","","756eda03-cf90-441c-808e-b59787d93e2b","objectId","""627a4ff0-f382-43d9-846c-7c185494c01e""","","","accountEnabled","""False""","","","department","""Department 7""","","","displayName","""Ronald William""","","","givenName","""Ronald""","","","jobTitle","""Job Title 15""","","","ServicePrincipal","","","",""
"2025-10-26 15:55:10","Synchronization rule action","Details","User details: Skip reason = NotEffectivelyEntitled, Active = False, Assigned = True, Passed scope filter: True; ","","ErrorCode","","","ProvisioningManagement","d2ff0c83-1c3e-49b1-8bdc-67b8e5a12fc5","Sync_d2ff0c83-1c3e-49b1-8bdc-67b8e5a12fc5_92e5b9cf-c9a2-495d-83b2-3fc82f96324f_134033757108982080","","Azure AD Cloud Sync","","","","","","","","","","","","Account Provisioning","Read","success","The User 'evelyn2.rebecca1@acme.com' will be skipped due to the following reasons: 
1) This object is not active in the source system.
","External Application 9","","756eda03-cf90-441c-808e-b59787d93e2b","objectId","""a86ba5ad-6b84-42bb-835e-03d42d52beac""","","","accountEnabled","""False""","","","displayName","""Evelyn2 Rebecca1""","","","givenName","""Evelyn2""","","","jobTitle","""Job Title 5""","","","mailNickname","""evelyn2.rebecca1""","","","ServicePrincipal","","","",""
"2025-10-26 15:55:10","Synchronization rule action","Details","User details: Skip reason = NotEffectivelyEntitled, Active = False, Assigned = True, Passed scope filter: True; ","","ErrorCode","","","ProvisioningManagement","d2ff0c83-1c3e-49b1-8bdc-67b8e5a12fc5","Sync_d2ff0c83-1c3e-49b1-8bdc-67b8e5a12fc5_92e5b9cf-c9a2-495d-83b2-3fc82f96324f_134033757108852100","","Azure AD Cloud Sync","","","","","","","","","","","","Account Provisioning","Read","success","The User 'reed1.mitchell@acme.com' will be skipped due to the following reasons: 
1) This object is not active in the source system.
","External Application 9","","756eda03-cf90-441c-808e-b59787d93e2b","objectId","""31510e04-6b24-4a36-8b50-fc1ad11ad4f9""","","","accountEnabled","""False""","","","displayName","""Reed1 Mitchell""","","","givenName","""Reed1""","","","jobTitle","""Job Title 1""","","","mailNickname","""reed1.mitchell""","","","ServicePrincipal","","","",""
"2025-10-26 15:55:10","Synchronization rule action","Details","User details: Skip reason = NotEffectivelyEntitled, Active = False, Assigned = True, Passed scope filter: True; ","","ErrorCode","","","ProvisioningManagement","d2ff0c83-1c3e-49b1-8bdc-67b8e5a12fc5","Sync_d2ff0c83-1c3e-49b1-8bdc-67b8e5a12fc5_92e5b9cf-c9a2-495d-83b2-3fc82f96324f_134033757108692090","","Azure AD Cloud Sync","","","","","","","","","","","","Account Provisioning","Read","success","The User 'diane.nguyen@acme.com' will be skipped due to the following reasons: 
1) This object is not active in the source system.
","External Application 9","","756eda03-cf90-441c-808e-b59787d93e2b","objectId","""9a338291-11ec-499c-8425-ba35ea84767e""","","","accountEnabled","""False""","","","displayName","""Diane Nguyen""","","","givenName","""Diane""","","","jobTitle","""Job Title 7""","","","mailNickname","""diane.nguyen""","","","ServicePrincipal","","","",""
"2025-10-26 15:55:10","Synchronization rule action","Details","User details: Skip reason = NotEffectivelyEntitled, Active = False, Assigned = True, Passed scope filter: True; ","","ErrorCode","","","ProvisioningManagement","d2ff0c83-1c3e-49b1-8bdc-67b8e5a12fc5","Sync_d2ff0c83-1c3e-49b1-8bdc-67b8e5a12fc5_92e5b9cf-c9a2-495d-83b2-3fc82f96324f_134033757108542110","","Azure AD Cloud Sync","","","","","","","","","","","","Account Provisioning","Read","success","The User 'thomas1.jimenez@acme.com' will be skipped due to the following reasons: 
1) This object is not active in the source system.
","External Application 9","","756eda03-cf90-441c-808e-b59787d93e2b","objectId","""c8bfdc83-e15d-4584-83d0-f156fda37734""","","","accountEnabled","""False""","","","department","""Department 6""","","","displayName","""Thomas1 Jimenez""","","","givenName","""Thomas1""","","","jobTitle","""Job Title 12""","","","ServicePrincipal","","","",""
"2025-10-26 15:55:10","Synchronization rule action","Details","User details: Skip reason = NotEffectivelyEntitled, Active = False, Assigned = True, Passed scope filter: True; ","","ErrorCode","","","ProvisioningManagement","d2ff0c83-1c3e-49b1-8bdc-67b8e5a12fc5","Sync_d2ff0c83-1c3e-49b1-8bdc-67b8e5a12fc5_92e5b9cf-c9a2-495d-83b2-3fc82f96324f_134033757108412100","","Azure AD Cloud Sync","","","","","","","","","","","","Account Provisioning","Read","success","The User 'amy2.wood@acme.com' will be skipped due to the following reasons: 
1) This object is not active in the source system.
","External Application 9","","756eda03-cf90-441c-808e-b59787d93e2b","objectId","""9e4eef94-db52-4ae6-83d6-bad5395ff6f8""","","","accountEnabled","""False""","","","department","""Department 4""","","","displayName","""Amy2 Wood""","","","givenName","""Hovsep""","","","jobTitle","""Job Title 14""","","","ServicePrincipal","","","",""
"2025-10-26 15:55:10","Synchronization rule action","Details","User details: Skip reason = RedundantSoftDelete, Active = False, Assigned = True, Passed scope filter: True; ","","ErrorCode","","","ProvisioningManagement","d2ff0c83-1c3e-49b1-8bdc-67b8e5a12fc5","Sync_d2ff0c83-1c3e-49b1-8bdc-67b8e5a12fc5_92e5b9cf-c9a2-495d-83b2-3fc82f96324f_134033757107762070","","Azure AD Cloud Sync","","","","","","","","","","","","Account Provisioning","Read","success","The User 'mitchell2.ortiz@acme.com' was evaluated to be soft-deleted in the source system and the provisioning service should soft-delete the target entry. However, the soft-deletion has been processed by the provisioning service previously. The soft delete operation will be skipped.","External Application 9","","756eda03-cf90-441c-808e-b59787d93e2b","objectId","""c86c5f0b-5845-4ed8-8974-9f4817e9f14c""","","","accountEnabled","""False""","","","displayName","""Mitchell2  Ortiz""","","","givenName","""Mitchell2""","","","mailNickname","""mitchell2.ortiz""","","","surname","""Ortiz""","","","ServicePrincipal","","","",""
"2025-10-26 15:55:10","Synchronization rule action","Details","User details: Skip reason = RedundantSoftDelete, Active = False, Assigned = True, Passed scope filter: True; ","","ErrorCode","","","ProvisioningManagement","d2ff0c83-1c3e-49b1-8bdc-67b8e5a12fc5","Sync_d2ff0c83-1c3e-49b1-8bdc-67b8e5a12fc5_92e5b9cf-c9a2-495d-83b2-3fc82f96324f_134033757107632070","","Azure AD Cloud Sync","","","","","","","","","","","","Account Provisioning","Read","success","The User 'catherine1.carter2@acme.com' was evaluated to be soft-deleted in the source system and the provisioning service should soft-delete the target entry. However, the soft-deletion has been processed by the provisioning service previously. The soft delete operation will be skipped.","External Application 9","","756eda03-cf90-441c-808e-b59787d93e2b","objectId","""2318cfef-8d5d-4570-8820-15637b57a565""","","","accountEnabled","""False""","","","department","""Department 8""","","","displayName","""Catherine1 Carter2""","","","givenName","""Catherine1""","","","jobTitle","""Job Title 8""","","","ServicePrincipal","","","",""
"2025-10-26 15:55:10","Synchronization rule action","Details","User details: Skip reason = RedundantSoftDelete, Active = False, Assigned = True, Passed scope filter: True; ","","ErrorCode","","","ProvisioningManagement","d2ff0c83-1c3e-49b1-8bdc-67b8e5a12fc5","Sync_d2ff0c83-1c3e-49b1-8bdc-67b8e5a12fc5_92e5b9cf-c9a2-495d-83b2-3fc82f96324f_134033757107492120","","Azure AD Cloud Sync","","","","","","","","","","","","Account Provisioning","Read","success","The User 'samantha1.edward@acme.com' was evaluated to be soft-deleted in the source system and the provisioning service should soft-delete the target entry. However, the soft-deletion has been processed by the provisioning service previously. The soft delete operation will be skipped.","External Application 9","","756eda03-cf90-441c-808e-b59787d93e2b","objectId","""d0e4a9ac-084a-4133-8c33-53487177cf8a""","","","accountEnabled","""False""","","","department","""Department 1""","","","displayName","""Samantha1 Edward""","","","givenName","""Samantha1""","","","jobTitle","""Job Title 2""","","","ServicePrincipal","","","",""
"2025-10-26 15:55:10","Synchronization rule action","Details","User details: Skip reason = RedundantSoftDelete, Active = False, Assigned = True, Passed scope filter: True; ","","ErrorCode","","","ProvisioningManagement","d2ff0c83-1c3e-49b1-8bdc-67b8e5a12fc5","Sync_d2ff0c83-1c3e-49b1-8bdc-67b8e5a12fc5_92e5b9cf-c9a2-495d-83b2-3fc82f96324f_134033757107322160","","Azure AD Cloud Sync","","","","","","","","","","","","Account Provisioning","Read","success","The User 'allen3.edward1@acme.com' was evaluated to be soft-deleted in the source system and the provisioning service should soft-delete the target entry. However, the soft-deletion has been processed by the provisioning service previously. The soft delete operation will be skipped.","External Application 9","","756eda03-cf90-441c-808e-b59787d93e2b","objectId","""2b22d269-4f10-4524-894e-e05c48f3d8d9""","","","accountEnabled","""False""","","","department","""Department 7""","","","displayName","""Allen3 Edward1""","","","givenName","""Allen3""","","","jobTitle","""Job Title 4""","","","ServicePrincipal","","","",""
"2025-10-26 15:55:10","Synchronization rule action","Details","User details: Skip reason = RedundantSoftDelete, Active = False, Assigned = True, Passed scope filter: True; ","","ErrorCode","","","ProvisioningManagement","d2ff0c83-1c3e-49b1-8bdc-67b8e5a12fc5","Sync_d2ff0c83-1c3e-49b1-8bdc-67b8e5a12fc5_92e5b9cf-c9a2-495d-83b2-3fc82f96324f_134033757107182160","","Azure AD Cloud Sync","","","","","","","","","","","","Account Provisioning","Read","success","The User 'cook1.mitchell3@acme.com' was evaluated to be soft-deleted in the source system and the provisioning service should soft-delete the target entry. However, the soft-deletion has been processed by the provisioning service previously. The soft delete operation will be skipped.","External Application 9","","756eda03-cf90-441c-808e-b59787d93e2b","objectId","""7b6593af-c87d-4674-829a-9ede3adbdf5c""","","","accountEnabled","""False""","","","displayName","""Cook1 Mitchell3""","","","givenName","""Cook1""","","","mailNickname","""cook1.mitchell3""","","","surname","""Mitchell3""","","","ServicePrincipal","","","",""
"2025-10-26 15:55:10","Synchronization rule action","Details","User details: Skip reason = RedundantSoftDelete, Active = False, Assigned = True, Passed scope filter: True; ","","ErrorCode","","","ProvisioningManagement","d2ff0c83-1c3e-49b1-8bdc-67b8e5a12fc5","Sync_d2ff0c83-1c3e-49b1-8bdc-67b8e5a12fc5_92e5b9cf-c9a2-495d-83b2-3fc82f96324f_134033757107002150","","Azure AD Cloud Sync","","","","","","","","","","","","Account Provisioning","Read","success","The User 'lewis.thomas2@acme.com' was evaluated to be soft-deleted in the source system and the provisioning service should soft-delete the target entry. However, the soft-deletion has been processed by the provisioning service previously. The soft delete operation will be skipped.","External Application 9","","756eda03-cf90-441c-808e-b59787d93e2b","objectId","""f32bb32c-d9b7-4656-8596-671a4e468153""","","","accountEnabled","""False""","","","department","""Department 2""","","","displayName","""Lewis Thomas2""","","","givenName","""Lewis""","","","jobTitle","""Job Title 11""","","","ServicePrincipal","","","",""
"2025-10-26 15:55:10","Synchronization rule action","Details","User details: Skip reason = RedundantSoftDelete, Active = False, Assigned = True, Passed scope filter: True; ","","ErrorCode","","","ProvisioningManagement","d2ff0c83-1c3e-49b1-8bdc-67b8e5a12fc5","Sync_d2ff0c83-1c3e-49b1-8bdc-67b8e5a12fc5_92e5b9cf-c9a2-495d-83b2-3fc82f96324f_134033757106832080","","Azure AD Cloud Sync","","","","","","","","","","","","Account Provisioning","Read","success","The User 'nguyen.wood1@acme.com' was evaluated to be soft-deleted in the source system and the provisioning service should soft-delete the target entry. However, the soft-deletion has been processed by the provisioning service previously. The soft delete operation will be skipped.","External Application 9","","756eda03-cf90-441c-808e-b59787d93e2b","objectId","""ce02f276-d914-4909-853b-bf731e718640""","","","accountEnabled","""False""","","","department","""Department 3""","","","displayName","""Nguyen Wood1""","","","givenName","""Nguyen""","","","jobTitle","""Job Title 10""","","","ServicePrincipal","","","",""
"2025-10-26 15:55:10","Synchronization rule action","Details","User details: Skip reason = RedundantSoftDelete, Active = False, Assigned = True, Passed scope filter: True; ","","ErrorCode","","","ProvisioningManagement","d2ff0c83-1c3e-49b1-8bdc-67b8e5a12fc5","Sync_d2ff0c83-1c3e-49b1-8bdc-67b8e5a12fc5_92e5b9cf-c9a2-495d-83b2-3fc82f96324f_134033757106682100","","Azure AD Cloud Sync","","","","","","","","","","","","Account Provisioning","Read","success","The User 'jenkins.roberts@acme.com' was evaluated to be soft-deleted in the source system and the provisioning service should soft-delete the target entry. However, the soft-deletion has been processed by the provisioning service previously. The soft delete operation will be skipped.","External Application 9","","756eda03-cf90-441c-808e-b59787d93e2b","objectId","""b4e2a357-f352-40ff-84e5-5a31a71a3c2d""","","","accountEnabled","""False""","","","department","""Department 7""","","","displayName","""Jenkins Roberts""","","","givenName","""Jenkins""","","","jobTitle","""Job Title 8""","","","ServicePrincipal","","","",""
"2025-10-26 15:55:10","Synchronization rule action","Details","User details: Skip reason = RedundantSoftDelete, Active = False, Assigned = True, Passed scope filter: True; ","","ErrorCode","","","ProvisioningManagement","d2ff0c83-1c3e-49b1-8bdc-67b8e5a12fc5","Sync_d2ff0c83-1c3e-49b1-8bdc-67b8e5a12fc5_92e5b9cf-c9a2-495d-83b2-3fc82f96324f_134033757106552110","","Azure AD Cloud Sync","","","","","","","","","","","","Account Provisioning","Read","success","The User 'kathleen.carter@acme.com' was evaluated to be soft-deleted in the source system and the provisioning service should soft-delete the target entry. However, the soft-deletion has been processed by the provisioning service previously. The soft delete operation will be skipped.","External Application 9","","756eda03-cf90-441c-808e-b59787d93e2b","objectId","""c2d41362-b857-4351-8a78-520b3070914e""","","","accountEnabled","""False""","","","department","""Department 9""","","","displayName","""Kathleen Carter""","","","givenName","""Kathleen""","","","jobTitle","""Job Title 3""","","","ServicePrincipal","","","",""
"2025-10-26 15:55:10","Synchronization rule action","Details","User details: Skip reason = RedundantSoftDelete, Active = False, Assigned = True, Passed scope filter: True; ","","ErrorCode","","","ProvisioningManagement","d2ff0c83-1c3e-49b1-8bdc-67b8e5a12fc5","Sync_d2ff0c83-1c3e-49b1-8bdc-67b8e5a12fc5_92e5b9cf-c9a2-495d-83b2-3fc82f96324f_134033757106192080","","Azure AD Cloud Sync","","","","","","","","","","","","Account Provisioning","Read","success","The User 'peterson.heather2@acme.com' was evaluated to be soft-deleted in the source system and the provisioning service should soft-delete the target entry. However, the soft-deletion has been processed by the provisioning service previously. The soft delete operation will be skipped.","External Application 9","","756eda03-cf90-441c-808e-b59787d93e2b","objectId","""8107c9dc-0d87-4346-8d13-76a486414747""","","","accountEnabled","""False""","","","displayName","""Peterson Heather2""","","","givenName","""Peterson""","","","jobTitle","""Job Title 5""","","","mailNickname","""peterson.heather2""","","","ServicePrincipal","","","",""
"2025-10-26 15:55:10","Synchronization rule action","Details","User details: Skip reason = RedundantSoftDelete, Active = False, Assigned = True, Passed scope filter: True; ","","ErrorCode","","","ProvisioningManagement","d2ff0c83-1c3e-49b1-8bdc-67b8e5a12fc5","Sync_d2ff0c83-1c3e-49b1-8bdc-67b8e5a12fc5_92e5b9cf-c9a2-495d-83b2-3fc82f96324f_134033757106002090","","Azure AD Cloud Sync","","","","","","","","","","","","Account Provisioning","Read","success","The User 'torres1.carter3@acme.com' was evaluated to be soft-deleted in the source system and the provisioning service should soft-delete the target entry. However, the soft-deletion has been processed by the provisioning service previously. The soft delete operation will be skipped.","External Application 9","","756eda03-cf90-441c-808e-b59787d93e2b","objectId","""7df7de58-2af6-47c2-8887-079db9585c7e""","","","accountEnabled","""False""","","","displayName","""Lee Carter3""","","","givenName","""Lee""","","","mailNickname","""torres1.carter3""","","","surname","""Carter3""","","","ServicePrincipal","","","",""
"2025-10-26 15:55:10","Synchronization rule action","Details","User details: Skip reason = RedundantSoftDelete, Active = False, Assigned = True, Passed scope filter: True; ","","ErrorCode","","","ProvisioningManagement","d2ff0c83-1c3e-49b1-8bdc-67b8e5a12fc5","Sync_d2ff0c83-1c3e-49b1-8bdc-67b8e5a12fc5_92e5b9cf-c9a2-495d-83b2-3fc82f96324f_134033757105862120","","Azure AD Cloud Sync","","","","","","","","","","","","Account Provisioning","Read","success","The User 'ronald1.jackson@acme.com' was evaluated to be soft-deleted in the source system and the provisioning service should soft-delete the target entry. However, the soft-deletion has been processed by the provisioning service previously. The soft delete operation will be skipped.","External Application 9","","756eda03-cf90-441c-808e-b59787d93e2b","objectId","""bf9339cc-dcd3-419c-87d7-ca33b140e3cb""","","","accountEnabled","""False""","","","displayName","""Ronald1 Jackson""","","","givenName","""Ronald1""","","","jobTitle","""Job Title 13""","","","mailNickname","""ronald1.jackson""","","","ServicePrincipal","","","",""
"2025-10-26 15:55:10","Synchronization rule action","Details","User details: Skip reason = RedundantSoftDelete, Active = False, Assigned = True, Passed scope filter: True; ","","ErrorCode","","","ProvisioningManagement","d2ff0c83-1c3e-49b1-8bdc-67b8e5a12fc5","Sync_d2ff0c83-1c3e-49b1-8bdc-67b8e5a12fc5_92e5b9cf-c9a2-495d-83b2-3fc82f96324f_134033757105722100","","Azure AD Cloud Sync","","","","","","","","","","","","Account Provisioning","Read","success","The User 'joan.william@acme.com' was evaluated to be soft-deleted in the source system and the provisioning service should soft-delete the target entry. However, the soft-deletion has been processed by the provisioning service previously. The soft delete operation will be skipped.","External Application 9","","756eda03-cf90-441c-808e-b59787d93e2b","objectId","""627a4ff0-f382-43d9-846c-7c185494c01e""","","","accountEnabled","""False""","","","department","""Department 7""","","","displayName","""Ronald William""","","","givenName","""Ronald""","","","jobTitle","""Job Title 15""","","","ServicePrincipal","","","",""
"2025-10-26 15:55:10","Import","Details","","","ErrorCode","","","ProvisioningManagement","d2ff0c83-1c3e-49b1-8bdc-67b8e5a12fc5","Sync_d2ff0c83-1c3e-49b1-8bdc-67b8e5a12fc5_92e5b9cf-c9a2-495d-83b2-3fc82f96324f_134033757102652040","","Azure AD Cloud Sync","","","","","","","","","","","","Account Provisioning","Read","success","Received User 'mitchell2.ortiz@acme.com' change of type (Add) from Microsoft Entra ID","External Application 9","","756eda03-cf90-441c-808e-b59787d93e2b","objectId","""c86c5f0b-5845-4ed8-8974-9f4817e9f14c""","","","accountEnabled","""False""","","","displayName","""Mitchell2  Ortiz""","","","givenName","""Mitchell2""","","","mailNickname","""mitchell2.ortiz""","","","surname","""Ortiz""","","","ServicePrincipal","","","",""
"2025-10-26 15:55:10","Import","Details","","","ErrorCode","","","ProvisioningManagement","d2ff0c83-1c3e-49b1-8bdc-67b8e5a12fc5","Sync_d2ff0c83-1c3e-49b1-8bdc-67b8e5a12fc5_92e5b9cf-c9a2-495d-83b2-3fc82f96324f_134033757102572040","","Azure AD Cloud Sync","","","","","","","","","","","","Account Provisioning","Read","success","Received User 'catherine1.carter2@acme.com' change of type (Add) from Microsoft Entra ID","External Application 9","","756eda03-cf90-441c-808e-b59787d93e2b","objectId","""2318cfef-8d5d-4570-8820-15637b57a565""","","","accountEnabled","""False""","","","department","""Department 8""","","","displayName","""Catherine1 Carter2""","","","givenName","""Catherine1""","","","jobTitle","""Job Title 8""","","","ServicePrincipal","","","",""
"2025-10-26 15:55:10","Import","Details","","","ErrorCode","","","ProvisioningManagement","d2ff0c83-1c3e-49b1-8bdc-67b8e5a12fc5","Sync_d2ff0c83-1c3e-49b1-8bdc-67b8e5a12fc5_92e5b9cf-c9a2-495d-83b2-3fc82f96324f_134033757102482040","","Azure AD Cloud Sync","","","","","","","","","","","","Account Provisioning","Read","success","Received User 'samantha1.edward@acme.com' change of type (Add) from Microsoft Entra ID","External Application 9","","756eda03-cf90-441c-808e-b59787d93e2b","objectId","""d0e4a9ac-084a-4133-8c33-53487177cf8a""","","","accountEnabled","""False""","","","department","""Department 1""","","","displayName","""Samantha1 Edward""","","","givenName","""Samantha1""","","","jobTitle","""Job Title 2""","","","ServicePrincipal","","","",""
"2025-10-26 15:55:10","Import","Details","","","ErrorCode","","","ProvisioningManagement","d2ff0c83-1c3e-49b1-8bdc-67b8e5a12fc5","Sync_d2ff0c83-1c3e-49b1-8bdc-67b8e5a12fc5_92e5b9cf-c9a2-495d-83b2-3fc82f96324f_134033757102392060","","Azure AD Cloud Sync","","","","","","","","","","","","Account Provisioning","Read","success","Received User 'allen3.edward1@acme.com' change of type (Add) from Microsoft Entra ID","External Application 9","","756eda03-cf90-441c-808e-b59787d93e2b","objectId","""2b22d269-4f10-4524-894e-e05c48f3d8d9""","","","accountEnabled","""False""","","","department","""Department 7""","","","displayName","""Allen3 Edward1""","","","givenName","""Allen3""","","","jobTitle","""Job Title 4""","","","ServicePrincipal","","","",""
"2025-10-26 15:55:10","Import","Details","","","ErrorCode","","","ProvisioningManagement","d2ff0c83-1c3e-49b1-8bdc-67b8e5a12fc5","Sync_d2ff0c83-1c3e-49b1-8bdc-67b8e5a12fc5_92e5b9cf-c9a2-495d-83b2-3fc82f96324f_134033757102302060","","Azure AD Cloud Sync","","","","","","","","","","","","Account Provisioning","Read","success","Received User 'cook1.mitchell3@acme.com' change of type (Add) from Microsoft Entra ID","External Application 9","","756eda03-cf90-441c-808e-b59787d93e2b","objectId","""7b6593af-c87d-4674-829a-9ede3adbdf5c""","","","accountEnabled","""False""","","","displayName","""Cook1 Mitchell3""","","","givenName","""Cook1""","","","mailNickname","""cook1.mitchell3""","","","surname","""Mitchell3""","","","ServicePrincipal","","","",""
"2025-10-26 15:55:10","Import","Details","","","ErrorCode","","","ProvisioningManagement","d2ff0c83-1c3e-49b1-8bdc-67b8e5a12fc5","Sync_d2ff0c83-1c3e-49b1-8bdc-67b8e5a12fc5_92e5b9cf-c9a2-495d-83b2-3fc82f96324f_134033757102232060","","Azure AD Cloud Sync","","","","","","","","","","","","Account Provisioning","Read","success","Received User 'amy2.wood@acme.com' change of type (Add) from Microsoft Entra ID","External Application 9","","756eda03-cf90-441c-808e-b59787d93e2b","objectId","""9e4eef94-db52-4ae6-83d6-bad5395ff6f8""","","","accountEnabled","""False""","","","department","""Department 4""","","","displayName","""Amy2 Wood""","","","givenName","""Hovsep""","","","jobTitle","""Job Title 14""","","","ServicePrincipal","","","",""
"2025-10-26 15:55:10","Import","Details","","","ErrorCode","","","ProvisioningManagement","d2ff0c83-1c3e-49b1-8bdc-67b8e5a12fc5","Sync_d2ff0c83-1c3e-49b1-8bdc-67b8e5a12fc5_92e5b9cf-c9a2-495d-83b2-3fc82f96324f_134033757102152060","","Azure AD Cloud Sync","","","","","","","","","","","","Account Provisioning","Read","success","Received User 'lewis.thomas2@acme.com' change of type (Add) from Microsoft Entra ID","External Application 9","","756eda03-cf90-441c-808e-b59787d93e2b","objectId","""f32bb32c-d9b7-4656-8596-671a4e468153""","","","accountEnabled","""False""","","","department","""Department 2""","","","displayName","""Lewis Thomas2""","","","givenName","""Lewis""","","","jobTitle","""Job Title 11""","","","ServicePrincipal","","","",""
"2025-10-26 15:55:10","Import","Details","","","ErrorCode","","","ProvisioningManagement","d2ff0c83-1c3e-49b1-8bdc-67b8e5a12fc5","Sync_d2ff0c83-1c3e-49b1-8bdc-67b8e5a12fc5_92e5b9cf-c9a2-495d-83b2-3fc82f96324f_134033757102052090","","Azure AD Cloud Sync","","","","","","","","","","","","Account Provisioning","Read","success","Received User 'nguyen.wood1@acme.com' change of type (Add) from Microsoft Entra ID","External Application 9","","756eda03-cf90-441c-808e-b59787d93e2b","objectId","""ce02f276-d914-4909-853b-bf731e718640""","","","accountEnabled","""False""","","","department","""Department 3""","","","displayName","""Nguyen Wood1""","","","givenName","""Nguyen""","","","jobTitle","""Job Title 10""","","","ServicePrincipal","","","",""
"2025-10-26 15:55:10","Import","Details","","","ErrorCode","","","ProvisioningManagement","d2ff0c83-1c3e-49b1-8bdc-67b8e5a12fc5","Sync_d2ff0c83-1c3e-49b1-8bdc-67b8e5a12fc5_92e5b9cf-c9a2-495d-83b2-3fc82f96324f_134033757101952050","","Azure AD Cloud Sync","","","","","","","","","","","","Account Provisioning","Read","success","Received User 'jenkins.roberts@acme.com' change of type (Add) from Microsoft Entra ID","External Application 9","","756eda03-cf90-441c-808e-b59787d93e2b","objectId","""b4e2a357-f352-40ff-84e5-5a31a71a3c2d""","","","accountEnabled","""False""","","","department","""Department 7""","","","displayName","""Jenkins Roberts""","","","givenName","""Jenkins""","","","jobTitle","""Job Title 8""","","","ServicePrincipal","","","",""
"2025-10-26 15:55:10","Import","Details","","","ErrorCode","","","ProvisioningManagement","d2ff0c83-1c3e-49b1-8bdc-67b8e5a12fc5","Sync_d2ff0c83-1c3e-49b1-8bdc-67b8e5a12fc5_92e5b9cf-c9a2-495d-83b2-3fc82f96324f_134033757101832040","","Azure AD Cloud Sync","","","","","","","","","","","","Account Provisioning","Read","success","Received User 'kathleen.carter@acme.com' change of type (Add) from Microsoft Entra ID","External Application 9","","756eda03-cf90-441c-808e-b59787d93e2b","objectId","""c2d41362-b857-4351-8a78-520b3070914e""","","","accountEnabled","""False""","","","department","""Department 9""","","","displayName","""Kathleen Carter""","","","givenName","""Kathleen""","","","jobTitle","""Job Title 3""","","","ServicePrincipal","","","",""
"2025-10-26 15:55:10","Import","Details","","","ErrorCode","","","ProvisioningManagement","d2ff0c83-1c3e-49b1-8bdc-67b8e5a12fc5","Sync_d2ff0c83-1c3e-49b1-8bdc-67b8e5a12fc5_92e5b9cf-c9a2-495d-83b2-3fc82f96324f_134033757101732040","","Azure AD Cloud Sync","","","","","","","","","","","","Account Provisioning","Read","success","Received User 'thomas1.jimenez@acme.com' change of type (Add) from Microsoft Entra ID","External Application 9","","756eda03-cf90-441c-808e-b59787d93e2b","objectId","""c8bfdc83-e15d-4584-83d0-f156fda37734""","","","accountEnabled","""False""","","","department","""Department 6""","","","displayName","""Thomas1 Jimenez""","","","givenName","""Thomas1""","","","jobTitle","""Job Title 12""","","","ServicePrincipal","","","",""
"2025-10-26 15:55:10","Import","Details","","","ErrorCode","","","ProvisioningManagement","d2ff0c83-1c3e-49b1-8bdc-67b8e5a12fc5","Sync_d2ff0c83-1c3e-49b1-8bdc-67b8e5a12fc5_92e5b9cf-c9a2-495d-83b2-3fc82f96324f_134033757101652030","","Azure AD Cloud Sync","","","","","","","","","","","","Account Provisioning","Read","success","Received User 'diane.nguyen@acme.com' change of type (Add) from Microsoft Entra ID","External Application 9","","756eda03-cf90-441c-808e-b59787d93e2b","objectId","""9a338291-11ec-499c-8425-ba35ea84767e""","","","accountEnabled","""False""","","","displayName","""Diane Nguyen""","","","givenName","""Diane""","","","jobTitle","""Job Title 7""","","","mailNickname","""diane.nguyen""","","","ServicePrincipal","","","",""
"2025-10-26 15:55:10","Import","Details","","","ErrorCode","","","ProvisioningManagement","d2ff0c83-1c3e-49b1-8bdc-67b8e5a12fc5","Sync_d2ff0c83-1c3e-49b1-8bdc-67b8e5a12fc5_92e5b9cf-c9a2-495d-83b2-3fc82f96324f_134033757101572040","","Azure AD Cloud Sync","","","","","","","","","","","","Account Provisioning","Read","success","Received User 'reed1.mitchell@acme.com' change of type (Add) from Microsoft Entra ID","External Application 9","","756eda03-cf90-441c-808e-b59787d93e2b","objectId","""31510e04-6b24-4a36-8b50-fc1ad11ad4f9""","","","accountEnabled","""False""","","","displayName","""Reed1 Mitchell""","","","givenName","""Reed1""","","","jobTitle","""Job Title 1""","","","mailNickname","""reed1.mitchell""","","","ServicePrincipal","","","",""
"2025-10-26 15:55:10","Import","Details","","","ErrorCode","","","ProvisioningManagement","d2ff0c83-1c3e-49b1-8bdc-67b8e5a12fc5","Sync_d2ff0c83-1c3e-49b1-8bdc-67b8e5a12fc5_92e5b9cf-c9a2-495d-83b2-3fc82f96324f_134033757101472050","","Azure AD Cloud Sync","","","","","","","","","","","","Account Provisioning","Read","success","Received User 'peterson.heather2@acme.com' change of type (Add) from Microsoft Entra ID","External Application 9","","756eda03-cf90-441c-808e-b59787d93e2b","objectId","""8107c9dc-0d87-4346-8d13-76a486414747""","","","accountEnabled","""False""","","","displayName","""Peterson Heather2""","","","givenName","""Peterson""","","","jobTitle","""Job Title 5""","","","mailNickname","""peterson.heather2""","","","ServicePrincipal","","","",""
"2025-10-26 15:55:10","Import","Details","","","ErrorCode","","","ProvisioningManagement","d2ff0c83-1c3e-49b1-8bdc-67b8e5a12fc5","Sync_d2ff0c83-1c3e-49b1-8bdc-67b8e5a12fc5_92e5b9cf-c9a2-495d-83b2-3fc82f96324f_134033757101382030","","Azure AD Cloud Sync","","","","","","","","","","","","Account Provisioning","Read","success","Received User 'evelyn2.rebecca1@acme.com' change of type (Add) from Microsoft Entra ID","External Application 9","","756eda03-cf90-441c-808e-b59787d93e2b","objectId","""a86ba5ad-6b84-42bb-835e-03d42d52beac""","","","accountEnabled","""False""","","","displayName","""Evelyn2 Rebecca1""","","","givenName","""Evelyn2""","","","jobTitle","""Job Title 5""","","","mailNickname","""evelyn2.rebecca1""","","","ServicePrincipal","","","",""
"2025-10-26 15:55:10","Import","Details","","","ErrorCode","","","ProvisioningManagement","d2ff0c83-1c3e-49b1-8bdc-67b8e5a12fc5","Sync_d2ff0c83-1c3e-49b1-8bdc-67b8e5a12fc5_92e5b9cf-c9a2-495d-83b2-3fc82f96324f_134033757101282030","","Azure AD Cloud Sync","","","","","","","","","","","","Account Provisioning","Read","success","Received User 'torres1.carter3@acme.com' change of type (Add) from Microsoft Entra ID","External Application 9","","756eda03-cf90-441c-808e-b59787d93e2b","objectId","""7df7de58-2af6-47c2-8887-079db9585c7e""","","","accountEnabled","""False""","","","displayName","""Lee Carter3""","","","givenName","""Lee""","","","mailNickname","""torres1.carter3""","","","surname","""Carter3""","","","ServicePrincipal","","","",""
"2025-10-26 15:55:10","Import","Details","","","ErrorCode","","","ProvisioningManagement","d2ff0c83-1c3e-49b1-8bdc-67b8e5a12fc5","Sync_d2ff0c83-1c3e-49b1-8bdc-67b8e5a12fc5_92e5b9cf-c9a2-495d-83b2-3fc82f96324f_134033757101202040","","Azure AD Cloud Sync","","","","","","","","","","","","Account Provisioning","Read","success","Received User 'ronald1.jackson@acme.com' change of type (Add) from Microsoft Entra ID","External Application 9","","756eda03-cf90-441c-808e-b59787d93e2b","objectId","""bf9339cc-dcd3-419c-87d7-ca33b140e3cb""","","","accountEnabled","""False""","","","displayName","""Ronald1 Jackson""","","","givenName","""Ronald1""","","","jobTitle","""Job Title 13""","","","mailNickname","""ronald1.jackson""","","","ServicePrincipal","","","",""
"2025-10-26 15:55:10","Import","Details","","","ErrorCode","","","ProvisioningManagement","d2ff0c83-1c3e-49b1-8bdc-67b8e5a12fc5","Sync_d2ff0c83-1c3e-49b1-8bdc-67b8e5a12fc5_92e5b9cf-c9a2-495d-83b2-3fc82f96324f_134033757101102040","","Azure AD Cloud Sync","","","","","","","","","","","","Account Provisioning","Read","success","Received User 'joan.william@acme.com' change of type (Add) from Microsoft Entra ID","External Application 9","","756eda03-cf90-441c-808e-b59787d93e2b","objectId","""627a4ff0-f382-43d9-846c-7c185494c01e""","","","accountEnabled","""False""","","","department","""Department 7""","","","displayName","""Ronald William""","","","givenName","""Ronald""","","","jobTitle","""Job Title 15""","","","ServicePrincipal","","","",""
"2025-10-26 15:55:08","Other","Details","Type: AppRoleAssignment
Modification: Add
Anchor: qbr5z9K8IUyjKAHYTL_siDjlqbyxVPRBvzvI92m0dG0
Matching property values: 76177af3-b8ae-498b-81f0-4c03455d7a6a
OriginalSourceEntryType: 
Reference Change? False
ContainsEntitlement? False
TrackingId b5447406-b14e-43a1-851c-924818c87c54","","ErrorCode","","","ProvisioningManagement","d2ff0c83-1c3e-49b1-8bdc-67b8e5a12fc5","Sync_d2ff0c83-1c3e-49b1-8bdc-67b8e5a12fc5_92e5b9cf-c9a2-495d-83b2-3fc82f96324f_134033757081307560","","Azure AD Cloud Sync","","","","","","","","","","","","Account Provisioning","Read","success","This app role assignment was imported: qbr5z9K8IUyjKAHYTL_siDjlqbyxVPRBvzvI92m0dG0.  The app role granted was 76177af3-b8ae-498b-81f0-4c03455d7a6a.  It was granted to Group 34e0af06-dc41-45ee-8b74-60db5c45fe59.","External Application 9","","756eda03-cf90-441c-808e-b59787d93e2b","","","","","","","","","","","","","","","","","","","","","","","","","ServicePrincipal","","","",""
"2025-10-26 15:48:21","Update user","UserType","Member","","","","","UserManagement","8b89a29f-158e-4686-82d9-f0edbe9c643a","Directory_8b89a29f-158e-4686-82d9-f0edbe9c643a_0YB0W_140779456","","Microsoft Substrate Management","feb2a519-1cc9-4bea-8b5c-237fd8ea9a92","","","","","","","","","","","Core Directory","Update","success","","","","194a0222-74a0-49c8-882d-bb01e9fb2bfc","Included Updated Properties","""""","","","TargetId.UserType","""Member""","","","ActorId.ServicePrincipalNames","""7f53a90e-44b5-410c-8fd1-a31f09c2c31d""","","","SPN","""7f53a90e-44b5-410c-8fd1-a31f09c2c31d""","","","","","","","","","","","User","richard.nancy1@acme.com","","",""
"2025-10-26 15:34:28","Consent to application","User-Agent","EvoSTS","","AppId","7e95a921-edde-4eef-829f-086ee52dcc38","","ApplicationManagement","3fc98162-2016-4cbc-899d-6fe73e87392c","Directory_3fc98162-2016-4cbc-899d-6fe73e87392c_BD1XY_65878274","","","","","","Azure ESTS Service","","","13.84.215.12","194a0222-74a0-49c8-882d-bb01e9fb2bfc","richard.nancy1@acme.com","","","Core Directory","Assign","success","","External Application 5","","30af3897-0814-44c9-8aa6-74eb277c44aa","ConsentContext.IsAdminConsent","""False""","","","ConsentContext.IsAppOnly","""False""","","","ConsentContext.OnBehalfOfAll","""False""","","","ConsentContext.Tags","""WindowsAzureActiveDirectoryIntegratedApp""","","","ConsentAction.Permissions","""[] => [[Id: ivrTcwNOCEeWQTf3-x5RmrYufEAFwSVOsFeZ47KKVVUXSvbcIcb_TZHBJFCVkQDG, ClientId: 30af3897-0814-44c9-8aa6-74eb277c44aa, PrincipalId: 194a0222-74a0-49c8-882d-bb01e9fb2bfc, ResourceId: 3c953ed9-ce52-4064-8eef-21a4d13632a8, ConsentType: Principal, Scope:  offline_access openid email profile User.Read, CreatedDateTime: , LastModifiedDateTime ]]; ""","","","TargetId.ServicePrincipalNames","""7e95a921-edde-4eef-829f-086ee52dcc38""","","","ServicePrincipal","","","",""
"2025-10-26 15:34:28","Add app role assignment grant to user","User-Agent","EvoSTS","","AppId","7e95a921-edde-4eef-829f-086ee52dcc38","","UserManagement","3fc98162-2016-4cbc-899d-6fe73e87392c","Directory_3fc98162-2016-4cbc-899d-6fe73e87392c_BD1XY_65878266","","","","","","Azure ESTS Service","","","13.84.215.12","194a0222-74a0-49c8-882d-bb01e9fb2bfc","richard.nancy1@acme.com","","","Core Directory","Assign","success","","External Application 5","","30af3897-0814-44c9-8aa6-74eb277c44aa","AppRole.Id","""0dfd9c70-159e-4aa3-85d1-a03b95280861""","","","AppRole.Value","""""","","","AppRole.DisplayName","""""","","","AppRoleAssignment.CreatedDateTime","""2025-10-26T15:34:28.6825797Z""","","","AppRoleAssignment.LastModifiedDateTime","""2025-10-26T15:34:28.6825797Z""","","","User.ObjectID","""194a0222-74a0-49c8-882d-bb01e9fb2bfc""","","","ServicePrincipal","","","",""
"2025-10-26 15:34:28","Add delegated permission grant","User-Agent","EvoSTS","","AppId","00000003-0000-0000-c000-000000000000","","ApplicationManagement","3fc98162-2016-4cbc-899d-6fe73e87392c","Directory_3fc98162-2016-4cbc-899d-6fe73e87392c_BD1XY_65878185","","","","","","Azure ESTS Service","","","13.84.215.12","194a0222-74a0-49c8-882d-bb01e9fb2bfc","richard.nancy1@acme.com","","","Core Directory","Assign","success","","Microsoft Graph","","3c953ed9-ce52-4064-8eef-21a4d13632a8","DelegatedPermissionGrant.Scope",""" offline_access openid email profile User.Read""","","","DelegatedPermissionGrant.ConsentType","""Principal""","","","ServicePrincipal.ObjectID","""30af3897-0814-44c9-8aa6-74eb277c44aa""","","","ServicePrincipal.DisplayName","","","","ServicePrincipal.AppId","","","","ServicePrincipal.Name","","","","ServicePrincipal","","","",""
"2025-10-26 15:23:23","Update user","UserType","Member","","","","","UserManagement","013eb55b-02b0-476e-84d2-dd9eb275fec9","Directory_013eb55b-02b0-476e-84d2-dd9eb275fec9_J6GS5_214861890","","Microsoft Substrate Management","feb2a519-1cc9-4bea-8b5c-237fd8ea9a92","","","","","","","","","","","Core Directory","Update","success","","","","4e747110-656f-4c07-8e9e-211a8310cf10","Included Updated Properties","""""","","","TargetId.UserType","""Member""","","","ActorId.ServicePrincipalNames","""7f53a90e-44b5-410c-8fd1-a31f09c2c31d""","","","SPN","""7f53a90e-44b5-410c-8fd1-a31f09c2c31d""","","","","","","","","","","","User","catherine.baker@acme.com","","",""
"2025-10-26 15:17:07","Consent to application","User-Agent","EvoSTS","","AppId","7e95a921-edde-4eef-829f-086ee52dcc38","","ApplicationManagement","03a7cab4-9ffc-4795-8ef3-6ed8d109fa97","Directory_03a7cab4-9ffc-4795-8ef3-6ed8d109fa97_R9AXB_54715829","","","","","","Azure ESTS Service","","","20.169.82.134","37fee340-51d9-4e67-8484-99569a079524","phillips2.edward@acme.com","","","Core Directory","Assign","success","","External Application 5","","30af3897-0814-44c9-8aa6-74eb277c44aa","ConsentContext.IsAdminConsent","""False""","","","ConsentContext.IsAppOnly","""False""","","","ConsentContext.OnBehalfOfAll","""False""","","","ConsentContext.Tags","""WindowsAzureActiveDirectoryIntegratedApp""","","","ConsentAction.Permissions","""[] => [[Id: AAAAAAAAAAAAAAAAAAAAALYufEAFwSVOsFeZ47KKVVV6YjRAt6qVRK2vEnEaghyy, ClientId: 0dfd9c70-159e-4aa3-85d1-a03b95280861, PrincipalId: 37fee340-51d9-4e67-8484-99569a079524, ResourceId: 3c953ed9-ce52-4064-8eef-21a4d13632a8, ConsentType: Principal, Scope:  offline_access openid email profile User.Read, CreatedDateTime: , LastModifiedDateTime ]]; ""","","","TargetId.ServicePrincipalNames","""7e95a921-edde-4eef-829f-086ee52dcc38""","","","ServicePrincipal","","","",""
"2025-10-26 15:17:07","Add app role assignment grant to user","User-Agent","EvoSTS","","AppId","7e95a921-edde-4eef-829f-086ee52dcc38","","UserManagement","03a7cab4-9ffc-4795-8ef3-6ed8d109fa97","Directory_03a7cab4-9ffc-4795-8ef3-6ed8d109fa97_R9AXB_54715822","","","","","","Azure ESTS Service","","","20.169.82.134","37fee340-51d9-4e67-8484-99569a079524","phillips2.edward@acme.com","","","Core Directory","Assign","success","","External Application 5","","30af3897-0814-44c9-8aa6-74eb277c44aa","AppRole.Id","""0dfd9c70-159e-4aa3-85d1-a03b95280861""","","","AppRole.Value","""""","","","AppRole.DisplayName","""""","","","AppRoleAssignment.CreatedDateTime","""2025-10-26T15:17:06.9843519Z""","","","AppRoleAssignment.LastModifiedDateTime","""2025-10-26T15:17:06.9843519Z""","","","User.ObjectID","""37fee340-51d9-4e67-8484-99569a079524""","","","ServicePrincipal","","","",""
"2025-10-26 15:17:06","Add delegated permission grant","User-Agent","EvoSTS","","AppId","00000003-0000-0000-c000-000000000000","","ApplicationManagement","03a7cab4-9ffc-4795-8ef3-6ed8d109fa97","Directory_03a7cab4-9ffc-4795-8ef3-6ed8d109fa97_R9AXB_54715791","","","","","","Azure ESTS Service","","","20.169.82.134","37fee340-51d9-4e67-8484-99569a079524","phillips2.edward@acme.com","","","Core Directory","Assign","success","","Microsoft Graph","","3c953ed9-ce52-4064-8eef-21a4d13632a8","DelegatedPermissionGrant.Scope",""" offline_access openid email profile User.Read""","","","DelegatedPermissionGrant.ConsentType","""Principal""","","","ServicePrincipal.ObjectID","""30af3897-0814-44c9-8aa6-74eb277c44aa""","","","ServicePrincipal.DisplayName","","","","ServicePrincipal.AppId","","","","ServicePrincipal.Name","","","","ServicePrincipal","","","",""
"2025-10-26 15:17:06","Add service principal","User-Agent","EvoSTS","","AppId","7e95a921-edde-4eef-829f-086ee52dcc38","","ApplicationManagement","03a7cab4-9ffc-4795-8ef3-6ed8d109fa97","Directory_03a7cab4-9ffc-4795-8ef3-6ed8d109fa97_R9AXB_54715774","","","","","","Azure ESTS Service","","","20.169.82.134","37fee340-51d9-4e67-8484-99569a079524","phillips2.edward@acme.com","","","Core Directory","Add","success","","External Application 5","","30af3897-0814-44c9-8aa6-74eb277c44aa","AccountEnabled","[true]","[]","","AppAddress","[{""AddressType"":4,""Address"":""https://2.vendor1.example/users/microsoft_graph/logout"",""ReplyAddressClientType"":0,""ReplyAddressIndex"":null,""IsReplyAddressDefault"":false},{""AddressType"":0,""Address"":""msauth://com.vendor1.vendor1/U2rjHaVkFG2gnhZ2eXv1uwoKcHk%3D"",""ReplyAddressClientType"":2,""ReplyAddressIndex"":null,""IsReplyAddressDefault"":false},{""AddressType"":0,""Address"":""msauth://code/msauth.com.vendor1.vendor1-ios%3A%2F%2Fauth"",""ReplyAddressClientType"":2,""ReplyAddressIndex"":null,""IsReplyAddressDefault"":false},{""AddressType"":0,""Address"":""msauth.com.vendor1.vendor1-ios://auth"",""ReplyAddressClientType"":2,""ReplyAddressIndex"":null,""IsReplyAddressDefault"":false},{""AddressType"":0,""Address"":""https://2.vendor1.example/auth/microsoft_invitation/callback"",""ReplyAddressClientType"":1,""ReplyAddressIndex"":null,""IsReplyAddressDefault"":false},{""AddressType"":0,""Address"":""https://2.vendor1.example/auth/microsoft_consent/callback"",""ReplyAddressClientType"":1,""ReplyAddressIndex"":null,""IsReplyAddressDefault"":false},{""AddressType"":0,""Address"":""https://2.vendor1.example/auth/microsoft_bot/callback"",""ReplyAddressClientType"":1,""ReplyAddressIndex"":null,""IsReplyAddressDefault"":false},{""AddressType"":0,""Address"":""https://2.vendor1.example/auth/microsoft_graph/callback"",""ReplyAddressClientType"":1,""ReplyAddressIndex"":null,""IsReplyAddressDefault"":false},{""AddressType"":0,""Address"":""https://2.vendor1.example/auth/microsoft_registration/callback"",""ReplyAddressClientType"":1,""ReplyAddressIndex"":null,""IsReplyAddressDefault"":false},{""AddressType"":0,""Address"":""https://2.vendor1.example/auth/microsoft/callback"",""ReplyAddressClientType"":1,""ReplyAddressIndex"":null,""IsReplyAddressDefault"":false}]","[]","","AppPrincipalId","[""7e95a921-edde-4eef-829f-086ee52dcc38""]","[]","","DisplayName","[""External Application 5""]","[]","","ServicePrincipalName","[""7e95a921-edde-4eef-829f-086ee52dcc38""]","[]","","Credential","[{""CredentialType"":2,""KeyStoreId"":""56af51bb-5e45-4003-8c0b-bd97edeb2af2"",""KeyGroupId"":""56af51bb-5e45-4003-8c0b-bd97edeb2af2""}]","[]","","ServicePrincipal","","","",""
"2025-10-26 14:16:42","Synchronization rule action","Details","","","ErrorCode","","","ProvisioningManagement","de8dbf8e-e98c-4b58-8281-973d872520d1","Sync_de8dbf8e-e98c-4b58-8281-973d872520d1_92e5b9cf-c9a2-495d-83b2-3fc82f96324f_134033698027830950","","Azure AD Cloud Sync","","","","","","","","","","","","Account Provisioning","Read","success","User peterson.heather2@acme.com will be skipped, because it has already been effectively de-provisioned.","External Application 9","","756eda03-cf90-441c-808e-b59787d93e2b","objectId","""8107c9dc-0d87-4346-8d13-76a486414747""","","","accountEnabled","""False""","","","displayName","""Peterson Heather2""","","","givenName","""Peterson""","","","jobTitle","""Job Title 5""","","","mailNickname","""peterson.heather2""","","","ServicePrincipal","","","",""
"2025-10-26 14:16:42","Synchronization rule action","Details","","","ErrorCode","","","ProvisioningManagement","de8dbf8e-e98c-4b58-8281-973d872520d1","Sync_de8dbf8e-e98c-4b58-8281-973d872520d1_92e5b9cf-c9a2-495d-83b2-3fc82f96324f_134033698027740940","","Azure AD Cloud Sync","","","","","","","","","","","","Account Provisioning","Read","success","User amy2.wood@acme.com will be skipped, because it has not been matched with any entry in the target directory, and there has been no change in any attribute that could alter that state. ","External Application 9","","756eda03-cf90-441c-808e-b59787d93e2b","objectId","""9e4eef94-db52-4ae6-83d6-bad5395ff6f8""","","","accountEnabled","""False""","","","department","""Department 4""","","","displayName","""Amy2 Wood""","","","givenName","""Hovsep""","","","jobTitle","""Job Title 14""","","","ServicePrincipal","","","",""
"2025-10-26 14:16:42","Synchronization rule action","Details","","","ErrorCode","","","ProvisioningManagement","de8dbf8e-e98c-4b58-8281-973d872520d1","Sync_de8dbf8e-e98c-4b58-8281-973d872520d1_92e5b9cf-c9a2-495d-83b2-3fc82f96324f_134033698027660930","","Azure AD Cloud Sync","","","","","","","","","","","","Account Provisioning","Read","success","User samantha1.edward@acme.com will be skipped, because it has already been effectively de-provisioned.","External Application 9","","756eda03-cf90-441c-808e-b59787d93e2b","objectId","""d0e4a9ac-084a-4133-8c33-53487177cf8a""","","","accountEnabled","""False""","","","department","""Department 1""","","","displayName","""Samantha1 Edward""","","","givenName","""Samantha1""","","","jobTitle","""Job Title 2""","","","ServicePrincipal","","","",""
"2025-10-26 14:16:42","Synchronization rule action","Details","","","ErrorCode","","","ProvisioningManagement","de8dbf8e-e98c-4b58-8281-973d872520d1","Sync_de8dbf8e-e98c-4b58-8281-973d872520d1_92e5b9cf-c9a2-495d-83b2-3fc82f96324f_134033698027570940","","Azure AD Cloud Sync","","","","","","","","","","","","Account Provisioning","Read","success","User thomas1.jimenez@acme.com will be skipped, because it has not been matched with any entry in the target directory, and there has been no change in any attribute that could alter that state. ","External Application 9","","756eda03-cf90-441c-808e-b59787d93e2b","objectId","""c8bfdc83-e15d-4584-83d0-f156fda37734""","","","accountEnabled","""False""","","","department","""Department 6""","","","displayName","""Thomas1 Jimenez""","","","givenName","""Thomas1""","","","jobTitle","""Job Title 12""","","","ServicePrincipal","","","",""
"2025-10-26 14:16:42","Synchronization rule action","Details","","","ErrorCode","","","ProvisioningManagement","de8dbf8e-e98c-4b58-8281-973d872520d1","Sync_de8dbf8e-e98c-4b58-8281-973d872520d1_92e5b9cf-c9a2-495d-83b2-3fc82f96324f_134033698027490940","","Azure AD Cloud Sync","","","","","","","","","","","","Account Provisioning","Read","success","User joan.william@acme.com will be skipped, because it has already been effectively de-provisioned.","External Application 9","","756eda03-cf90-441c-808e-b59787d93e2b","objectId","""627a4ff0-f382-43d9-846c-7c185494c01e""","","","accountEnabled","""False""","","","department","""Department 7""","","","displayName","""Ronald William""","","","givenName","""Ronald""","","","jobTitle","""Job Title 15""","","","ServicePrincipal","","","",""
"2025-10-26 14:16:42","Synchronization rule action","Details","","","ErrorCode","","","ProvisioningManagement","de8dbf8e-e98c-4b58-8281-973d872520d1","Sync_de8dbf8e-e98c-4b58-8281-973d872520d1_92e5b9cf-c9a2-495d-83b2-3fc82f96324f_134033698027400930","","Azure AD Cloud Sync","","","","","","","","","","","","Account Provisioning","Read","success","User diane.nguyen@acme.com will be skipped, because it has not been matched with any entry in the target directory, and there has been no change in any attribute that could alter that state. ","External Application 9","","756eda03-cf90-441c-808e-b59787d93e2b","objectId","""9a338291-11ec-499c-8425-ba35ea84767e""","","","accountEnabled","""False""","","","displayName","""Diane Nguyen""","","","givenName","""Diane""","","","jobTitle","""Job Title 7""","","","mailNickname","""diane.nguyen""","","","ServicePrincipal","","","",""
"2025-10-26 14:16:42","Synchronization rule action","Details","","","ErrorCode","","","ProvisioningManagement","de8dbf8e-e98c-4b58-8281-973d872520d1","Sync_de8dbf8e-e98c-4b58-8281-973d872520d1_92e5b9cf-c9a2-495d-83b2-3fc82f96324f_134033698027320940","","Azure AD Cloud Sync","","","","","","","","","","","","Account Provisioning","Read","success","User reed1.mitchell@acme.com will be skipped, because it has not been matched with any entry in the target directory, and there has been no change in any attribute that could alter that state. ","External Application 9","","756eda03-cf90-441c-808e-b59787d93e2b","objectId","""31510e04-6b24-4a36-8b50-fc1ad11ad4f9""","","","accountEnabled","""False""","","","displayName","""Reed1 Mitchell""","","","givenName","""Reed1""","","","jobTitle","""Job Title 1""","","","mailNickname","""reed1.mitchell""","","","ServicePrincipal","","","",""
"2025-10-26 14:16:42","Synchronization rule action","Details","","","ErrorCode","","","ProvisioningManagement","de8dbf8e-e98c-4b58-8281-973d872520d1","Sync_de8dbf8e-e98c-4b58-8281-973d872520d1_92e5b9cf-c9a2-495d-83b2-3fc82f96324f_134033698027240930","","Azure AD Cloud Sync","","","","","","","","","","","","Account Provisioning","Read","success","User nguyen.wood1@acme.com will be skipped, because it has already been effectively de-provisioned.","External Application 9","","756eda03-cf90-441c-808e-b59787d93e2b","objectId","""ce02f276-d914-4909-853b-bf731e718640""","","","accountEnabled","""False""","","","department","""Department 3""","","","displayName","""Nguyen Wood1""","","","givenName","""Nguyen""","","","jobTitle","""Job Title 10""","","","ServicePrincipal","","","",""
"2025-10-26 14:16:42","Synchronization rule action","Details","","","ErrorCode","","","ProvisioningManagement","de8dbf8e-e98c-4b58-8281-973d872520d1","Sync_de8dbf8e-e98c-4b58-8281-973d872520d1_92e5b9cf-c9a2-495d-83b2-3fc82f96324f_134033698027150940","","Azure AD Cloud Sync","","","","","","","","","","","","Account Provisioning","Read","success","User allen3.edward1@acme.com will be skipped, because it has already been effectively de-provisioned.","External Application 9","","756eda03-cf90-441c-808e-b59787d93e2b","objectId","""2b22d269-4f10-4524-894e-e05c48f3d8d9""","","","accountEnabled","""False""","","","department","""Department 7""","","","displayName","""Allen3 Edward1""","","","givenName","""Allen3""","","","jobTitle","""Job Title 4""","","","ServicePrincipal","","","",""
"2025-10-26 14:16:42","Synchronization rule action","Details","","","ErrorCode","","","ProvisioningManagement","de8dbf8e-e98c-4b58-8281-973d872520d1","Sync_de8dbf8e-e98c-4b58-8281-973d872520d1_92e5b9cf-c9a2-495d-83b2-3fc82f96324f_134033698027070940","","Azure AD Cloud Sync","","","","","","","","","","","","Account Provisioning","Read","success","User kathleen.carter@acme.com will be skipped, because it has already been effectively de-provisioned.","External Application 9","","756eda03-cf90-441c-808e-b59787d93e2b","objectId","""c2d41362-b857-4351-8a78-520b3070914e""","","","accountEnabled","""False""","","","department","""Department 9""","","","displayName","""Kathleen Carter""","","","givenName","""Kathleen""","","","jobTitle","""Job Title 3""","","","ServicePrincipal","","","",""
"2025-10-26 14:16:42","Synchronization rule action","Details","","","ErrorCode","","","ProvisioningManagement","de8dbf8e-e98c-4b58-8281-973d872520d1","Sync_de8dbf8e-e98c-4b58-8281-973d872520d1_92e5b9cf-c9a2-495d-83b2-3fc82f96324f_134033698026980910","","Azure AD Cloud Sync","","","","","","","","","","","","Account Provisioning","Read","success","User evelyn2.rebecca1@acme.com will be skipped, because it has not been matched with any entry in the target directory, and there has been no change in any attribute that could alter that state. ","External Application 9","","756eda03-cf90-441c-808e-b59787d93e2b","objectId","""a86ba5ad-6b84-42bb-835e-03d42d52beac""","","","accountEnabled","""False""","","","displayName","""Evelyn2 Rebecca1""","","","givenName","""Evelyn2""","","","jobTitle","""Job Title 5""","","","mailNickname","""evelyn2.rebecca1""","","","ServicePrincipal","","","",""
"2025-10-26 14:16:42","Synchronization rule action","Details","","","ErrorCode","","","ProvisioningManagement","de8dbf8e-e98c-4b58-8281-973d872520d1","Sync_de8dbf8e-e98c-4b58-8281-973d872520d1_92e5b9cf-c9a2-495d-83b2-3fc82f96324f_134033698026890930","","Azure AD Cloud Sync","","","","","","","","","","","","Account Provisioning","Read","success","User jenkins.roberts@acme.com will be skipped, because it has already been effectively de-provisioned.","External Application 9","","756eda03-cf90-441c-808e-b59787d93e2b","objectId","""b4e2a357-f352-40ff-84e5-5a31a71a3c2d""","","","accountEnabled","""False""","","","department","""Department 7""","","","displayName","""Jenkins Roberts""","","","givenName","""Jenkins""","","","jobTitle","""Job Title 8""","","","ServicePrincipal","","","",""
"2025-10-26 14:16:42","Synchronization rule action","Details","User details: Skip reason = NotEffectivelyEntitled, Active = False, Assigned = True, Passed scope filter: True; ","","ErrorCode","","","ProvisioningManagement","de8dbf8e-e98c-4b58-8281-973d872520d1","Sync_de8dbf8e-e98c-4b58-8281-973d872520d1_92e5b9cf-c9a2-495d-83b2-3fc82f96324f_134033698026750920","","Azure AD Cloud Sync","","","","","","","","","","","","Account Provisioning","Read","success","The User 'evelyn2.rebecca1@acme.com' will be skipped due to the following reasons: 
1) This object is not active in the source system.
","External Application 9","","756eda03-cf90-441c-808e-b59787d93e2b","objectId","""a86ba5ad-6b84-42bb-835e-03d42d52beac""","","","accountEnabled","""False""","","","displayName","""Evelyn2 Rebecca1""","","","givenName","""Evelyn2""","","","jobTitle","""Job Title 5""","","","mailNickname","""evelyn2.rebecca1""","","","ServicePrincipal","","","",""
"2025-10-26 14:16:42","Synchronization rule action","Details","User details: Skip reason = NotEffectivelyEntitled, Active = False, Assigned = True, Passed scope filter: True; ","","ErrorCode","","","ProvisioningManagement","de8dbf8e-e98c-4b58-8281-973d872520d1","Sync_de8dbf8e-e98c-4b58-8281-973d872520d1_92e5b9cf-c9a2-495d-83b2-3fc82f96324f_134033698026620930","","Azure AD Cloud Sync","","","","","","","","","","","","Account Provisioning","Read","success","The User 'reed1.mitchell@acme.com' will be skipped due to the following reasons: 
1) This object is not active in the source system.
","External Application 9","","756eda03-cf90-441c-808e-b59787d93e2b","objectId","""31510e04-6b24-4a36-8b50-fc1ad11ad4f9""","","","accountEnabled","""False""","","","displayName","""Reed1 Mitchell""","","","givenName","""Reed1""","","","jobTitle","""Job Title 1""","","","mailNickname","""reed1.mitchell""","","","ServicePrincipal","","","",""
"2025-10-26 14:16:42","Synchronization rule action","Details","User details: Skip reason = NotEffectivelyEntitled, Active = False, Assigned = True, Passed scope filter: True; ","","ErrorCode","","","ProvisioningManagement","de8dbf8e-e98c-4b58-8281-973d872520d1","Sync_de8dbf8e-e98c-4b58-8281-973d872520d1_92e5b9cf-c9a2-495d-83b2-3fc82f96324f_134033698026480930","","Azure AD Cloud Sync","","","","","","","","","","","","Account Provisioning","Read","success","The User 'diane.nguyen@acme.com' will be skipped due to the following reasons: 
1) This object is not active in the source system.
","External Application 9","","756eda03-cf90-441c-808e-b59787d93e2b","objectId","""9a338291-11ec-499c-8425-ba35ea84767e""","","","accountEnabled","""False""","","","displayName","""Diane Nguyen""","","","givenName","""Diane""","","","jobTitle","""Job Title 7""","","","mailNickname","""diane.nguyen""","","","ServicePrincipal","","","",""
"2025-10-26 14:16:42","Synchronization rule action","Details","User details: Skip reason = NotEffectivelyEntitled, Active = False, Assigned = True, Passed scope filter: True; ","","ErrorCode","","","ProvisioningManagement","de8dbf8e-e98c-4b58-8281-973d872520d1","Sync_de8dbf8e-e98c-4b58-8281-973d872520d1_92e5b9cf-c9a2-495d-83b2-3fc82f96324f_134033698026340940","","Azure AD Cloud Sync","","","","","","","","","","","","Account Provisioning","Read","success","The User 'thomas1.jimenez@acme.com' will be skipped due to the following reasons: 
1) This object is not active in the source system.
","External Application 9","","756eda03-cf90-441c-808e-b59787d93e2b","objectId","""c8bfdc83-e15d-4584-83d0-f156fda37734""","","","accountEnabled","""False""","","","department","""Department 6""","","","displayName","""Thomas1 Jimenez""","","","givenName","""Thomas1""","","","jobTitle","""Job Title 12""","","","ServicePrincipal","","","",""
"2025-10-26 14:16:42","Synchronization rule action","Details","User details: Skip reason = NotEffectivelyEntitled, Active = False, Assigned = True, Passed scope filter: True; ","","ErrorCode","","","ProvisioningManagement","de8dbf8e-e98c-4b58-8281-973d872520d1","Sync_de8dbf8e-e98c-4b58-8281-973d872520d1_92e5b9cf-c9a2-495d-83b2-3fc82f96324f_134033698026190930","","Azure AD Cloud Sync","","","","","","","","","","","","Account Provisioning","Read","success","The User 'amy2.wood@acme.com' will be skipped due to the following reasons: 
1) This object is not active in the source system.
","External Application 9","","756eda03-cf90-441c-808e-b59787d93e2b","objectId","""9e4eef94-db52-4ae6-83d6-bad5395ff6f8""","","","accountEnabled","""False""","","","department","""Department 4""","","","displayName","""Amy2 Wood""","","","givenName","""Hovsep""","","","jobTitle","""Job Title 14""","","","ServicePrincipal","","","",""
"2025-10-26 14:16:42","Synchronization rule action","Details","User details: Skip reason = RedundantSoftDelete, Active = False, Assigned = True, Passed scope filter: True; ","","ErrorCode","","","ProvisioningManagement","de8dbf8e-e98c-4b58-8281-973d872520d1","Sync_de8dbf8e-e98c-4b58-8281-973d872520d1_92e5b9cf-c9a2-495d-83b2-3fc82f96324f_134033698025620930","","Azure AD Cloud Sync","","","","","","","","","","","","Account Provisioning","Read","success","The User 'peterson.heather2@acme.com' was evaluated to be soft-deleted in the source system and the provisioning service should soft-delete the target entry. However, the soft-deletion has been processed by the provisioning service previously. The soft delete operation will be skipped.","External Application 9","","756eda03-cf90-441c-808e-b59787d93e2b","objectId","""8107c9dc-0d87-4346-8d13-76a486414747""","","","accountEnabled","""False""","","","displayName","""Peterson Heather2""","","","givenName","""Peterson""","","","jobTitle","""Job Title 5""","","","mailNickname","""peterson.heather2""","","","ServicePrincipal","","","",""
"2025-10-26 14:16:42","Synchronization rule action","Details","User details: Skip reason = RedundantSoftDelete, Active = False, Assigned = True, Passed scope filter: True; ","","ErrorCode","","","ProvisioningManagement","de8dbf8e-e98c-4b58-8281-973d872520d1","Sync_de8dbf8e-e98c-4b58-8281-973d872520d1_92e5b9cf-c9a2-495d-83b2-3fc82f96324f_134033698025410930","","Azure AD Cloud Sync","","","","","","","","","","","","Account Provisioning","Read","success","The User 'samantha1.edward@acme.com' was evaluated to be soft-deleted in the source system and the provisioning service should soft-delete the target entry. However, the soft-deletion has been processed by the provisioning service previously. The soft delete operation will be skipped.","External Application 9","","756eda03-cf90-441c-808e-b59787d93e2b","objectId","""d0e4a9ac-084a-4133-8c33-53487177cf8a""","","","accountEnabled","""False""","","","department","""Department 1""","","","displayName","""Samantha1 Edward""","","","givenName","""Samantha1""","","","jobTitle","""Job Title 2""","","","ServicePrincipal","","","",""
"2025-10-26 14:16:42","Synchronization rule action","Details","User details: Skip reason = RedundantSoftDelete, Active = False, Assigned = True, Passed scope filter: True; ","","ErrorCode","","","ProvisioningManagement","de8dbf8e-e98c-4b58-8281-973d872520d1","Sync_de8dbf8e-e98c-4b58-8281-973d872520d1_92e5b9cf-c9a2-495d-83b2-3fc82f96324f_134033698025220930","","Azure AD Cloud Sync","","","","","","","","","","","","Account Provisioning","Read","success","The User 'mitchell2.ortiz@acme.com' was evaluated to be soft-deleted in the source system and the provisioning service should soft-delete the target entry. However, the soft-deletion has been processed by the provisioning service previously. The soft delete operation will be skipped.","External Application 9","","756eda03-cf90-441c-808e-b59787d93e2b","objectId","""c86c5f0b-5845-4ed8-8974-9f4817e9f14c""","","","accountEnabled","""False""","","","displayName","""Mitchell2  Ortiz""","","","givenName","""Mitchell2""","","","mailNickname","""mitchell2.ortiz""","","","surname","""Ortiz""","","","ServicePrincipal","","","",""
"2025-10-26 14:16:42","Synchronization rule action","Details","User details: Skip reason = RedundantSoftDelete, Active = False, Assigned = True, Passed scope filter: True; ","","ErrorCode","","","ProvisioningManagement","de8dbf8e-e98c-4b58-8281-973d872520d1","Sync_de8dbf8e-e98c-4b58-8281-973d872520d1_92e5b9cf-c9a2-495d-83b2-3fc82f96324f_134033698025090920","","Azure AD Cloud Sync","","","","","","","","","","","","Account Provisioning","Read","success","The User 'joan.william@acme.com' was evaluated to be soft-deleted in the source system and the provisioning service should soft-delete the target entry. However, the soft-deletion has been processed by the provisioning service previously. The soft delete operation will be skipped.","External Application 9","","756eda03-cf90-441c-808e-b59787d93e2b","objectId","""627a4ff0-f382-43d9-846c-7c185494c01e""","","","accountEnabled","""False""","","","department","""Department 7""","","","displayName","""Ronald William""","","","givenName","""Ronald""","","","jobTitle","""Job Title 15""","","","ServicePrincipal","","","",""
"2025-10-26 14:16:42","Synchronization rule action","Details","User details: Skip reason = RedundantSoftDelete, Active = False, Assigned = True, Passed scope filter: True; ","","ErrorCode","","","ProvisioningManagement","de8dbf8e-e98c-4b58-8281-973d872520d1","Sync_de8dbf8e-e98c-4b58-8281-973d872520d1_92e5b9cf-c9a2-495d-83b2-3fc82f96324f_134033698024910920","","Azure AD Cloud Sync","","","","","","","","","","","","Account Provisioning","Read","success","The User 'cook1.mitchell3@acme.com' was evaluated to be soft-deleted in the source system and the provisioning service should soft-delete the target entry. However, the soft-deletion has been processed by the provisioning service previously. The soft delete operation will be skipped.","External Application 9","","756eda03-cf90-441c-808e-b59787d93e2b","objectId","""7b6593af-c87d-4674-829a-9ede3adbdf5c""","","","accountEnabled","""False""","","","displayName","""Cook1 Mitchell3""","","","givenName","""Cook1""","","","mailNickname","""cook1.mitchell3""","","","surname","""Mitchell3""","","","ServicePrincipal","","","",""
"2025-10-26 14:16:42","Synchronization rule action","Details","User details: Skip reason = RedundantSoftDelete, Active = False, Assigned = True, Passed scope filter: True; ","","ErrorCode","","","ProvisioningManagement","de8dbf8e-e98c-4b58-8281-973d872520d1","Sync_de8dbf8e-e98c-4b58-8281-973d872520d1_92e5b9cf-c9a2-495d-83b2-3fc82f96324f_134033698024740900","","Azure AD Cloud Sync","","","","","","","","","","","","Account Provisioning","Read","success","The User 'nguyen.wood1@acme.com' was evaluated to be soft-deleted in the source system and the provisioning service should soft-delete the target entry. However, the soft-deletion has been processed by the provisioning service previously. The soft delete operation will be skipped.","External Application 9","","756eda03-cf90-441c-808e-b59787d93e2b","objectId","""ce02f276-d914-4909-853b-bf731e718640""","","","accountEnabled","""False""","","","department","""Department 3""","","","displayName","""Nguyen Wood1""","","","givenName","""Nguyen""","","","jobTitle","""Job Title 10""","","","ServicePrincipal","","","",""
"2025-10-26 14:16:42","Synchronization rule action","Details","User details: Skip reason = RedundantSoftDelete, Active = False, Assigned = True, Passed scope filter: True; ","","ErrorCode","","","ProvisioningManagement","de8dbf8e-e98c-4b58-8281-973d872520d1","Sync_de8dbf8e-e98c-4b58-8281-973d872520d1_92e5b9cf-c9a2-495d-83b2-3fc82f96324f_134033698024610920","","Azure AD Cloud Sync","","","","","","","","","","","","Account Provisioning","Read","success","The User 'allen3.edward1@acme.com' was evaluated to be soft-deleted in the source system and the provisioning service should soft-delete the target entry. However, the soft-deletion has been processed by the provisioning service previously. The soft delete operation will be skipped.","External Application 9","","756eda03-cf90-441c-808e-b59787d93e2b","objectId","""2b22d269-4f10-4524-894e-e05c48f3d8d9""","","","accountEnabled","""False""","","","department","""Department 7""","","","displayName","""Allen3 Edward1""","","","givenName","""Allen3""","","","jobTitle","""Job Title 4""","","","ServicePrincipal","","","",""
"2025-10-26 14:16:42","Synchronization rule action","Details","User details: Skip reason = RedundantSoftDelete, Active = False, Assigned = True, Passed scope filter: True; ","","ErrorCode","","","ProvisioningManagement","de8dbf8e-e98c-4b58-8281-973d872520d1","Sync_de8dbf8e-e98c-4b58-8281-973d872520d1_92e5b9cf-c9a2-495d-83b2-3fc82f96324f_134033698024460920","","Azure AD Cloud Sync","","","","","","","","","","","","Account Provisioning","Read","success","The User 'lewis.thomas2@acme.com' was evaluated to be soft-deleted in the source system and the provisioning service should soft-delete the target entry. However, the soft-deletion has been processed by the provisioning service previously. The soft delete operation will be skipped.","External Application 9","","756eda03-cf90-441c-808e-b59787d93e2b","objectId","""f32bb32c-d9b7-4656-8596-671a4e468153""","","","accountEnabled","""False""","","","department","""Department 2""","","","displayName","""Lewis Thomas2""","","","givenName","""Lewis""","","","jobTitle","""Job Title 11""","","","ServicePrincipal","","","",""
"2025-10-26 14:16:42","Synchronization rule action","Details","User details: Skip reason = RedundantSoftDelete, Active = False, Assigned = True, Passed scope filter: True; ","","ErrorCode","","","ProvisioningManagement","de8dbf8e-e98c-4b58-8281-973d872520d1","Sync_de8dbf8e-e98c-4b58-8281-973d872520d1_92e5b9cf-c9a2-495d-83b2-3fc82f96324f_134033698024330920","","Azure AD Cloud Sync","","","","","","","","","","","","Account Provisioning","Read","success","The User 'kathleen.carter@acme.com' was evaluated to be soft-deleted in the source system and the provisioning service should soft-delete the target entry. However, the soft-deletion has been processed by the provisioning service previously. The soft delete operation will be skipped.","External Application 9","","756eda03-cf90-441c-808e-b59787d93e2b","objectId","""c2d41362-b857-4351-8a78-520b3070914e""","","","accountEnabled","""False""","","","department","""Department 9""","","","displayName","""Kathleen Carter""","","","givenName","""Kathleen""","","","jobTitle","""Job Title 3""","","","ServicePrincipal","","","",""
"2025-10-26 14:16:42","Synchronization rule action","Details","User details: Skip reason = RedundantSoftDelete, Active = False, Assigned = True, Passed scope filter: True; ","","ErrorCode","","","ProvisioningManagement","de8dbf8e-e98c-4b58-8281-973d872520d1","Sync_de8dbf8e-e98c-4b58-8281-973d872520d1_92e5b9cf-c9a2-495d-83b2-3fc82f96324f_134033698024150930","","Azure AD Cloud Sync","","","","","","","","","","","","Account Provisioning","Read","success","The User 'catherine1.carter2@acme.com' was evaluated to be soft-deleted in the source system and the provisioning service should soft-delete the target entry. However, the soft-deletion has been processed by the provisioning service previously. The soft delete operation will be skipped.","External Application 9","","756eda03-cf90-441c-808e-b59787d93e2b","objectId","""2318cfef-8d5d-4570-8820-15637b57a565""","","","accountEnabled","""False""","","","department","""Department 8""","","","displayName","""Catherine1 Carter2""","","","givenName","""Catherine1""","","","jobTitle","""Job Title 8""","","","ServicePrincipal","","","",""
"2025-10-26 14:16:42","Synchronization rule action","Details","User details: Skip reason = RedundantSoftDelete, Active = False, Assigned = True, Passed scope filter: True; ","","ErrorCode","","","ProvisioningManagement","de8dbf8e-e98c-4b58-8281-973d872520d1","Sync_de8dbf8e-e98c-4b58-8281-973d872520d1_92e5b9cf-c9a2-495d-83b2-3fc82f96324f_134033698024020910","","Azure AD Cloud Sync","","","","","","","","","","","","Account Provisioning","Read","success","The User 'ronald1.jackson@acme.com' was evaluated to be soft-deleted in the source system and the provisioning service should soft-delete the target entry. However, the soft-deletion has been processed by the provisioning service previously. The soft delete operation will be skipped.","External Application 9","","756eda03-cf90-441c-808e-b59787d93e2b","objectId","""bf9339cc-dcd3-419c-87d7-ca33b140e3cb""","","","accountEnabled","""False""","","","displayName","""Ronald1 Jackson""","","","givenName","""Ronald1""","","","jobTitle","""Job Title 13""","","","mailNickname","""ronald1.jackson""","","","ServicePrincipal","","","",""
"2025-10-26 14:16:42","Synchronization rule action","Details","User details: Skip reason = RedundantSoftDelete, Active = False, Assigned = True, Passed scope filter: True; ","","ErrorCode","","","ProvisioningManagement","de8dbf8e-e98c-4b58-8281-973d872520d1","Sync_de8dbf8e-e98c-4b58-8281-973d872520d1_92e5b9cf-c9a2-495d-83b2-3fc82f96324f_134033698023880910","","Azure AD Cloud Sync","","","","","","","","","","","","Account Provisioning","Read","success","The User 'torres1.carter3@acme.com' was evaluated to be soft-deleted in the source system and the provisioning service should soft-delete the target entry. However, the soft-deletion has been processed by the provisioning service previously. The soft delete operation will be skipped.","External Application 9","","756eda03-cf90-441c-808e-b59787d93e2b","objectId","""7df7de58-2af6-47c2-8887-079db9585c7e""","","","accountEnabled","""False""","","","displayName","""Lee Carter3""","","","givenName","""Lee""","","","mailNickname","""torres1.carter3""","","","surname","""Carter3""","","","ServicePrincipal","","","",""
"2025-10-26 14:16:42","Synchronization rule action","Details","User details: Skip reason = RedundantSoftDelete, Active = False, Assigned = True, Passed scope filter: True; ","","ErrorCode","","","ProvisioningManagement","de8dbf8e-e98c-4b58-8281-973d872520d1","Sync_de8dbf8e-e98c-4b58-8281-973d872520d1_92e5b9cf-c9a2-495d-83b2-3fc82f96324f_134033698023740910","","Azure AD Cloud Sync","","","","","","","","","","","","Account Provisioning","Read","success","The User 'jenkins.roberts@acme.com' was evaluated to be soft-deleted in the source system and the provisioning service should soft-delete the target entry. However, the soft-deletion has been processed by the provisioning service previously. The soft delete operation will be skipped.","External Application 9","","756eda03-cf90-441c-808e-b59787d93e2b","objectId","""b4e2a357-f352-40ff-84e5-5a31a71a3c2d""","","","accountEnabled","""False""","","","department","""Department 7""","","","displayName","""Jenkins Roberts""","","","givenName","""Jenkins""","","","jobTitle","""Job Title 8""","","","ServicePrincipal","","","",""
"2025-10-26 14:16:42","Import","Details","","","ErrorCode","","","ProvisioningManagement","de8dbf8e-e98c-4b58-8281-973d872520d1","Sync_de8dbf8e-e98c-4b58-8281-973d872520d1_92e5b9cf-c9a2-495d-83b2-3fc82f96324f_134033698021270880","","Azure AD Cloud Sync","","","","","","","","","","","","Account Provisioning","Read","success","Received User 'peterson.heather2@acme.com' change of type (Add) from Microsoft Entra ID","External Application 9","","756eda03-cf90-441c-808e-b59787d93e2b","objectId","""8107c9dc-0d87-4346-8d13-76a486414747""","","","accountEnabled","""False""","","","displayName","""Peterson Heather2""","","","givenName","""Peterson""","","","jobTitle","""Job Title 5""","","","mailNickname","""peterson.heather2""","","","ServicePrincipal","","","",""
"2025-10-26 14:16:42","Import","Details","","","ErrorCode","","","ProvisioningManagement","de8dbf8e-e98c-4b58-8281-973d872520d1","Sync_de8dbf8e-e98c-4b58-8281-973d872520d1_92e5b9cf-c9a2-495d-83b2-3fc82f96324f_134033698021180920","","Azure AD Cloud Sync","","","","","","","","","","","","Account Provisioning","Read","success","Received User 'amy2.wood@acme.com' change of type (Add) from Microsoft Entra ID","External Application 9","","756eda03-cf90-441c-808e-b59787d93e2b","objectId","""9e4eef94-db52-4ae6-83d6-bad5395ff6f8""","","","accountEnabled","""False""","","","department","""Department 4""","","","displayName","""Amy2 Wood""","","","givenName","""Hovsep""","","","jobTitle","""Job Title 14""","","","ServicePrincipal","","","",""
"2025-10-26 14:16:42","Import","Details","","","ErrorCode","","","ProvisioningManagement","de8dbf8e-e98c-4b58-8281-973d872520d1","Sync_de8dbf8e-e98c-4b58-8281-973d872520d1_92e5b9cf-c9a2-495d-83b2-3fc82f96324f_134033698021100880","","Azure AD Cloud Sync","","","","","","","","","","","","Account Provisioning","Read","success","Received User 'samantha1.edward@acme.com' change of type (Add) from Microsoft Entra ID","External Application 9","","756eda03-cf90-441c-808e-b59787d93e2b","objectId","""d0e4a9ac-084a-4133-8c33-53487177cf8a""","","","accountEnabled","""False""","","","department","""Department 1""","","","displayName","""Samantha1 Edward""","","","givenName","""Samantha1""","","","jobTitle","""Job Title 2""","","","ServicePrincipal","","","",""
"2025-10-26 14:16:42","Import","Details","","","ErrorCode","","","ProvisioningManagement","de8dbf8e-e98c-4b58-8281-973d872520d1","Sync_de8dbf8e-e98c-4b58-8281-973d872520d1_92e5b9cf-c9a2-495d-83b2-3fc82f96324f_134033698021020900","","Azure AD Cloud Sync","","","","","","","","","","","","Account Provisioning","Read","success","Received User 'thomas1.jimenez@acme.com' change of type (Add) from Microsoft Entra ID","External Application 9","","756eda03-cf90-441c-808e-b59787d93e2b","objectId","""c8bfdc83-e15d-4584-83d0-f156fda37734""","","","accountEnabled","""False""","","","department","""Department 6""","","","displayName","""Thomas1 Jimenez""","","","givenName","""Thomas1""","","","jobTitle","""Job Title 12""","","","ServicePrincipal","","","",""
"2025-10-26 14:16:42","Import","Details","","","ErrorCode","","","ProvisioningManagement","de8dbf8e-e98c-4b58-8281-973d872520d1","Sync_de8dbf8e-e98c-4b58-8281-973d872520d1_92e5b9cf-c9a2-495d-83b2-3fc82f96324f_134033698020890890","","Azure AD Cloud Sync","","","","","","","","","","","","Account Provisioning","Read","success","Received User 'mitchell2.ortiz@acme.com' change of type (Add) from Microsoft Entra ID","External Application 9","","756eda03-cf90-441c-808e-b59787d93e2b","objectId","""c86c5f0b-5845-4ed8-8974-9f4817e9f14c""","","","accountEnabled","""False""","","","displayName","""Mitchell2  Ortiz""","","","givenName","""Mitchell2""","","","mailNickname","""mitchell2.ortiz""","","","surname","""Ortiz""","","","ServicePrincipal","","","",""
"2025-10-26 14:16:42","Import","Details","","","ErrorCode","","","ProvisioningManagement","de8dbf8e-e98c-4b58-8281-973d872520d1","Sync_de8dbf8e-e98c-4b58-8281-973d872520d1_92e5b9cf-c9a2-495d-83b2-3fc82f96324f_134033698020820950","","Azure AD Cloud Sync","","","","","","","","","","","","Account Provisioning","Read","success","Received User 'joan.william@acme.com' change of type (Add) from Microsoft Entra ID","External Application 9","","756eda03-cf90-441c-808e-b59787d93e2b","objectId","""627a4ff0-f382-43d9-846c-7c185494c01e""","","","accountEnabled","""False""","","","department","""Department 7""","","","displayName","""Ronald William""","","","givenName","""Ronald""","","","jobTitle","""Job Title 15""","","","ServicePrincipal","","","",""
"2025-10-26 14:16:42","Import","Details","","","ErrorCode","","","ProvisioningManagement","de8dbf8e-e98c-4b58-8281-973d872520d1","Sync_de8dbf8e-e98c-4b58-8281-973d872520d1_92e5b9cf-c9a2-495d-83b2-3fc82f96324f_134033698020740860","","Azure AD Cloud Sync","","","","","","","","","","","","Account Provisioning","Read","success","Received User 'diane.nguyen@acme.com' change of type (Add) from Microsoft Entra ID","External Application 9","","756eda03-cf90-441c-808e-b59787d93e2b","objectId","""9a338291-11ec-499c-8425-ba35ea84767e""","","","accountEnabled","""False""","","","displayName","""Diane Nguyen""","","","givenName","""Diane""","","","jobTitle","""Job Title 7""","","","mailNickname","""diane.nguyen""","","","ServicePrincipal","","","",""
"2025-10-26 14:16:42","Import","Details","","","ErrorCode","","","ProvisioningManagement","de8dbf8e-e98c-4b58-8281-973d872520d1","Sync_de8dbf8e-e98c-4b58-8281-973d872520d1_92e5b9cf-c9a2-495d-83b2-3fc82f96324f_134033698020660870","","Azure AD Cloud Sync","","","","","","","","","","","","Account Provisioning","Read","success","Received User 'cook1.mitchell3@acme.com' change of type (Add) from Microsoft Entra ID","External Application 9","","756eda03-cf90-441c-808e-b59787d93e2b","objectId","""7b6593af-c87d-4674-829a-9ede3adbdf5c""","","","accountEnabled","""False""","","","displayName","""Cook1 Mitchell3""","","","givenName","""Cook1""","","","mailNickname","""cook1.mitchell3""","","","surname","""Mitchell3""","","","ServicePrincipal","","","",""
"2025-10-26 14:16:42","Import","Details","","","ErrorCode","","","ProvisioningManagement","de8dbf8e-e98c-4b58-8281-973d872520d1","Sync_de8dbf8e-e98c-4b58-8281-973d872520d1_92e5b9cf-c9a2-495d-83b2-3fc82f96324f_134033698020540880","","Azure AD Cloud Sync","","","","","","","","","","","","Account Provisioning","Read","success","Received User 'reed1.mitchell@acme.com' change of type (Add) from Microsoft Entra ID","External Application 9","","756eda03-cf90-441c-808e-b59787d93e2b","objectId","""31510e04-6b24-4a36-8b50-fc1ad11ad4f9""","","","accountEnabled","""False""","","","displayName","""Reed1 Mitchell""","","","givenName","""Reed1""","","","jobTitle","""Job Title 1""","","","mailNickname","""reed1.mitchell""","","","ServicePrincipal","","","",""
"2025-10-26 14:16:42","Import","Details","","","ErrorCode","","","ProvisioningManagement","de8dbf8e-e98c-4b58-8281-973d872520d1","Sync_de8dbf8e-e98c-4b58-8281-973d872520d1_92e5b9cf-c9a2-495d-83b2-3fc82f96324f_134033698020450880","","Azure AD Cloud Sync","","","","","","","","","","","","Account Provisioning","Read","success","Received User 'nguyen.wood1@acme.com' change of type (Add) from Microsoft Entra ID","External Application 9","","756eda03-cf90-441c-808e-b59787d93e2b","objectId","""ce02f276-d914-4909-853b-bf731e718640""","","","accountEnabled","""False""","","","department","""Department 3""","","","displayName","""Nguyen Wood1""","","","givenName","""Nguyen""","","","jobTitle","""Job Title 10""","","","ServicePrincipal","","","",""
"2025-10-26 14:16:42","Import","Details","","","ErrorCode","","","ProvisioningManagement","de8dbf8e-e98c-4b58-8281-973d872520d1","Sync_de8dbf8e-e98c-4b58-8281-973d872520d1_92e5b9cf-c9a2-495d-83b2-3fc82f96324f_134033698020370930","","Azure AD Cloud Sync","","","","","","","","","","","","Account Provisioning","Read","success","Received User 'allen3.edward1@acme.com' change of type (Add) from Microsoft Entra ID","External Application 9","","756eda03-cf90-441c-808e-b59787d93e2b","objectId","""2b22d269-4f10-4524-894e-e05c48f3d8d9""","","","accountEnabled","""False""","","","department","""Department 7""","","","displayName","""Allen3 Edward1""","","","givenName","""Allen3""","","","jobTitle","""Job Title 4""","","","ServicePrincipal","","","",""
"2025-10-26 14:16:42","Import","Details","","","ErrorCode","","","ProvisioningManagement","de8dbf8e-e98c-4b58-8281-973d872520d1","Sync_de8dbf8e-e98c-4b58-8281-973d872520d1_92e5b9cf-c9a2-495d-83b2-3fc82f96324f_134033698020290860","","Azure AD Cloud Sync","","","","","","","","","","","","Account Provisioning","Read","success","Received User 'lewis.thomas2@acme.com' change of type (Add) from Microsoft Entra ID","External Application 9","","756eda03-cf90-441c-808e-b59787d93e2b","objectId","""f32bb32c-d9b7-4656-8596-671a4e468153""","","","accountEnabled","""False""","","","department","""Department 2""","","","displayName","""Lewis Thomas2""","","","givenName","""Lewis""","","","jobTitle","""Job Title 11""","","","ServicePrincipal","","","",""
"2025-10-26 14:16:42","Import","Details","","","ErrorCode","","","ProvisioningManagement","de8dbf8e-e98c-4b58-8281-973d872520d1","Sync_de8dbf8e-e98c-4b58-8281-973d872520d1_92e5b9cf-c9a2-495d-83b2-3fc82f96324f_134033698020210870","","Azure AD Cloud Sync","","","","","","","","","","","","Account Provisioning","Read","success","Received User 'kathleen.carter@acme.com' change of type (Add) from Microsoft Entra ID","External Application 9","","756eda03-cf90-441c-808e-b59787d93e2b","objectId","""c2d41362-b857-4351-8a78-520b3070914e""","","","accountEnabled","""False""","","","department","""Department 9""","","","displayName","""Kathleen Carter""","","","givenName","""Kathleen""","","","jobTitle","""Job Title 3""","","","ServicePrincipal","","","",""
"2025-10-26 14:16:42","Import","Details","","","ErrorCode","","","ProvisioningManagement","de8dbf8e-e98c-4b58-8281-973d872520d1","Sync_de8dbf8e-e98c-4b58-8281-973d872520d1_92e5b9cf-c9a2-495d-83b2-3fc82f96324f_134033698020130890","","Azure AD Cloud Sync","","","","","","","","","","","","Account Provisioning","Read","success","Received User 'evelyn2.rebecca1@acme.com' change of type (Add) from Microsoft Entra ID","External Application 9","","756eda03-cf90-441c-808e-b59787d93e2b","objectId","""a86ba5ad-6b84-42bb-835e-03d42d52beac""","","","accountEnabled","""False""","","","displayName","""Evelyn2 Rebecca1""","","","givenName","""Evelyn2""","","","jobTitle","""Job Title 5""","","","mailNickname","""evelyn2.rebecca1""","","","ServicePrincipal","","","",""
"2025-10-26 14:16:42","Import","Details","","","ErrorCode","","","ProvisioningManagement","de8dbf8e-e98c-4b58-8281-973d872520d1","Sync_de8dbf8e-e98c-4b58-8281-973d872520d1_92e5b9cf-c9a2-495d-83b2-3fc82f96324f_134033698020040890","","Azure AD Cloud Sync","","","","","","","","","","","","Account Provisioning","Read","success","Received User 'catherine1.carter2@acme.com' change of type (Add) from Microsoft Entra ID","External Application 9","","756eda03-cf90-441c-808e-b59787d93e2b","objectId","""2318cfef-8d5d-4570-8820-15637b57a565""","","","accountEnabled","""False""","","","department","""Department 8""","","","displayName","""Catherine1 Carter2""","","","givenName","""Catherine1""","","","jobTitle","""Job Title 8""","","","ServicePrincipal","","","",""
"2025-10-26 14:16:41","Import","Details","","","ErrorCode","","","ProvisioningManagement","de8dbf8e-e98c-4b58-8281-973d872520d1","Sync_de8dbf8e-e98c-4b58-8281-973d872520d1_92e5b9cf-c9a2-495d-83b2-3fc82f96324f_134033698019970860","","Azure AD Cloud Sync","","","","","","","","","","","","Account Provisioning","Read","success","Received User 'ronald1.jackson@acme.com' change of type (Add) from Microsoft Entra ID","External Application 9","","756eda03-cf90-441c-808e-b59787d93e2b","objectId","""bf9339cc-dcd3-419c-87d7-ca33b140e3cb""","","","accountEnabled","""False""","","","displayName","""Ronald1 Jackson""","","","givenName","""Ronald1""","","","jobTitle","""Job Title 13""","","","mailNickname","""ronald1.jackson""","","","ServicePrincipal","","","",""
"2025-10-26 14:16:41","Import","Details","","","ErrorCode","","","ProvisioningManagement","de8dbf8e-e98c-4b58-8281-973d872520d1","Sync_de8dbf8e-e98c-4b58-8281-973d872520d1_92e5b9cf-c9a2-495d-83b2-3fc82f96324f_134033698019890860","","Azure AD Cloud Sync","","","","","","","","","","","","Account Provisioning","Read","success","Received User 'torres1.carter3@acme.com' change of type (Add) from Microsoft Entra ID","External Application 9","","756eda03-cf90-441c-808e-b59787d93e2b","objectId","""7df7de58-2af6-47c2-8887-079db9585c7e""","","","accountEnabled","""False""","","","displayName","""Lee Carter3""","","","givenName","""Lee""","","","mailNickname","""torres1.carter3""","","","surname","""Carter3""","","","ServicePrincipal","","","",""
"2025-10-26 14:16:41","Import","Details","","","ErrorCode","","","ProvisioningManagement","de8dbf8e-e98c-4b58-8281-973d872520d1","Sync_de8dbf8e-e98c-4b58-8281-973d872520d1_92e5b9cf-c9a2-495d-83b2-3fc82f96324f_134033698019810870","","Azure AD Cloud Sync","","","","","","","","","","","","Account Provisioning","Read","success","Received User 'jenkins.roberts@acme.com' change of type (Add) from Microsoft Entra ID","External Application 9","","756eda03-cf90-441c-808e-b59787d93e2b","objectId","""b4e2a357-f352-40ff-84e5-5a31a71a3c2d""","","","accountEnabled","""False""","","","department","""Department 7""","","","displayName","""Jenkins Roberts""","","","givenName","""Jenkins""","","","jobTitle","""Job Title 8""","","","ServicePrincipal","","","",""
"2025-10-26 14:16:39","Other","Details","Type: AppRoleAssignment
Modification: Add
Anchor: qbr5z9K8IUyjKAHYTL_siDjlqbyxVPRBvzvI92m0dG0
Matching property values: 76177af3-b8ae-498b-81f0-4c03455d7a6a
OriginalSourceEntryType: 
Reference Change? False
ContainsEntitlement? False
TrackingId 84f69df7-ab08-4248-86ba-693da3194970","","ErrorCode","","","ProvisioningManagement","de8dbf8e-e98c-4b58-8281-973d872520d1","Sync_de8dbf8e-e98c-4b58-8281-973d872520d1_92e5b9cf-c9a2-495d-83b2-3fc82f96324f_134033697999278430","","Azure AD Cloud Sync","","","","","","","","","","","","Account Provisioning","Read","success","This app role assignment was imported: qbr5z9K8IUyjKAHYTL_siDjlqbyxVPRBvzvI92m0dG0.  The app role granted was 76177af3-b8ae-498b-81f0-4c03455d7a6a.  It was granted to Group 34e0af06-dc41-45ee-8b74-60db5c45fe59.","External Application 9","","756eda03-cf90-441c-808e-b59787d93e2b","","","","","","","","","","","","","","","","","","","","","","","","","ServicePrincipal","","","",""
"2025-10-26 13:51:12","Consent to application","User-Agent","EvoSTS","","AppId","289d82ac-1a90-4b86-8b94-d978b00afad7","","ApplicationManagement","231ef58f-fb73-46d0-8b1f-5da561ec690f","Directory_231ef58f-fb73-46d0-8b1f-5da561ec690f_8571X_66847917","","","","","","Azure ESTS Service","","","52.185.201.81","43348364-79c5-49a7-8407-7eeed1b2b938","moore1.stephen@acme.com","","","Core Directory","Assign","success","","External Application 2","","d2209f24-469e-4472-83af-c8758cb58571","ConsentContext.IsAdminConsent","""False""","","","ConsentContext.IsAppOnly","""False""","","","ConsentContext.OnBehalfOfAll","""False""","","","ConsentContext.Tags","""WindowsAzureActiveDirectoryIntegratedApp""","","","ConsentAction.Permissions","""[] => [[Id: r84GbkgclkiaIrGOnEWR4rYufEAFwSVOsFeZ47KKVVXlRpNLoue6SLe4IJzvrHTS, ClientId: d2209f24-469e-4472-83af-c8758cb58571, PrincipalId: 43348364-79c5-49a7-8407-7eeed1b2b938, ResourceId: 3c953ed9-ce52-4064-8eef-21a4d13632a8, ConsentType: Principal, Scope:  openid Mail.Read Mail.Read.Shared Mail.ReadWrite offline_access Mail.Send Mail.ReadWrite.Shared Mail.Send.Shared profile, CreatedDateTime: , LastModifiedDateTime ]]; ""","","","TargetId.ServicePrincipalNames","""289d82ac-1a90-4b86-8b94-d978b00afad7""","","","ServicePrincipal","","","",""
"2025-10-26 13:51:12","Add app role assignment grant to user","User-Agent","EvoSTS","","AppId","289d82ac-1a90-4b86-8b94-d978b00afad7","","UserManagement","231ef58f-fb73-46d0-8b1f-5da561ec690f","Directory_231ef58f-fb73-46d0-8b1f-5da561ec690f_8571X_66847909","","","","","","Azure ESTS Service","","","52.185.201.81","43348364-79c5-49a7-8407-7eeed1b2b938","moore1.stephen@acme.com","","","Core Directory","Assign","success","","External Application 2","","d2209f24-469e-4472-83af-c8758cb58571","AppRole.Id","""0dfd9c70-159e-4aa3-85d1-a03b95280861""","","","AppRole.Value","""""","","","AppRole.DisplayName","""""","","","AppRoleAssignment.CreatedDateTime","""2025-10-26T13:51:12.8375988Z""","","","AppRoleAssignment.LastModifiedDateTime","""2025-10-26T13:51:12.8375988Z""","","","User.ObjectID","""43348364-79c5-49a7-8407-7eeed1b2b938""","","","ServicePrincipal","","","",""
"2025-10-26 13:51:12","Add delegated permission grant","User-Agent","EvoSTS","","AppId","00000003-0000-0000-c000-000000000000","","ApplicationManagement","231ef58f-fb73-46d0-8b1f-5da561ec690f","Directory_231ef58f-fb73-46d0-8b1f-5da561ec690f_8571X_66847877","","","","","","Azure ESTS Service","","","52.185.201.81","43348364-79c5-49a7-8407-7eeed1b2b938","moore1.stephen@acme.com","","","Core Directory","Assign","success","","Microsoft Graph","","3c953ed9-ce52-4064-8eef-21a4d13632a8","DelegatedPermissionGrant.Scope",""" openid Mail.Read Mail.Read.Shared Mail.ReadWrite offline_access Mail.Send Mail.ReadWrite.Shared Mail.Send.Shared profile""","","","DelegatedPermissionGrant.ConsentType","""Principal""","","","ServicePrincipal.ObjectID","""d2209f24-469e-4472-83af-c8758cb58571""","","","ServicePrincipal.DisplayName","","","","ServicePrincipal.AppId","","","","ServicePrincipal.Name","","","","ServicePrincipal","","","",""
"2025-10-26 11:25:32","Update device","DeviceId","27ab75d9-fc28-4644-808c-c2e761e914be","","DeviceOSType","Windows","","Device","49ba7856-2045-4bba-8a99-b19f4f0354da","Directory_49ba7856-2045-4bba-8a99-b19f4f0354da_Q5XO1_266737998","","Device Registration Service","20d63fc4-676f-4690-8d4b-8cc36be935cd","","","","","","","","","","","Core Directory","Update","success","","HOST-462C27","","4d7884ee-2267-473b-8608-8bea27e084b0","Included Updated Properties","""""","","","TargetId.DeviceId","""27ab75d9-fc28-4644-808c-c2e761e914be""","","","TargetId.DeviceOSType","""Windows""","","","TargetId.DeviceTrustType","""Workplace""","","","","","","","","","","","Device","","","",""
"2025-10-26 11:04:57","Self-service password reset flow activity progress","","","","","","","UserManagement","08671292-84bc-4258-85d1-e037e126fa4f","SSPR_08671292-84bc-4258-85d1-e037e126fa4f_GIC99_17664345","","","","","","","","","2a02:c206:2154:ca6:6eab:591b:1adb:6de6","21c8a508-dcb1-45f5-8590-258bcfe483c5","victoria1.heather3@acme.com","","","Self-service Password Management","Update","success","User was presented with verification options","Victoria1 Heather3","","21c8a508-dcb1-45f5-8590-258bcfe483c5","","","","","","","","","","","","","","","","","","","","","","","","","User","victoria1.heather3@acme.com","","Mozilla/5.0 (Windows NT 10.0; Win64; x64; rv:109.0) Gecko/20100101 Firefox/115.",""
"2025-10-26 11:04:57","Self-service password reset flow activity progress","","","","","","","UserManagement","08671292-84bc-4258-85d1-e037e126fa4f","SSPR_08671292-84bc-4258-85d1-e037e126fa4f_GIC99_17664271","","","","","","","","","2a02:c206:2154:ca6:6eab:591b:1adb:6de6","21c8a508-dcb1-45f5-8590-258bcfe483c5","victoria1.heather3@acme.com","","","Self-service Password Management","Update","success","User submitted their user ID","Victoria1 Heather3","","21c8a508-dcb1-45f5-8590-258bcfe483c5","","","","","","","","","","","","","","","","","","","","","","","","","User","victoria1.heather3@acme.com","","Mozilla/5.0 (Windows NT 10.0; Win64; x64; rv:109.0) Gecko/20100101 Firefox/115.",""
"2025-10-26 10:35:42","Update device","DeviceId","c2306263-f58d-4b28-8f2d-86c1f5284b5c","","DeviceOSType","Windows","","Device","74376fb4-fc2d-4af7-8ed7-22b99b0e6b9d","Directory_74376fb4-fc2d-4af7-8ed7-22b99b0e6b9d_JV94I_231724335","","Device Registration Service","20d63fc4-676f-4690-8d4b-8cc36be935cd","","","","","","","","","","","Core Directory","Update","success","","HOST-081EE7","","57d117a1-cd7b-40b7-8ed2-f9d43724a324","Included Updated Properties","""""","","","TargetId.DeviceId","""c2306263-f58d-4b28-8f2d-86c1f5284b5c""","","","TargetId.DeviceOSType","""Windows""","","","TargetId.DeviceTrustType","""AzureAd""","","","","","","","","","","","Device","","","",""
"2025-10-26 01:38:48","GroupLifecyclePolicies_Get","","","","","","","GroupManagement","09d6226f-50e7-40ff-8bcf-61cc973e190a","SSGM_09d6226f-50e7-40ff-8bcf-61cc973e190a_605MB_51778258","","","","","","","","","40.126.26.61","01ed56e0-dbf7-4027-8ea0-5ceabf3bfd4a","","","","Self-service Group Management","Update","success","OK","","","0dfd9c70-159e-4aa3-85d1-a03b95280861","","","","","","","","","","","","","","","","","","","","","","","","","N/A","","","",""
"2025-10-26 01:38:15","Add delegated permission grant","AppId","00000003-0000-0000-c000-000000000000","","","","","ApplicationManagement","f0726851-4603-4491-815d-1e1ff48832e3","Directory_f0726851-4603-4491-815d-1e1ff48832e3_E03TZ_54073303","","","","","","Technician","","","XX.XX.XXX.XXX","be51e53d-b12c-4f3c-8810-15f10ef42bf8","user_stephanie@msp1.example","","","Core Directory","Assign","success","","Microsoft Graph","","3c953ed9-ce52-4064-8eef-21a4d13632a8","DelegatedPermissionGrant.Scope","""DelegatedPermissionGrant.Read.All Directory.Read.All AppRoleAssignment.ReadWrite.All""","","","DelegatedPermissionGrant.ConsentType","""AllPrincipals""","","","ServicePrincipal.ObjectID","""01ed56e0-dbf7-4027-8ea0-5ceabf3bfd4a""","","","ServicePrincipal.DisplayName","","","","ServicePrincipal.AppId","","","","ServicePrincipal.Name","","","","ServicePrincipal","","","",""
"2025-10-26 01:38:14","Remove delegated permission grant","AppId","00000003-0000-0000-c000-000000000000","","","","","ApplicationManagement","976f4f3c-1b90-4dfe-888e-5544a9e730e7","Directory_976f4f3c-1b90-4dfe-888e-5544a9e730e7_CD1FF_86799730","","","","","","Technician","","","XX.XX.XXX.XXX","be51e53d-b12c-4f3c-8810-15f10ef42bf8","user_stephanie@msp1.example","","","Core Directory","Unassign","success","","Microsoft Graph","","3c953ed9-ce52-4064-8eef-21a4d13632a8","DelegatedPermissionGrant.Scope","","""DelegatedPermissionGrant.Read.All Directory.Read.All AppRoleAssignment.ReadWrite.All""","","DelegatedPermissionGrant.ConsentType","","""AllPrincipals""","","ServicePrincipal.ObjectID","","""01ed56e0-dbf7-4027-8ea0-5ceabf3bfd4a""","","ServicePrincipal.DisplayName","","","","ServicePrincipal.AppId","","","","ServicePrincipal.Name","","","","ServicePrincipal","","","",""
"2025-10-26 00:15:47","Update device","DeviceId","4fec06d8-2015-46c8-8a5c-47ee15f4709c","","DeviceOSType","Windows","","Device","19cb47ca-b937-4399-8db9-1af127bccdd2","Directory_19cb47ca-b937-4399-8db9-1af127bccdd2_8EUO3_191935460","","Device Registration Service","20d63fc4-676f-4690-8d4b-8cc36be935cd","","","","","","","","","","","Core Directory","Update","success","","HOST-6208B3","","541a5185-57bb-4d23-868c-f01b4b01a7ae","Included Updated Properties","""""","","","TargetId.DeviceId","""4fec06d8-2015-46c8-8a5c-47ee15f4709c""","","","TargetId.DeviceOSType","""Windows""","","","TargetId.DeviceTrustType","""Workplace""","","","","","","","","","","","Device","","","",""
"2025-10-25 21:26:52","Update device","DeviceId","f92759cd-00ed-48d2-8733-17a3f1d48cba","","DeviceOSType","Windows","","Device","0c716981-92fb-417f-88ec-4ff1c8642e10","Directory_0c716981-92fb-417f-88ec-4ff1c8642e10_QH60Z_245318088","","Device Registration Service","20d63fc4-676f-4690-8d4b-8cc36be935cd","","","","","","","","","","","Core Directory","Update","success","","HOST-12DD9E","","4383108a-8fa0-4979-8990-bfbb007bf938","CloudDeviceOSVersion","[""10.0.26100.6584""]","[""10.0.26100.5074""]","","DeviceOSVersion","[""10.0.26100.6584""]","[""10.0.26100.5074""]","","Included Updated Properties","""CloudDeviceOSVersion, DeviceOSVersion""","","","TargetId.DeviceId","""f92759cd-00ed-48d2-8733-17a3f1d48cba""","","","TargetId.DeviceOSType","""Windows""","","","TargetId.DeviceTrustType","""AzureAd""","","","Device","","","",""
"2025-10-25 20:42:46","Update user","UserType","Member","","","","","UserManagement","b1983b1e-8c6a-4d9d-8784-89eab8394702","Directory_b1983b1e-8c6a-4d9d-8784-89eab8394702_CEISN_160636383","","Microsoft Substrate Management","feb2a519-1cc9-4bea-8b5c-237fd8ea9a92","","","","","","","","","","","Core Directory","Update","success","","","","db719cd2-3259-4aa0-8a11-7a8f2aef493c","Included Updated Properties","""""","","","TargetId.UserType","""Member""","","","ActorId.ServicePrincipalNames","""7f53a90e-44b5-410c-8fd1-a31f09c2c31d""","","","SPN","""7f53a90e-44b5-410c-8fd1-a31f09c2c31d""","","","","","","","","","","","User","allen.white@acme.com","","",""
"2025-10-25 20:30:24","Update device","DeviceId","e0c014e4-ca9c-4362-8f5f-d62c3ede5ef5","","DeviceOSType","Windows","","Device","964ec8ab-24d2-4111-8114-2b3bb9cfd808","Directory_964ec8ab-24d2-4111-8114-2b3bb9cfd808_YSYEE_164608497","","Device Registration Service","20d63fc4-676f-4690-8d4b-8cc36be935cd","","","","","","","","","","","Core Directory","Update","success","","HOST-9BCE5A","","1fed6969-72ec-4474-867b-4e7956f7361a","Included Updated Properties","""""","","","TargetId.DeviceId","""e0c014e4-ca9c-4362-8f5f-d62c3ede5ef5""","","","TargetId.DeviceOSType","""Windows""","","","TargetId.DeviceTrustType","""Workplace""","","","","","","","","","","","Device","","","",""
"2025-10-25 19:29:33","Synchronization rule action","Details","User details: Skip reason = NotEffectivelyEntitled, Active = True, Assigned = False, Passed scope filter: True; ","","ErrorCode","","","ProvisioningManagement","d2dd1075-241a-4e87-8203-05230dd3c8a1","Sync_d2dd1075-241a-4e87-8203-05230dd3c8a1_92e5b9cf-c9a2-495d-83b2-3fc82f96324f_134033021733441540","","Azure AD Cloud Sync","","","","","","","","","","","","Account Provisioning","Read","success","The User 'timothy@extgov1.example' will be skipped due to the following reasons: 
1) This object is not assigned to the application. If you did not expect the object to be skipped, assign the object to the application or change your scoping filter to allow all users and groups to be in scope for provisioning.
2) This object does not have required entitlement for provisioning. If you did not expect the object to be skipped, update provisioning scope to 'Sync all users and groups' or assign the object to the application with entitlement of provisioning category
","External Application 9","","756eda03-cf90-441c-808e-b59787d93e2b","objectId","""56df7d5b-e255-47ed-866e-a37f74a4ccdd""","","","accountEnabled","""True""","","","displayName","""Mitchell2 Cox""","","","givenName","""Mitchell2""","","","mailNickname","""j4cox""","","","surname","""Cox""","","","ServicePrincipal","","","",""
"2025-10-25 19:29:33","Import","Details","","","ErrorCode","","","ProvisioningManagement","d2dd1075-241a-4e87-8203-05230dd3c8a1","Sync_d2dd1075-241a-4e87-8203-05230dd3c8a1_92e5b9cf-c9a2-495d-83b2-3fc82f96324f_134033021733021550","","Azure AD Cloud Sync","","","","","","","","","","","","Account Provisioning","Read","success","Received User 'timothy@extgov1.example' change of type (Add) from Microsoft Entra ID","External Application 9","","756eda03-cf90-441c-808e-b59787d93e2b","objectId","""56df7d5b-e255-47ed-866e-a37f74a4ccdd""","","","accountEnabled","""True""","","","displayName","""Mitchell2 Cox""","","","givenName","""Mitchell2""","","","mailNickname","""j4cox""","","","surname","""Cox""","","","ServicePrincipal","","","",""
"2025-10-25 19:29:32","Synchronization rule action","Details","","","ErrorCode","","","ProvisioningManagement","d2dd1075-241a-4e87-8203-05230dd3c8a1","Sync_d2dd1075-241a-4e87-8203-05230dd3c8a1_92e5b9cf-c9a2-495d-83b2-3fc82f96324f_134033021729871580","","Azure AD Cloud Sync","","","","","","","","","","","","Account Provisioning","Read","success","User amy2.wood@acme.com will be skipped, because it has not been matched with any entry in the target directory, and there has been no change in any attribute that could alter that state. ","External Application 9","","756eda03-cf90-441c-808e-b59787d93e2b","objectId","""9e4eef94-db52-4ae6-83d6-bad5395ff6f8""","","","accountEnabled","""False""","","","department","""Department 4""","","","displayName","""Amy2 Wood""","","","givenName","""Hovsep""","","","jobTitle","""Job Title 14""","","","ServicePrincipal","","","",""
"2025-10-25 19:29:32","Synchronization rule action","Details","","","ErrorCode","","","ProvisioningManagement","d2dd1075-241a-4e87-8203-05230dd3c8a1","Sync_d2dd1075-241a-4e87-8203-05230dd3c8a1_92e5b9cf-c9a2-495d-83b2-3fc82f96324f_134033021729741560","","Azure AD Cloud Sync","","","","","","","","","","","","Account Provisioning","Read","success","User reed1.mitchell@acme.com will be skipped, because it has not been matched with any entry in the target directory, and there has been no change in any attribute that could alter that state. ","External Application 9","","756eda03-cf90-441c-808e-b59787d93e2b","objectId","""31510e04-6b24-4a36-8b50-fc1ad11ad4f9""","","","accountEnabled","""False""","","","displayName","""Reed1 Mitchell""","","","givenName","""Reed1""","","","jobTitle","""Job Title 1""","","","mailNickname","""reed1.mitchell""","","","ServicePrincipal","","","",""
"2025-10-25 19:29:32","Synchronization rule action","Details","","","ErrorCode","","","ProvisioningManagement","d2dd1075-241a-4e87-8203-05230dd3c8a1","Sync_d2dd1075-241a-4e87-8203-05230dd3c8a1_92e5b9cf-c9a2-495d-83b2-3fc82f96324f_134033021729611570","","Azure AD Cloud Sync","","","","","","","","","","","","Account Provisioning","Read","success","User peterson.heather2@acme.com will be skipped, because it has already been effectively de-provisioned.","External Application 9","","756eda03-cf90-441c-808e-b59787d93e2b","objectId","""8107c9dc-0d87-4346-8d13-76a486414747""","","","accountEnabled","""False""","","","displayName","""Peterson Heather2""","","","givenName","""Peterson""","","","jobTitle","""Job Title 5""","","","mailNickname","""peterson.heather2""","","","ServicePrincipal","","","",""
"2025-10-25 19:29:32","Synchronization rule action","Details","","","ErrorCode","","","ProvisioningManagement","d2dd1075-241a-4e87-8203-05230dd3c8a1","Sync_d2dd1075-241a-4e87-8203-05230dd3c8a1_92e5b9cf-c9a2-495d-83b2-3fc82f96324f_134033021729441560","","Azure AD Cloud Sync","","","","","","","","","","","","Account Provisioning","Read","success","User samantha1.edward@acme.com will be skipped, because it has already been effectively de-provisioned.","External Application 9","","756eda03-cf90-441c-808e-b59787d93e2b","objectId","""d0e4a9ac-084a-4133-8c33-53487177cf8a""","","","accountEnabled","""False""","","","department","""Department 1""","","","displayName","""Samantha1 Edward""","","","givenName","""Samantha1""","","","jobTitle","""Job Title 2""","","","ServicePrincipal","","","",""
"2025-10-25 19:29:32","Synchronization rule action","Details","","","ErrorCode","","","ProvisioningManagement","d2dd1075-241a-4e87-8203-05230dd3c8a1","Sync_d2dd1075-241a-4e87-8203-05230dd3c8a1_92e5b9cf-c9a2-495d-83b2-3fc82f96324f_134033021729321550","","Azure AD Cloud Sync","","","","","","","","","","","","Account Provisioning","Read","success","User evelyn2.rebecca1@acme.com will be skipped, because it has not been matched with any entry in the target directory, and there has been no change in any attribute that could alter that state. ","External Application 9","","756eda03-cf90-441c-808e-b59787d93e2b","objectId","""a86ba5ad-6b84-42bb-835e-03d42d52beac""","","","accountEnabled","""False""","","","displayName","""Evelyn2 Rebecca1""","","","givenName","""Evelyn2""","","","jobTitle","""Job Title 5""","","","mailNickname","""evelyn2.rebecca1""","","","ServicePrincipal","","","",""
"2025-10-25 19:29:32","Synchronization rule action","Details","","","ErrorCode","","","ProvisioningManagement","d2dd1075-241a-4e87-8203-05230dd3c8a1","Sync_d2dd1075-241a-4e87-8203-05230dd3c8a1_92e5b9cf-c9a2-495d-83b2-3fc82f96324f_134033021729201540","","Azure AD Cloud Sync","","","","","","","","","","","","Account Provisioning","Read","success","User jenkins.roberts@acme.com will be skipped, because it has already been effectively de-provisioned.","External Application 9","","756eda03-cf90-441c-808e-b59787d93e2b","objectId","""b4e2a357-f352-40ff-84e5-5a31a71a3c2d""","","","accountEnabled","""False""","","","department","""Department 7""","","","displayName","""Jenkins Roberts""","","","givenName","""Jenkins""","","","jobTitle","""Job Title 8""","","","ServicePrincipal","","","",""
"2025-10-25 19:29:32","Synchronization rule action","Details","","","ErrorCode","","","ProvisioningManagement","d2dd1075-241a-4e87-8203-05230dd3c8a1","Sync_d2dd1075-241a-4e87-8203-05230dd3c8a1_92e5b9cf-c9a2-495d-83b2-3fc82f96324f_134033021729101560","","Azure AD Cloud Sync","","","","","","","","","","","","Account Provisioning","Read","success","User thomas1.jimenez@acme.com will be skipped, because it has not been matched with any entry in the target directory, and there has been no change in any attribute that could alter that state. ","External Application 9","","756eda03-cf90-441c-808e-b59787d93e2b","objectId","""c8bfdc83-e15d-4584-83d0-f156fda37734""","","","accountEnabled","""False""","","","department","""Department 6""","","","displayName","""Thomas1 Jimenez""","","","givenName","""Thomas1""","","","jobTitle","""Job Title 12""","","","ServicePrincipal","","","",""
"2025-10-25 19:29:32","Synchronization rule action","Details","","","ErrorCode","","","ProvisioningManagement","d2dd1075-241a-4e87-8203-05230dd3c8a1","Sync_d2dd1075-241a-4e87-8203-05230dd3c8a1_92e5b9cf-c9a2-495d-83b2-3fc82f96324f_134033021729021610","","Azure AD Cloud Sync","","","","","","","","","","","","Account Provisioning","Read","success","User allen3.edward1@acme.com will be skipped, because it has already been effectively de-provisioned.","External Application 9","","756eda03-cf90-441c-808e-b59787d93e2b","objectId","""2b22d269-4f10-4524-894e-e05c48f3d8d9""","","","accountEnabled","""False""","","","department","""Department 7""","","","displayName","""Allen3 Edward1""","","","givenName","""Allen3""","","","jobTitle","""Job Title 4""","","","ServicePrincipal","","","",""
"2025-10-25 19:29:32","Synchronization rule action","Details","","","ErrorCode","","","ProvisioningManagement","d2dd1075-241a-4e87-8203-05230dd3c8a1","Sync_d2dd1075-241a-4e87-8203-05230dd3c8a1_92e5b9cf-c9a2-495d-83b2-3fc82f96324f_134033021728941560","","Azure AD Cloud Sync","","","","","","","","","","","","Account Provisioning","Read","success","User kathleen.carter@acme.com will be skipped, because it has already been effectively de-provisioned.","External Application 9","","756eda03-cf90-441c-808e-b59787d93e2b","objectId","""c2d41362-b857-4351-8a78-520b3070914e""","","","accountEnabled","""False""","","","department","""Department 9""","","","displayName","""Kathleen Carter""","","","givenName","""Kathleen""","","","jobTitle","""Job Title 3""","","","ServicePrincipal","","","",""
"2025-10-25 19:29:32","Synchronization rule action","Details","","","ErrorCode","","","ProvisioningManagement","d2dd1075-241a-4e87-8203-05230dd3c8a1","Sync_d2dd1075-241a-4e87-8203-05230dd3c8a1_92e5b9cf-c9a2-495d-83b2-3fc82f96324f_134033021728861550","","Azure AD Cloud Sync","","","","","","","","","","","","Account Provisioning","Read","success","User joan.william@acme.com will be skipped, because it has already been effectively de-provisioned.","External Application 9","","756eda03-cf90-441c-808e-b59787d93e2b","objectId","""627a4ff0-f382-43d9-846c-7c185494c01e""","","","accountEnabled","""False""","","","department","""Department 7""","","","displayName","""Ronald William""","","","givenName","""Ronald""","","","jobTitle","""Job Title 15""","","","ServicePrincipal","","","",""
"2025-10-25 19:29:32","Synchronization rule action","Details","","","ErrorCode","","","ProvisioningManagement","d2dd1075-241a-4e87-8203-05230dd3c8a1","Sync_d2dd1075-241a-4e87-8203-05230dd3c8a1_92e5b9cf-c9a2-495d-83b2-3fc82f96324f_134033021728781550","","Azure AD Cloud Sync","","","","","","","","","","","","Account Provisioning","Read","success","User nguyen.wood1@acme.com will be skipped, because it has already been effectively de-provisioned.","External Application 9","","756eda03-cf90-441c-808e-b59787d93e2b","objectId","""ce02f276-d914-4909-853b-bf731e718640""","","","accountEnabled","""False""","","","department","""Department 3""","","","displayName","""Nguyen Wood1""","","","givenName","""Nguyen""","","","jobTitle","""Job Title 10""","","","ServicePrincipal","","","",""
"2025-10-25 19:29:32","Synchronization rule action","Details","","","ErrorCode","","","ProvisioningManagement","d2dd1075-241a-4e87-8203-05230dd3c8a1","Sync_d2dd1075-241a-4e87-8203-05230dd3c8a1_92e5b9cf-c9a2-495d-83b2-3fc82f96324f_134033021728691560","","Azure AD Cloud Sync","","","","","","","","","","","","Account Provisioning","Read","success","User diane.nguyen@acme.com will be skipped, because it has not been matched with any entry in the target directory, and there has been no change in any attribute that could alter that state. ","External Application 9","","756eda03-cf90-441c-808e-b59787d93e2b","objectId","""9a338291-11ec-499c-8425-ba35ea84767e""","","","accountEnabled","""False""","","","displayName","""Diane Nguyen""","","","givenName","""Diane""","","","jobTitle","""Job Title 7""","","","mailNickname","""diane.nguyen""","","","ServicePrincipal","","","",""
"2025-10-25 19:29:32","Synchronization rule action","Details","User details: Skip reason = NotEffectivelyEntitled, Active = False, Assigned = True, Passed scope filter: True; ","","ErrorCode","","","ProvisioningManagement","d2dd1075-241a-4e87-8203-05230dd3c8a1","Sync_d2dd1075-241a-4e87-8203-05230dd3c8a1_92e5b9cf-c9a2-495d-83b2-3fc82f96324f_134033021728561530","","Azure AD Cloud Sync","","","","","","","","","","","","Account Provisioning","Read","success","The User 'diane.nguyen@acme.com' will be skipped due to the following reasons: 
1) This object is not active in the source system.
","External Application 9","","756eda03-cf90-441c-808e-b59787d93e2b","objectId","""9a338291-11ec-499c-8425-ba35ea84767e""","","","accountEnabled","""False""","","","displayName","""Diane Nguyen""","","","givenName","""Diane""","","","jobTitle","""Job Title 7""","","","mailNickname","""diane.nguyen""","","","ServicePrincipal","","","",""
"2025-10-25 19:29:32","Synchronization rule action","Details","User details: Skip reason = NotEffectivelyEntitled, Active = False, Assigned = True, Passed scope filter: True; ","","ErrorCode","","","ProvisioningManagement","d2dd1075-241a-4e87-8203-05230dd3c8a1","Sync_d2dd1075-241a-4e87-8203-05230dd3c8a1_92e5b9cf-c9a2-495d-83b2-3fc82f96324f_134033021728431550","","Azure AD Cloud Sync","","","","","","","","","","","","Account Provisioning","Read","success","The User 'thomas1.jimenez@acme.com' will be skipped due to the following reasons: 
1) This object is not active in the source system.
","External Application 9","","756eda03-cf90-441c-808e-b59787d93e2b","objectId","""c8bfdc83-e15d-4584-83d0-f156fda37734""","","","accountEnabled","""False""","","","department","""Department 6""","","","displayName","""Thomas1 Jimenez""","","","givenName","""Thomas1""","","","jobTitle","""Job Title 12""","","","ServicePrincipal","","","",""
"2025-10-25 19:29:32","Synchronization rule action","Details","User details: Skip reason = NotEffectivelyEntitled, Active = False, Assigned = True, Passed scope filter: True; ","","ErrorCode","","","ProvisioningManagement","d2dd1075-241a-4e87-8203-05230dd3c8a1","Sync_d2dd1075-241a-4e87-8203-05230dd3c8a1_92e5b9cf-c9a2-495d-83b2-3fc82f96324f_134033021728301550","","Azure AD Cloud Sync","","","","","","","","","","","","Account Provisioning","Read","success","The User 'evelyn2.rebecca1@acme.com' will be skipped due to the following reasons: 
1) This object is not active in the source system.
","External Application 9","","756eda03-cf90-441c-808e-b59787d93e2b","objectId","""a86ba5ad-6b84-42bb-835e-03d42d52beac""","","","accountEnabled","""False""","","","displayName","""Evelyn2 Rebecca1""","","","givenName","""Evelyn2""","","","jobTitle","""Job Title 5""","","","mailNickname","""evelyn2.rebecca1""","","","ServicePrincipal","","","",""
"2025-10-25 19:29:32","Synchronization rule action","Details","User details: Skip reason = NotEffectivelyEntitled, Active = False, Assigned = True, Passed scope filter: True; ","","ErrorCode","","","ProvisioningManagement","d2dd1075-241a-4e87-8203-05230dd3c8a1","Sync_d2dd1075-241a-4e87-8203-05230dd3c8a1_92e5b9cf-c9a2-495d-83b2-3fc82f96324f_134033021728141550","","Azure AD Cloud Sync","","","","","","","","","","","","Account Provisioning","Read","success","The User 'reed1.mitchell@acme.com' will be skipped due to the following reasons: 
1) This object is not active in the source system.
","External Application 9","","756eda03-cf90-441c-808e-b59787d93e2b","objectId","""31510e04-6b24-4a36-8b50-fc1ad11ad4f9""","","","accountEnabled","""False""","","","displayName","""Reed1 Mitchell""","","","givenName","""Reed1""","","","jobTitle","""Job Title 1""","","","mailNickname","""reed1.mitchell""","","","ServicePrincipal","","","",""
"2025-10-25 19:29:32","Synchronization rule action","Details","User details: Skip reason = NotEffectivelyEntitled, Active = False, Assigned = True, Passed scope filter: True; ","","ErrorCode","","","ProvisioningManagement","d2dd1075-241a-4e87-8203-05230dd3c8a1","Sync_d2dd1075-241a-4e87-8203-05230dd3c8a1_92e5b9cf-c9a2-495d-83b2-3fc82f96324f_134033021727941570","","Azure AD Cloud Sync","","","","","","","","","","","","Account Provisioning","Read","success","The User 'amy2.wood@acme.com' will be skipped due to the following reasons: 
1) This object is not active in the source system.
","External Application 9","","756eda03-cf90-441c-808e-b59787d93e2b","objectId","""9e4eef94-db52-4ae6-83d6-bad5395ff6f8""","","","accountEnabled","""False""","","","department","""Department 4""","","","displayName","""Amy2 Wood""","","","givenName","""Hovsep""","","","jobTitle","""Job Title 14""","","","ServicePrincipal","","","",""
"2025-10-25 19:29:32","Synchronization rule action","Details","User details: Skip reason = RedundantSoftDelete, Active = False, Assigned = True, Passed scope filter: True; ","","ErrorCode","","","ProvisioningManagement","d2dd1075-241a-4e87-8203-05230dd3c8a1","Sync_d2dd1075-241a-4e87-8203-05230dd3c8a1_92e5b9cf-c9a2-495d-83b2-3fc82f96324f_134033021727301600","","Azure AD Cloud Sync","","","","","","","","","","","","Account Provisioning","Read","success","The User 'catherine1.carter2@acme.com' was evaluated to be soft-deleted in the source system and the provisioning service should soft-delete the target entry. However, the soft-deletion has been processed by the provisioning service previously. The soft delete operation will be skipped.","External Application 9","","756eda03-cf90-441c-808e-b59787d93e2b","objectId","""2318cfef-8d5d-4570-8820-15637b57a565""","","","accountEnabled","""False""","","","department","""Department 8""","","","displayName","""Catherine1 Carter2""","","","givenName","""Catherine1""","","","jobTitle","""Job Title 8""","","","ServicePrincipal","","","",""
"2025-10-25 19:29:32","Synchronization rule action","Details","User details: Skip reason = RedundantSoftDelete, Active = False, Assigned = True, Passed scope filter: True; ","","ErrorCode","","","ProvisioningManagement","d2dd1075-241a-4e87-8203-05230dd3c8a1","Sync_d2dd1075-241a-4e87-8203-05230dd3c8a1_92e5b9cf-c9a2-495d-83b2-3fc82f96324f_134033021727171560","","Azure AD Cloud Sync","","","","","","","","","","","","Account Provisioning","Read","success","The User 'torres1.carter3@acme.com' was evaluated to be soft-deleted in the source system and the provisioning service should soft-delete the target entry. However, the soft-deletion has been processed by the provisioning service previously. The soft delete operation will be skipped.","External Application 9","","756eda03-cf90-441c-808e-b59787d93e2b","objectId","""7df7de58-2af6-47c2-8887-079db9585c7e""","","","accountEnabled","""False""","","","displayName","""Lee Carter3""","","","givenName","""Lee""","","","mailNickname","""torres1.carter3""","","","surname","""Carter3""","","","ServicePrincipal","","","",""
"2025-10-25 19:29:32","Synchronization rule action","Details","User details: Skip reason = RedundantSoftDelete, Active = False, Assigned = True, Passed scope filter: True; ","","ErrorCode","","","ProvisioningManagement","d2dd1075-241a-4e87-8203-05230dd3c8a1","Sync_d2dd1075-241a-4e87-8203-05230dd3c8a1_92e5b9cf-c9a2-495d-83b2-3fc82f96324f_134033021727041560","","Azure AD Cloud Sync","","","","","","","","","","","","Account Provisioning","Read","success","The User 'ronald1.jackson@acme.com' was evaluated to be soft-deleted in the source system and the provisioning service should soft-delete the target entry. However, the soft-deletion has been processed by the provisioning service previously. The soft delete operation will be skipped.","External Application 9","","756eda03-cf90-441c-808e-b59787d93e2b","objectId","""bf9339cc-dcd3-419c-87d7-ca33b140e3cb""","","","accountEnabled","""False""","","","displayName","""Ronald1 Jackson""","","","givenName","""Ronald1""","","","jobTitle","""Job Title 13""","","","mailNickname","""ronald1.jackson""","","","ServicePrincipal","","","",""
"2025-10-25 19:29:32","Synchronization rule action","Details","User details: Skip reason = RedundantSoftDelete, Active = False, Assigned = True, Passed scope filter: True; ","","ErrorCode","","","ProvisioningManagement","d2dd1075-241a-4e87-8203-05230dd3c8a1","Sync_d2dd1075-241a-4e87-8203-05230dd3c8a1_92e5b9cf-c9a2-495d-83b2-3fc82f96324f_134033021726871560","","Azure AD Cloud Sync","","","","","","","","","","","","Account Provisioning","Read","success","The User 'mitchell2.ortiz@acme.com' was evaluated to be soft-deleted in the source system and the provisioning service should soft-delete the target entry. However, the soft-deletion has been processed by the provisioning service previously. The soft delete operation will be skipped.","External Application 9","","756eda03-cf90-441c-808e-b59787d93e2b","objectId","""c86c5f0b-5845-4ed8-8974-9f4817e9f14c""","","","accountEnabled","""False""","","","displayName","""Mitchell2  Ortiz""","","","givenName","""Mitchell2""","","","mailNickname","""mitchell2.ortiz""","","","surname","""Ortiz""","","","ServicePrincipal","","","",""
"2025-10-25 19:29:32","Synchronization rule action","Details","User details: Skip reason = RedundantSoftDelete, Active = False, Assigned = True, Passed scope filter: True; ","","ErrorCode","","","ProvisioningManagement","d2dd1075-241a-4e87-8203-05230dd3c8a1","Sync_d2dd1075-241a-4e87-8203-05230dd3c8a1_92e5b9cf-c9a2-495d-83b2-3fc82f96324f_134033021726701560","","Azure AD Cloud Sync","","","","","","","","","","","","Account Provisioning","Read","success","The User 'peterson.heather2@acme.com' was evaluated to be soft-deleted in the source system and the provisioning service should soft-delete the target entry. However, the soft-deletion has been processed by the provisioning service previously. The soft delete operation will be skipped.","External Application 9","","756eda03-cf90-441c-808e-b59787d93e2b","objectId","""8107c9dc-0d87-4346-8d13-76a486414747""","","","accountEnabled","""False""","","","displayName","""Peterson Heather2""","","","givenName","""Peterson""","","","jobTitle","""Job Title 5""","","","mailNickname","""peterson.heather2""","","","ServicePrincipal","","","",""
"2025-10-25 19:29:32","Synchronization rule action","Details","User details: Skip reason = RedundantSoftDelete, Active = False, Assigned = True, Passed scope filter: True; ","","ErrorCode","","","ProvisioningManagement","d2dd1075-241a-4e87-8203-05230dd3c8a1","Sync_d2dd1075-241a-4e87-8203-05230dd3c8a1_92e5b9cf-c9a2-495d-83b2-3fc82f96324f_134033021726571560","","Azure AD Cloud Sync","","","","","","","","","","","","Account Provisioning","Read","success","The User 'samantha1.edward@acme.com' was evaluated to be soft-deleted in the source system and the provisioning service should soft-delete the target entry. However, the soft-deletion has been processed by the provisioning service previously. The soft delete operation will be skipped.","External Application 9","","756eda03-cf90-441c-808e-b59787d93e2b","objectId","""d0e4a9ac-084a-4133-8c33-53487177cf8a""","","","accountEnabled","""False""","","","department","""Department 1""","","","displayName","""Samantha1 Edward""","","","givenName","""Samantha1""","","","jobTitle","""Job Title 2""","","","ServicePrincipal","","","",""
"2025-10-25 19:29:32","Synchronization rule action","Details","User details: Skip reason = RedundantSoftDelete, Active = False, Assigned = True, Passed scope filter: True; ","","ErrorCode","","","ProvisioningManagement","d2dd1075-241a-4e87-8203-05230dd3c8a1","Sync_d2dd1075-241a-4e87-8203-05230dd3c8a1_92e5b9cf-c9a2-495d-83b2-3fc82f96324f_134033021726361560","","Azure AD Cloud Sync","","","","","","","","","","","","Account Provisioning","Read","success","The User 'lewis.thomas2@acme.com' was evaluated to be soft-deleted in the source system and the provisioning service should soft-delete the target entry. However, the soft-deletion has been processed by the provisioning service previously. The soft delete operation will be skipped.","External Application 9","","756eda03-cf90-441c-808e-b59787d93e2b","objectId","""f32bb32c-d9b7-4656-8596-671a4e468153""","","","accountEnabled","""False""","","","department","""Department 2""","","","displayName","""Lewis Thomas2""","","","givenName","""Lewis""","","","jobTitle","""Job Title 11""","","","ServicePrincipal","","","",""
"2025-10-25 19:29:32","Synchronization rule action","Details","User details: Skip reason = RedundantSoftDelete, Active = False, Assigned = True, Passed scope filter: True; ","","ErrorCode","","","ProvisioningManagement","d2dd1075-241a-4e87-8203-05230dd3c8a1","Sync_d2dd1075-241a-4e87-8203-05230dd3c8a1_92e5b9cf-c9a2-495d-83b2-3fc82f96324f_134033021726241560","","Azure AD Cloud Sync","","","","","","","","","","","","Account Provisioning","Read","success","The User 'jenkins.roberts@acme.com' was evaluated to be soft-deleted in the source system and the provisioning service should soft-delete the target entry. However, the soft-deletion has been processed by the provisioning service previously. The soft delete operation will be skipped.","External Application 9","","756eda03-cf90-441c-808e-b59787d93e2b","objectId","""b4e2a357-f352-40ff-84e5-5a31a71a3c2d""","","","accountEnabled","""False""","","","department","""Department 7""","","","displayName","""Jenkins Roberts""","","","givenName","""Jenkins""","","","jobTitle","""Job Title 8""","","","ServicePrincipal","","","",""
"2025-10-25 19:29:32","Synchronization rule action","Details","User details: Skip reason = RedundantSoftDelete, Active = False, Assigned = True, Passed scope filter: True; ","","ErrorCode","","","ProvisioningManagement","d2dd1075-241a-4e87-8203-05230dd3c8a1","Sync_d2dd1075-241a-4e87-8203-05230dd3c8a1_92e5b9cf-c9a2-495d-83b2-3fc82f96324f_134033021726061560","","Azure AD Cloud Sync","","","","","","","","","","","","Account Provisioning","Read","success","The User 'allen3.edward1@acme.com' was evaluated to be soft-deleted in the source system and the provisioning service should soft-delete the target entry. However, the soft-deletion has been processed by the provisioning service previously. The soft delete operation will be skipped.","External Application 9","","756eda03-cf90-441c-808e-b59787d93e2b","objectId","""2b22d269-4f10-4524-894e-e05c48f3d8d9""","","","accountEnabled","""False""","","","department","""Department 7""","","","displayName","""Allen3 Edward1""","","","givenName","""Allen3""","","","jobTitle","""Job Title 4""","","","ServicePrincipal","","","",""
"2025-10-25 19:29:32","Synchronization rule action","Details","User details: Skip reason = RedundantSoftDelete, Active = False, Assigned = True, Passed scope filter: True; ","","ErrorCode","","","ProvisioningManagement","d2dd1075-241a-4e87-8203-05230dd3c8a1","Sync_d2dd1075-241a-4e87-8203-05230dd3c8a1_92e5b9cf-c9a2-495d-83b2-3fc82f96324f_134033021725931560","","Azure AD Cloud Sync","","","","","","","","","","","","Account Provisioning","Read","success","The User 'kathleen.carter@acme.com' was evaluated to be soft-deleted in the source system and the provisioning service should soft-delete the target entry. However, the soft-deletion has been processed by the provisioning service previously. The soft delete operation will be skipped.","External Application 9","","756eda03-cf90-441c-808e-b59787d93e2b","objectId","""c2d41362-b857-4351-8a78-520b3070914e""","","","accountEnabled","""False""","","","department","""Department 9""","","","displayName","""Kathleen Carter""","","","givenName","""Kathleen""","","","jobTitle","""Job Title 3""","","","ServicePrincipal","","","",""
"2025-10-25 19:29:32","Synchronization rule action","Details","User details: Skip reason = RedundantSoftDelete, Active = False, Assigned = True, Passed scope filter: True; ","","ErrorCode","","","ProvisioningManagement","d2dd1075-241a-4e87-8203-05230dd3c8a1","Sync_d2dd1075-241a-4e87-8203-05230dd3c8a1_92e5b9cf-c9a2-495d-83b2-3fc82f96324f_134033021725801610","","Azure AD Cloud Sync","","","","","","","","","","","","Account Provisioning","Read","success","The User 'joan.william@acme.com' was evaluated to be soft-deleted in the source system and the provisioning service should soft-delete the target entry. However, the soft-deletion has been processed by the provisioning service previously. The soft delete operation will be skipped.","External Application 9","","756eda03-cf90-441c-808e-b59787d93e2b","objectId","""627a4ff0-f382-43d9-846c-7c185494c01e""","","","accountEnabled","""False""","","","department","""Department 7""","","","displayName","""Ronald William""","","","givenName","""Ronald""","","","jobTitle","""Job Title 15""","","","ServicePrincipal","","","",""
"2025-10-25 19:29:32","Synchronization rule action","Details","User details: Skip reason = RedundantSoftDelete, Active = False, Assigned = True, Passed scope filter: True; ","","ErrorCode","","","ProvisioningManagement","d2dd1075-241a-4e87-8203-05230dd3c8a1","Sync_d2dd1075-241a-4e87-8203-05230dd3c8a1_92e5b9cf-c9a2-495d-83b2-3fc82f96324f_134033021725671620","","Azure AD Cloud Sync","","","","","","","","","","","","Account Provisioning","Read","success","The User 'nguyen.wood1@acme.com' was evaluated to be soft-deleted in the source system and the provisioning service should soft-delete the target entry. However, the soft-deletion has been processed by the provisioning service previously. The soft delete operation will be skipped.","External Application 9","","756eda03-cf90-441c-808e-b59787d93e2b","objectId","""ce02f276-d914-4909-853b-bf731e718640""","","","accountEnabled","""False""","","","department","""Department 3""","","","displayName","""Nguyen Wood1""","","","givenName","""Nguyen""","","","jobTitle","""Job Title 10""","","","ServicePrincipal","","","",""
"2025-10-25 19:29:32","Synchronization rule action","Details","User details: Skip reason = RedundantSoftDelete, Active = False, Assigned = True, Passed scope filter: True; ","","ErrorCode","","","ProvisioningManagement","d2dd1075-241a-4e87-8203-05230dd3c8a1","Sync_d2dd1075-241a-4e87-8203-05230dd3c8a1_92e5b9cf-c9a2-495d-83b2-3fc82f96324f_134033021725531620","","Azure AD Cloud Sync","","","","","","","","","","","","Account Provisioning","Read","success","The User 'cook1.mitchell3@acme.com' was evaluated to be soft-deleted in the source system and the provisioning service should soft-delete the target entry. However, the soft-deletion has been processed by the provisioning service previously. The soft delete operation will be skipped.","External Application 9","","756eda03-cf90-441c-808e-b59787d93e2b","objectId","""7b6593af-c87d-4674-829a-9ede3adbdf5c""","","","accountEnabled","""False""","","","displayName","""Cook1 Mitchell3""","","","givenName","""Cook1""","","","mailNickname","""cook1.mitchell3""","","","surname","""Mitchell3""","","","ServicePrincipal","","","",""
"2025-10-25 19:29:32","Import","Details","","","ErrorCode","","","ProvisioningManagement","d2dd1075-241a-4e87-8203-05230dd3c8a1","Sync_d2dd1075-241a-4e87-8203-05230dd3c8a1_92e5b9cf-c9a2-495d-83b2-3fc82f96324f_134033021722991570","","Azure AD Cloud Sync","","","","","","","","","","","","Account Provisioning","Read","success","Received User 'catherine1.carter2@acme.com' change of type (Add) from Microsoft Entra ID","External Application 9","","756eda03-cf90-441c-808e-b59787d93e2b","objectId","""2318cfef-8d5d-4570-8820-15637b57a565""","","","accountEnabled","""False""","","","department","""Department 8""","","","displayName","""Catherine1 Carter2""","","","givenName","""Catherine1""","","","jobTitle","""Job Title 8""","","","ServicePrincipal","","","",""
"2025-10-25 19:29:32","Import","Details","","","ErrorCode","","","ProvisioningManagement","d2dd1075-241a-4e87-8203-05230dd3c8a1","Sync_d2dd1075-241a-4e87-8203-05230dd3c8a1_92e5b9cf-c9a2-495d-83b2-3fc82f96324f_134033021722911570","","Azure AD Cloud Sync","","","","","","","","","","","","Account Provisioning","Read","success","Received User 'torres1.carter3@acme.com' change of type (Add) from Microsoft Entra ID","External Application 9","","756eda03-cf90-441c-808e-b59787d93e2b","objectId","""7df7de58-2af6-47c2-8887-079db9585c7e""","","","accountEnabled","""False""","","","displayName","""Lee Carter3""","","","givenName","""Lee""","","","mailNickname","""torres1.carter3""","","","surname","""Carter3""","","","ServicePrincipal","","","",""
"2025-10-25 19:29:32","Import","Details","","","ErrorCode","","","ProvisioningManagement","d2dd1075-241a-4e87-8203-05230dd3c8a1","Sync_d2dd1075-241a-4e87-8203-05230dd3c8a1_92e5b9cf-c9a2-495d-83b2-3fc82f96324f_134033021722821600","","Azure AD Cloud Sync","","","","","","","","","","","","Account Provisioning","Read","success","Received User 'ronald1.jackson@acme.com' change of type (Add) from Microsoft Entra ID","External Application 9","","756eda03-cf90-441c-808e-b59787d93e2b","objectId","""bf9339cc-dcd3-419c-87d7-ca33b140e3cb""","","","accountEnabled","""False""","","","displayName","""Ronald1 Jackson""","","","givenName","""Ronald1""","","","jobTitle","""Job Title 13""","","","mailNickname","""ronald1.jackson""","","","ServicePrincipal","","","",""
"2025-10-25 19:29:32","Import","Details","","","ErrorCode","","","ProvisioningManagement","d2dd1075-241a-4e87-8203-05230dd3c8a1","Sync_d2dd1075-241a-4e87-8203-05230dd3c8a1_92e5b9cf-c9a2-495d-83b2-3fc82f96324f_134033021722741570","","Azure AD Cloud Sync","","","","","","","","","","","","Account Provisioning","Read","success","Received User 'amy2.wood@acme.com' change of type (Add) from Microsoft Entra ID","External Application 9","","756eda03-cf90-441c-808e-b59787d93e2b","objectId","""9e4eef94-db52-4ae6-83d6-bad5395ff6f8""","","","accountEnabled","""False""","","","department","""Department 4""","","","displayName","""Amy2 Wood""","","","givenName","""Hovsep""","","","jobTitle","""Job Title 14""","","","ServicePrincipal","","","",""
"2025-10-25 19:29:32","Import","Details","","","ErrorCode","","","ProvisioningManagement","d2dd1075-241a-4e87-8203-05230dd3c8a1","Sync_d2dd1075-241a-4e87-8203-05230dd3c8a1_92e5b9cf-c9a2-495d-83b2-3fc82f96324f_134033021722661570","","Azure AD Cloud Sync","","","","","","","","","","","","Account Provisioning","Read","success","Received User 'mitchell2.ortiz@acme.com' change of type (Add) from Microsoft Entra ID","External Application 9","","756eda03-cf90-441c-808e-b59787d93e2b","objectId","""c86c5f0b-5845-4ed8-8974-9f4817e9f14c""","","","accountEnabled","""False""","","","displayName","""Mitchell2  Ortiz""","","","givenName","""Mitchell2""","","","mailNickname","""mitchell2.ortiz""","","","surname","""Ortiz""","","","ServicePrincipal","","","",""
"2025-10-25 19:29:32","Import","Details","","","ErrorCode","","","ProvisioningManagement","d2dd1075-241a-4e87-8203-05230dd3c8a1","Sync_d2dd1075-241a-4e87-8203-05230dd3c8a1_92e5b9cf-c9a2-495d-83b2-3fc82f96324f_134033021722581570","","Azure AD Cloud Sync","","","","","","","","","","","","Account Provisioning","Read","success","Received User 'reed1.mitchell@acme.com' change of type (Add) from Microsoft Entra ID","External Application 9","","756eda03-cf90-441c-808e-b59787d93e2b","objectId","""31510e04-6b24-4a36-8b50-fc1ad11ad4f9""","","","accountEnabled","""False""","","","displayName","""Reed1 Mitchell""","","","givenName","""Reed1""","","","jobTitle","""Job Title 1""","","","mailNickname","""reed1.mitchell""","","","ServicePrincipal","","","",""
"2025-10-25 19:29:32","Import","Details","","","ErrorCode","","","ProvisioningManagement","d2dd1075-241a-4e87-8203-05230dd3c8a1","Sync_d2dd1075-241a-4e87-8203-05230dd3c8a1_92e5b9cf-c9a2-495d-83b2-3fc82f96324f_134033021722461570","","Azure AD Cloud Sync","","","","","","","","","","","","Account Provisioning","Read","success","Received User 'peterson.heather2@acme.com' change of type (Add) from Microsoft Entra ID","External Application 9","","756eda03-cf90-441c-808e-b59787d93e2b","objectId","""8107c9dc-0d87-4346-8d13-76a486414747""","","","accountEnabled","""False""","","","displayName","""Peterson Heather2""","","","givenName","""Peterson""","","","jobTitle","""Job Title 5""","","","mailNickname","""peterson.heather2""","","","ServicePrincipal","","","",""
"2025-10-25 19:29:32","Import","Details","","","ErrorCode","","","ProvisioningManagement","d2dd1075-241a-4e87-8203-05230dd3c8a1","Sync_d2dd1075-241a-4e87-8203-05230dd3c8a1_92e5b9cf-c9a2-495d-83b2-3fc82f96324f_134033021722391550","","Azure AD Cloud Sync","","","","","","","","","","","","Account Provisioning","Read","success","Received User 'samantha1.edward@acme.com' change of type (Add) from Microsoft Entra ID","External Application 9","","756eda03-cf90-441c-808e-b59787d93e2b","objectId","""d0e4a9ac-084a-4133-8c33-53487177cf8a""","","","accountEnabled","""False""","","","department","""Department 1""","","","displayName","""Samantha1 Edward""","","","givenName","""Samantha1""","","","jobTitle","""Job Title 2""","","","ServicePrincipal","","","",""
"2025-10-25 19:29:32","Import","Details","","","ErrorCode","","","ProvisioningManagement","d2dd1075-241a-4e87-8203-05230dd3c8a1","Sync_d2dd1075-241a-4e87-8203-05230dd3c8a1_92e5b9cf-c9a2-495d-83b2-3fc82f96324f_134033021722301660","","Azure AD Cloud Sync","","","","","","","","","","","","Account Provisioning","Read","success","Received User 'evelyn2.rebecca1@acme.com' change of type (Add) from Microsoft Entra ID","External Application 9","","756eda03-cf90-441c-808e-b59787d93e2b","objectId","""a86ba5ad-6b84-42bb-835e-03d42d52beac""","","","accountEnabled","""False""","","","displayName","""Evelyn2 Rebecca1""","","","givenName","""Evelyn2""","","","jobTitle","""Job Title 5""","","","mailNickname","""evelyn2.rebecca1""","","","ServicePrincipal","","","",""
"2025-10-25 19:29:32","Import","Details","","","ErrorCode","","","ProvisioningManagement","d2dd1075-241a-4e87-8203-05230dd3c8a1","Sync_d2dd1075-241a-4e87-8203-05230dd3c8a1_92e5b9cf-c9a2-495d-83b2-3fc82f96324f_134033021722221570","","Azure AD Cloud Sync","","","","","","","","","","","","Account Provisioning","Read","success","Received User 'lewis.thomas2@acme.com' change of type (Add) from Microsoft Entra ID","External Application 9","","756eda03-cf90-441c-808e-b59787d93e2b","objectId","""f32bb32c-d9b7-4656-8596-671a4e468153""","","","accountEnabled","""False""","","","department","""Department 2""","","","displayName","""Lewis Thomas2""","","","givenName","""Lewis""","","","jobTitle","""Job Title 11""","","","ServicePrincipal","","","",""
"2025-10-25 19:29:32","Import","Details","","","ErrorCode","","","ProvisioningManagement","d2dd1075-241a-4e87-8203-05230dd3c8a1","Sync_d2dd1075-241a-4e87-8203-05230dd3c8a1_92e5b9cf-c9a2-495d-83b2-3fc82f96324f_134033021722141540","","Azure AD Cloud Sync","","","","","","","","","","","","Account Provisioning","Read","success","Received User 'jenkins.roberts@acme.com' change of type (Add) from Microsoft Entra ID","External Application 9","","756eda03-cf90-441c-808e-b59787d93e2b","objectId","""b4e2a357-f352-40ff-84e5-5a31a71a3c2d""","","","accountEnabled","""False""","","","department","""Department 7""","","","displayName","""Jenkins Roberts""","","","givenName","""Jenkins""","","","jobTitle","""Job Title 8""","","","ServicePrincipal","","","",""
"2025-10-25 19:29:32","Import","Details","","","ErrorCode","","","ProvisioningManagement","d2dd1075-241a-4e87-8203-05230dd3c8a1","Sync_d2dd1075-241a-4e87-8203-05230dd3c8a1_92e5b9cf-c9a2-495d-83b2-3fc82f96324f_134033021722061580","","Azure AD Cloud Sync","","","","","","","","","","","","Account Provisioning","Read","success","Received User 'thomas1.jimenez@acme.com' change of type (Add) from Microsoft Entra ID","External Application 9","","756eda03-cf90-441c-808e-b59787d93e2b","objectId","""c8bfdc83-e15d-4584-83d0-f156fda37734""","","","accountEnabled","""False""","","","department","""Department 6""","","","displayName","""Thomas1 Jimenez""","","","givenName","""Thomas1""","","","jobTitle","""Job Title 12""","","","ServicePrincipal","","","",""
"2025-10-25 19:29:32","Import","Details","","","ErrorCode","","","ProvisioningManagement","d2dd1075-241a-4e87-8203-05230dd3c8a1","Sync_d2dd1075-241a-4e87-8203-05230dd3c8a1_92e5b9cf-c9a2-495d-83b2-3fc82f96324f_134033021721981580","","Azure AD Cloud Sync","","","","","","","","","","","","Account Provisioning","Read","success","Received User 'allen3.edward1@acme.com' change of type (Add) from Microsoft Entra ID","External Application 9","","756eda03-cf90-441c-808e-b59787d93e2b","objectId","""2b22d269-4f10-4524-894e-e05c48f3d8d9""","","","accountEnabled","""False""","","","department","""Department 7""","","","displayName","""Allen3 Edward1""","","","givenName","""Allen3""","","","jobTitle","""Job Title 4""","","","ServicePrincipal","","","",""
"2025-10-25 19:29:32","Import","Details","","","ErrorCode","","","ProvisioningManagement","d2dd1075-241a-4e87-8203-05230dd3c8a1","Sync_d2dd1075-241a-4e87-8203-05230dd3c8a1_92e5b9cf-c9a2-495d-83b2-3fc82f96324f_134033021721891570","","Azure AD Cloud Sync","","","","","","","","","","","","Account Provisioning","Read","success","Received User 'kathleen.carter@acme.com' change of type (Add) from Microsoft Entra ID","External Application 9","","756eda03-cf90-441c-808e-b59787d93e2b","objectId","""c2d41362-b857-4351-8a78-520b3070914e""","","","accountEnabled","""False""","","","department","""Department 9""","","","displayName","""Kathleen Carter""","","","givenName","""Kathleen""","","","jobTitle","""Job Title 3""","","","ServicePrincipal","","","",""
"2025-10-25 19:29:32","Import","Details","","","ErrorCode","","","ProvisioningManagement","d2dd1075-241a-4e87-8203-05230dd3c8a1","Sync_d2dd1075-241a-4e87-8203-05230dd3c8a1_92e5b9cf-c9a2-495d-83b2-3fc82f96324f_134033021721811590","","Azure AD Cloud Sync","","","","","","","","","","","","Account Provisioning","Read","success","Received User 'joan.william@acme.com' change of type (Add) from Microsoft Entra ID","External Application 9","","756eda03-cf90-441c-808e-b59787d93e2b","objectId","""627a4ff0-f382-43d9-846c-7c185494c01e""","","","accountEnabled","""False""","","","department","""Department 7""","","","displayName","""Ronald William""","","","givenName","""Ronald""","","","jobTitle","""Job Title 15""","","","ServicePrincipal","","","",""
"2025-10-25 19:29:32","Import","Details","","","ErrorCode","","","ProvisioningManagement","d2dd1075-241a-4e87-8203-05230dd3c8a1","Sync_d2dd1075-241a-4e87-8203-05230dd3c8a1_92e5b9cf-c9a2-495d-83b2-3fc82f96324f_134033021721691580","","Azure AD Cloud Sync","","","","","","","","","","","","Account Provisioning","Read","success","Received User 'nguyen.wood1@acme.com' change of type (Add) from Microsoft Entra ID","External Application 9","","756eda03-cf90-441c-808e-b59787d93e2b","objectId","""ce02f276-d914-4909-853b-bf731e718640""","","","accountEnabled","""False""","","","department","""Department 3""","","","displayName","""Nguyen Wood1""","","","givenName","""Nguyen""","","","jobTitle","""Job Title 10""","","","ServicePrincipal","","","",""
"2025-10-25 19:29:32","Import","Details","","","ErrorCode","","","ProvisioningManagement","d2dd1075-241a-4e87-8203-05230dd3c8a1","Sync_d2dd1075-241a-4e87-8203-05230dd3c8a1_92e5b9cf-c9a2-495d-83b2-3fc82f96324f_134033021721561590","","Azure AD Cloud Sync","","","","","","","","","","","","Account Provisioning","Read","success","Received User 'cook1.mitchell3@acme.com' change of type (Add) from Microsoft Entra ID","External Application 9","","756eda03-cf90-441c-808e-b59787d93e2b","objectId","""7b6593af-c87d-4674-829a-9ede3adbdf5c""","","","accountEnabled","""False""","","","displayName","""Cook1 Mitchell3""","","","givenName","""Cook1""","","","mailNickname","""cook1.mitchell3""","","","surname","""Mitchell3""","","","ServicePrincipal","","","",""
"2025-10-25 19:29:32","Import","Details","","","ErrorCode","","","ProvisioningManagement","d2dd1075-241a-4e87-8203-05230dd3c8a1","Sync_d2dd1075-241a-4e87-8203-05230dd3c8a1_92e5b9cf-c9a2-495d-83b2-3fc82f96324f_134033021721441570","","Azure AD Cloud Sync","","","","","","","","","","","","Account Provisioning","Read","success","Received User 'diane.nguyen@acme.com' change of type (Add) from Microsoft Entra ID","External Application 9","","756eda03-cf90-441c-808e-b59787d93e2b","objectId","""9a338291-11ec-499c-8425-ba35ea84767e""","","","accountEnabled","""False""","","","displayName","""Diane Nguyen""","","","givenName","""Diane""","","","jobTitle","""Job Title 7""","","","mailNickname","""diane.nguyen""","","","ServicePrincipal","","","",""
"2025-10-25 19:29:28","Other","Details","Type: AppRoleAssignment
Modification: Add
Anchor: qbr5z9K8IUyjKAHYTL_siDjlqbyxVPRBvzvI92m0dG0
Matching property values: 76177af3-b8ae-498b-81f0-4c03455d7a6a
OriginalSourceEntryType: 
Reference Change? False
ContainsEntitlement? False
TrackingId 83751181-15e2-493b-8a8f-dd6cefa3a33b","","ErrorCode","","","ProvisioningManagement","d2dd1075-241a-4e87-8203-05230dd3c8a1","Sync_d2dd1075-241a-4e87-8203-05230dd3c8a1_92e5b9cf-c9a2-495d-83b2-3fc82f96324f_134033021689650330","","Azure AD Cloud Sync","","","","","","","","","","","","Account Provisioning","Read","success","This app role assignment was imported: qbr5z9K8IUyjKAHYTL_siDjlqbyxVPRBvzvI92m0dG0.  The app role granted was 76177af3-b8ae-498b-81f0-4c03455d7a6a.  It was granted to Group 34e0af06-dc41-45ee-8b74-60db5c45fe59.","External Application 9","","756eda03-cf90-441c-808e-b59787d93e2b","","","","","","","","","","","","","","","","","","","","","","","","","ServicePrincipal","","","",""
"2025-10-25 19:08:52","Update user","UserType","Guest","","","","","UserManagement","f5fee274-2f0d-4153-8a81-c2b47ddc050e","Directory_f5fee274-2f0d-4153-8a81-c2b47ddc050e_VW3RZ_183286711","","Microsoft Substrate Management","feb2a519-1cc9-4bea-8b5c-237fd8ea9a92","","","","","","","","","","","Core Directory","Update","success","","","","56df7d5b-e255-47ed-866e-a37f74a4ccdd","Included Updated Properties","""""","","","TargetId.UserType","""Guest""","","","ActorId.ServicePrincipalNames","""7f53a90e-44b5-410c-8fd1-a31f09c2c31d""","","","SPN","""7f53a90e-44b5-410c-8fd1-a31f09c2c31d""","","","","","","","","","","","User","j4cox_extgov1.example#EXT#@acme.onmicrosoft.com","","",""
"2025-10-25 19:04:23","Add member to group","User-Agent","O365AdminPortal","","","","","GroupManagement","182714f3-c16f-4f7c-82ee-856bf5a4d69b","Directory_182714f3-c16f-4f7c-82ee-856bf5a4d69b_E6JTU_199705219","","","","","","Microsoft Office 365 Portal","","","2603:1036:2405:1e03:288e:f642:22a5:7d12","5d3ec9ce-5106-4e8e-8071-22bae2035f17","powell@acme.com","","","Core Directory","Assign","success","","","","56df7d5b-e255-47ed-866e-a37f74a4ccdd","Group.ObjectID","""86f59ecd-bd63-4af3-81ad-9465eb03934e""","","","Group.DisplayName","""Group 2""","","","","","","","","","","","","","","","","","","","User","j4cox_extgov1.example#EXT#@acme.onmicrosoft.com","","",""
"2025-10-25 19:03:13","Update user","UserType","Guest","","User-Agent","Mozilla/5.0 (Windows NT 10.0; Win64; x64; rv:143.0) Gecko/20100101 Firefox/143.0","","UserManagement","1002dde9-d92b-49a8-8c0d-cb17baff42b4","Directory_1002dde9-d92b-49a8-8c0d-cb17baff42b4_IW43G_226363929","","","","","","","","","2603:9001:4c00:f789:cbbf:bd0:4dbd:999e","5d3ec9ce-5106-4e8e-8071-22bae2035f17","powell@acme.com","","","Core Directory","Update","success","","","","56df7d5b-e255-47ed-866e-a37f74a4ccdd","GivenName","[""Mitchell2""]","[]","","Surname","[""Cox""]","[]","","Included Updated Properties","""GivenName, Surname""","","","TargetId.UserType","""Guest""","","","","","","","","","","","User","j4cox_extgov1.example#EXT#@acme.onmicrosoft.com","","",""
"2025-10-25 19:03:12","Add user sponsor","","","","","","","UserManagement","a29f1c8c-4a6a-401f-857b-a16cf86aa7fd","Directory_a29f1c8c-4a6a-401f-857b-a16cf86aa7fd_55MCG_190274061","","Microsoft B2B Admin Worker","362ce42c-c6d7-4d62-8ec2-6a03335e16fd","","","","","","","","","","","Core Directory","Assign","success","","","","56df7d5b-e255-47ed-866e-a37f74a4ccdd","User.ObjectID","""5d3ec9ce-5106-4e8e-8071-22bae2035f17""","","","User.UPN","""powell@acme.com""","","","User.PUID","""100320020FB45337""","","","","","","","","","","","","","","","User","j4cox_extgov1.example#EXT#@acme.onmicrosoft.com","","",""
"2025-10-25 19:03:12","Update user","UserType","Guest","","","","","UserManagement","a29f1c8c-4a6a-401f-857b-a16cf86aa7fd","Directory_a29f1c8c-4a6a-401f-857b-a16cf86aa7fd_55MCG_190273694","","Microsoft B2B Admin Worker","362ce42c-c6d7-4d62-8ec2-6a03335e16fd","","","","","","","","","","","Core Directory","Update","success","","","","56df7d5b-e255-47ed-866e-a37f74a4ccdd","TargetId.UserType","""Guest""","","","","","","","","","","","","","","","","","","","","","","","User","j4cox_extgov1.example#EXT#@acme.onmicrosoft.com","","",""
"2025-10-25 19:03:12","Invite external user","oid","5d3ec9ce-5106-4e8e-8071-22bae2035f17","","tid","92e5b9cf-c9a2-495d-83b2-3fc82f96324f","","UserManagement","2024418c-153d-4c24-8ebb-b3b7416f0212","Invited Users_2024418c-153d-4c24-8ebb-b3b7416f0212_NAMUW_17421611","","","","","","","","","20.190.152.187","5d3ec9ce-5106-4e8e-8071-22bae2035f17","powell@acme.com","","","Invited Users","Add","success","","Mitchell2 Cox","","56df7d5b-e255-47ed-866e-a37f74a4ccdd","","","","","","","","","","","","","","","","","","","","","","","","","User","j4cox_extgov1.example#EXT#@acme.onmicrosoft.com","","",""
"2025-10-25 19:03:12","Add user","User-Agent","Microsoft Azure Graph Client Library 1.0","","","","","UserManagement","2e5d5750-06d7-41e9-8ebe-f019db6c7ad2","Directory_2e5d5750-06d7-41e9-8ebe-f019db6c7ad2_3N1J6_184456301","","","","","","Microsoft B2B Admin Worker","","","52.179.80.124","5d3ec9ce-5106-4e8e-8071-22bae2035f17","powell@acme.com","","","Core Directory","Add","success","","","","56df7d5b-e255-47ed-866e-a37f74a4ccdd","AccountEnabled","[true]","[]","","CreationType","[""Invitation""]","[]","","DisplayName","[""Mitchell2 Cox""]","[]","","InviteTicket","[{""Type"":1,""Ticket"":""f3cacb9b-ec69-4cb8-8217-d0ad82a5f25b""}]","[]","","MailNickname","[""j4cox_extgov1.example#EXT#""]","[]","","OtherMail","[""timothy@extgov1.example""]","[]","","User","j4cox_extgov1.example#EXT#@acme.onmicrosoft.com","","",""
"2025-10-25 19:03:11","Update PasswordProfile","User-Agent","Microsoft Azure Graph Client Library 1.0","","","","","UserManagement","2e5d5750-06d7-41e9-8ebe-f019db6c7ad2","Directory_2e5d5750-06d7-41e9-8ebe-f019db6c7ad2_3N1J6_184455211","","","","","","Microsoft B2B Admin Worker","","","52.179.80.124","5d3ec9ce-5106-4e8e-8071-22bae2035f17","powell@acme.com","","","Core Directory","Update","success","","","","56df7d5b-e255-47ed-866e-a37f74a4ccdd","Password","","","","ActorId.ServicePrincipalNames","""3ad3ef4a-d7df-4d24-8108-d21dff811a92;https://msb2badminworker.cloudapp.net/;https://msb2badminworker.usgovcloudapp.net/""","","","SPN","""3ad3ef4a-d7df-4d24-8108-d21dff811a92;https://msb2badminworker.cloudapp.net/;https://msb2badminworker.usgovcloudapp.net/""","","","","","","","","","","","","","","","User","j4cox_extgov1.example#EXT#@acme.onmicrosoft.com","","",""
"2025-10-25 18:58:03","Validate user authentication","targetTenant","0dfd9c70-159e-4aa3-85d1-a03b95280861","","targetEntityType","None","","Authentication","63e4314e-18f0-4f1c-8e94-2eaaf50aa7c6","B2C_63e4314e-18f0-4f1c-8e94-2eaaf50aa7c6_92e5b9cf-c9a2-495d-83b2-3fc82f96324f_134033002832565530","","","","","","powell@acme.com","","","20.190.152.187","5d3ec9ce-5106-4e8e-8071-22bae2035f17","powell@acme.com","","","B2C","Read","success","Token is valid","0dfd9c70-159e-4aa3-85d1-a03b95280861","","","","","","","","","","","","","","","","","","","","","","","","","","","Other","","","Mozilla/5.0 (Windows NT 10.0; Win64; x64; rv:143.0) Gecko/20100101 Firefox/143.0",""
"2025-10-25 18:57:44","Set Company Information","User-Agent","O365AdminPortal","","","","","DirectoryManagement","f1f72ede-5b0c-4232-8ac4-fca90e941f1d","Directory_f1f72ede-5b0c-4232-8ac4-fca90e941f1d_YFCPE_190559720","","Microsoft Office 365 Portal","b860ea04-7619-492c-8b98-bfa20b645733","","","","","","","","","","","Core Directory","Update","success","","Acme","","92e5b9cf-c9a2-495d-83b2-3fc82f96324f","Included Updated Properties","""""","","","","","","","","","","","","","","","","","","","","","","","Directory","","","",""
"2025-10-25 18:57:36","Update user","UserType","Member","","","","","UserManagement","31438b56-ed3c-4330-8bd1-75c5290603ee","Directory_31438b56-ed3c-4330-8bd1-75c5290603ee_4UTAE_159552299","","Azure MFA StrongAuthenticationService","d3fcabce-d428-47ae-8acd-7945458386a5","","","","","","","","","","","Core Directory","Update","success","","","","5d3ec9ce-5106-4e8e-8071-22bae2035f17","StrongAuthenticationPhoneAppDetail","[{""DeviceName"":""NO_DEVICE"",""DeviceToken"":""NO_DEVICE_TOKEN"",""DeviceTag"":""SoftwareTokenActivated"",""PhoneAppVersion"":""NO_PHONE_APP_VERSION"",""OathTokenTimeDrift"":0,""DeviceId"":""0dfd9c70-159e-4aa3-85d1-a03b95280861"",""Id"":""899675df-a0f2-4c35-82af-1678715a4244"",""TimeInterval"":0,""AuthenticationType"":2,""NotificationType"":1,""LastAuthenticatedTimestamp"":""2025-10-25T18:57:35.7547697Z"",""AuthenticatorFlavor"":""Authenticator"",""HashFunction"":""hmacsha1"",""TenantDeviceId"":null,""SecuredPartitionId"":20091,""SecuredKeyId"":7}]","[{""DeviceName"":""NO_DEVICE"",""DeviceToken"":""NO_DEVICE_TOKEN"",""DeviceTag"":""SoftwareTokenActivated"",""PhoneAppVersion"":""NO_PHONE_APP_VERSION"",""OathTokenTimeDrift"":0,""DeviceId"":""0dfd9c70-159e-4aa3-85d1-a03b95280861"",""Id"":""899675df-a0f2-4c35-82af-1678715a4244"",""TimeInterval"":0,""AuthenticationType"":2,""NotificationType"":1,""LastAuthenticatedTimestamp"":""2025-10-24T17:25:52.39204Z"",""AuthenticatorFlavor"":""Authenticator"",""HashFunction"":""hmacsha1"",""TenantDeviceId"":null,""SecuredPartitionId"":20091,""SecuredKeyId"":7}]","","Included Updated Properties","""StrongAuthenticationPhoneAppDetail""","","","TargetId.UserType","""Member""","","","","","","","","","","","","","","","User","powell@acme.com","","",""
"2025-10-25 18:06:58","Update device","DeviceId","568ca5e4-5c48-44bb-8406-2fc43a00bd79","","DeviceOSType","Windows","","Device","d974718e-5814-4476-8de7-57b90ae4910b","Directory_d974718e-5814-4476-8de7-57b90ae4910b_OFRYS_100563479","","Device Registration Service","20d63fc4-676f-4690-8d4b-8cc36be935cd","","","","","","","","","","","Core Directory","Update","success","","HOST-11AAF5","","b975b258-642f-42b6-84b9-dae6d7351c5a","CloudDeviceOSVersion","[""10.0.26100.6584""]","[""10.0.26100.4946""]","","DeviceOSVersion","[""10.0.26100.6584""]","[""10.0.26100.4946""]","","Included Updated Properties","""CloudDeviceOSVersion, DeviceOSVersion""","","","TargetId.DeviceId","""568ca5e4-5c48-44bb-8406-2fc43a00bd79""","","","TargetId.DeviceOSType","""Windows""","","","TargetId.DeviceTrustType","""AzureAd""","","","Device","","","",""
"2025-10-25 18:00:37","Update device","DeviceId","a8f64c02-55d6-4489-8b58-d4f30c8ca778","","DeviceOSType","iOS","","Device","ed2f16c9-6105-4957-8af9-026f2a25198c","Directory_ed2f16c9-6105-4957-8af9-026f2a25198c_K31HN_107405031","","Device Registration Service","20d63fc4-676f-4690-8d4b-8cc36be935cd","","","","","","","","","","","Core Directory","Update","success","","HOST-5D692C","","86cd6a20-f196-4e08-8474-56134e63ef79","Included Updated Properties","""""","","","TargetId.DeviceId","""a8f64c02-55d6-4489-8b58-d4f30c8ca778""","","","TargetId.DeviceOSType","""iOS""","","","TargetId.DeviceTrustType","""Workplace""","","","","","","","","","","","Device","","","",""
"2025-10-25 17:45:25","Update device","DeviceId","f92759cd-00ed-48d2-8733-17a3f1d48cba","","DeviceOSType","Windows","","Device","5409e522-31ec-4a0e-8ebd-5353004fca1b","Directory_5409e522-31ec-4a0e-8ebd-5353004fca1b_CVWJW_167683007","","Device Registration Service","20d63fc4-676f-4690-8d4b-8cc36be935cd","","","","","","","","","","","Core Directory","Update","success","","HOST-12DD9E","","4383108a-8fa0-4979-8990-bfbb007bf938","Included Updated Properties","""""","","","TargetId.DeviceId","""f92759cd-00ed-48d2-8733-17a3f1d48cba""","","","TargetId.DeviceOSType","""Windows""","","","TargetId.DeviceTrustType","""AzureAd""","","","","","","","","","","","Device","","","",""
"2025-10-25 17:44:16","Update user","UserType","Member","","","","","UserManagement","89e0670e-f0f2-421b-8904-7118ba2892e8","Directory_89e0670e-f0f2-421b-8904-7118ba2892e8_Z7446_8229374","","Microsoft Substrate Management","feb2a519-1cc9-4bea-8b5c-237fd8ea9a92","","","","","","","","","","","Core Directory","Update","success","","","","ace5187b-429b-4f0a-81ab-9b4568c005e1","Included Updated Properties","""""","","","TargetId.UserType","""Member""","","","ActorId.ServicePrincipalNames","""7f53a90e-44b5-410c-8fd1-a31f09c2c31d""","","","SPN","""7f53a90e-44b5-410c-8fd1-a31f09c2c31d""","","","","","","","","","","","User","miller.gray@acme.com","","",""
"2025-10-25 17:10:25","Update device","DeviceId","9c404e85-6a4b-49f1-84dd-122e8c966119","","DeviceOSType","Windows","","Device","c00546b3-ce5b-4c82-8663-0571d3b73c6e","Directory_c00546b3-ce5b-4c82-8663-0571d3b73c6e_CVWJW_160851972","","Device Registration Service","20d63fc4-676f-4690-8d4b-8cc36be935cd","","","","","","","","","","","Core Directory","Update","success","","Allen1","","bbbaede4-1bb0-4115-822c-2f142559c597","Included Updated Properties","""""","","","TargetId.DeviceId","""9c404e85-6a4b-49f1-84dd-122e8c966119""","","","TargetId.DeviceOSType","""Windows""","","","TargetId.DeviceTrustType","""Workplace""","","","","","","","","","","","Device","","","",""
"2025-10-25 16:38:39","Update user","UserType","Member","","","","","UserManagement","14bb39de-e875-406f-8016-81268c55e3e3","Directory_14bb39de-e875-406f-8016-81268c55e3e3_CVRHC_159269366","","Microsoft Substrate Management","feb2a519-1cc9-4bea-8b5c-237fd8ea9a92","","","","","","","","","","","Core Directory","Update","success","","","","f2ac467b-8dd5-44ef-8370-ecda672fd055","Included Updated Properties","""""","","","TargetId.UserType","""Member""","","","ActorId.ServicePrincipalNames","""7f53a90e-44b5-410c-8fd1-a31f09c2c31d""","","","SPN","""7f53a90e-44b5-410c-8fd1-a31f09c2c31d""","","","","","","","","","","","User","sandra2.sandra3@acme.com","","",""
"2025-10-25 16:01:42","Update device","DeviceId","19dfe5ce-4ad7-487d-8efc-7e697a122874","","DeviceOSType","Windows","","Device","27870b00-230f-4934-8415-1ec4caf42953","Directory_27870b00-230f-4934-8415-1ec4caf42953_YSYEE_120937922","","Device Registration Service","20d63fc4-676f-4690-8d4b-8cc36be935cd","","","","","","","","","","","Core Directory","Update","success","","HOST-F239D5","","c61a1d9d-4867-4288-8b63-29927dbbd456","Included Updated Properties","""""","","","TargetId.DeviceId","""19dfe5ce-4ad7-487d-8efc-7e697a122874""","","","TargetId.DeviceOSType","""Windows""","","","TargetId.DeviceTrustType","""AzureAd""","","","","","","","","","","","Device","","","",""
"2025-10-25 15:32:24","Update device","DeviceId","ea9a4ca3-22e0-4504-858c-5da3af42c75d","","DeviceOSType","Windows","","Device","2cec5c99-2160-45b6-858f-c4fe2c4faddf","Directory_2cec5c99-2160-45b6-858f-c4fe2c4faddf_2KL40_29502440","","Device Registration Service","20d63fc4-676f-4690-8d4b-8cc36be935cd","","","","","","","","","","","Core Directory","Update","success","","HOST-407F0F","","db11115b-0235-43eb-83b1-fd296dcd58d7","CloudDeviceOSVersion","[""10.0.26100.6584""]","[""10.0.26100.4946""]","","DeviceOSVersion","[""10.0.26100.6584""]","[""10.0.26100.4946""]","","Included Updated Properties","""CloudDeviceOSVersion, DeviceOSVersion""","","","TargetId.DeviceId","""ea9a4ca3-22e0-4504-858c-5da3af42c75d""","","","TargetId.DeviceOSType","""Windows""","","","TargetId.DeviceTrustType","""AzureAd""","","","Device","","","",""
"2025-10-25 14:55:38","Update device","DeviceId","2cf720f5-19f5-460f-8453-304e7bdaba5a","","DeviceOSType","Windows","","Device","3ca7afb5-20eb-4795-8b49-ca2f19c1b708","Directory_3ca7afb5-20eb-4795-8b49-ca2f19c1b708_A4QPC_12978421","","Device Registration Service","20d63fc4-676f-4690-8d4b-8cc36be935cd","","","","","","","","","","","Core Directory","Update","success","","HOST-A91B4A","","48bca657-ff50-4ddf-8ddb-a3da02f13723","Included Updated Properties","""""","","","TargetId.DeviceId","""2cf720f5-19f5-460f-8453-304e7bdaba5a""","","","TargetId.DeviceOSType","""Windows""","","","TargetId.DeviceTrustType","""Workplace""","","","","","","","","","","","Device","","","",""
"2025-10-25 13:33:29","Update device","DeviceId","58d25ce0-c5d8-4cc9-8aa3-4d5eeeeeb7db","","DeviceOSType","Android","","Device","151c5915-2a08-4fe4-8147-f43219bf76bc","Directory_151c5915-2a08-4fe4-8147-f43219bf76bc_582SM_657550110","","Device Registration Service","20d63fc4-676f-4690-8d4b-8cc36be935cd","","","","","","","","","","","Core Directory","Update","success","","HOST-F55A97","","2e3e7761-4b15-4891-8d48-eb550aab6b0d","Included Updated Properties","""""","","","TargetId.DeviceId","""58d25ce0-c5d8-4cc9-8aa3-4d5eeeeeb7db""","","","TargetId.DeviceOSType","""Android""","","","TargetId.DeviceTrustType","""Workplace""","","","","","","","","","","","Device","","","",""
"2025-10-25 13:07:24","Update device","DeviceId","23b9b0eb-4407-49a9-8da6-2bd800174e22","","DeviceOSType","Windows","","Device","e56450f3-0249-4db4-8a01-16c139700ff4","Directory_e56450f3-0249-4db4-8a01-16c139700ff4_02NH4_54446436","","Device Registration Service","20d63fc4-676f-4690-8d4b-8cc36be935cd","","","","","","","","","","","Core Directory","Update","success","","HOST-783C2B","","c05436b1-7d18-4bd1-8210-378d76d3ed13","CloudDeviceOSVersion","[""10.0.26100.6584""]","[""10.0.26100.4946""]","","DeviceOSVersion","[""10.0.26100.6584""]","[""10.0.26100.4946""]","","Included Updated Properties","""CloudDeviceOSVersion, DeviceOSVersion""","","","TargetId.DeviceId","""23b9b0eb-4407-49a9-8da6-2bd800174e22""","","","TargetId.DeviceOSType","""Windows""","","","TargetId.DeviceTrustType","""AzureAd""","","","Device","","","",""
"2025-10-25 13:03:53","Update device","DeviceId","2d0e5080-6132-4605-85bb-3bca3eb91da7","","DeviceOSType","Windows","","Device","8387924a-7104-4042-8afa-b432ac42a6b6","Directory_8387924a-7104-4042-8afa-b432ac42a6b6_A5IVI_127576859","","Device Registration Service","20d63fc4-676f-4690-8d4b-8cc36be935cd","","","","","","","","","","","Core Directory","Update","success","","HOST-FBD730","","4f0a98af-e7b5-40e8-84b6-add881e4a8b9","Included Updated Properties","""""","","","TargetId.DeviceId","""2d0e5080-6132-4605-85bb-3bca3eb91da7""","","","TargetId.DeviceOSType","""Windows""","","","TargetId.DeviceTrustType","""Workplace""","","","","","","","","","","","Device","","","",""
"2025-10-25 12:19:08","Add BitLocker key","AdditionalInfo","Successfully provisioned a BitLocker recovery key on the device","","Device Id","d8744447-ddfc-4099-8c02-f7f9efc96d1b","","KeyManagement","f32fae83-f1ff-4f37-8c7c-cef8c4357486","Device Registration Service_f32fae83-f1ff-4f37-8c7c-cef8c4357486_RPVL7_3338329017","","","","","","","","","2605:59c8:3009:54db:41ac:d284:59f0:7da5","5d3ec9ce-5106-4e8e-8071-22bae2035f17","","","","Device Registration Service","Add","success","","","","7c1db35a-78ea-4e7b-83a2-0811ea3fdbb3","","","","","","","","","","","","","","","","","","","","","","","","","","","","BitLocker/ 10.0.26100 (Windows BitLocker)",""
"2025-10-25 11:05:25","Update device","DeviceId","23b793bc-9378-4587-81f4-293549fdf534","","DeviceOSType","Windows","","Device","00511b43-af54-469b-87f6-39e8a334db6c","Directory_00511b43-af54-469b-87f6-39e8a334db6c_NVJS1_38559325","","Device Registration Service","20d63fc4-676f-4690-8d4b-8cc36be935cd","","","","","","","","","","","Core Directory","Update","success","","HOST-8D4C5B","","dc641be6-0d1c-4d4d-8b7e-af091de582c9","Included Updated Properties","""""","","","TargetId.DeviceId","""23b793bc-9378-4587-81f4-293549fdf534""","","","TargetId.DeviceOSType","""Windows""","","","TargetId.DeviceTrustType","""AzureAd""","","","","","","","","","","","Device","","","",""
"2025-10-25 09:34:55","Self-service password reset flow activity progress","","","","","","","UserManagement","fd1d86dd-4a09-4200-8759-70e5e14d4762","SSPR_fd1d86dd-4a09-4200-8759-70e5e14d4762_ZNTC6_20660900","","","","","","","","","2a02:c207:2249:e5f0:9a3c:6ecc:f11a:6810","25b061f7-f093-4375-8689-2165acbc2ed2","larry.george@acme.com","","","Self-service Password Management","Update","success","User was presented with verification options","Larry George","","25b061f7-f093-4375-8689-2165acbc2ed2","","","","","","","","","","","","","","","","","","","","","","","","","User","larry.george@acme.com","","Mozilla/5.0 (X11; Linux x86_64) AppleWebKit/537.36 (KHTML, like Gecko) Chrome/114.0.4.77 Safari/537.36",""
"2025-10-25 09:34:54","Self-service password reset flow activity progress","","","","","","","UserManagement","fd1d86dd-4a09-4200-8759-70e5e14d4762","SSPR_fd1d86dd-4a09-4200-8759-70e5e14d4762_ZNTC6_20660809","","","","","","","","","2a02:c207:2249:e5f0:9a3c:6ecc:f11a:6810","25b061f7-f093-4375-8689-2165acbc2ed2","larry.george@acme.com","","","Self-service Password Management","Update","success","User submitted their user ID","Larry George","","25b061f7-f093-4375-8689-2165acbc2ed2","","","","","","","","","","","","","","","","","","","","","","","","","User","larry.george@acme.com","","Mozilla/5.0 (X11; Linux x86_64) AppleWebKit/537.36 (KHTML, like Gecko) Chrome/114.0.4.77 Safari/537.36",""
"2025-10-25 08:33:20","Change user license","id","ff896b24-d189-4888-80d7-12c5d3a37907","","seq","2","","UserManagement","0cc3f6e7-8ed0-4b16-843d-0e52558a0c25","Directory_0cc3f6e7-8ed0-4b16-843d-0e52558a0c25_MQ7GY_627566064","","M365 License Manager","cb0e493b-90a2-4590-8ce7-f825343c4fc7","","","","","","","","","","","Core Directory","Update","success","","","","df86848f-c695-4b72-8d66-010aaac3ec38","","","","","","","","","","","","","","","","","","","","","","","","","User","peterson.joseph@acme.com","","",""
"2025-10-25 08:33:20","Change user license","id","ff896b24-d189-4888-80d7-12c5d3a37907","","seq","3","","UserManagement","0cc3f6e7-8ed0-4b16-843d-0e52558a0c25","Directory_0cc3f6e7-8ed0-4b16-843d-0e52558a0c25_MQ7GY_627566065","","M365 License Manager","cb0e493b-90a2-4590-8ce7-f825343c4fc7","","","","","","","","","","","Core Directory","Update","success","","","","df86848f-c695-4b72-8d66-010aaac3ec38","","","","","","","","","","","","","","","","","","","","","","","","","User","peterson.joseph@acme.com","","",""
"2025-10-25 08:33:20","Change user license","id","ff896b24-d189-4888-80d7-12c5d3a37907","","seq","1","","UserManagement","0cc3f6e7-8ed0-4b16-843d-0e52558a0c25","Directory_0cc3f6e7-8ed0-4b16-843d-0e52558a0c25_MQ7GY_627566063","","M365 License Manager","cb0e493b-90a2-4590-8ce7-f825343c4fc7","","","","","","","","","","","Core Directory","Update","success","","","","df86848f-c695-4b72-8d66-010aaac3ec38","","","","","","","","","","","","","","","","","","","","","","","","","User","peterson.joseph@acme.com","","",""
"2025-10-25 08:33:20","Update user","id","33cb6dbb-3a21-418c-8267-38ac297735d0","","seq","1","","UserManagement","0cc3f6e7-8ed0-4b16-843d-0e52558a0c25","Directory_0cc3f6e7-8ed0-4b16-843d-0e52558a0c25_MQ7GY_627566035","","M365 License Manager","cb0e493b-90a2-4590-8ce7-f825343c4fc7","","","","","","","","","","","Core Directory","Update","success","","","","df86848f-c695-4b72-8d66-010aaac3ec38","","","","","","","","","","","","","","","","","","","","","","","","","User","peterson.joseph@acme.com","","",""
"2025-10-25 08:33:20","Update user","id","33cb6dbb-3a21-418c-8267-38ac297735d0","","seq","3","","UserManagement","0cc3f6e7-8ed0-4b16-843d-0e52558a0c25","Directory_0cc3f6e7-8ed0-4b16-843d-0e52558a0c25_MQ7GY_627566038","","M365 License Manager","cb0e493b-90a2-4590-8ce7-f825343c4fc7","","","","","","","","","","","Core Directory","Update","success","","","","df86848f-c695-4b72-8d66-010aaac3ec38","","","","","","","","","","","","","","","","","","","","","","","","","User","peterson.joseph@acme.com","","",""
"2025-10-25 08:33:20","Update user","id","33cb6dbb-3a21-418c-8267-38ac297735d0","","seq","2","","UserManagement","0cc3f6e7-8ed0-4b16-843d-0e52558a0c25","Directory_0cc3f6e7-8ed0-4b16-843d-0e52558a0c25_MQ7GY_627566036","","M365 License Manager","cb0e493b-90a2-4590-8ce7-f825343c4fc7","","","","","","","","","","","Core Directory","Update","success","","","","df86848f-c695-4b72-8d66-010aaac3ec38","","","","","","","","","","","","","","","","","","","","","","","","","User","peterson.joseph@acme.com","","",""
"2025-10-25 07:57:04","Update device","DeviceId","6ae083dd-5a6d-4f06-8b89-629a6ba9f738","","DeviceOSType","Windows","","Device","3015f298-a83e-4615-8f0c-c4341659b5c9","Directory_3015f298-a83e-4615-8f0c-c4341659b5c9_TCNW0_114373979","","Device Registration Service","20d63fc4-676f-4690-8d4b-8cc36be935cd","","","","","","","","","","","Core Directory","Update","success","","HOST-79CE12","","517dd3ad-1b78-4ae7-8367-50e3bd3c34eb","Included Updated Properties","""""","","","TargetId.DeviceId","""6ae083dd-5a6d-4f06-8b89-629a6ba9f738""","","","TargetId.DeviceOSType","""Windows""","","","TargetId.DeviceTrustType","""AzureAd""","","","","","","","","","","","Device","","","",""
"2025-10-25 05:49:14","Update user","UserType","Member","","","","","UserManagement","d746d2c4-2f25-4cb2-84dc-e3c1f3a70501","Directory_d746d2c4-2f25-4cb2-84dc-e3c1f3a70501_Y59UQ_535089810","","Microsoft Substrate Management","feb2a519-1cc9-4bea-8b5c-237fd8ea9a92","","","","","","","","","","","Core Directory","Update","success","","","","f2ac467b-8dd5-44ef-8370-ecda672fd055","Included Updated Properties","""""","","","TargetId.UserType","""Member""","","","ActorId.ServicePrincipalNames","""7f53a90e-44b5-410c-8fd1-a31f09c2c31d""","","","SPN","""7f53a90e-44b5-410c-8fd1-a31f09c2c31d""","","","","","","","","","","","User","sandra2.sandra3@acme.com","","",""
"2025-10-25 05:39:01","Update device","DeviceId","0307cf49-caee-4ef4-8498-7b262722c7ae","","DeviceOSType","Windows","","Device","acda1479-bfa1-4a10-8172-dc907c571e30","Directory_acda1479-bfa1-4a10-8172-dc907c571e30_A5IVI_65657522","","Device Registration Service","20d63fc4-676f-4690-8d4b-8cc36be935cd","","","","","","","","","","","Core Directory","Update","success","","HOST-E3E158","","ebbf6532-8d8e-49b9-8592-9b1e5df848d0","Included Updated Properties","""""","","","TargetId.DeviceId","""0307cf49-caee-4ef4-8498-7b262722c7ae""","","","TargetId.DeviceOSType","""Windows""","","","TargetId.DeviceTrustType","""AzureAd""","","","","","","","","","","","Device","","","",""
"2025-10-25 03:16:35","Update device","DeviceId","f786421c-b8dc-406d-89ec-0fc502706071","","DeviceOSType","Windows","","Device","b780307b-41a4-4967-8dff-09174a763f96","Directory_b780307b-41a4-4967-8dff-09174a763f96_4EMRR_101185118","","Device Registration Service","20d63fc4-676f-4690-8d4b-8cc36be935cd","","","","","","","","","","","Core Directory","Update","success","","HOST-A20CAB","","ca0538fb-2c4e-4ca6-813a-9e908ca2681f","Included Updated Properties","""""","","","TargetId.DeviceId","""f786421c-b8dc-406d-89ec-0fc502706071""","","","TargetId.DeviceOSType","""Windows""","","","TargetId.DeviceTrustType","""Workplace""","","","","","","","","","","","Device","","","",""
"2025-10-25 01:38:41","GroupLifecyclePolicies_Get","","","","","","","GroupManagement","936f0686-d988-4dbf-839c-1dced24432cb","SSGM_936f0686-d988-4dbf-839c-1dced24432cb_0Q0MH_44824441","","","","","","","","","40.126.26.105","01ed56e0-dbf7-4027-8ea0-5ceabf3bfd4a","","","","Self-service Group Management","Update","success","OK","","","0dfd9c70-159e-4aa3-85d1-a03b95280861","","","","","","","","","","","","","","","","","","","","","","","","","N/A","","","",""
"2025-10-25 01:38:07","Add delegated permission grant","AppId","00000003-0000-0000-c000-000000000000","","","","","ApplicationManagement","0e132c88-421a-4ac8-8624-c970f639d10e","Directory_0e132c88-421a-4ac8-8624-c970f639d10e_FHZND_77306339","","","","","","Technician","","","XX.XX.XXX.XXX","be51e53d-b12c-4f3c-8810-15f10ef42bf8","user_stephanie@msp1.example","","","Core Directory","Assign","success","","Microsoft Graph","","3c953ed9-ce52-4064-8eef-21a4d13632a8","DelegatedPermissionGrant.Scope","""DelegatedPermissionGrant.Read.All Directory.Read.All AppRoleAssignment.ReadWrite.All""","","","DelegatedPermissionGrant.ConsentType","""AllPrincipals""","","","ServicePrincipal.ObjectID","""01ed56e0-dbf7-4027-8ea0-5ceabf3bfd4a""","","","ServicePrincipal.DisplayName","","","","ServicePrincipal.AppId","","","","ServicePrincipal.Name","","","","ServicePrincipal","","","",""
"2025-10-25 01:38:06","Remove delegated permission grant","AppId","00000003-0000-0000-c000-000000000000","","","","","ApplicationManagement","398a8995-d596-4175-8dd0-bb5f252b8881","Directory_398a8995-d596-4175-8dd0-bb5f252b8881_9HRTV_77844256","","","","","","Technician","","","XX.XX.XXX.XXX","be51e53d-b12c-4f3c-8810-15f10ef42bf8","user_stephanie@msp1.example","","","Core Directory","Unassign","success","","Microsoft Graph","","3c953ed9-ce52-4064-8eef-21a4d13632a8","DelegatedPermissionGrant.Scope","","""DelegatedPermissionGrant.Read.All Directory.Read.All AppRoleAssignment.ReadWrite.All""","","DelegatedPermissionGrant.ConsentType","","""AllPrincipals""","","ServicePrincipal.ObjectID","","""01ed56e0-dbf7-4027-8ea0-5ceabf3bfd4a""","","ServicePrincipal.DisplayName","","","","ServicePrincipal.AppId","","","","ServicePrincipal.Name","","","","ServicePrincipal","","","",""
"2025-10-24 20:22:50","Update device","DeviceId","9f37af1f-7693-4a82-83b2-2a074e8679a3","","DeviceOSType","Windows","","Device","2142bf5a-6bcc-49b7-8b42-baf8308d5f12","Directory_2142bf5a-6bcc-49b7-8b42-baf8308d5f12_8RJLW_460089958","","Device Registration Service","20d63fc4-676f-4690-8d4b-8cc36be935cd","","","","","","","","","","","Core Directory","Update","success","","HOST-A116DB","","64e8a3ff-8d77-4889-86a6-3c6925c28c4f","CloudDeviceOSVersion","[""10.0.26100.6584""]","[""10.0.26100.2894""]","","DeviceOSVersion","[""10.0.26100.6584""]","[""10.0.26100.2894""]","","Included Updated Properties","""CloudDeviceOSVersion, DeviceOSVersion""","","","TargetId.DeviceId","""9f37af1f-7693-4a82-83b2-2a074e8679a3""","","","TargetId.DeviceOSType","""Windows""","","","TargetId.DeviceTrustType","""AzureAd""","","","Device","","","",""
"2025-10-24 20:14:08","Update device","DeviceId","ea9a4ca3-22e0-4504-858c-5da3af42c75d","","DeviceOSType","Windows","","Device","365585e8-5577-4dbb-80d4-33b4d1291b08","Directory_365585e8-5577-4dbb-80d4-33b4d1291b08_IS6Z3_534211710","","Device Registration Service","20d63fc4-676f-4690-8d4b-8cc36be935cd","","","","","","","","","","","Core Directory","Update","success","","HOST-407F0F","","db11115b-0235-43eb-83b1-fd296dcd58d7","Included Updated Properties","""""","","","TargetId.DeviceId","""ea9a4ca3-22e0-4504-858c-5da3af42c75d""","","","TargetId.DeviceOSType","""Windows""","","","TargetId.DeviceTrustType","""AzureAd""","","","","","","","","","","","Device","","","",""
"2025-10-24 19:44:38","Update device","DeviceId","9576a59a-0704-4623-851d-c4816951c8da","","DeviceOSType","Windows","","Device","8e080664-5340-4b7a-85fd-d2a9df46b27e","Directory_8e080664-5340-4b7a-85fd-d2a9df46b27e_KQJ0Z_471923057","","Device Registration Service","20d63fc4-676f-4690-8d4b-8cc36be935cd","","","","","","","","","","","Core Directory","Update","success","","HOST-2B198D","","63352a00-e2ed-4b6b-8215-1e1ff1c02709","Included Updated Properties","""""","","","TargetId.DeviceId","""9576a59a-0704-4623-851d-c4816951c8da""","","","TargetId.DeviceOSType","""Windows""","","","TargetId.DeviceTrustType","""AzureAd""","","","","","","","","","","","Device","","","",""
"2025-10-24 19:08:05","Update device","DeviceId","9fea16cf-679f-4cda-8601-0ddb9c06a224","","DeviceOSType","Windows","","Device","93cd1be1-e6f6-40aa-8641-def89d911da7","Directory_93cd1be1-e6f6-40aa-8641-def89d911da7_RH7GS_20503771","","Device Registration Service","20d63fc4-676f-4690-8d4b-8cc36be935cd","","","","","","","","","","","Core Directory","Update","success","","HOST-A38CFB","","3d57d8b6-d445-4f6a-8f02-bfcc693c316c","Included Updated Properties","""""","","","TargetId.DeviceId","""9fea16cf-679f-4cda-8601-0ddb9c06a224""","","","TargetId.DeviceOSType","""Windows""","","","TargetId.DeviceTrustType","""AzureAd""","","","","","","","","","","","Device","","","",""
"2025-10-24 17:36:05","Add Windows Hello for Business credential","AdditionalInfo","Successfully provisioned key with identifier 7f785ea6-7e25-4210-8d7a-5581a4e9cd63. KeyStrength: Normal. Details: Attributes: [None], Platform: [Windows]","","AAGuid","Unknown","","UserManagement","0036fdfc-4b1d-4495-84f0-5e5bcb91f045","Device Registration Service_0036fdfc-4b1d-4495-84f0-5e5bcb91f045_RPVL7_3103273903","","","","","","","","","159.83.123.245","97ca0ed4-05f5-45c7-8106-ed787dba4a0e","evans.jenkins2@acme.com","","","Device Registration Service","Add","success","","","","97ca0ed4-05f5-45c7-8106-ed787dba4a0e","searchableDeviceKey","[{""usage"":""NGC"",""keyIdentifier"":""1R+J0kfVMeu4g3q5/IgVVbL3hgX7BWKLwVWlhSfNGYA="",""creationTime"":""10/8/2025 4:56:47 PM +00:00"",""deviceId"":""ff29c775-9ae6-40d7-8564-8e32137fb609"",""customKeyInformation"":{""Version"":1,""Attestation"":1,""VolumeType"":0,""SupportsNotification"":0,""WipKeyVersion"":0,""KeyStrength"":2,""KeyFormat"":1,""Platform"":0,""SyncType"":0,""ExtendedCustomKeyInformationVersion"":0,""ExtendedCustomKeyInfo"":null}},{""usage"":""NGC"",""keyIdentifier"":""X6hVNAL6Lvf334jQQDI9AAheZ3HhI488Nq+csJF6wts="",""creationTime"":""10/24/2025 5:36:05 PM +00:00"",""deviceId"":""9f37af1f-7693-4a82-83b2-2a074e8679a3"",""customKeyInformation"":{""Version"":1,""Attestation"":1,""VolumeType"":0,""SupportsNotification"":0,""WipKeyVersion"":0,""KeyStrength"":2,""KeyFormat"":1,""Platform"":0,""SyncType"":0,""ExtendedCustomKeyInformationVersion"":0,""ExtendedCustomKeyInfo"":null}}]","[{""usage"":""NGC"",""keyIdentifier"":""1R+J0kfVMeu4g3q5/IgVVbL3hgX7BWKLwVWlhSfNGYA="",""creationTime"":""10/8/2025 4:56:47 PM +00:00"",""deviceId"":""ff29c775-9ae6-40d7-8564-8e32137fb609"",""customKeyInformation"":{""Version"":1,""Attestation"":1,""VolumeType"":0,""SupportsNotification"":0,""WipKeyVersion"":0,""KeyStrength"":2,""KeyFormat"":1,""Platform"":0,""SyncType"":0,""ExtendedCustomKeyInformationVersion"":0,""ExtendedCustomKeyInfo"":null}}]","","","","","","","","","","","","","","","","","","","","","","User","evans.jenkins2@acme.com","","Dsreg/10.0 (Windows 10.0.26100.2894)",""
"2025-10-24 17:36:05","Update user","UserType","Member","","User-Agent","Microsoft.OData.Client/7.12.5","","UserManagement","61eb7235-718b-4af9-844b-8ef94dea6612","Directory_61eb7235-718b-4af9-844b-8ef94dea6612_6NASD_488560652","","Device Registration Service","20d63fc4-676f-4690-8d4b-8cc36be935cd","","","","","","","","","","","Core Directory","Update","success","","","","97ca0ed4-05f5-45c7-8106-ed787dba4a0e","SearchableDeviceKey","[""[Usage=NGC,KeyIdentifier=1R+J0kfVMeu4g3q5/IgVVbL3hgX7BWKLwVWlhSfNGYA=,Version=2,CreationTime=10/8/2025 16:56:47,DeviceId=ff29c775-9ae6-40d7-8564-8e32137fb609,CustomKeyInformation=AQAAAAACAQAAAAAAAAAA"",""[Usage=NGC,KeyIdentifier=X6hVNAL6Lvf334jQQDI9AAheZ3HhI488Nq+csJF6wts=,Version=2,CreationTime=10/24/2025 17:36:05,DeviceId=9f37af1f-7693-4a82-83b2-2a074e8679a3,CustomKeyInformation=AQAAAAACAQAAAAAAAAAA""]","[""[Usage=NGC,KeyIdentifier=1R+J0kfVMeu4g3q5/IgVVbL3hgX7BWKLwVWlhSfNGYA=,Version=2,CreationTime=10/8/2025 16:56:47,DeviceId=ff29c775-9ae6-40d7-8564-8e32137fb609,CustomKeyInformation=AQAAAAACAQAAAAAAAAAA""]","","Included Updated Properties","""SearchableDeviceKey""","","","TargetId.UserType","""Member""","","","","","","","","","","","","","","","User","evans.jenkins2@acme.com","","",""
"2025-10-24 17:34:28","Add BitLocker key","AdditionalInfo","Successfully provisioned a BitLocker recovery key on the device","","Device Id","9f37af1f-7693-4a82-83b2-2a074e8679a3","","KeyManagement","99a168c6-0fbd-4830-85d1-7817ab1d4452","Device Registration Service_99a168c6-0fbd-4830-85d1-7817ab1d4452_4Z3OO_2624188212","","","","","","","","","159.83.123.245","5d3ec9ce-5106-4e8e-8071-22bae2035f17","","","","Device Registration Service","Add","success","","","","a41bf15e-30b8-4e9f-884f-4e7363ecd64a","","","","","","","","","","","","","","","","","","","","","","","","","","","","BitLocker/ 10.0.26100 (Windows BitLocker)",""
"2025-10-24 17:34:26","Add BitLocker key","AdditionalInfo","Successfully provisioned a BitLocker recovery key on the device","","Device Id","9f37af1f-7693-4a82-83b2-2a074e8679a3","","KeyManagement","7b11eb20-783c-4ab3-8ecd-36965c13c617","Device Registration Service_7b11eb20-783c-4ab3-8ecd-36965c13c617_10CMZ_65934222","","","","","","","","","159.83.123.245","5d3ec9ce-5106-4e8e-8071-22bae2035f17","","","","Device Registration Service","Add","success","","","","a41bf15e-30b8-4e9f-884f-4e7363ecd64a","","","","","","","","","","","","","","","","","","","","","","","","","","","","BitLocker/ 10.0.26100 (Windows BitLocker)",""
"2025-10-24 17:34:26","Update device","DeviceId","9f37af1f-7693-4a82-83b2-2a074e8679a3","","DeviceOSType","Windows","","Device","791c5479-f5a7-4e31-8407-ab0fa6dc31d1","Directory_791c5479-f5a7-4e31-8407-ab0fa6dc31d1_582SM_481232898","","Device Registration Service","20d63fc4-676f-4690-8d4b-8cc36be935cd","","","","","","","","","","","Core Directory","Update","success","","HOST-A116DB","","64e8a3ff-8d77-4889-86a6-3c6925c28c4f","Included Updated Properties","""""","","","TargetId.DeviceId","""9f37af1f-7693-4a82-83b2-2a074e8679a3""","","","TargetId.DeviceOSType","""Windows""","","","TargetId.DeviceTrustType","""AzureAd""","","","","","","","","","","","Device","","","",""
"2025-10-24 17:32:29","Update StsRefreshTokenValidFrom Timestamp","","","","","","","UserManagement","6c19e938-5136-48ce-8642-791b7f2b4280","Directory_6c19e938-5136-48ce-8642-791b7f2b4280_XX28X_386232620","","","","","","","","","137.117.103.63","57bc69b8-4569-41db-85c6-112f39e4d1c9","admin@acme.onmicrosoft.com","","","Core Directory","Update","success","","","","97ca0ed4-05f5-45c7-8106-ed787dba4a0e","","","","","","","","","","","","","","","","","","","","","","","","","User","evans.jenkins2@acme.com","","",""
"2025-10-24 17:32:29","Reset user password","","","","","","","UserManagement","6c19e938-5136-48ce-8642-791b7f2b4280","Directory_6c19e938-5136-48ce-8642-791b7f2b4280_XX28X_386232608","","","","","","","","","137.117.103.63","57bc69b8-4569-41db-85c6-112f39e4d1c9","admin@acme.onmicrosoft.com","","","Core Directory","Update","success","","","","97ca0ed4-05f5-45c7-8106-ed787dba4a0e","","","","","","","","","","","","","","","","","","","","","","","","","User","evans.jenkins2@acme.com","","",""
"2025-10-24 17:32:29","Update PasswordProfile","","","","","","","UserManagement","6c19e938-5136-48ce-8642-791b7f2b4280","Directory_6c19e938-5136-48ce-8642-791b7f2b4280_XX28X_386231978","","","","","","","","","137.117.103.63","57bc69b8-4569-41db-85c6-112f39e4d1c9","admin@acme.onmicrosoft.com","","","Core Directory","Update","success","","","","97ca0ed4-05f5-45c7-8106-ed787dba4a0e","ForceChangePassword","""False""","""True""","","Password","","","","","","","","","","","","","","","","","","","","User","evans.jenkins2@acme.com","","",""
"2025-10-24 17:32:29","Update user","UserType","Member","","","","","UserManagement","6c19e938-5136-48ce-8642-791b7f2b4280","Directory_6c19e938-5136-48ce-8642-791b7f2b4280_XX28X_386231957","","","","","","","","","137.117.103.63","57bc69b8-4569-41db-85c6-112f39e4d1c9","admin@acme.onmicrosoft.com","","","Core Directory","Update","success","","","","97ca0ed4-05f5-45c7-8106-ed787dba4a0e","StsRefreshTokensValidFrom","[""2025-10-24T17:32:29Z""]","[""2025-10-08T16:46:29Z""]","","Included Updated Properties","""StsRefreshTokensValidFrom""","","","TargetId.UserType","""Member""","","","","","","","","","","","","","","","User","evans.jenkins2@acme.com","","",""
"2025-10-24 17:32:29","Update PasswordProfile","","","","","","","UserManagement","6c19e938-5136-48ce-8642-791b7f2b4280","Directory_6c19e938-5136-48ce-8642-791b7f2b4280_XX28X_386231614","","","","","","","","","137.117.103.63","57bc69b8-4569-41db-85c6-112f39e4d1c9","admin@acme.onmicrosoft.com","","","Core Directory","Update","success","","","","97ca0ed4-05f5-45c7-8106-ed787dba4a0e","ForceChangePassword","""True""","""False""","","Password","","","","","","","","","","","","","","","","","","","","User","evans.jenkins2@acme.com","","",""
"2025-10-24 17:30:56","Update user","UserType","Member","","","","","UserManagement","94c9efd6-115c-405b-8f24-34709532ec74","Directory_94c9efd6-115c-405b-8f24-34709532ec74_XX28X_385949718","","","","","","","","","137.117.103.63","57bc69b8-4569-41db-85c6-112f39e4d1c9","admin@acme.onmicrosoft.com","","","Core Directory","Update","failure","Microsoft.Online.Workflows.WeakPasswordException","","","97ca0ed4-05f5-45c7-8106-ed787dba4a0e","MethodExecutionResult.","""Microsoft.Online.Workflows.WeakPasswordException""","","","TargetId.UserType","""Member""","","","","","","","","","","","","","","","","","","","User","evans.jenkins2@acme.com","","",""
"2025-10-24 17:25:52","Update user","UserType","Member","","","","","UserManagement","07dd6dd5-f941-4025-8ec8-7122bd237ec3","Directory_07dd6dd5-f941-4025-8ec8-7122bd237ec3_7AFSX_368190256","","Azure MFA StrongAuthenticationService","d3fcabce-d428-47ae-8acd-7945458386a5","","","","","","","","","","","Core Directory","Update","success","","","","5d3ec9ce-5106-4e8e-8071-22bae2035f17","StrongAuthenticationPhoneAppDetail","[{""DeviceName"":""NO_DEVICE"",""DeviceToken"":""NO_DEVICE_TOKEN"",""DeviceTag"":""SoftwareTokenActivated"",""PhoneAppVersion"":""NO_PHONE_APP_VERSION"",""OathTokenTimeDrift"":0,""DeviceId"":""0dfd9c70-159e-4aa3-85d1-a03b95280861"",""Id"":""899675df-a0f2-4c35-82af-1678715a4244"",""TimeInterval"":0,""AuthenticationType"":2,""NotificationType"":1,""LastAuthenticatedTimestamp"":""2025-10-24T17:25:52.39204Z"",""AuthenticatorFlavor"":""Authenticator"",""HashFunction"":""hmacsha1"",""TenantDeviceId"":null,""SecuredPartitionId"":20091,""SecuredKeyId"":7}]","[{""DeviceName"":""NO_DEVICE"",""DeviceToken"":""NO_DEVICE_TOKEN"",""DeviceTag"":""SoftwareTokenActivated"",""PhoneAppVersion"":""NO_PHONE_APP_VERSION"",""OathTokenTimeDrift"":0,""DeviceId"":""0dfd9c70-159e-4aa3-85d1-a03b95280861"",""Id"":""899675df-a0f2-4c35-82af-1678715a4244"",""TimeInterval"":0,""AuthenticationType"":2,""NotificationType"":1,""LastAuthenticatedTimestamp"":""2025-10-20T15:23:51.2430938Z"",""AuthenticatorFlavor"":""Authenticator"",""HashFunction"":""hmacsha1"",""TenantDeviceId"":null,""SecuredPartitionId"":20091,""SecuredKeyId"":7}]","","Included Updated Properties","""StrongAuthenticationPhoneAppDetail""","","","TargetId.UserType","""Member""","","","ActorId.ServicePrincipalNames","""68f70590-117d-4510-87e0-06bc0d4489a8""","","","SPN","""68f70590-117d-4510-87e0-06bc0d4489a8""","","","","","","","User","powell@acme.com","","",""
"2025-10-24 17:13:55","Synchronization rule action","Details","","","ErrorCode","","","ProvisioningManagement","e6b6207a-4cfa-479a-883f-b56d2f9abd59","Sync_e6b6207a-4cfa-479a-883f-b56d2f9abd59_92e5b9cf-c9a2-495d-83b2-3fc82f96324f_134032076359002320","","Azure AD Cloud Sync","","","","","","","","","","","","Account Provisioning","Read","success","User diane.nguyen@acme.com will be skipped, because it has not been matched with any entry in the target directory, and there has been no change in any attribute that could alter that state. ","External Application 9","","756eda03-cf90-441c-808e-b59787d93e2b","objectId","""9a338291-11ec-499c-8425-ba35ea84767e""","","","accountEnabled","""False""","","","displayName","""Diane Nguyen""","","","givenName","""Diane""","","","jobTitle","""Job Title 7""","","","mailNickname","""diane.nguyen""","","","ServicePrincipal","","","",""
"2025-10-24 17:13:55","Synchronization rule action","Details","","","ErrorCode","","","ProvisioningManagement","e6b6207a-4cfa-479a-883f-b56d2f9abd59","Sync_e6b6207a-4cfa-479a-883f-b56d2f9abd59_92e5b9cf-c9a2-495d-83b2-3fc82f96324f_134032076358922310","","Azure AD Cloud Sync","","","","","","","","","","","","Account Provisioning","Read","success","User peterson.heather2@acme.com will be skipped, because it has already been effectively de-provisioned.","External Application 9","","756eda03-cf90-441c-808e-b59787d93e2b","objectId","""8107c9dc-0d87-4346-8d13-76a486414747""","","","accountEnabled","""False""","","","displayName","""Peterson Heather2""","","","givenName","""Peterson""","","","jobTitle","""Job Title 5""","","","mailNickname","""peterson.heather2""","","","ServicePrincipal","","","",""
"2025-10-24 17:13:55","Synchronization rule action","Details","","","ErrorCode","","","ProvisioningManagement","e6b6207a-4cfa-479a-883f-b56d2f9abd59","Sync_e6b6207a-4cfa-479a-883f-b56d2f9abd59_92e5b9cf-c9a2-495d-83b2-3fc82f96324f_134032076358842310","","Azure AD Cloud Sync","","","","","","","","","","","","Account Provisioning","Read","success","User joan.william@acme.com will be skipped, because it has already been effectively de-provisioned.","External Application 9","","756eda03-cf90-441c-808e-b59787d93e2b","objectId","""627a4ff0-f382-43d9-846c-7c185494c01e""","","","accountEnabled","""False""","","","department","""Department 7""","","","displayName","""Ronald William""","","","givenName","""Ronald""","","","jobTitle","""Job Title 15""","","","ServicePrincipal","","","",""
"2025-10-24 17:13:55","Synchronization rule action","Details","","","ErrorCode","","","ProvisioningManagement","e6b6207a-4cfa-479a-883f-b56d2f9abd59","Sync_e6b6207a-4cfa-479a-883f-b56d2f9abd59_92e5b9cf-c9a2-495d-83b2-3fc82f96324f_134032076358762310","","Azure AD Cloud Sync","","","","","","","","","","","","Account Provisioning","Read","success","User thomas1.jimenez@acme.com will be skipped, because it has not been matched with any entry in the target directory, and there has been no change in any attribute that could alter that state. ","External Application 9","","756eda03-cf90-441c-808e-b59787d93e2b","objectId","""c8bfdc83-e15d-4584-83d0-f156fda37734""","","","accountEnabled","""False""","","","department","""Department 6""","","","displayName","""Thomas1 Jimenez""","","","givenName","""Thomas1""","","","jobTitle","""Job Title 12""","","","ServicePrincipal","","","",""
"2025-10-24 17:13:55","Synchronization rule action","Details","","","ErrorCode","","","ProvisioningManagement","e6b6207a-4cfa-479a-883f-b56d2f9abd59","Sync_e6b6207a-4cfa-479a-883f-b56d2f9abd59_92e5b9cf-c9a2-495d-83b2-3fc82f96324f_134032076358682310","","Azure AD Cloud Sync","","","","","","","","","","","","Account Provisioning","Read","success","User nguyen.wood1@acme.com will be skipped, because it has already been effectively de-provisioned.","External Application 9","","756eda03-cf90-441c-808e-b59787d93e2b","objectId","""ce02f276-d914-4909-853b-bf731e718640""","","","accountEnabled","""False""","","","department","""Department 3""","","","displayName","""Nguyen Wood1""","","","givenName","""Nguyen""","","","jobTitle","""Job Title 10""","","","ServicePrincipal","","","",""
"2025-10-24 17:13:55","Synchronization rule action","Details","","","ErrorCode","","","ProvisioningManagement","e6b6207a-4cfa-479a-883f-b56d2f9abd59","Sync_e6b6207a-4cfa-479a-883f-b56d2f9abd59_92e5b9cf-c9a2-495d-83b2-3fc82f96324f_134032076358602290","","Azure AD Cloud Sync","","","","","","","","","","","","Account Provisioning","Read","success","User reed1.mitchell@acme.com will be skipped, because it has not been matched with any entry in the target directory, and there has been no change in any attribute that could alter that state. ","External Application 9","","756eda03-cf90-441c-808e-b59787d93e2b","objectId","""31510e04-6b24-4a36-8b50-fc1ad11ad4f9""","","","accountEnabled","""False""","","","displayName","""Reed1 Mitchell""","","","givenName","""Reed1""","","","jobTitle","""Job Title 1""","","","mailNickname","""reed1.mitchell""","","","ServicePrincipal","","","",""
"2025-10-24 17:13:55","Synchronization rule action","Details","","","ErrorCode","","","ProvisioningManagement","e6b6207a-4cfa-479a-883f-b56d2f9abd59","Sync_e6b6207a-4cfa-479a-883f-b56d2f9abd59_92e5b9cf-c9a2-495d-83b2-3fc82f96324f_134032076358512340","","Azure AD Cloud Sync","","","","","","","","","","","","Account Provisioning","Read","success","User amy2.wood@acme.com will be skipped, because it has not been matched with any entry in the target directory, and there has been no change in any attribute that could alter that state. ","External Application 9","","756eda03-cf90-441c-808e-b59787d93e2b","objectId","""9e4eef94-db52-4ae6-83d6-bad5395ff6f8""","","","accountEnabled","""False""","","","department","""Department 4""","","","displayName","""Amy2 Wood""","","","givenName","""Hovsep""","","","jobTitle","""Job Title 14""","","","ServicePrincipal","","","",""
"2025-10-24 17:13:55","Synchronization rule action","Details","","","ErrorCode","","","ProvisioningManagement","e6b6207a-4cfa-479a-883f-b56d2f9abd59","Sync_e6b6207a-4cfa-479a-883f-b56d2f9abd59_92e5b9cf-c9a2-495d-83b2-3fc82f96324f_134032076358422310","","Azure AD Cloud Sync","","","","","","","","","","","","Account Provisioning","Read","success","User evelyn2.rebecca1@acme.com will be skipped, because it has not been matched with any entry in the target directory, and there has been no change in any attribute that could alter that state. ","External Application 9","","756eda03-cf90-441c-808e-b59787d93e2b","objectId","""a86ba5ad-6b84-42bb-835e-03d42d52beac""","","","accountEnabled","""False""","","","displayName","""Evelyn2 Rebecca1""","","","givenName","""Evelyn2""","","","jobTitle","""Job Title 5""","","","mailNickname","""evelyn2.rebecca1""","","","ServicePrincipal","","","",""
"2025-10-24 17:13:55","Synchronization rule action","Details","","","ErrorCode","","","ProvisioningManagement","e6b6207a-4cfa-479a-883f-b56d2f9abd59","Sync_e6b6207a-4cfa-479a-883f-b56d2f9abd59_92e5b9cf-c9a2-495d-83b2-3fc82f96324f_134032076358342300","","Azure AD Cloud Sync","","","","","","","","","","","","Account Provisioning","Read","success","User jenkins.roberts@acme.com will be skipped, because it has already been effectively de-provisioned.","External Application 9","","756eda03-cf90-441c-808e-b59787d93e2b","objectId","""b4e2a357-f352-40ff-84e5-5a31a71a3c2d""","","","accountEnabled","""False""","","","department","""Department 7""","","","displayName","""Jenkins Roberts""","","","givenName","""Jenkins""","","","jobTitle","""Job Title 8""","","","ServicePrincipal","","","",""
"2025-10-24 17:13:55","Synchronization rule action","Details","","","ErrorCode","","","ProvisioningManagement","e6b6207a-4cfa-479a-883f-b56d2f9abd59","Sync_e6b6207a-4cfa-479a-883f-b56d2f9abd59_92e5b9cf-c9a2-495d-83b2-3fc82f96324f_134032076358262300","","Azure AD Cloud Sync","","","","","","","","","","","","Account Provisioning","Read","success","User allen3.edward1@acme.com will be skipped, because it has already been effectively de-provisioned.","External Application 9","","756eda03-cf90-441c-808e-b59787d93e2b","objectId","""2b22d269-4f10-4524-894e-e05c48f3d8d9""","","","accountEnabled","""False""","","","department","""Department 7""","","","displayName","""Allen3 Edward1""","","","givenName","""Allen3""","","","jobTitle","""Job Title 4""","","","ServicePrincipal","","","",""
"2025-10-24 17:13:55","Synchronization rule action","Details","","","ErrorCode","","","ProvisioningManagement","e6b6207a-4cfa-479a-883f-b56d2f9abd59","Sync_e6b6207a-4cfa-479a-883f-b56d2f9abd59_92e5b9cf-c9a2-495d-83b2-3fc82f96324f_134032076358182300","","Azure AD Cloud Sync","","","","","","","","","","","","Account Provisioning","Read","success","User samantha1.edward@acme.com will be skipped, because it has already been effectively de-provisioned.","External Application 9","","756eda03-cf90-441c-808e-b59787d93e2b","objectId","""d0e4a9ac-084a-4133-8c33-53487177cf8a""","","","accountEnabled","""False""","","","department","""Department 1""","","","displayName","""Samantha1 Edward""","","","givenName","""Samantha1""","","","jobTitle","""Job Title 2""","","","ServicePrincipal","","","",""
"2025-10-24 17:13:55","Synchronization rule action","Details","","","ErrorCode","","","ProvisioningManagement","e6b6207a-4cfa-479a-883f-b56d2f9abd59","Sync_e6b6207a-4cfa-479a-883f-b56d2f9abd59_92e5b9cf-c9a2-495d-83b2-3fc82f96324f_134032076358092300","","Azure AD Cloud Sync","","","","","","","","","","","","Account Provisioning","Read","success","User kathleen.carter@acme.com will be skipped, because it has already been effectively de-provisioned.","External Application 9","","756eda03-cf90-441c-808e-b59787d93e2b","objectId","""c2d41362-b857-4351-8a78-520b3070914e""","","","accountEnabled","""False""","","","department","""Department 9""","","","displayName","""Kathleen Carter""","","","givenName","""Kathleen""","","","jobTitle","""Job Title 3""","","","ServicePrincipal","","","",""
"2025-10-24 17:13:55","Synchronization rule action","Details","User details: Skip reason = NotEffectivelyEntitled, Active = False, Assigned = True, Passed scope filter: True; ","","ErrorCode","","","ProvisioningManagement","e6b6207a-4cfa-479a-883f-b56d2f9abd59","Sync_e6b6207a-4cfa-479a-883f-b56d2f9abd59_92e5b9cf-c9a2-495d-83b2-3fc82f96324f_134032076357972300","","Azure AD Cloud Sync","","","","","","","","","","","","Account Provisioning","Read","success","The User 'evelyn2.rebecca1@acme.com' will be skipped due to the following reasons: 
1) This object is not active in the source system.
","External Application 9","","756eda03-cf90-441c-808e-b59787d93e2b","objectId","""a86ba5ad-6b84-42bb-835e-03d42d52beac""","","","accountEnabled","""False""","","","displayName","""Evelyn2 Rebecca1""","","","givenName","""Evelyn2""","","","jobTitle","""Job Title 5""","","","mailNickname","""evelyn2.rebecca1""","","","ServicePrincipal","","","",""
"2025-10-24 17:13:55","Synchronization rule action","Details","User details: Skip reason = NotEffectivelyEntitled, Active = False, Assigned = True, Passed scope filter: True; ","","ErrorCode","","","ProvisioningManagement","e6b6207a-4cfa-479a-883f-b56d2f9abd59","Sync_e6b6207a-4cfa-479a-883f-b56d2f9abd59_92e5b9cf-c9a2-495d-83b2-3fc82f96324f_134032076357852300","","Azure AD Cloud Sync","","","","","","","","","","","","Account Provisioning","Read","success","The User 'amy2.wood@acme.com' will be skipped due to the following reasons: 
1) This object is not active in the source system.
","External Application 9","","756eda03-cf90-441c-808e-b59787d93e2b","objectId","""9e4eef94-db52-4ae6-83d6-bad5395ff6f8""","","","accountEnabled","""False""","","","department","""Department 4""","","","displayName","""Amy2 Wood""","","","givenName","""Hovsep""","","","jobTitle","""Job Title 14""","","","ServicePrincipal","","","",""
"2025-10-24 17:13:55","Synchronization rule action","Details","User details: Skip reason = NotEffectivelyEntitled, Active = False, Assigned = True, Passed scope filter: True; ","","ErrorCode","","","ProvisioningManagement","e6b6207a-4cfa-479a-883f-b56d2f9abd59","Sync_e6b6207a-4cfa-479a-883f-b56d2f9abd59_92e5b9cf-c9a2-495d-83b2-3fc82f96324f_134032076357712300","","Azure AD Cloud Sync","","","","","","","","","","","","Account Provisioning","Read","success","The User 'reed1.mitchell@acme.com' will be skipped due to the following reasons: 
1) This object is not active in the source system.
","External Application 9","","756eda03-cf90-441c-808e-b59787d93e2b","objectId","""31510e04-6b24-4a36-8b50-fc1ad11ad4f9""","","","accountEnabled","""False""","","","displayName","""Reed1 Mitchell""","","","givenName","""Reed1""","","","jobTitle","""Job Title 1""","","","mailNickname","""reed1.mitchell""","","","ServicePrincipal","","","",""
"2025-10-24 17:13:55","Synchronization rule action","Details","User details: Skip reason = NotEffectivelyEntitled, Active = False, Assigned = True, Passed scope filter: True; ","","ErrorCode","","","ProvisioningManagement","e6b6207a-4cfa-479a-883f-b56d2f9abd59","Sync_e6b6207a-4cfa-479a-883f-b56d2f9abd59_92e5b9cf-c9a2-495d-83b2-3fc82f96324f_134032076357582300","","Azure AD Cloud Sync","","","","","","","","","","","","Account Provisioning","Read","success","The User 'thomas1.jimenez@acme.com' will be skipped due to the following reasons: 
1) This object is not active in the source system.
","External Application 9","","756eda03-cf90-441c-808e-b59787d93e2b","objectId","""c8bfdc83-e15d-4584-83d0-f156fda37734""","","","accountEnabled","""False""","","","department","""Department 6""","","","displayName","""Thomas1 Jimenez""","","","givenName","""Thomas1""","","","jobTitle","""Job Title 12""","","","ServicePrincipal","","","",""
"2025-10-24 17:13:55","Synchronization rule action","Details","User details: Skip reason = NotEffectivelyEntitled, Active = False, Assigned = True, Passed scope filter: True; ","","ErrorCode","","","ProvisioningManagement","e6b6207a-4cfa-479a-883f-b56d2f9abd59","Sync_e6b6207a-4cfa-479a-883f-b56d2f9abd59_92e5b9cf-c9a2-495d-83b2-3fc82f96324f_134032076357442340","","Azure AD Cloud Sync","","","","","","","","","","","","Account Provisioning","Read","success","The User 'diane.nguyen@acme.com' will be skipped due to the following reasons: 
1) This object is not active in the source system.
","External Application 9","","756eda03-cf90-441c-808e-b59787d93e2b","objectId","""9a338291-11ec-499c-8425-ba35ea84767e""","","","accountEnabled","""False""","","","displayName","""Diane Nguyen""","","","givenName","""Diane""","","","jobTitle","""Job Title 7""","","","mailNickname","""diane.nguyen""","","","ServicePrincipal","","","",""
"2025-10-24 17:13:55","Synchronization rule action","Details","User details: Skip reason = RedundantSoftDelete, Active = False, Assigned = True, Passed scope filter: True; ","","ErrorCode","","","ProvisioningManagement","e6b6207a-4cfa-479a-883f-b56d2f9abd59","Sync_e6b6207a-4cfa-479a-883f-b56d2f9abd59_92e5b9cf-c9a2-495d-83b2-3fc82f96324f_134032076356702290","","Azure AD Cloud Sync","","","","","","","","","","","","Account Provisioning","Read","success","The User 'peterson.heather2@acme.com' was evaluated to be soft-deleted in the source system and the provisioning service should soft-delete the target entry. However, the soft-deletion has been processed by the provisioning service previously. The soft delete operation will be skipped.","External Application 9","","756eda03-cf90-441c-808e-b59787d93e2b","objectId","""8107c9dc-0d87-4346-8d13-76a486414747""","","","accountEnabled","""False""","","","displayName","""Peterson Heather2""","","","givenName","""Peterson""","","","jobTitle","""Job Title 5""","","","mailNickname","""peterson.heather2""","","","ServicePrincipal","","","",""
"2025-10-24 17:13:55","Synchronization rule action","Details","User details: Skip reason = RedundantSoftDelete, Active = False, Assigned = True, Passed scope filter: True; ","","ErrorCode","","","ProvisioningManagement","e6b6207a-4cfa-479a-883f-b56d2f9abd59","Sync_e6b6207a-4cfa-479a-883f-b56d2f9abd59_92e5b9cf-c9a2-495d-83b2-3fc82f96324f_134032076356582270","","Azure AD Cloud Sync","","","","","","","","","","","","Account Provisioning","Read","success","The User 'joan.william@acme.com' was evaluated to be soft-deleted in the source system and the provisioning service should soft-delete the target entry. However, the soft-deletion has been processed by the provisioning service previously. The soft delete operation will be skipped.","External Application 9","","756eda03-cf90-441c-808e-b59787d93e2b","objectId","""627a4ff0-f382-43d9-846c-7c185494c01e""","","","accountEnabled","""False""","","","department","""Department 7""","","","displayName","""Ronald William""","","","givenName","""Ronald""","","","jobTitle","""Job Title 15""","","","ServicePrincipal","","","",""
"2025-10-24 17:13:55","Synchronization rule action","Details","User details: Skip reason = RedundantSoftDelete, Active = False, Assigned = True, Passed scope filter: True; ","","ErrorCode","","","ProvisioningManagement","e6b6207a-4cfa-479a-883f-b56d2f9abd59","Sync_e6b6207a-4cfa-479a-883f-b56d2f9abd59_92e5b9cf-c9a2-495d-83b2-3fc82f96324f_134032076356392320","","Azure AD Cloud Sync","","","","","","","","","","","","Account Provisioning","Read","success","The User 'nguyen.wood1@acme.com' was evaluated to be soft-deleted in the source system and the provisioning service should soft-delete the target entry. However, the soft-deletion has been processed by the provisioning service previously. The soft delete operation will be skipped.","External Application 9","","756eda03-cf90-441c-808e-b59787d93e2b","objectId","""ce02f276-d914-4909-853b-bf731e718640""","","","accountEnabled","""False""","","","department","""Department 3""","","","displayName","""Nguyen Wood1""","","","givenName","""Nguyen""","","","jobTitle","""Job Title 10""","","","ServicePrincipal","","","",""
"2025-10-24 17:13:55","Synchronization rule action","Details","User details: Skip reason = RedundantSoftDelete, Active = False, Assigned = True, Passed scope filter: True; ","","ErrorCode","","","ProvisioningManagement","e6b6207a-4cfa-479a-883f-b56d2f9abd59","Sync_e6b6207a-4cfa-479a-883f-b56d2f9abd59_92e5b9cf-c9a2-495d-83b2-3fc82f96324f_134032076356262310","","Azure AD Cloud Sync","","","","","","","","","","","","Account Provisioning","Read","success","The User 'torres1.carter3@acme.com' was evaluated to be soft-deleted in the source system and the provisioning service should soft-delete the target entry. However, the soft-deletion has been processed by the provisioning service previously. The soft delete operation will be skipped.","External Application 9","","756eda03-cf90-441c-808e-b59787d93e2b","objectId","""7df7de58-2af6-47c2-8887-079db9585c7e""","","","accountEnabled","""False""","","","displayName","""Lee Carter3""","","","givenName","""Lee""","","","mailNickname","""torres1.carter3""","","","surname","""Carter3""","","","ServicePrincipal","","","",""
"2025-10-24 17:13:55","Synchronization rule action","Details","User details: Skip reason = RedundantSoftDelete, Active = False, Assigned = True, Passed scope filter: True; ","","ErrorCode","","","ProvisioningManagement","e6b6207a-4cfa-479a-883f-b56d2f9abd59","Sync_e6b6207a-4cfa-479a-883f-b56d2f9abd59_92e5b9cf-c9a2-495d-83b2-3fc82f96324f_134032076355992300","","Azure AD Cloud Sync","","","","","","","","","","","","Account Provisioning","Read","success","The User 'lewis.thomas2@acme.com' was evaluated to be soft-deleted in the source system and the provisioning service should soft-delete the target entry. However, the soft-deletion has been processed by the provisioning service previously. The soft delete operation will be skipped.","External Application 9","","756eda03-cf90-441c-808e-b59787d93e2b","objectId","""f32bb32c-d9b7-4656-8596-671a4e468153""","","","accountEnabled","""False""","","","department","""Department 2""","","","displayName","""Lewis Thomas2""","","","givenName","""Lewis""","","","jobTitle","""Job Title 11""","","","ServicePrincipal","","","",""
"2025-10-24 17:13:55","Synchronization rule action","Details","User details: Skip reason = RedundantSoftDelete, Active = False, Assigned = True, Passed scope filter: True; ","","ErrorCode","","","ProvisioningManagement","e6b6207a-4cfa-479a-883f-b56d2f9abd59","Sync_e6b6207a-4cfa-479a-883f-b56d2f9abd59_92e5b9cf-c9a2-495d-83b2-3fc82f96324f_134032076355872300","","Azure AD Cloud Sync","","","","","","","","","","","","Account Provisioning","Read","success","The User 'ronald1.jackson@acme.com' was evaluated to be soft-deleted in the source system and the provisioning service should soft-delete the target entry. However, the soft-deletion has been processed by the provisioning service previously. The soft delete operation will be skipped.","External Application 9","","756eda03-cf90-441c-808e-b59787d93e2b","objectId","""bf9339cc-dcd3-419c-87d7-ca33b140e3cb""","","","accountEnabled","""False""","","","displayName","""Ronald1 Jackson""","","","givenName","""Ronald1""","","","jobTitle","""Job Title 13""","","","mailNickname","""ronald1.jackson""","","","ServicePrincipal","","","",""
"2025-10-24 17:13:55","Synchronization rule action","Details","User details: Skip reason = RedundantSoftDelete, Active = False, Assigned = True, Passed scope filter: True; ","","ErrorCode","","","ProvisioningManagement","e6b6207a-4cfa-479a-883f-b56d2f9abd59","Sync_e6b6207a-4cfa-479a-883f-b56d2f9abd59_92e5b9cf-c9a2-495d-83b2-3fc82f96324f_134032076355742290","","Azure AD Cloud Sync","","","","","","","","","","","","Account Provisioning","Read","success","The User 'catherine1.carter2@acme.com' was evaluated to be soft-deleted in the source system and the provisioning service should soft-delete the target entry. However, the soft-deletion has been processed by the provisioning service previously. The soft delete operation will be skipped.","External Application 9","","756eda03-cf90-441c-808e-b59787d93e2b","objectId","""2318cfef-8d5d-4570-8820-15637b57a565""","","","accountEnabled","""False""","","","department","""Department 8""","","","displayName","""Catherine1 Carter2""","","","givenName","""Catherine1""","","","jobTitle","""Job Title 8""","","","ServicePrincipal","","","",""
"2025-10-24 17:13:55","Synchronization rule action","Details","User details: Skip reason = RedundantSoftDelete, Active = False, Assigned = True, Passed scope filter: True; ","","ErrorCode","","","ProvisioningManagement","e6b6207a-4cfa-479a-883f-b56d2f9abd59","Sync_e6b6207a-4cfa-479a-883f-b56d2f9abd59_92e5b9cf-c9a2-495d-83b2-3fc82f96324f_134032076355602290","","Azure AD Cloud Sync","","","","","","","","","","","","Account Provisioning","Read","success","The User 'jenkins.roberts@acme.com' was evaluated to be soft-deleted in the source system and the provisioning service should soft-delete the target entry. However, the soft-deletion has been processed by the provisioning service previously. The soft delete operation will be skipped.","External Application 9","","756eda03-cf90-441c-808e-b59787d93e2b","objectId","""b4e2a357-f352-40ff-84e5-5a31a71a3c2d""","","","accountEnabled","""False""","","","department","""Department 7""","","","displayName","""Jenkins Roberts""","","","givenName","""Jenkins""","","","jobTitle","""Job Title 8""","","","ServicePrincipal","","","",""
"2025-10-24 17:13:55","Synchronization rule action","Details","User details: Skip reason = RedundantSoftDelete, Active = False, Assigned = True, Passed scope filter: True; ","","ErrorCode","","","ProvisioningManagement","e6b6207a-4cfa-479a-883f-b56d2f9abd59","Sync_e6b6207a-4cfa-479a-883f-b56d2f9abd59_92e5b9cf-c9a2-495d-83b2-3fc82f96324f_134032076355462280","","Azure AD Cloud Sync","","","","","","","","","","","","Account Provisioning","Read","success","The User 'allen3.edward1@acme.com' was evaluated to be soft-deleted in the source system and the provisioning service should soft-delete the target entry. However, the soft-deletion has been processed by the provisioning service previously. The soft delete operation will be skipped.","External Application 9","","756eda03-cf90-441c-808e-b59787d93e2b","objectId","""2b22d269-4f10-4524-894e-e05c48f3d8d9""","","","accountEnabled","""False""","","","department","""Department 7""","","","displayName","""Allen3 Edward1""","","","givenName","""Allen3""","","","jobTitle","""Job Title 4""","","","ServicePrincipal","","","",""
"2025-10-24 17:13:55","Synchronization rule action","Details","User details: Skip reason = RedundantSoftDelete, Active = False, Assigned = True, Passed scope filter: True; ","","ErrorCode","","","ProvisioningManagement","e6b6207a-4cfa-479a-883f-b56d2f9abd59","Sync_e6b6207a-4cfa-479a-883f-b56d2f9abd59_92e5b9cf-c9a2-495d-83b2-3fc82f96324f_134032076355342270","","Azure AD Cloud Sync","","","","","","","","","","","","Account Provisioning","Read","success","The User 'cook1.mitchell3@acme.com' was evaluated to be soft-deleted in the source system and the provisioning service should soft-delete the target entry. However, the soft-deletion has been processed by the provisioning service previously. The soft delete operation will be skipped.","External Application 9","","756eda03-cf90-441c-808e-b59787d93e2b","objectId","""7b6593af-c87d-4674-829a-9ede3adbdf5c""","","","accountEnabled","""False""","","","displayName","""Cook1 Mitchell3""","","","givenName","""Cook1""","","","mailNickname","""cook1.mitchell3""","","","surname","""Mitchell3""","","","ServicePrincipal","","","",""
"2025-10-24 17:13:55","Synchronization rule action","Details","User details: Skip reason = RedundantSoftDelete, Active = False, Assigned = True, Passed scope filter: True; ","","ErrorCode","","","ProvisioningManagement","e6b6207a-4cfa-479a-883f-b56d2f9abd59","Sync_e6b6207a-4cfa-479a-883f-b56d2f9abd59_92e5b9cf-c9a2-495d-83b2-3fc82f96324f_134032076355212300","","Azure AD Cloud Sync","","","","","","","","","","","","Account Provisioning","Read","success","The User 'samantha1.edward@acme.com' was evaluated to be soft-deleted in the source system and the provisioning service should soft-delete the target entry. However, the soft-deletion has been processed by the provisioning service previously. The soft delete operation will be skipped.","External Application 9","","756eda03-cf90-441c-808e-b59787d93e2b","objectId","""d0e4a9ac-084a-4133-8c33-53487177cf8a""","","","accountEnabled","""False""","","","department","""Department 1""","","","displayName","""Samantha1 Edward""","","","givenName","""Samantha1""","","","jobTitle","""Job Title 2""","","","ServicePrincipal","","","",""
"2025-10-24 17:13:55","Synchronization rule action","Details","User details: Skip reason = RedundantSoftDelete, Active = False, Assigned = True, Passed scope filter: True; ","","ErrorCode","","","ProvisioningManagement","e6b6207a-4cfa-479a-883f-b56d2f9abd59","Sync_e6b6207a-4cfa-479a-883f-b56d2f9abd59_92e5b9cf-c9a2-495d-83b2-3fc82f96324f_134032076355072300","","Azure AD Cloud Sync","","","","","","","","","","","","Account Provisioning","Read","success","The User 'kathleen.carter@acme.com' was evaluated to be soft-deleted in the source system and the provisioning service should soft-delete the target entry. However, the soft-deletion has been processed by the provisioning service previously. The soft delete operation will be skipped.","External Application 9","","756eda03-cf90-441c-808e-b59787d93e2b","objectId","""c2d41362-b857-4351-8a78-520b3070914e""","","","accountEnabled","""False""","","","department","""Department 9""","","","displayName","""Kathleen Carter""","","","givenName","""Kathleen""","","","jobTitle","""Job Title 3""","","","ServicePrincipal","","","",""
"2025-10-24 17:13:55","Synchronization rule action","Details","User details: Skip reason = RedundantSoftDelete, Active = False, Assigned = True, Passed scope filter: True; ","","ErrorCode","","","ProvisioningManagement","e6b6207a-4cfa-479a-883f-b56d2f9abd59","Sync_e6b6207a-4cfa-479a-883f-b56d2f9abd59_92e5b9cf-c9a2-495d-83b2-3fc82f96324f_134032076354902270","","Azure AD Cloud Sync","","","","","","","","","","","","Account Provisioning","Read","success","The User 'mitchell2.ortiz@acme.com' was evaluated to be soft-deleted in the source system and the provisioning service should soft-delete the target entry. However, the soft-deletion has been processed by the provisioning service previously. The soft delete operation will be skipped.","External Application 9","","756eda03-cf90-441c-808e-b59787d93e2b","objectId","""c86c5f0b-5845-4ed8-8974-9f4817e9f14c""","","","accountEnabled","""False""","","","displayName","""Mitchell2  Ortiz""","","","givenName","""Mitchell2""","","","mailNickname","""mitchell2.ortiz""","","","surname","""Ortiz""","","","ServicePrincipal","","","",""
"2025-10-24 17:13:55","Import","Details","","","ErrorCode","","","ProvisioningManagement","e6b6207a-4cfa-479a-883f-b56d2f9abd59","Sync_e6b6207a-4cfa-479a-883f-b56d2f9abd59_92e5b9cf-c9a2-495d-83b2-3fc82f96324f_134032076352342280","","Azure AD Cloud Sync","","","","","","","","","","","","Account Provisioning","Read","success","Received User 'diane.nguyen@acme.com' change of type (Add) from Microsoft Entra ID","External Application 9","","756eda03-cf90-441c-808e-b59787d93e2b","objectId","""9a338291-11ec-499c-8425-ba35ea84767e""","","","accountEnabled","""False""","","","displayName","""Diane Nguyen""","","","givenName","""Diane""","","","jobTitle","""Job Title 7""","","","mailNickname","""diane.nguyen""","","","ServicePrincipal","","","",""
"2025-10-24 17:13:55","Import","Details","","","ErrorCode","","","ProvisioningManagement","e6b6207a-4cfa-479a-883f-b56d2f9abd59","Sync_e6b6207a-4cfa-479a-883f-b56d2f9abd59_92e5b9cf-c9a2-495d-83b2-3fc82f96324f_134032076352262280","","Azure AD Cloud Sync","","","","","","","","","","","","Account Provisioning","Read","success","Received User 'peterson.heather2@acme.com' change of type (Add) from Microsoft Entra ID","External Application 9","","756eda03-cf90-441c-808e-b59787d93e2b","objectId","""8107c9dc-0d87-4346-8d13-76a486414747""","","","accountEnabled","""False""","","","displayName","""Peterson Heather2""","","","givenName","""Peterson""","","","jobTitle","""Job Title 5""","","","mailNickname","""peterson.heather2""","","","ServicePrincipal","","","",""
"2025-10-24 17:13:55","Import","Details","","","ErrorCode","","","ProvisioningManagement","e6b6207a-4cfa-479a-883f-b56d2f9abd59","Sync_e6b6207a-4cfa-479a-883f-b56d2f9abd59_92e5b9cf-c9a2-495d-83b2-3fc82f96324f_134032076352192320","","Azure AD Cloud Sync","","","","","","","","","","","","Account Provisioning","Read","success","Received User 'joan.william@acme.com' change of type (Add) from Microsoft Entra ID","External Application 9","","756eda03-cf90-441c-808e-b59787d93e2b","objectId","""627a4ff0-f382-43d9-846c-7c185494c01e""","","","accountEnabled","""False""","","","department","""Department 7""","","","displayName","""Ronald William""","","","givenName","""Ronald""","","","jobTitle","""Job Title 15""","","","ServicePrincipal","","","",""
"2025-10-24 17:13:55","Import","Details","","","ErrorCode","","","ProvisioningManagement","e6b6207a-4cfa-479a-883f-b56d2f9abd59","Sync_e6b6207a-4cfa-479a-883f-b56d2f9abd59_92e5b9cf-c9a2-495d-83b2-3fc82f96324f_134032076352112290","","Azure AD Cloud Sync","","","","","","","","","","","","Account Provisioning","Read","success","Received User 'thomas1.jimenez@acme.com' change of type (Add) from Microsoft Entra ID","External Application 9","","756eda03-cf90-441c-808e-b59787d93e2b","objectId","""c8bfdc83-e15d-4584-83d0-f156fda37734""","","","accountEnabled","""False""","","","department","""Department 6""","","","displayName","""Thomas1 Jimenez""","","","givenName","""Thomas1""","","","jobTitle","""Job Title 12""","","","ServicePrincipal","","","",""
"2025-10-24 17:13:55","Import","Details","","","ErrorCode","","","ProvisioningManagement","e6b6207a-4cfa-479a-883f-b56d2f9abd59","Sync_e6b6207a-4cfa-479a-883f-b56d2f9abd59_92e5b9cf-c9a2-495d-83b2-3fc82f96324f_134032076352032280","","Azure AD Cloud Sync","","","","","","","","","","","","Account Provisioning","Read","success","Received User 'nguyen.wood1@acme.com' change of type (Add) from Microsoft Entra ID","External Application 9","","756eda03-cf90-441c-808e-b59787d93e2b","objectId","""ce02f276-d914-4909-853b-bf731e718640""","","","accountEnabled","""False""","","","department","""Department 3""","","","displayName","""Nguyen Wood1""","","","givenName","""Nguyen""","","","jobTitle","""Job Title 10""","","","ServicePrincipal","","","",""
"2025-10-24 17:13:55","Import","Details","","","ErrorCode","","","ProvisioningManagement","e6b6207a-4cfa-479a-883f-b56d2f9abd59","Sync_e6b6207a-4cfa-479a-883f-b56d2f9abd59_92e5b9cf-c9a2-495d-83b2-3fc82f96324f_134032076351952290","","Azure AD Cloud Sync","","","","","","","","","","","","Account Provisioning","Read","success","Received User 'torres1.carter3@acme.com' change of type (Add) from Microsoft Entra ID","External Application 9","","756eda03-cf90-441c-808e-b59787d93e2b","objectId","""7df7de58-2af6-47c2-8887-079db9585c7e""","","","accountEnabled","""False""","","","displayName","""Lee Carter3""","","","givenName","""Lee""","","","mailNickname","""torres1.carter3""","","","surname","""Carter3""","","","ServicePrincipal","","","",""
"2025-10-24 17:13:55","Import","Details","","","ErrorCode","","","ProvisioningManagement","e6b6207a-4cfa-479a-883f-b56d2f9abd59","Sync_e6b6207a-4cfa-479a-883f-b56d2f9abd59_92e5b9cf-c9a2-495d-83b2-3fc82f96324f_134032076351872280","","Azure AD Cloud Sync","","","","","","","","","","","","Account Provisioning","Read","success","Received User 'reed1.mitchell@acme.com' change of type (Add) from Microsoft Entra ID","External Application 9","","756eda03-cf90-441c-808e-b59787d93e2b","objectId","""31510e04-6b24-4a36-8b50-fc1ad11ad4f9""","","","accountEnabled","""False""","","","displayName","""Reed1 Mitchell""","","","givenName","""Reed1""","","","jobTitle","""Job Title 1""","","","mailNickname","""reed1.mitchell""","","","ServicePrincipal","","","",""
"2025-10-24 17:13:55","Import","Details","","","ErrorCode","","","ProvisioningManagement","e6b6207a-4cfa-479a-883f-b56d2f9abd59","Sync_e6b6207a-4cfa-479a-883f-b56d2f9abd59_92e5b9cf-c9a2-495d-83b2-3fc82f96324f_134032076351782280","","Azure AD Cloud Sync","","","","","","","","","","","","Account Provisioning","Read","success","Received User 'amy2.wood@acme.com' change of type (Add) from Microsoft Entra ID","External Application 9","","756eda03-cf90-441c-808e-b59787d93e2b","objectId","""9e4eef94-db52-4ae6-83d6-bad5395ff6f8""","","","accountEnabled","""False""","","","department","""Department 4""","","","displayName","""Amy2 Wood""","","","givenName","""Hovsep""","","","jobTitle","""Job Title 14""","","","ServicePrincipal","","","",""
"2025-10-24 17:13:55","Import","Details","","","ErrorCode","","","ProvisioningManagement","e6b6207a-4cfa-479a-883f-b56d2f9abd59","Sync_e6b6207a-4cfa-479a-883f-b56d2f9abd59_92e5b9cf-c9a2-495d-83b2-3fc82f96324f_134032076351662310","","Azure AD Cloud Sync","","","","","","","","","","","","Account Provisioning","Read","success","Received User 'evelyn2.rebecca1@acme.com' change of type (Add) from Microsoft Entra ID","External Application 9","","756eda03-cf90-441c-808e-b59787d93e2b","objectId","""a86ba5ad-6b84-42bb-835e-03d42d52beac""","","","accountEnabled","""False""","","","displayName","""Evelyn2 Rebecca1""","","","givenName","""Evelyn2""","","","jobTitle","""Job Title 5""","","","mailNickname","""evelyn2.rebecca1""","","","ServicePrincipal","","","",""
"2025-10-24 17:13:55","Import","Details","","","ErrorCode","","","ProvisioningManagement","e6b6207a-4cfa-479a-883f-b56d2f9abd59","Sync_e6b6207a-4cfa-479a-883f-b56d2f9abd59_92e5b9cf-c9a2-495d-83b2-3fc82f96324f_134032076351582310","","Azure AD Cloud Sync","","","","","","","","","","","","Account Provisioning","Read","success","Received User 'lewis.thomas2@acme.com' change of type (Add) from Microsoft Entra ID","External Application 9","","756eda03-cf90-441c-808e-b59787d93e2b","objectId","""f32bb32c-d9b7-4656-8596-671a4e468153""","","","accountEnabled","""False""","","","department","""Department 2""","","","displayName","""Lewis Thomas2""","","","givenName","""Lewis""","","","jobTitle","""Job Title 11""","","","ServicePrincipal","","","",""
"2025-10-24 17:13:55","Import","Details","","","ErrorCode","","","ProvisioningManagement","e6b6207a-4cfa-479a-883f-b56d2f9abd59","Sync_e6b6207a-4cfa-479a-883f-b56d2f9abd59_92e5b9cf-c9a2-495d-83b2-3fc82f96324f_134032076351472290","","Azure AD Cloud Sync","","","","","","","","","","","","Account Provisioning","Read","success","Received User 'ronald1.jackson@acme.com' change of type (Add) from Microsoft Entra ID","External Application 9","","756eda03-cf90-441c-808e-b59787d93e2b","objectId","""bf9339cc-dcd3-419c-87d7-ca33b140e3cb""","","","accountEnabled","""False""","","","displayName","""Ronald1 Jackson""","","","givenName","""Ronald1""","","","jobTitle","""Job Title 13""","","","mailNickname","""ronald1.jackson""","","","ServicePrincipal","","","",""
"2025-10-24 17:13:55","Import","Details","","","ErrorCode","","","ProvisioningManagement","e6b6207a-4cfa-479a-883f-b56d2f9abd59","Sync_e6b6207a-4cfa-479a-883f-b56d2f9abd59_92e5b9cf-c9a2-495d-83b2-3fc82f96324f_134032076351392260","","Azure AD Cloud Sync","","","","","","","","","","","","Account Provisioning","Read","success","Received User 'catherine1.carter2@acme.com' change of type (Add) from Microsoft Entra ID","External Application 9","","756eda03-cf90-441c-808e-b59787d93e2b","objectId","""2318cfef-8d5d-4570-8820-15637b57a565""","","","accountEnabled","""False""","","","department","""Department 8""","","","displayName","""Catherine1 Carter2""","","","givenName","""Catherine1""","","","jobTitle","""Job Title 8""","","","ServicePrincipal","","","",""
"2025-10-24 17:13:55","Import","Details","","","ErrorCode","","","ProvisioningManagement","e6b6207a-4cfa-479a-883f-b56d2f9abd59","Sync_e6b6207a-4cfa-479a-883f-b56d2f9abd59_92e5b9cf-c9a2-495d-83b2-3fc82f96324f_134032076351312280","","Azure AD Cloud Sync","","","","","","","","","","","","Account Provisioning","Read","success","Received User 'jenkins.roberts@acme.com' change of type (Add) from Microsoft Entra ID","External Application 9","","756eda03-cf90-441c-808e-b59787d93e2b","objectId","""b4e2a357-f352-40ff-84e5-5a31a71a3c2d""","","","accountEnabled","""False""","","","department","""Department 7""","","","displayName","""Jenkins Roberts""","","","givenName","""Jenkins""","","","jobTitle","""Job Title 8""","","","ServicePrincipal","","","",""
"2025-10-24 17:13:55","Import","Details","","","ErrorCode","","","ProvisioningManagement","e6b6207a-4cfa-479a-883f-b56d2f9abd59","Sync_e6b6207a-4cfa-479a-883f-b56d2f9abd59_92e5b9cf-c9a2-495d-83b2-3fc82f96324f_134032076351222280","","Azure AD Cloud Sync","","","","","","","","","","","","Account Provisioning","Read","success","Received User 'allen3.edward1@acme.com' change of type (Add) from Microsoft Entra ID","External Application 9","","756eda03-cf90-441c-808e-b59787d93e2b","objectId","""2b22d269-4f10-4524-894e-e05c48f3d8d9""","","","accountEnabled","""False""","","","department","""Department 7""","","","displayName","""Allen3 Edward1""","","","givenName","""Allen3""","","","jobTitle","""Job Title 4""","","","ServicePrincipal","","","",""
"2025-10-24 17:13:55","Import","Details","","","ErrorCode","","","ProvisioningManagement","e6b6207a-4cfa-479a-883f-b56d2f9abd59","Sync_e6b6207a-4cfa-479a-883f-b56d2f9abd59_92e5b9cf-c9a2-495d-83b2-3fc82f96324f_134032076351122310","","Azure AD Cloud Sync","","","","","","","","","","","","Account Provisioning","Read","success","Received User 'cook1.mitchell3@acme.com' change of type (Add) from Microsoft Entra ID","External Application 9","","756eda03-cf90-441c-808e-b59787d93e2b","objectId","""7b6593af-c87d-4674-829a-9ede3adbdf5c""","","","accountEnabled","""False""","","","displayName","""Cook1 Mitchell3""","","","givenName","""Cook1""","","","mailNickname","""cook1.mitchell3""","","","surname","""Mitchell3""","","","ServicePrincipal","","","",""
"2025-10-24 17:13:55","Import","Details","","","ErrorCode","","","ProvisioningManagement","e6b6207a-4cfa-479a-883f-b56d2f9abd59","Sync_e6b6207a-4cfa-479a-883f-b56d2f9abd59_92e5b9cf-c9a2-495d-83b2-3fc82f96324f_134032076351012290","","Azure AD Cloud Sync","","","","","","","","","","","","Account Provisioning","Read","success","Received User 'samantha1.edward@acme.com' change of type (Add) from Microsoft Entra ID","External Application 9","","756eda03-cf90-441c-808e-b59787d93e2b","objectId","""d0e4a9ac-084a-4133-8c33-53487177cf8a""","","","accountEnabled","""False""","","","department","""Department 1""","","","displayName","""Samantha1 Edward""","","","givenName","""Samantha1""","","","jobTitle","""Job Title 2""","","","ServicePrincipal","","","",""
"2025-10-24 17:13:55","Import","Details","","","ErrorCode","","","ProvisioningManagement","e6b6207a-4cfa-479a-883f-b56d2f9abd59","Sync_e6b6207a-4cfa-479a-883f-b56d2f9abd59_92e5b9cf-c9a2-495d-83b2-3fc82f96324f_134032076350932320","","Azure AD Cloud Sync","","","","","","","","","","","","Account Provisioning","Read","success","Received User 'kathleen.carter@acme.com' change of type (Add) from Microsoft Entra ID","External Application 9","","756eda03-cf90-441c-808e-b59787d93e2b","objectId","""c2d41362-b857-4351-8a78-520b3070914e""","","","accountEnabled","""False""","","","department","""Department 9""","","","displayName","""Kathleen Carter""","","","givenName","""Kathleen""","","","jobTitle","""Job Title 3""","","","ServicePrincipal","","","",""
"2025-10-24 17:13:55","Import","Details","","","ErrorCode","","","ProvisioningManagement","e6b6207a-4cfa-479a-883f-b56d2f9abd59","Sync_e6b6207a-4cfa-479a-883f-b56d2f9abd59_92e5b9cf-c9a2-495d-83b2-3fc82f96324f_134032076350852330","","Azure AD Cloud Sync","","","","","","","","","","","","Account Provisioning","Read","success","Received User 'mitchell2.ortiz@acme.com' change of type (Add) from Microsoft Entra ID","External Application 9","","756eda03-cf90-441c-808e-b59787d93e2b","objectId","""c86c5f0b-5845-4ed8-8974-9f4817e9f14c""","","","accountEnabled","""False""","","","displayName","""Mitchell2  Ortiz""","","","givenName","""Mitchell2""","","","mailNickname","""mitchell2.ortiz""","","","surname","""Ortiz""","","","ServicePrincipal","","","",""
"2025-10-24 17:13:51","Other","Details","Type: AppRoleAssignment
Modification: Add
Anchor: qbr5z9K8IUyjKAHYTL_siDjlqbyxVPRBvzvI92m0dG0
Matching property values: 76177af3-b8ae-498b-81f0-4c03455d7a6a
OriginalSourceEntryType: 
Reference Change? False
ContainsEntitlement? False
TrackingId 5cc3ff58-ed70-4803-8a10-0b5f811148f6","","ErrorCode","","","ProvisioningManagement","e6b6207a-4cfa-479a-883f-b56d2f9abd59","Sync_e6b6207a-4cfa-479a-883f-b56d2f9abd59_92e5b9cf-c9a2-495d-83b2-3fc82f96324f_134032076313775810","","Azure AD Cloud Sync","","","","","","","","","","","","Account Provisioning","Read","success","This app role assignment was imported: qbr5z9K8IUyjKAHYTL_siDjlqbyxVPRBvzvI92m0dG0.  The app role granted was 76177af3-b8ae-498b-81f0-4c03455d7a6a.  It was granted to Group 34e0af06-dc41-45ee-8b74-60db5c45fe59.","External Application 9","","756eda03-cf90-441c-808e-b59787d93e2b","","","","","","","","","","","","","","","","","","","","","","","","","ServicePrincipal","","","",""
"2025-10-24 16:54:14","Consent to application","User-Agent","EvoSTS","","AppId","47ffdbcf-fc7f-418a-8bd3-f21f27d7e704","","ApplicationManagement","ebb45cc8-1781-46ad-8564-fdade168e381","Directory_ebb45cc8-1781-46ad-8564-fdade168e381_N4HE2_7835894","","","","","","Azure ESTS Service","","","20.169.82.134","fc662ee9-fd13-4270-8c00-0c5ddb89e798","howard1.wright@acme.com","","","Core Directory","Assign","success","","External Application 8","","1f1b0b5f-23d6-4db5-8d20-04c505a6dc57","ConsentContext.IsAdminConsent","""False""","","","ConsentContext.IsAppOnly","""False""","","","ConsentContext.OnBehalfOfAll","""False""","","","ConsentContext.Tags","""WindowsAzureActiveDirectoryIntegratedApp""","","","ConsentAction.Permissions","""[] => [[Id: AAAAAAAAAAAAAAAAAAAAALYufEAFwSVOsFeZ47KKVVVc1du9LABvSqkhTQGePo2z, ClientId: 0dfd9c70-159e-4aa3-85d1-a03b95280861, PrincipalId: fc662ee9-fd13-4270-8c00-0c5ddb89e798, ResourceId: 3c953ed9-ce52-4064-8eef-21a4d13632a8, ConsentType: Principal, Scope:  User.Read, CreatedDateTime: , LastModifiedDateTime ]]; ""","","","TargetId.ServicePrincipalNames","""47ffdbcf-fc7f-418a-8bd3-f21f27d7e704""","","","ServicePrincipal","","","",""
"2025-10-24 16:54:14","Add app role assignment grant to user","User-Agent","EvoSTS","","AppId","47ffdbcf-fc7f-418a-8bd3-f21f27d7e704","","UserManagement","ebb45cc8-1781-46ad-8564-fdade168e381","Directory_ebb45cc8-1781-46ad-8564-fdade168e381_N4HE2_7835887","","","","","","Azure ESTS Service","","","20.169.82.134","fc662ee9-fd13-4270-8c00-0c5ddb89e798","howard1.wright@acme.com","","","Core Directory","Assign","success","","External Application 8","","1f1b0b5f-23d6-4db5-8d20-04c505a6dc57","AppRole.Id","""0dfd9c70-159e-4aa3-85d1-a03b95280861""","","","AppRole.Value","""""","","","AppRole.DisplayName","""""","","","AppRoleAssignment.CreatedDateTime","""2025-10-24T16:54:14.5139724Z""","","","AppRoleAssignment.LastModifiedDateTime","""2025-10-24T16:54:14.5139724Z""","","","User.ObjectID","""fc662ee9-fd13-4270-8c00-0c5ddb89e798""","","","ServicePrincipal","","","",""
"2025-10-24 16:54:14","Add delegated permission grant","User-Agent","EvoSTS","","AppId","00000003-0000-0000-c000-000000000000","","ApplicationManagement","ebb45cc8-1781-46ad-8564-fdade168e381","Directory_ebb45cc8-1781-46ad-8564-fdade168e381_N4HE2_7835839","","","","","","Azure ESTS Service","","","20.169.82.134","fc662ee9-fd13-4270-8c00-0c5ddb89e798","howard1.wright@acme.com","","","Core Directory","Assign","success","","Microsoft Graph","","3c953ed9-ce52-4064-8eef-21a4d13632a8","DelegatedPermissionGrant.Scope",""" User.Read""","","","DelegatedPermissionGrant.ConsentType","""Principal""","","","ServicePrincipal.ObjectID","""1f1b0b5f-23d6-4db5-8d20-04c505a6dc57""","","","ServicePrincipal.DisplayName","","","","ServicePrincipal.AppId","","","","ServicePrincipal.Name","","","","ServicePrincipal","","","",""
"2025-10-24 16:54:14","Add service principal","User-Agent","EvoSTS","","AppId","47ffdbcf-fc7f-418a-8bd3-f21f27d7e704","","ApplicationManagement","ebb45cc8-1781-46ad-8564-fdade168e381","Directory_ebb45cc8-1781-46ad-8564-fdade168e381_N4HE2_7835821","","","","","","Azure ESTS Service","","","20.169.82.134","fc662ee9-fd13-4270-8c00-0c5ddb89e798","howard1.wright@acme.com","","","Core Directory","Add","success","","External Application 8","","1f1b0b5f-23d6-4db5-8d20-04c505a6dc57","AccountEnabled","[true]","[]","","AppAddress","[{""AddressType"":0,""Address"":""https://iam.vendor2.example"",""ReplyAddressClientType"":1,""ReplyAddressIndex"":null,""IsReplyAddressDefault"":false},{""AddressType"":0,""Address"":""https://iam-ui-sa.vendor3.example"",""ReplyAddressClientType"":1,""ReplyAddressIndex"":null,""IsReplyAddressDefault"":false}]","[]","","AppPrincipalId","[""47ffdbcf-fc7f-418a-8bd3-f21f27d7e704""]","[]","","DisplayName","[""External Application 8""]","[]","","ServicePrincipalName","[""47ffdbcf-fc7f-418a-8bd3-f21f27d7e704""]","[]","","Credential","[{""CredentialType"":2,""KeyStoreId"":""56af51bb-5e45-4003-8c0b-bd97edeb2af2"",""KeyGroupId"":""56af51bb-5e45-4003-8c0b-bd97edeb2af2""}]","[]","","ServicePrincipal","","","",""
"2025-10-24 16:20:21","Update device","DeviceId","d87b3ea9-b7e6-4ab6-8aa6-b7db1cc6a6ed","","DeviceOSType","Windows","","Device","98f43381-b7ed-4bb4-820b-668598bd78f4","Directory_98f43381-b7ed-4bb4-820b-668598bd78f4_TJ91W_488888534","","Device Registration Service","20d63fc4-676f-4690-8d4b-8cc36be935cd","","","","","","","","","","","Core Directory","Update","success","","HOST-4477F8","","e49134fe-6e2d-4c03-8164-d5e3892d79ad","Included Updated Properties","""""","","","TargetId.DeviceId","""d87b3ea9-b7e6-4ab6-8aa6-b7db1cc6a6ed""","","","TargetId.DeviceOSType","""Windows""","","","TargetId.DeviceTrustType","""Workplace""","","","","","","","","","","","Device","","","",""
"2025-10-24 15:51:08","Update device","DeviceId","fa78ba26-e4ac-4f28-8cfc-6af24052206d","","DeviceOSType","Windows","","Device","34a92d93-39c5-4cfe-8b22-87b317652781","Directory_34a92d93-39c5-4cfe-8b22-87b317652781_SDME3_386474175","","Device Registration Service","20d63fc4-676f-4690-8d4b-8cc36be935cd","","","","","","","","","","","Core Directory","Update","success","","HOST-3B878A","","f11f4efb-9f71-44fe-8f53-d26e52f6efc4","Included Updated Properties","""""","","","TargetId.DeviceId","""fa78ba26-e4ac-4f28-8cfc-6af24052206d""","","","TargetId.DeviceOSType","""Windows""","","","TargetId.DeviceTrustType","""Workplace""","","","","","","","","","","","Device","","","",""
"2025-10-24 10:30:21","Update device","DeviceId","a52d3d2d-25ca-4f98-8be0-0b4d03af2016","","DeviceOSType","Windows","","Device","0e5dd1fc-ddab-461d-8b82-2607ddfde79b","Directory_0e5dd1fc-ddab-461d-8b82-2607ddfde79b_NACHF_372643103","","Device Registration Service","20d63fc4-676f-4690-8d4b-8cc36be935cd","","","","","","","","","","","Core Directory","Update","success","","HOST-0B48A8","","976b54d6-a215-443b-8efc-aa337ab3ef46","Included Updated Properties","""""","","","TargetId.DeviceId","""a52d3d2d-25ca-4f98-8be0-0b4d03af2016""","","","TargetId.DeviceOSType","""Windows""","","","TargetId.DeviceTrustType","""Workplace""","","","","","","","","","","","Device","","","",""
"2025-10-24 09:53:05","Update device","DeviceId","c5daf853-6e88-454a-83ea-86967cc3fe59","","DeviceOSType","Windows","","Device","83e78570-95d1-48e6-8214-7e30770a13e0","Directory_83e78570-95d1-48e6-8214-7e30770a13e0_0NI69_302065028","","Device Registration Service","20d63fc4-676f-4690-8d4b-8cc36be935cd","","","","","","","","","","","Core Directory","Update","success","","HOST-DCE58C","","102cd4ae-5762-45d2-8a26-cf984ce18a88","Included Updated Properties","""""","","","TargetId.DeviceId","""c5daf853-6e88-454a-83ea-86967cc3fe59""","","","TargetId.DeviceOSType","""Windows""","","","TargetId.DeviceTrustType","""AzureAd""","","","","","","","","","","","Device","","","",""
"2025-10-24 09:50:34","Update user","UserType","Member","","","","","UserManagement","981311e9-4a5b-457d-85d6-15aea21f1cee","Directory_981311e9-4a5b-457d-85d6-15aea21f1cee_025E1_296174501","","Office 365 SharePoint Online","6fe6db25-7d88-4fdc-809d-ed5fd52d3298","","","","","","","","","","","Core Directory","Update","success","","","","627a4ff0-f382-43d9-846c-7c185494c01e","TargetId.UserType","""Member""","","","","","","","","","","","","","","","","","","","","","","","User","joan.william@acme.com","","",""
"2025-10-24 09:50:34","Update user","UserType","Member","","","","","UserManagement","981311e9-4a5b-457d-85d6-15aea21f1cee","Directory_981311e9-4a5b-457d-85d6-15aea21f1cee_025E1_296174469","","Office 365 SharePoint Online","6fe6db25-7d88-4fdc-809d-ed5fd52d3298","","","","","","","","","","","Core Directory","Update","success","","","","627a4ff0-f382-43d9-846c-7c185494c01e","Included Updated Properties","""""","","","TargetId.UserType","""Member""","","","","","","","","","","","","","","","","","","","User","joan.william@acme.com","","",""
"2025-10-24 09:35:46","Update user","UserType","Member","","","","","UserManagement","4de333ee-32bf-4f0a-857b-e45f7a8ad20a","Directory_4de333ee-32bf-4f0a-857b-e45f7a8ad20a_GOE18_364546320","","Office 365 SharePoint Online","6fe6db25-7d88-4fdc-809d-ed5fd52d3298","","","","","","","","","","","Core Directory","Update","success","","","","2318cfef-8d5d-4570-8820-15637b57a565","TargetId.UserType","""Member""","","","","","","","","","","","","","","","","","","","","","","","User","catherine1.carter2@acme.com","","",""
"2025-10-24 09:35:46","Update user","UserType","Member","","","","","UserManagement","4de333ee-32bf-4f0a-857b-e45f7a8ad20a","Directory_4de333ee-32bf-4f0a-857b-e45f7a8ad20a_GOE18_364546308","","Office 365 SharePoint Online","6fe6db25-7d88-4fdc-809d-ed5fd52d3298","","","","","","","","","","","Core Directory","Update","success","","","","2318cfef-8d5d-4570-8820-15637b57a565","Included Updated Properties","""""","","","TargetId.UserType","""Member""","","","","","","","","","","","","","","","","","","","User","catherine1.carter2@acme.com","","",""
"2025-10-24 09:35:27","Update user","UserType","Member","","","","","UserManagement","0ef5620f-29b2-4404-8df7-5d0cd142b1b0","Directory_0ef5620f-29b2-4404-8df7-5d0cd142b1b0_M6K68_269918236","","Office 365 SharePoint Online","6fe6db25-7d88-4fdc-809d-ed5fd52d3298","","","","","","","","","","","Core Directory","Update","success","","","","2b22d269-4f10-4524-894e-e05c48f3d8d9","TargetId.UserType","""Member""","","","","","","","","","","","","","","","","","","","","","","","User","allen3.edward1@acme.com","","",""
"2025-10-24 09:35:27","Update user","UserType","Member","","","","","UserManagement","0ef5620f-29b2-4404-8df7-5d0cd142b1b0","Directory_0ef5620f-29b2-4404-8df7-5d0cd142b1b0_M6K68_269918205","","Office 365 SharePoint Online","6fe6db25-7d88-4fdc-809d-ed5fd52d3298","","","","","","","","","","","Core Directory","Update","success","","","","2b22d269-4f10-4524-894e-e05c48f3d8d9","Included Updated Properties","""""","","","TargetId.UserType","""Member""","","","","","","","","","","","","","","","","","","","User","allen3.edward1@acme.com","","",""
"2025-10-24 09:18:50","Update user","UserType","Member","","","","","UserManagement","595ea6f3-70b7-4ddc-80e6-80c9a880495d","Directory_595ea6f3-70b7-4ddc-80e6-80c9a880495d_ZNFD1_335625503","","Office 365 SharePoint Online","6fe6db25-7d88-4fdc-809d-ed5fd52d3298","","","","","","","","","","","Core Directory","Update","success","","","","7df7de58-2af6-47c2-8887-079db9585c7e","TargetId.UserType","""Member""","","","","","","","","","","","","","","","","","","","","","","","User","torres1.carter3@acme.com","","",""
"2025-10-24 09:18:50","Update user","UserType","Member","","","","","UserManagement","595ea6f3-70b7-4ddc-80e6-80c9a880495d","Directory_595ea6f3-70b7-4ddc-80e6-80c9a880495d_ZNFD1_335625461","","Office 365 SharePoint Online","6fe6db25-7d88-4fdc-809d-ed5fd52d3298","","","","","","","","","","","Core Directory","Update","success","","","","7df7de58-2af6-47c2-8887-079db9585c7e","Included Updated Properties","""""","","","TargetId.UserType","""Member""","","","","","","","","","","","","","","","","","","","User","torres1.carter3@acme.com","","",""
"2025-10-24 09:18:15","Update user","UserType","Member","","","","","UserManagement","e60ace9e-fd47-4bce-8c62-439feb63f112","Directory_e60ace9e-fd47-4bce-8c62-439feb63f112_4JWRT_304362954","","Office 365 SharePoint Online","6fe6db25-7d88-4fdc-809d-ed5fd52d3298","","","","","","","","","","","Core Directory","Update","success","","","","c2d41362-b857-4351-8a78-520b3070914e","TargetId.UserType","""Member""","","","","","","","","","","","","","","","","","","","","","","","User","kathleen.carter@acme.com","","",""
"2025-10-24 09:18:15","Update user","UserType","Member","","","","","UserManagement","e60ace9e-fd47-4bce-8c62-439feb63f112","Directory_e60ace9e-fd47-4bce-8c62-439feb63f112_4JWRT_304362935","","Office 365 SharePoint Online","6fe6db25-7d88-4fdc-809d-ed5fd52d3298","","","","","","","","","","","Core Directory","Update","success","","","","c2d41362-b857-4351-8a78-520b3070914e","Included Updated Properties","""""","","","TargetId.UserType","""Member""","","","","","","","","","","","","","","","","","","","User","kathleen.carter@acme.com","","",""
"2025-10-24 09:09:31","Update user","UserType","Member","","","","","UserManagement","4373757c-bd59-482d-8d52-11e8c454eead","Directory_4373757c-bd59-482d-8d52-11e8c454eead_ASWPX_304370288","","Office 365 SharePoint Online","6fe6db25-7d88-4fdc-809d-ed5fd52d3298","","","","","","","","","","","Core Directory","Update","success","","","","d1e16d94-5029-43ad-8009-fe7cdafc0ca8","TargetId.UserType","""Member""","","","","","","","","","","","","","","","","","","","","","","","User","evelyn.ronald@acme.com","","",""
"2025-10-24 09:09:31","Update user","UserType","Member","","","","","UserManagement","4373757c-bd59-482d-8d52-11e8c454eead","Directory_4373757c-bd59-482d-8d52-11e8c454eead_ASWPX_304370264","","Office 365 SharePoint Online","6fe6db25-7d88-4fdc-809d-ed5fd52d3298","","","","","","","","","","","Core Directory","Update","success","","","","d1e16d94-5029-43ad-8009-fe7cdafc0ca8","Included Updated Properties","""""","","","TargetId.UserType","""Member""","","","","","","","","","","","","","","","","","","","User","evelyn.ronald@acme.com","","",""
"2025-10-24 08:51:08","Update user","UserType","Member","","","","","UserManagement","47193d57-1470-4d7c-8509-1fd8ef4918fd","Directory_47193d57-1470-4d7c-8509-1fd8ef4918fd_M6K68_265876902","","Office 365 SharePoint Online","6fe6db25-7d88-4fdc-809d-ed5fd52d3298","","","","","","","","","","","Core Directory","Update","success","","","","d0e4a9ac-084a-4133-8c33-53487177cf8a","TargetId.UserType","""Member""","","","","","","","","","","","","","","","","","","","","","","","User","samantha1.edward@acme.com","","",""
"2025-10-24 08:51:08","Update user","UserType","Member","","","","","UserManagement","47193d57-1470-4d7c-8509-1fd8ef4918fd","Directory_47193d57-1470-4d7c-8509-1fd8ef4918fd_M6K68_265876877","","Office 365 SharePoint Online","6fe6db25-7d88-4fdc-809d-ed5fd52d3298","","","","","","","","","","","Core Directory","Update","success","","","","d0e4a9ac-084a-4133-8c33-53487177cf8a","Included Updated Properties","""""","","","TargetId.UserType","""Member""","","","","","","","","","","","","","","","","","","","User","samantha1.edward@acme.com","","",""
"2025-10-24 08:46:25","Update user","UserType","Member","","","","","UserManagement","afadc3e3-a94a-474c-8bb7-6bfbfaed0360","Directory_afadc3e3-a94a-474c-8bb7-6bfbfaed0360_6XCZ2_76260337","","Office 365 SharePoint Online","6fe6db25-7d88-4fdc-809d-ed5fd52d3298","","","","","","","","","","","Core Directory","Update","success","","","","f32bb32c-d9b7-4656-8596-671a4e468153","TargetId.UserType","""Member""","","","","","","","","","","","","","","","","","","","","","","","User","lewis.thomas2@acme.com","","",""
"2025-10-24 08:46:25","Update user","UserType","Member","","","","","UserManagement","afadc3e3-a94a-474c-8bb7-6bfbfaed0360","Directory_afadc3e3-a94a-474c-8bb7-6bfbfaed0360_6XCZ2_76260322","","Office 365 SharePoint Online","6fe6db25-7d88-4fdc-809d-ed5fd52d3298","","","","","","","","","","","Core Directory","Update","success","","","","f32bb32c-d9b7-4656-8596-671a4e468153","Included Updated Properties","""""","","","TargetId.UserType","""Member""","","","","","","","","","","","","","","","","","","","User","lewis.thomas2@acme.com","","",""
"2025-10-24 08:44:08","Update user","UserType","Member","","","","","UserManagement","9654f1f5-6e6c-4551-885b-b7e1c124d904","Directory_9654f1f5-6e6c-4551-885b-b7e1c124d904_Y59UQ_338456238","","Office 365 SharePoint Online","6fe6db25-7d88-4fdc-809d-ed5fd52d3298","","","","","","","","","","","Core Directory","Update","success","","","","bf9339cc-dcd3-419c-87d7-ca33b140e3cb","TargetId.UserType","""Member""","","","","","","","","","","","","","","","","","","","","","","","User","ronald1.jackson@acme.com","","",""
"2025-10-24 08:44:08","Update user","UserType","Member","","","","","UserManagement","9654f1f5-6e6c-4551-885b-b7e1c124d904","Directory_9654f1f5-6e6c-4551-885b-b7e1c124d904_Y59UQ_338456223","","Office 365 SharePoint Online","6fe6db25-7d88-4fdc-809d-ed5fd52d3298","","","","","","","","","","","Core Directory","Update","success","","","","bf9339cc-dcd3-419c-87d7-ca33b140e3cb","Included Updated Properties","""""","","","TargetId.UserType","""Member""","","","","","","","","","","","","","","","","","","","User","ronald1.jackson@acme.com","","",""
"2025-10-24 08:13:53","Self-service password reset flow activity progress","","","","","","","UserManagement","b16b3b0f-e82d-4b86-84a8-3e1554dfcc15","SSPR_b16b3b0f-e82d-4b86-84a8-3e1554dfcc15_T4936_19589318","","","","","","","","","2602:f9f3:0:7d51:3a41:23f0:ee40:dfa5","2bc62264-7005-40a6-8994-1b0f4e2f6b5d","cynthia.brown3@acme.com","","","Self-service Password Management","Update","success","User was presented with verification options","Cynthia P Brown3","","2bc62264-7005-40a6-8994-1b0f4e2f6b5d","","","","","","","","","","","","","","","","","","","","","","","","","User","cynthia.brown3@acme.com","","Mozilla/5.0 (Windows NT 10.0; Win64; x64) AppleWebKit/537.36 (KHTML, like Gecko) Chrome/114.0.2.217 Safari/537.36 Edg/114.0.1823.86",""
"2025-10-24 08:13:53","Self-service password reset flow activity progress","","","","","","","UserManagement","b16b3b0f-e82d-4b86-84a8-3e1554dfcc15","SSPR_b16b3b0f-e82d-4b86-84a8-3e1554dfcc15_T4936_19589268","","","","","","","","","2602:f9f3:0:7d51:3a41:23f0:ee40:dfa5","2bc62264-7005-40a6-8994-1b0f4e2f6b5d","cynthia.brown3@acme.com","","","Self-service Password Management","Update","success","User submitted their user ID","Cynthia P Brown3","","2bc62264-7005-40a6-8994-1b0f4e2f6b5d","","","","","","","","","","","","","","","","","","","","","","","","","User","cynthia.brown3@acme.com","","Mozilla/5.0 (Windows NT 10.0; Win64; x64) AppleWebKit/537.36 (KHTML, like Gecko) Chrome/114.0.2.217 Safari/537.36 Edg/114.0.1823.86",""
"2025-10-24 05:09:31","Update device","DeviceId","50954f27-e0a2-457a-8b8c-3e7cafa242f4","","DeviceOSType","Windows","","Device","9d4df80c-3fea-4c46-8a3a-1c9e91d30357","Directory_9d4df80c-3fea-4c46-8a3a-1c9e91d30357_5QLCB_343816642","","Device Registration Service","20d63fc4-676f-4690-8d4b-8cc36be935cd","","","","","","","","","","","Core Directory","Update","success","","HOST-A20CAB","","720225b0-76ac-4386-8bf7-8f5e940aa01b","Included Updated Properties","""""","","","TargetId.DeviceId","""50954f27-e0a2-457a-8b8c-3e7cafa242f4""","","","TargetId.DeviceOSType","""Windows""","","","TargetId.DeviceTrustType","""AzureAd""","","","","","","","","","","","Device","","","",""
"2025-10-24 04:48:27","Update user","UserType","Member","","","","","UserManagement","21315c4e-88fc-4dbc-84d5-c749bd277614","Directory_21315c4e-88fc-4dbc-84d5-c749bd277614_JA4LB_276452481","","Microsoft Substrate Management","feb2a519-1cc9-4bea-8b5c-237fd8ea9a92","","","","","","","","","","","Core Directory","Update","success","","","","37fee340-51d9-4e67-8484-99569a079524","Included Updated Properties","""""","","","TargetId.UserType","""Member""","","","ActorId.ServicePrincipalNames","""7f53a90e-44b5-410c-8fd1-a31f09c2c31d""","","","SPN","""7f53a90e-44b5-410c-8fd1-a31f09c2c31d""","","","","","","","","","","","User","phillips2.edward@acme.com","","",""
"2025-10-24 01:38:42","GroupLifecyclePolicies_Get","","","","","","","GroupManagement","dadf6526-b597-4d91-8e1c-d386eca7b430","SSGM_dadf6526-b597-4d91-8e1c-d386eca7b430_B32CI_24324988","","","","","","","","","20.190.154.203","01ed56e0-dbf7-4027-8ea0-5ceabf3bfd4a","","","","Self-service Group Management","Update","success","OK","","","0dfd9c70-159e-4aa3-85d1-a03b95280861","","","","","","","","","","","","","","","","","","","","","","","","","N/A","","","",""
"2025-10-24 01:38:08","Add delegated permission grant","AppId","00000003-0000-0000-c000-000000000000","","","","","ApplicationManagement","b813c9b3-53c2-4802-8d9c-f62680f4ae6b","Directory_b813c9b3-53c2-4802-8d9c-f62680f4ae6b_KJC8N_66846826","","","","","","Technician","","","XX.XX.XXX.XXX","be51e53d-b12c-4f3c-8810-15f10ef42bf8","user_stephanie@msp1.example","","","Core Directory","Assign","success","","Microsoft Graph","","3c953ed9-ce52-4064-8eef-21a4d13632a8","DelegatedPermissionGrant.Scope","""DelegatedPermissionGrant.Read.All Directory.Read.All AppRoleAssignment.ReadWrite.All""","","","DelegatedPermissionGrant.ConsentType","""AllPrincipals""","","","ServicePrincipal.ObjectID","""01ed56e0-dbf7-4027-8ea0-5ceabf3bfd4a""","","","ServicePrincipal.DisplayName","","","","ServicePrincipal.AppId","","","","ServicePrincipal.Name","","","","ServicePrincipal","","","",""
"2025-10-24 01:38:07","Remove delegated permission grant","AppId","00000003-0000-0000-c000-000000000000","","","","","ApplicationManagement","4ae4514b-dd19-4f02-82f2-44d6ed252c1e","Directory_4ae4514b-dd19-4f02-82f2-44d6ed252c1e_7104I_59693639","","","","","","Technician","","","XX.XX.XXX.XXX","be51e53d-b12c-4f3c-8810-15f10ef42bf8","user_stephanie@msp1.example","","","Core Directory","Unassign","success","","Microsoft Graph","","3c953ed9-ce52-4064-8eef-21a4d13632a8","DelegatedPermissionGrant.Scope","","""DelegatedPermissionGrant.Read.All Directory.Read.All AppRoleAssignment.ReadWrite.All""","","DelegatedPermissionGrant.ConsentType","","""AllPrincipals""","","ServicePrincipal.ObjectID","","""01ed56e0-dbf7-4027-8ea0-5ceabf3bfd4a""","","ServicePrincipal.DisplayName","","","","ServicePrincipal.AppId","","","","ServicePrincipal.Name","","","","ServicePrincipal","","","",""
"2025-10-24 00:29:45","Synchronization rule action","Details","Group details: Skip reason = NotEffectivelyEntitled, Active = True, Assigned = False, Passed scope filter: True; ","","ErrorCode","","","ProvisioningManagement","1b7d8230-1e65-408a-8326-ada87e9b8ad4","Sync_1b7d8230-1e65-408a-8326-ada87e9b8ad4_92e5b9cf-c9a2-495d-83b2-3fc82f96324f_134031473850274850","","Azure AD Cloud Sync","","","","","","","","","","","","Account Provisioning","Read","success","The Group 'Group 1' will be skipped due to the following reasons: 
1) This object is not assigned to the application. If you did not expect the object to be skipped, assign the object to the application or change your scoping filter to allow all users and groups to be in scope for provisioning.
2) This object does not have required entitlement for provisioning. If you did not expect the object to be skipped, update provisioning scope to 'Sync all users and groups' or assign the object to the application with entitlement of provisioning category
","External Application 9","","756eda03-cf90-441c-808e-b59787d93e2b","members","""c5cd875b-ce68-4c43-85e0-0249ba95216b""","","","","","","","","","","","","","","","","","","","","","","","ServicePrincipal","","","",""
"2025-10-24 00:29:44","Synchronization rule action","Details","","","ErrorCode","","","ProvisioningManagement","1b7d8230-1e65-408a-8326-ada87e9b8ad4","Sync_1b7d8230-1e65-408a-8326-ada87e9b8ad4_92e5b9cf-c9a2-495d-83b2-3fc82f96324f_134031473849044850","","Azure AD Cloud Sync","","","","","","","","","","","","Account Provisioning","Read","success","User reed1.mitchell@acme.com will be skipped, because it has not been matched with any entry in the target directory, and there has been no change in any attribute that could alter that state. ","External Application 9","","756eda03-cf90-441c-808e-b59787d93e2b","objectId","""31510e04-6b24-4a36-8b50-fc1ad11ad4f9""","","","accountEnabled","""False""","","","displayName","""Reed1 Mitchell""","","","givenName","""Reed1""","","","jobTitle","""Job Title 1""","","","mailNickname","""reed1.mitchell""","","","ServicePrincipal","","","",""
"2025-10-24 00:29:44","Synchronization rule action","Details","","","ErrorCode","","","ProvisioningManagement","1b7d8230-1e65-408a-8326-ada87e9b8ad4","Sync_1b7d8230-1e65-408a-8326-ada87e9b8ad4_92e5b9cf-c9a2-495d-83b2-3fc82f96324f_134031473848964870","","Azure AD Cloud Sync","","","","","","","","","","","","Account Provisioning","Read","success","User kathleen.carter@acme.com will be skipped, because it has already been effectively de-provisioned.","External Application 9","","756eda03-cf90-441c-808e-b59787d93e2b","objectId","""c2d41362-b857-4351-8a78-520b3070914e""","","","accountEnabled","""False""","","","department","""Department 9""","","","displayName","""Kathleen Carter""","","","givenName","""Kathleen""","","","jobTitle","""Job Title 3""","","","ServicePrincipal","","","",""
"2025-10-24 00:29:44","Synchronization rule action","Details","","","ErrorCode","","","ProvisioningManagement","1b7d8230-1e65-408a-8326-ada87e9b8ad4","Sync_1b7d8230-1e65-408a-8326-ada87e9b8ad4_92e5b9cf-c9a2-495d-83b2-3fc82f96324f_134031473848884850","","Azure AD Cloud Sync","","","","","","","","","","","","Account Provisioning","Read","success","User thomas1.jimenez@acme.com will be skipped, because it has not been matched with any entry in the target directory, and there has been no change in any attribute that could alter that state. ","External Application 9","","756eda03-cf90-441c-808e-b59787d93e2b","objectId","""c8bfdc83-e15d-4584-83d0-f156fda37734""","","","accountEnabled","""False""","","","department","""Department 6""","","","displayName","""Thomas1 Jimenez""","","","givenName","""Thomas1""","","","jobTitle","""Job Title 12""","","","ServicePrincipal","","","",""
"2025-10-24 00:29:44","Synchronization rule action","Details","","","ErrorCode","","","ProvisioningManagement","1b7d8230-1e65-408a-8326-ada87e9b8ad4","Sync_1b7d8230-1e65-408a-8326-ada87e9b8ad4_92e5b9cf-c9a2-495d-83b2-3fc82f96324f_134031473848804850","","Azure AD Cloud Sync","","","","","","","","","","","","Account Provisioning","Read","success","User diane.nguyen@acme.com will be skipped, because it has not been matched with any entry in the target directory, and there has been no change in any attribute that could alter that state. ","External Application 9","","756eda03-cf90-441c-808e-b59787d93e2b","objectId","""9a338291-11ec-499c-8425-ba35ea84767e""","","","accountEnabled","""False""","","","displayName","""Diane Nguyen""","","","givenName","""Diane""","","","jobTitle","""Job Title 7""","","","mailNickname","""diane.nguyen""","","","ServicePrincipal","","","",""
"2025-10-24 00:29:44","Synchronization rule action","Details","","","ErrorCode","","","ProvisioningManagement","1b7d8230-1e65-408a-8326-ada87e9b8ad4","Sync_1b7d8230-1e65-408a-8326-ada87e9b8ad4_92e5b9cf-c9a2-495d-83b2-3fc82f96324f_134031473848724850","","Azure AD Cloud Sync","","","","","","","","","","","","Account Provisioning","Read","success","User samantha1.edward@acme.com will be skipped, because it has already been effectively de-provisioned.","External Application 9","","756eda03-cf90-441c-808e-b59787d93e2b","objectId","""d0e4a9ac-084a-4133-8c33-53487177cf8a""","","","accountEnabled","""False""","","","department","""Department 1""","","","displayName","""Samantha1 Edward""","","","givenName","""Samantha1""","","","jobTitle","""Job Title 2""","","","ServicePrincipal","","","",""
"2025-10-24 00:29:44","Synchronization rule action","Details","","","ErrorCode","","","ProvisioningManagement","1b7d8230-1e65-408a-8326-ada87e9b8ad4","Sync_1b7d8230-1e65-408a-8326-ada87e9b8ad4_92e5b9cf-c9a2-495d-83b2-3fc82f96324f_134031473848654850","","Azure AD Cloud Sync","","","","","","","","","","","","Account Provisioning","Read","success","User jenkins.roberts@acme.com will be skipped, because it has already been effectively de-provisioned.","External Application 9","","756eda03-cf90-441c-808e-b59787d93e2b","objectId","""b4e2a357-f352-40ff-84e5-5a31a71a3c2d""","","","accountEnabled","""False""","","","department","""Department 7""","","","displayName","""Jenkins Roberts""","","","givenName","""Jenkins""","","","jobTitle","""Job Title 8""","","","ServicePrincipal","","","",""
"2025-10-24 00:29:44","Synchronization rule action","Details","","","ErrorCode","","","ProvisioningManagement","1b7d8230-1e65-408a-8326-ada87e9b8ad4","Sync_1b7d8230-1e65-408a-8326-ada87e9b8ad4_92e5b9cf-c9a2-495d-83b2-3fc82f96324f_134031473848564870","","Azure AD Cloud Sync","","","","","","","","","","","","Account Provisioning","Read","success","User peterson.heather2@acme.com will be skipped, because it has already been effectively de-provisioned.","External Application 9","","756eda03-cf90-441c-808e-b59787d93e2b","objectId","""8107c9dc-0d87-4346-8d13-76a486414747""","","","accountEnabled","""False""","","","displayName","""Peterson Heather2""","","","givenName","""Peterson""","","","jobTitle","""Job Title 5""","","","mailNickname","""peterson.heather2""","","","ServicePrincipal","","","",""
"2025-10-24 00:29:44","Synchronization rule action","Details","","","ErrorCode","","","ProvisioningManagement","1b7d8230-1e65-408a-8326-ada87e9b8ad4","Sync_1b7d8230-1e65-408a-8326-ada87e9b8ad4_92e5b9cf-c9a2-495d-83b2-3fc82f96324f_134031473848484890","","Azure AD Cloud Sync","","","","","","","","","","","","Account Provisioning","Read","success","User evelyn2.rebecca1@acme.com will be skipped, because it has not been matched with any entry in the target directory, and there has been no change in any attribute that could alter that state. ","External Application 9","","756eda03-cf90-441c-808e-b59787d93e2b","objectId","""a86ba5ad-6b84-42bb-835e-03d42d52beac""","","","accountEnabled","""False""","","","displayName","""Evelyn2 Rebecca1""","","","givenName","""Evelyn2""","","","jobTitle","""Job Title 5""","","","mailNickname","""evelyn2.rebecca1""","","","ServicePrincipal","","","",""
"2025-10-24 00:29:44","Synchronization rule action","Details","","","ErrorCode","","","ProvisioningManagement","1b7d8230-1e65-408a-8326-ada87e9b8ad4","Sync_1b7d8230-1e65-408a-8326-ada87e9b8ad4_92e5b9cf-c9a2-495d-83b2-3fc82f96324f_134031473848404890","","Azure AD Cloud Sync","","","","","","","","","","","","Account Provisioning","Read","success","User allen3.edward1@acme.com will be skipped, because it has already been effectively de-provisioned.","External Application 9","","756eda03-cf90-441c-808e-b59787d93e2b","objectId","""2b22d269-4f10-4524-894e-e05c48f3d8d9""","","","accountEnabled","""False""","","","department","""Department 7""","","","displayName","""Allen3 Edward1""","","","givenName","""Allen3""","","","jobTitle","""Job Title 4""","","","ServicePrincipal","","","",""
"2025-10-24 00:29:44","Synchronization rule action","Details","","","ErrorCode","","","ProvisioningManagement","1b7d8230-1e65-408a-8326-ada87e9b8ad4","Sync_1b7d8230-1e65-408a-8326-ada87e9b8ad4_92e5b9cf-c9a2-495d-83b2-3fc82f96324f_134031473848334890","","Azure AD Cloud Sync","","","","","","","","","","","","Account Provisioning","Read","success","User amy2.wood@acme.com will be skipped, because it has not been matched with any entry in the target directory, and there has been no change in any attribute that could alter that state. ","External Application 9","","756eda03-cf90-441c-808e-b59787d93e2b","objectId","""9e4eef94-db52-4ae6-83d6-bad5395ff6f8""","","","accountEnabled","""False""","","","department","""Department 4""","","","displayName","""Amy2 Wood""","","","givenName","""Hovsep""","","","jobTitle","""Job Title 14""","","","ServicePrincipal","","","",""
"2025-10-24 00:29:44","Synchronization rule action","Details","","","ErrorCode","","","ProvisioningManagement","1b7d8230-1e65-408a-8326-ada87e9b8ad4","Sync_1b7d8230-1e65-408a-8326-ada87e9b8ad4_92e5b9cf-c9a2-495d-83b2-3fc82f96324f_134031473848254860","","Azure AD Cloud Sync","","","","","","","","","","","","Account Provisioning","Read","success","User joan.william@acme.com will be skipped, because it has already been effectively de-provisioned.","External Application 9","","756eda03-cf90-441c-808e-b59787d93e2b","objectId","""627a4ff0-f382-43d9-846c-7c185494c01e""","","","accountEnabled","""False""","","","department","""Department 7""","","","displayName","""Ronald William""","","","givenName","""Ronald""","","","jobTitle","""Job Title 15""","","","ServicePrincipal","","","",""
"2025-10-24 00:29:44","Synchronization rule action","Details","","","ErrorCode","","","ProvisioningManagement","1b7d8230-1e65-408a-8326-ada87e9b8ad4","Sync_1b7d8230-1e65-408a-8326-ada87e9b8ad4_92e5b9cf-c9a2-495d-83b2-3fc82f96324f_134031473848174870","","Azure AD Cloud Sync","","","","","","","","","","","","Account Provisioning","Read","success","User nguyen.wood1@acme.com will be skipped, because it has already been effectively de-provisioned.","External Application 9","","756eda03-cf90-441c-808e-b59787d93e2b","objectId","""ce02f276-d914-4909-853b-bf731e718640""","","","accountEnabled","""False""","","","department","""Department 3""","","","displayName","""Nguyen Wood1""","","","givenName","""Nguyen""","","","jobTitle","""Job Title 10""","","","ServicePrincipal","","","",""
"2025-10-24 00:29:44","Synchronization rule action","Details","User details: Skip reason = NotEffectivelyEntitled, Active = False, Assigned = True, Passed scope filter: True; ","","ErrorCode","","","ProvisioningManagement","1b7d8230-1e65-408a-8326-ada87e9b8ad4","Sync_1b7d8230-1e65-408a-8326-ada87e9b8ad4_92e5b9cf-c9a2-495d-83b2-3fc82f96324f_134031473848054860","","Azure AD Cloud Sync","","","","","","","","","","","","Account Provisioning","Read","success","The User 'amy2.wood@acme.com' will be skipped due to the following reasons: 
1) This object is not active in the source system.
","External Application 9","","756eda03-cf90-441c-808e-b59787d93e2b","objectId","""9e4eef94-db52-4ae6-83d6-bad5395ff6f8""","","","accountEnabled","""False""","","","department","""Department 4""","","","displayName","""Amy2 Wood""","","","givenName","""Hovsep""","","","jobTitle","""Job Title 14""","","","ServicePrincipal","","","",""
"2025-10-24 00:29:44","Synchronization rule action","Details","User details: Skip reason = NotEffectivelyEntitled, Active = False, Assigned = True, Passed scope filter: True; ","","ErrorCode","","","ProvisioningManagement","1b7d8230-1e65-408a-8326-ada87e9b8ad4","Sync_1b7d8230-1e65-408a-8326-ada87e9b8ad4_92e5b9cf-c9a2-495d-83b2-3fc82f96324f_134031473847924870","","Azure AD Cloud Sync","","","","","","","","","","","","Account Provisioning","Read","success","The User 'evelyn2.rebecca1@acme.com' will be skipped due to the following reasons: 
1) This object is not active in the source system.
","External Application 9","","756eda03-cf90-441c-808e-b59787d93e2b","objectId","""a86ba5ad-6b84-42bb-835e-03d42d52beac""","","","accountEnabled","""False""","","","displayName","""Evelyn2 Rebecca1""","","","givenName","""Evelyn2""","","","jobTitle","""Job Title 5""","","","mailNickname","""evelyn2.rebecca1""","","","ServicePrincipal","","","",""
"2025-10-24 00:29:44","Synchronization rule action","Details","User details: Skip reason = NotEffectivelyEntitled, Active = False, Assigned = True, Passed scope filter: True; ","","ErrorCode","","","ProvisioningManagement","1b7d8230-1e65-408a-8326-ada87e9b8ad4","Sync_1b7d8230-1e65-408a-8326-ada87e9b8ad4_92e5b9cf-c9a2-495d-83b2-3fc82f96324f_134031473847794860","","Azure AD Cloud Sync","","","","","","","","","","","","Account Provisioning","Read","success","The User 'diane.nguyen@acme.com' will be skipped due to the following reasons: 
1) This object is not active in the source system.
","External Application 9","","756eda03-cf90-441c-808e-b59787d93e2b","objectId","""9a338291-11ec-499c-8425-ba35ea84767e""","","","accountEnabled","""False""","","","displayName","""Diane Nguyen""","","","givenName","""Diane""","","","jobTitle","""Job Title 7""","","","mailNickname","""diane.nguyen""","","","ServicePrincipal","","","",""
"2025-10-24 00:29:44","Synchronization rule action","Details","User details: Skip reason = NotEffectivelyEntitled, Active = False, Assigned = True, Passed scope filter: True; ","","ErrorCode","","","ProvisioningManagement","1b7d8230-1e65-408a-8326-ada87e9b8ad4","Sync_1b7d8230-1e65-408a-8326-ada87e9b8ad4_92e5b9cf-c9a2-495d-83b2-3fc82f96324f_134031473847674860","","Azure AD Cloud Sync","","","","","","","","","","","","Account Provisioning","Read","success","The User 'thomas1.jimenez@acme.com' will be skipped due to the following reasons: 
1) This object is not active in the source system.
","External Application 9","","756eda03-cf90-441c-808e-b59787d93e2b","objectId","""c8bfdc83-e15d-4584-83d0-f156fda37734""","","","accountEnabled","""False""","","","department","""Department 6""","","","displayName","""Thomas1 Jimenez""","","","givenName","""Thomas1""","","","jobTitle","""Job Title 12""","","","ServicePrincipal","","","",""
"2025-10-24 00:29:44","Synchronization rule action","Details","User details: Skip reason = NotEffectivelyEntitled, Active = False, Assigned = True, Passed scope filter: True; ","","ErrorCode","","","ProvisioningManagement","1b7d8230-1e65-408a-8326-ada87e9b8ad4","Sync_1b7d8230-1e65-408a-8326-ada87e9b8ad4_92e5b9cf-c9a2-495d-83b2-3fc82f96324f_134031473847544860","","Azure AD Cloud Sync","","","","","","","","","","","","Account Provisioning","Read","success","The User 'reed1.mitchell@acme.com' will be skipped due to the following reasons: 
1) This object is not active in the source system.
","External Application 9","","756eda03-cf90-441c-808e-b59787d93e2b","objectId","""31510e04-6b24-4a36-8b50-fc1ad11ad4f9""","","","accountEnabled","""False""","","","displayName","""Reed1 Mitchell""","","","givenName","""Reed1""","","","jobTitle","""Job Title 1""","","","mailNickname","""reed1.mitchell""","","","ServicePrincipal","","","",""
"2025-10-24 00:29:44","Synchronization rule action","Details","User details: Skip reason = RedundantSoftDelete, Active = False, Assigned = True, Passed scope filter: True; ","","ErrorCode","","","ProvisioningManagement","1b7d8230-1e65-408a-8326-ada87e9b8ad4","Sync_1b7d8230-1e65-408a-8326-ada87e9b8ad4_92e5b9cf-c9a2-495d-83b2-3fc82f96324f_134031473846924860","","Azure AD Cloud Sync","","","","","","","","","","","","Account Provisioning","Read","success","The User 'kathleen.carter@acme.com' was evaluated to be soft-deleted in the source system and the provisioning service should soft-delete the target entry. However, the soft-deletion has been processed by the provisioning service previously. The soft delete operation will be skipped.","External Application 9","","756eda03-cf90-441c-808e-b59787d93e2b","objectId","""c2d41362-b857-4351-8a78-520b3070914e""","","","accountEnabled","""False""","","","department","""Department 9""","","","displayName","""Kathleen Carter""","","","givenName","""Kathleen""","","","jobTitle","""Job Title 3""","","","ServicePrincipal","","","",""
"2025-10-24 00:29:44","Synchronization rule action","Details","User details: Skip reason = RedundantSoftDelete, Active = False, Assigned = True, Passed scope filter: True; ","","ErrorCode","","","ProvisioningManagement","1b7d8230-1e65-408a-8326-ada87e9b8ad4","Sync_1b7d8230-1e65-408a-8326-ada87e9b8ad4_92e5b9cf-c9a2-495d-83b2-3fc82f96324f_134031473846804860","","Azure AD Cloud Sync","","","","","","","","","","","","Account Provisioning","Read","success","The User 'catherine1.carter2@acme.com' was evaluated to be soft-deleted in the source system and the provisioning service should soft-delete the target entry. However, the soft-deletion has been processed by the provisioning service previously. The soft delete operation will be skipped.","External Application 9","","756eda03-cf90-441c-808e-b59787d93e2b","objectId","""2318cfef-8d5d-4570-8820-15637b57a565""","","","accountEnabled","""False""","","","department","""Department 8""","","","displayName","""Catherine1 Carter2""","","","givenName","""Catherine1""","","","jobTitle","""Job Title 8""","","","ServicePrincipal","","","",""
"2025-10-24 00:29:44","Synchronization rule action","Details","User details: Skip reason = RedundantSoftDelete, Active = False, Assigned = True, Passed scope filter: True; ","","ErrorCode","","","ProvisioningManagement","1b7d8230-1e65-408a-8326-ada87e9b8ad4","Sync_1b7d8230-1e65-408a-8326-ada87e9b8ad4_92e5b9cf-c9a2-495d-83b2-3fc82f96324f_134031473846684860","","Azure AD Cloud Sync","","","","","","","","","","","","Account Provisioning","Read","success","The User 'lewis.thomas2@acme.com' was evaluated to be soft-deleted in the source system and the provisioning service should soft-delete the target entry. However, the soft-deletion has been processed by the provisioning service previously. The soft delete operation will be skipped.","External Application 9","","756eda03-cf90-441c-808e-b59787d93e2b","objectId","""f32bb32c-d9b7-4656-8596-671a4e468153""","","","accountEnabled","""False""","","","department","""Department 2""","","","displayName","""Lewis Thomas2""","","","givenName","""Lewis""","","","jobTitle","""Job Title 11""","","","ServicePrincipal","","","",""
"2025-10-24 00:29:44","Synchronization rule action","Details","User details: Skip reason = RedundantSoftDelete, Active = False, Assigned = True, Passed scope filter: True; ","","ErrorCode","","","ProvisioningManagement","1b7d8230-1e65-408a-8326-ada87e9b8ad4","Sync_1b7d8230-1e65-408a-8326-ada87e9b8ad4_92e5b9cf-c9a2-495d-83b2-3fc82f96324f_134031473846474860","","Azure AD Cloud Sync","","","","","","","","","","","","Account Provisioning","Read","success","The User 'samantha1.edward@acme.com' was evaluated to be soft-deleted in the source system and the provisioning service should soft-delete the target entry. However, the soft-deletion has been processed by the provisioning service previously. The soft delete operation will be skipped.","External Application 9","","756eda03-cf90-441c-808e-b59787d93e2b","objectId","""d0e4a9ac-084a-4133-8c33-53487177cf8a""","","","accountEnabled","""False""","","","department","""Department 1""","","","displayName","""Samantha1 Edward""","","","givenName","""Samantha1""","","","jobTitle","""Job Title 2""","","","ServicePrincipal","","","",""
"2025-10-24 00:29:44","Synchronization rule action","Details","User details: Skip reason = RedundantSoftDelete, Active = False, Assigned = True, Passed scope filter: True; ","","ErrorCode","","","ProvisioningManagement","1b7d8230-1e65-408a-8326-ada87e9b8ad4","Sync_1b7d8230-1e65-408a-8326-ada87e9b8ad4_92e5b9cf-c9a2-495d-83b2-3fc82f96324f_134031473846354840","","Azure AD Cloud Sync","","","","","","","","","","","","Account Provisioning","Read","success","The User 'torres1.carter3@acme.com' was evaluated to be soft-deleted in the source system and the provisioning service should soft-delete the target entry. However, the soft-deletion has been processed by the provisioning service previously. The soft delete operation will be skipped.","External Application 9","","756eda03-cf90-441c-808e-b59787d93e2b","objectId","""7df7de58-2af6-47c2-8887-079db9585c7e""","","","accountEnabled","""False""","","","displayName","""Lee Carter3""","","","givenName","""Lee""","","","mailNickname","""torres1.carter3""","","","surname","""Carter3""","","","ServicePrincipal","","","",""
"2025-10-24 00:29:44","Synchronization rule action","Details","User details: Skip reason = RedundantSoftDelete, Active = False, Assigned = True, Passed scope filter: True; ","","ErrorCode","","","ProvisioningManagement","1b7d8230-1e65-408a-8326-ada87e9b8ad4","Sync_1b7d8230-1e65-408a-8326-ada87e9b8ad4_92e5b9cf-c9a2-495d-83b2-3fc82f96324f_134031473846234870","","Azure AD Cloud Sync","","","","","","","","","","","","Account Provisioning","Read","success","The User 'jenkins.roberts@acme.com' was evaluated to be soft-deleted in the source system and the provisioning service should soft-delete the target entry. However, the soft-deletion has been processed by the provisioning service previously. The soft delete operation will be skipped.","External Application 9","","756eda03-cf90-441c-808e-b59787d93e2b","objectId","""b4e2a357-f352-40ff-84e5-5a31a71a3c2d""","","","accountEnabled","""False""","","","department","""Department 7""","","","displayName","""Jenkins Roberts""","","","givenName","""Jenkins""","","","jobTitle","""Job Title 8""","","","ServicePrincipal","","","",""
"2025-10-24 00:29:44","Synchronization rule action","Details","User details: Skip reason = RedundantSoftDelete, Active = False, Assigned = True, Passed scope filter: True; ","","ErrorCode","","","ProvisioningManagement","1b7d8230-1e65-408a-8326-ada87e9b8ad4","Sync_1b7d8230-1e65-408a-8326-ada87e9b8ad4_92e5b9cf-c9a2-495d-83b2-3fc82f96324f_134031473846114850","","Azure AD Cloud Sync","","","","","","","","","","","","Account Provisioning","Read","success","The User 'cook1.mitchell3@acme.com' was evaluated to be soft-deleted in the source system and the provisioning service should soft-delete the target entry. However, the soft-deletion has been processed by the provisioning service previously. The soft delete operation will be skipped.","External Application 9","","756eda03-cf90-441c-808e-b59787d93e2b","objectId","""7b6593af-c87d-4674-829a-9ede3adbdf5c""","","","accountEnabled","""False""","","","displayName","""Cook1 Mitchell3""","","","givenName","""Cook1""","","","mailNickname","""cook1.mitchell3""","","","surname","""Mitchell3""","","","ServicePrincipal","","","",""
"2025-10-24 00:29:44","Synchronization rule action","Details","User details: Skip reason = RedundantSoftDelete, Active = False, Assigned = True, Passed scope filter: True; ","","ErrorCode","","","ProvisioningManagement","1b7d8230-1e65-408a-8326-ada87e9b8ad4","Sync_1b7d8230-1e65-408a-8326-ada87e9b8ad4_92e5b9cf-c9a2-495d-83b2-3fc82f96324f_134031473845994840","","Azure AD Cloud Sync","","","","","","","","","","","","Account Provisioning","Read","success","The User 'peterson.heather2@acme.com' was evaluated to be soft-deleted in the source system and the provisioning service should soft-delete the target entry. However, the soft-deletion has been processed by the provisioning service previously. The soft delete operation will be skipped.","External Application 9","","756eda03-cf90-441c-808e-b59787d93e2b","objectId","""8107c9dc-0d87-4346-8d13-76a486414747""","","","accountEnabled","""False""","","","displayName","""Peterson Heather2""","","","givenName","""Peterson""","","","jobTitle","""Job Title 5""","","","mailNickname","""peterson.heather2""","","","ServicePrincipal","","","",""
"2025-10-24 00:29:44","Synchronization rule action","Details","User details: Skip reason = RedundantSoftDelete, Active = False, Assigned = True, Passed scope filter: True; ","","ErrorCode","","","ProvisioningManagement","1b7d8230-1e65-408a-8326-ada87e9b8ad4","Sync_1b7d8230-1e65-408a-8326-ada87e9b8ad4_92e5b9cf-c9a2-495d-83b2-3fc82f96324f_134031473845814870","","Azure AD Cloud Sync","","","","","","","","","","","","Account Provisioning","Read","success","The User 'mitchell2.ortiz@acme.com' was evaluated to be soft-deleted in the source system and the provisioning service should soft-delete the target entry. However, the soft-deletion has been processed by the provisioning service previously. The soft delete operation will be skipped.","External Application 9","","756eda03-cf90-441c-808e-b59787d93e2b","objectId","""c86c5f0b-5845-4ed8-8974-9f4817e9f14c""","","","accountEnabled","""False""","","","displayName","""Mitchell2  Ortiz""","","","givenName","""Mitchell2""","","","mailNickname","""mitchell2.ortiz""","","","surname","""Ortiz""","","","ServicePrincipal","","","",""
"2025-10-24 00:29:44","Synchronization rule action","Details","User details: Skip reason = RedundantSoftDelete, Active = False, Assigned = True, Passed scope filter: True; ","","ErrorCode","","","ProvisioningManagement","1b7d8230-1e65-408a-8326-ada87e9b8ad4","Sync_1b7d8230-1e65-408a-8326-ada87e9b8ad4_92e5b9cf-c9a2-495d-83b2-3fc82f96324f_134031473845694870","","Azure AD Cloud Sync","","","","","","","","","","","","Account Provisioning","Read","success","The User 'ronald1.jackson@acme.com' was evaluated to be soft-deleted in the source system and the provisioning service should soft-delete the target entry. However, the soft-deletion has been processed by the provisioning service previously. The soft delete operation will be skipped.","External Application 9","","756eda03-cf90-441c-808e-b59787d93e2b","objectId","""bf9339cc-dcd3-419c-87d7-ca33b140e3cb""","","","accountEnabled","""False""","","","displayName","""Ronald1 Jackson""","","","givenName","""Ronald1""","","","jobTitle","""Job Title 13""","","","mailNickname","""ronald1.jackson""","","","ServicePrincipal","","","",""
"2025-10-24 00:29:44","Synchronization rule action","Details","User details: Skip reason = RedundantSoftDelete, Active = False, Assigned = True, Passed scope filter: True; ","","ErrorCode","","","ProvisioningManagement","1b7d8230-1e65-408a-8326-ada87e9b8ad4","Sync_1b7d8230-1e65-408a-8326-ada87e9b8ad4_92e5b9cf-c9a2-495d-83b2-3fc82f96324f_134031473845574870","","Azure AD Cloud Sync","","","","","","","","","","","","Account Provisioning","Read","success","The User 'allen3.edward1@acme.com' was evaluated to be soft-deleted in the source system and the provisioning service should soft-delete the target entry. However, the soft-deletion has been processed by the provisioning service previously. The soft delete operation will be skipped.","External Application 9","","756eda03-cf90-441c-808e-b59787d93e2b","objectId","""2b22d269-4f10-4524-894e-e05c48f3d8d9""","","","accountEnabled","""False""","","","department","""Department 7""","","","displayName","""Allen3 Edward1""","","","givenName","""Allen3""","","","jobTitle","""Job Title 4""","","","ServicePrincipal","","","",""
"2025-10-24 00:29:44","Synchronization rule action","Details","User details: Skip reason = RedundantSoftDelete, Active = False, Assigned = True, Passed scope filter: True; ","","ErrorCode","","","ProvisioningManagement","1b7d8230-1e65-408a-8326-ada87e9b8ad4","Sync_1b7d8230-1e65-408a-8326-ada87e9b8ad4_92e5b9cf-c9a2-495d-83b2-3fc82f96324f_134031473845404880","","Azure AD Cloud Sync","","","","","","","","","","","","Account Provisioning","Read","success","The User 'joan.william@acme.com' was evaluated to be soft-deleted in the source system and the provisioning service should soft-delete the target entry. However, the soft-deletion has been processed by the provisioning service previously. The soft delete operation will be skipped.","External Application 9","","756eda03-cf90-441c-808e-b59787d93e2b","objectId","""627a4ff0-f382-43d9-846c-7c185494c01e""","","","accountEnabled","""False""","","","department","""Department 7""","","","displayName","""Ronald William""","","","givenName","""Ronald""","","","jobTitle","""Job Title 15""","","","ServicePrincipal","","","",""
"2025-10-24 00:29:44","Synchronization rule action","Details","User details: Skip reason = RedundantSoftDelete, Active = False, Assigned = True, Passed scope filter: True; ","","ErrorCode","","","ProvisioningManagement","1b7d8230-1e65-408a-8326-ada87e9b8ad4","Sync_1b7d8230-1e65-408a-8326-ada87e9b8ad4_92e5b9cf-c9a2-495d-83b2-3fc82f96324f_134031473845284860","","Azure AD Cloud Sync","","","","","","","","","","","","Account Provisioning","Read","success","The User 'nguyen.wood1@acme.com' was evaluated to be soft-deleted in the source system and the provisioning service should soft-delete the target entry. However, the soft-deletion has been processed by the provisioning service previously. The soft delete operation will be skipped.","External Application 9","","756eda03-cf90-441c-808e-b59787d93e2b","objectId","""ce02f276-d914-4909-853b-bf731e718640""","","","accountEnabled","""False""","","","department","""Department 3""","","","displayName","""Nguyen Wood1""","","","givenName","""Nguyen""","","","jobTitle","""Job Title 10""","","","ServicePrincipal","","","",""
"2025-10-24 00:29:44","Import","Details","","","ErrorCode","","","ProvisioningManagement","1b7d8230-1e65-408a-8326-ada87e9b8ad4","Sync_1b7d8230-1e65-408a-8326-ada87e9b8ad4_92e5b9cf-c9a2-495d-83b2-3fc82f96324f_134031473842924910","","Azure AD Cloud Sync","","","","","","","","","","","","Account Provisioning","Read","success","Received User 'reed1.mitchell@acme.com' change of type (Add) from Microsoft Entra ID","External Application 9","","756eda03-cf90-441c-808e-b59787d93e2b","objectId","""31510e04-6b24-4a36-8b50-fc1ad11ad4f9""","","","accountEnabled","""False""","","","displayName","""Reed1 Mitchell""","","","givenName","""Reed1""","","","jobTitle","""Job Title 1""","","","mailNickname","""reed1.mitchell""","","","ServicePrincipal","","","",""
"2025-10-24 00:29:44","Import","Details","","","ErrorCode","","","ProvisioningManagement","1b7d8230-1e65-408a-8326-ada87e9b8ad4","Sync_1b7d8230-1e65-408a-8326-ada87e9b8ad4_92e5b9cf-c9a2-495d-83b2-3fc82f96324f_134031473842844890","","Azure AD Cloud Sync","","","","","","","","","","","","Account Provisioning","Read","success","Received User 'kathleen.carter@acme.com' change of type (Add) from Microsoft Entra ID","External Application 9","","756eda03-cf90-441c-808e-b59787d93e2b","objectId","""c2d41362-b857-4351-8a78-520b3070914e""","","","accountEnabled","""False""","","","department","""Department 9""","","","displayName","""Kathleen Carter""","","","givenName","""Kathleen""","","","jobTitle","""Job Title 3""","","","ServicePrincipal","","","",""
"2025-10-24 00:29:44","Import","Details","","","ErrorCode","","","ProvisioningManagement","1b7d8230-1e65-408a-8326-ada87e9b8ad4","Sync_1b7d8230-1e65-408a-8326-ada87e9b8ad4_92e5b9cf-c9a2-495d-83b2-3fc82f96324f_134031473842744880","","Azure AD Cloud Sync","","","","","","","","","","","","Account Provisioning","Read","success","Received User 'catherine1.carter2@acme.com' change of type (Add) from Microsoft Entra ID","External Application 9","","756eda03-cf90-441c-808e-b59787d93e2b","objectId","""2318cfef-8d5d-4570-8820-15637b57a565""","","","accountEnabled","""False""","","","department","""Department 8""","","","displayName","""Catherine1 Carter2""","","","givenName","""Catherine1""","","","jobTitle","""Job Title 8""","","","ServicePrincipal","","","",""
"2025-10-24 00:29:44","Import","Details","","","ErrorCode","","","ProvisioningManagement","1b7d8230-1e65-408a-8326-ada87e9b8ad4","Sync_1b7d8230-1e65-408a-8326-ada87e9b8ad4_92e5b9cf-c9a2-495d-83b2-3fc82f96324f_134031473842664890","","Azure AD Cloud Sync","","","","","","","","","","","","Account Provisioning","Read","success","Received User 'lewis.thomas2@acme.com' change of type (Add) from Microsoft Entra ID","External Application 9","","756eda03-cf90-441c-808e-b59787d93e2b","objectId","""f32bb32c-d9b7-4656-8596-671a4e468153""","","","accountEnabled","""False""","","","department","""Department 2""","","","displayName","""Lewis Thomas2""","","","givenName","""Lewis""","","","jobTitle","""Job Title 11""","","","ServicePrincipal","","","",""
"2025-10-24 00:29:44","Import","Details","","","ErrorCode","","","ProvisioningManagement","1b7d8230-1e65-408a-8326-ada87e9b8ad4","Sync_1b7d8230-1e65-408a-8326-ada87e9b8ad4_92e5b9cf-c9a2-495d-83b2-3fc82f96324f_134031473842584890","","Azure AD Cloud Sync","","","","","","","","","","","","Account Provisioning","Read","success","Received User 'thomas1.jimenez@acme.com' change of type (Add) from Microsoft Entra ID","External Application 9","","756eda03-cf90-441c-808e-b59787d93e2b","objectId","""c8bfdc83-e15d-4584-83d0-f156fda37734""","","","accountEnabled","""False""","","","department","""Department 6""","","","displayName","""Thomas1 Jimenez""","","","givenName","""Thomas1""","","","jobTitle","""Job Title 12""","","","ServicePrincipal","","","",""
"2025-10-24 00:29:44","Import","Details","","","ErrorCode","","","ProvisioningManagement","1b7d8230-1e65-408a-8326-ada87e9b8ad4","Sync_1b7d8230-1e65-408a-8326-ada87e9b8ad4_92e5b9cf-c9a2-495d-83b2-3fc82f96324f_134031473842514880","","Azure AD Cloud Sync","","","","","","","","","","","","Account Provisioning","Read","success","Received User 'diane.nguyen@acme.com' change of type (Add) from Microsoft Entra ID","External Application 9","","756eda03-cf90-441c-808e-b59787d93e2b","objectId","""9a338291-11ec-499c-8425-ba35ea84767e""","","","accountEnabled","""False""","","","displayName","""Diane Nguyen""","","","givenName","""Diane""","","","jobTitle","""Job Title 7""","","","mailNickname","""diane.nguyen""","","","ServicePrincipal","","","",""
"2025-10-24 00:29:44","Import","Details","","","ErrorCode","","","ProvisioningManagement","1b7d8230-1e65-408a-8326-ada87e9b8ad4","Sync_1b7d8230-1e65-408a-8326-ada87e9b8ad4_92e5b9cf-c9a2-495d-83b2-3fc82f96324f_134031473842434880","","Azure AD Cloud Sync","","","","","","","","","","","","Account Provisioning","Read","success","Received User 'samantha1.edward@acme.com' change of type (Add) from Microsoft Entra ID","External Application 9","","756eda03-cf90-441c-808e-b59787d93e2b","objectId","""d0e4a9ac-084a-4133-8c33-53487177cf8a""","","","accountEnabled","""False""","","","department","""Department 1""","","","displayName","""Samantha1 Edward""","","","givenName","""Samantha1""","","","jobTitle","""Job Title 2""","","","ServicePrincipal","","","",""
"2025-10-24 00:29:44","Import","Details","","","ErrorCode","","","ProvisioningManagement","1b7d8230-1e65-408a-8326-ada87e9b8ad4","Sync_1b7d8230-1e65-408a-8326-ada87e9b8ad4_92e5b9cf-c9a2-495d-83b2-3fc82f96324f_134031473842364880","","Azure AD Cloud Sync","","","","","","","","","","","","Account Provisioning","Read","success","Received User 'torres1.carter3@acme.com' change of type (Add) from Microsoft Entra ID","External Application 9","","756eda03-cf90-441c-808e-b59787d93e2b","objectId","""7df7de58-2af6-47c2-8887-079db9585c7e""","","","accountEnabled","""False""","","","displayName","""Lee Carter3""","","","givenName","""Lee""","","","mailNickname","""torres1.carter3""","","","surname","""Carter3""","","","ServicePrincipal","","","",""
"2025-10-24 00:29:44","Import","Details","","","ErrorCode","","","ProvisioningManagement","1b7d8230-1e65-408a-8326-ada87e9b8ad4","Sync_1b7d8230-1e65-408a-8326-ada87e9b8ad4_92e5b9cf-c9a2-495d-83b2-3fc82f96324f_134031473842294900","","Azure AD Cloud Sync","","","","","","","","","","","","Account Provisioning","Read","success","Received User 'jenkins.roberts@acme.com' change of type (Add) from Microsoft Entra ID","External Application 9","","756eda03-cf90-441c-808e-b59787d93e2b","objectId","""b4e2a357-f352-40ff-84e5-5a31a71a3c2d""","","","accountEnabled","""False""","","","department","""Department 7""","","","displayName","""Jenkins Roberts""","","","givenName","""Jenkins""","","","jobTitle","""Job Title 8""","","","ServicePrincipal","","","",""
"2025-10-24 00:29:44","Import","Details","","","ErrorCode","","","ProvisioningManagement","1b7d8230-1e65-408a-8326-ada87e9b8ad4","Sync_1b7d8230-1e65-408a-8326-ada87e9b8ad4_92e5b9cf-c9a2-495d-83b2-3fc82f96324f_134031473842214900","","Azure AD Cloud Sync","","","","","","","","","","","","Account Provisioning","Read","success","Received User 'cook1.mitchell3@acme.com' change of type (Add) from Microsoft Entra ID","External Application 9","","756eda03-cf90-441c-808e-b59787d93e2b","objectId","""7b6593af-c87d-4674-829a-9ede3adbdf5c""","","","accountEnabled","""False""","","","displayName","""Cook1 Mitchell3""","","","givenName","""Cook1""","","","mailNickname","""cook1.mitchell3""","","","surname","""Mitchell3""","","","ServicePrincipal","","","",""
"2025-10-24 00:29:44","Import","Details","","","ErrorCode","","","ProvisioningManagement","1b7d8230-1e65-408a-8326-ada87e9b8ad4","Sync_1b7d8230-1e65-408a-8326-ada87e9b8ad4_92e5b9cf-c9a2-495d-83b2-3fc82f96324f_134031473842134910","","Azure AD Cloud Sync","","","","","","","","","","","","Account Provisioning","Read","success","Received User 'peterson.heather2@acme.com' change of type (Add) from Microsoft Entra ID","External Application 9","","756eda03-cf90-441c-808e-b59787d93e2b","objectId","""8107c9dc-0d87-4346-8d13-76a486414747""","","","accountEnabled","""False""","","","displayName","""Peterson Heather2""","","","givenName","""Peterson""","","","jobTitle","""Job Title 5""","","","mailNickname","""peterson.heather2""","","","ServicePrincipal","","","",""
"2025-10-24 00:29:44","Import","Details","","","ErrorCode","","","ProvisioningManagement","1b7d8230-1e65-408a-8326-ada87e9b8ad4","Sync_1b7d8230-1e65-408a-8326-ada87e9b8ad4_92e5b9cf-c9a2-495d-83b2-3fc82f96324f_134031473842054920","","Azure AD Cloud Sync","","","","","","","","","","","","Account Provisioning","Read","success","Received User 'evelyn2.rebecca1@acme.com' change of type (Add) from Microsoft Entra ID","External Application 9","","756eda03-cf90-441c-808e-b59787d93e2b","objectId","""a86ba5ad-6b84-42bb-835e-03d42d52beac""","","","accountEnabled","""False""","","","displayName","""Evelyn2 Rebecca1""","","","givenName","""Evelyn2""","","","jobTitle","""Job Title 5""","","","mailNickname","""evelyn2.rebecca1""","","","ServicePrincipal","","","",""
"2025-10-24 00:29:44","Import","Details","","","ErrorCode","","","ProvisioningManagement","1b7d8230-1e65-408a-8326-ada87e9b8ad4","Sync_1b7d8230-1e65-408a-8326-ada87e9b8ad4_92e5b9cf-c9a2-495d-83b2-3fc82f96324f_134031473841984900","","Azure AD Cloud Sync","","","","","","","","","","","","Account Provisioning","Read","success","Received User 'mitchell2.ortiz@acme.com' change of type (Add) from Microsoft Entra ID","External Application 9","","756eda03-cf90-441c-808e-b59787d93e2b","objectId","""c86c5f0b-5845-4ed8-8974-9f4817e9f14c""","","","accountEnabled","""False""","","","displayName","""Mitchell2  Ortiz""","","","givenName","""Mitchell2""","","","mailNickname","""mitchell2.ortiz""","","","surname","""Ortiz""","","","ServicePrincipal","","","",""
"2025-10-24 00:29:44","Import","Details","","","ErrorCode","","","ProvisioningManagement","1b7d8230-1e65-408a-8326-ada87e9b8ad4","Sync_1b7d8230-1e65-408a-8326-ada87e9b8ad4_92e5b9cf-c9a2-495d-83b2-3fc82f96324f_134031473841904910","","Azure AD Cloud Sync","","","","","","","","","","","","Account Provisioning","Read","success","Received User 'ronald1.jackson@acme.com' change of type (Add) from Microsoft Entra ID","External Application 9","","756eda03-cf90-441c-808e-b59787d93e2b","objectId","""bf9339cc-dcd3-419c-87d7-ca33b140e3cb""","","","accountEnabled","""False""","","","displayName","""Ronald1 Jackson""","","","givenName","""Ronald1""","","","jobTitle","""Job Title 13""","","","mailNickname","""ronald1.jackson""","","","ServicePrincipal","","","",""
"2025-10-24 00:29:44","Import","Details","","","ErrorCode","","","ProvisioningManagement","1b7d8230-1e65-408a-8326-ada87e9b8ad4","Sync_1b7d8230-1e65-408a-8326-ada87e9b8ad4_92e5b9cf-c9a2-495d-83b2-3fc82f96324f_134031473841814880","","Azure AD Cloud Sync","","","","","","","","","","","","Account Provisioning","Read","success","Received User 'allen3.edward1@acme.com' change of type (Add) from Microsoft Entra ID","External Application 9","","756eda03-cf90-441c-808e-b59787d93e2b","objectId","""2b22d269-4f10-4524-894e-e05c48f3d8d9""","","","accountEnabled","""False""","","","department","""Department 7""","","","displayName","""Allen3 Edward1""","","","givenName","""Allen3""","","","jobTitle","""Job Title 4""","","","ServicePrincipal","","","",""
"2025-10-24 00:29:44","Import","Details","","","ErrorCode","","","ProvisioningManagement","1b7d8230-1e65-408a-8326-ada87e9b8ad4","Sync_1b7d8230-1e65-408a-8326-ada87e9b8ad4_92e5b9cf-c9a2-495d-83b2-3fc82f96324f_134031473841744890","","Azure AD Cloud Sync","","","","","","","","","","","","Account Provisioning","Read","success","Received User 'amy2.wood@acme.com' change of type (Add) from Microsoft Entra ID","External Application 9","","756eda03-cf90-441c-808e-b59787d93e2b","objectId","""9e4eef94-db52-4ae6-83d6-bad5395ff6f8""","","","accountEnabled","""False""","","","department","""Department 4""","","","displayName","""Amy2 Wood""","","","givenName","""Hovsep""","","","jobTitle","""Job Title 14""","","","ServicePrincipal","","","",""
"2025-10-24 00:29:44","Import","Details","","","ErrorCode","","","ProvisioningManagement","1b7d8230-1e65-408a-8326-ada87e9b8ad4","Sync_1b7d8230-1e65-408a-8326-ada87e9b8ad4_92e5b9cf-c9a2-495d-83b2-3fc82f96324f_134031473841664870","","Azure AD Cloud Sync","","","","","","","","","","","","Account Provisioning","Read","success","Received User 'joan.william@acme.com' change of type (Add) from Microsoft Entra ID","External Application 9","","756eda03-cf90-441c-808e-b59787d93e2b","objectId","""627a4ff0-f382-43d9-846c-7c185494c01e""","","","accountEnabled","""False""","","","department","""Department 7""","","","displayName","""Ronald William""","","","givenName","""Ronald""","","","jobTitle","""Job Title 15""","","","ServicePrincipal","","","",""
"2025-10-24 00:29:44","Import","Details","","","ErrorCode","","","ProvisioningManagement","1b7d8230-1e65-408a-8326-ada87e9b8ad4","Sync_1b7d8230-1e65-408a-8326-ada87e9b8ad4_92e5b9cf-c9a2-495d-83b2-3fc82f96324f_134031473841584900","","Azure AD Cloud Sync","","","","","","","","","","","","Account Provisioning","Read","success","Received User 'nguyen.wood1@acme.com' change of type (Add) from Microsoft Entra ID","External Application 9","","756eda03-cf90-441c-808e-b59787d93e2b","objectId","""ce02f276-d914-4909-853b-bf731e718640""","","","accountEnabled","""False""","","","department","""Department 3""","","","displayName","""Nguyen Wood1""","","","givenName","""Nguyen""","","","jobTitle","""Job Title 10""","","","ServicePrincipal","","","",""
"2025-10-24 00:29:42","Other","Details","Type: AppRoleAssignment
Modification: Add
Anchor: qbr5z9K8IUyjKAHYTL_siDjlqbyxVPRBvzvI92m0dG0
Matching property values: 76177af3-b8ae-498b-81f0-4c03455d7a6a
OriginalSourceEntryType: 
Reference Change? False
ContainsEntitlement? False
TrackingId 4dc73447-b7bd-444c-8f76-a0c5c7495b48","","ErrorCode","","","ProvisioningManagement","1b7d8230-1e65-408a-8326-ada87e9b8ad4","Sync_1b7d8230-1e65-408a-8326-ada87e9b8ad4_92e5b9cf-c9a2-495d-83b2-3fc82f96324f_134031473821177740","","Azure AD Cloud Sync","","","","","","","","","","","","Account Provisioning","Read","success","This app role assignment was imported: qbr5z9K8IUyjKAHYTL_siDjlqbyxVPRBvzvI92m0dG0.  The app role granted was 76177af3-b8ae-498b-81f0-4c03455d7a6a.  It was granted to Group 34e0af06-dc41-45ee-8b74-60db5c45fe59.","External Application 9","","756eda03-cf90-441c-808e-b59787d93e2b","","","","","","","","","","","","","","","","","","","","","","","","","ServicePrincipal","","","",""
"2025-10-23 23:55:45","Add member to group","","","","","","","GroupManagement","2febae76-9e3a-45b6-867f-f3acfca6110c","Directory_2febae76-9e3a-45b6-867f-f3acfca6110c_OD5XI_240204672","","Microsoft Substrate Management","feb2a519-1cc9-4bea-8b5c-237fd8ea9a92","","","","","","","","","","","Core Directory","Assign","success","","","","c5cd875b-ce68-4c43-85e0-0249ba95216b","Group.ObjectID","""81b0d6a3-406c-4773-8ac3-6d2ccd2917b5""","","","Group.DisplayName","""Group 1""","","","ActorId.ServicePrincipalNames","""7f53a90e-44b5-410c-8fd1-a31f09c2c31d""","","","SPN","""7f53a90e-44b5-410c-8fd1-a31f09c2c31d""","","","","","","","","","","","User","rogers.amy@acme.com","","",""
"2025-10-23 23:53:57","Set Company Information","User-Agent","O365AdminPortal","","","","","DirectoryManagement","e4beba60-81e8-47fc-85fa-09e38547d166","Directory_e4beba60-81e8-47fc-85fa-09e38547d166_1SIK6_233854074","","Microsoft Office 365 Portal","b860ea04-7619-492c-8b98-bfa20b645733","","","","","","","","","","","Core Directory","Update","success","","Acme","","92e5b9cf-c9a2-495d-83b2-3fc82f96324f","Included Updated Properties","""""","","","","","","","","","","","","","","","","","","","","","","","Directory","","","",""
"2025-10-23 22:07:29","Update device","DeviceId","e4d2c80a-4db7-4313-8661-0c2aa67664e5","","DeviceOSType","Windows","","Device","bed83033-1f2d-4414-8eac-7ffd14e26468","Directory_bed83033-1f2d-4414-8eac-7ffd14e26468_6PKFR_246058727","","Device Registration Service","20d63fc4-676f-4690-8d4b-8cc36be935cd","","","","","","","","","","","Core Directory","Update","success","","HOST-975A82","","03269211-3ca4-4736-8b1d-ee491bb00bae","Included Updated Properties","""""","","","TargetId.DeviceId","""e4d2c80a-4db7-4313-8661-0c2aa67664e5""","","","TargetId.DeviceOSType","""Windows""","","","TargetId.DeviceTrustType","""AzureAd""","","","","","","","","","","","Device","","","",""
"2025-10-23 21:45:58","Update device","DeviceId","fdff50ff-d805-4d01-8610-6d34835c669d","","DeviceOSType","Windows","","Device","0685ea40-1af2-46a6-85c1-679e8148064a","Directory_0685ea40-1af2-46a6-85c1-679e8148064a_FC0PQ_289062529","","Device Registration Service","20d63fc4-676f-4690-8d4b-8cc36be935cd","","","","","","","","","","","Core Directory","Update","success","","HOST-340ABB","","de9ef268-d30a-4a8b-8f28-67d33c5e7889","Included Updated Properties","""""","","","TargetId.DeviceId","""fdff50ff-d805-4d01-8610-6d34835c669d""","","","TargetId.DeviceOSType","""Windows""","","","TargetId.DeviceTrustType","""AzureAd""","","","","","","","","","","","Device","","","",""
"2025-10-23 20:48:13","Update user","UserType","Member","","","","","UserManagement","70089d27-935b-4ff0-8295-fe56aada493b","Directory_70089d27-935b-4ff0-8295-fe56aada493b_M6K68_192710013","","Microsoft Substrate Management","feb2a519-1cc9-4bea-8b5c-237fd8ea9a92","","","","","","","","","","","Core Directory","Update","success","","","","97ca0ed4-05f5-45c7-8106-ed787dba4a0e","Included Updated Properties","""""","","","TargetId.UserType","""Member""","","","ActorId.ServicePrincipalNames","""7f53a90e-44b5-410c-8fd1-a31f09c2c31d""","","","SPN","""7f53a90e-44b5-410c-8fd1-a31f09c2c31d""","","","","","","","","","","","User","evans.jenkins2@acme.com","","",""
"2025-10-23 20:26:00","Update device","DeviceId","2173520b-3dce-486b-812f-9128532270d9","","DeviceOSType","Windows","","Device","90b176c9-ec5d-43d5-8047-96c078b1956f","Directory_90b176c9-ec5d-43d5-8047-96c078b1956f_H0ZXD_282552813","","Device Registration Service","20d63fc4-676f-4690-8d4b-8cc36be935cd","","","","","","","","","","","Core Directory","Update","success","","HOST-2F3926","","63b136e4-fdad-48cf-82e5-60474ea8a985","CloudDeviceOSVersion","[""10.0.26100.6584""]","[""10.0.26100.4946""]","","DeviceOSVersion","[""10.0.26100.6584""]","[""10.0.26100.4946""]","","Included Updated Properties","""CloudDeviceOSVersion, DeviceOSVersion""","","","TargetId.DeviceId","""2173520b-3dce-486b-812f-9128532270d9""","","","TargetId.DeviceOSType","""Windows""","","","TargetId.DeviceTrustType","""AzureAd""","","","Device","","","",""
"2025-10-23 19:47:58","Update device","DeviceId","e5dc27b9-0d68-4243-8d7f-352a30d895cd","","DeviceOSType","Windows","","Device","da59e2b7-2f95-40e4-8655-41ab894bd8b3","Directory_da59e2b7-2f95-40e4-8655-41ab894bd8b3_66IMH_243472401","","Device Registration Service","20d63fc4-676f-4690-8d4b-8cc36be935cd","","","","","","","","","","","Core Directory","Update","success","","HOST-229517","","296eca03-7307-42cc-809c-c1a8953d05eb","Included Updated Properties","""""","","","TargetId.DeviceId","""e5dc27b9-0d68-4243-8d7f-352a30d895cd""","","","TargetId.DeviceOSType","""Windows""","","","TargetId.DeviceTrustType","""AzureAd""","","","","","","","","","","","Device","","","",""
"2025-10-23 19:21:05","Update user","UserType","Member","","","","","UserManagement","8fd632cd-709e-4155-81e1-055fab20ac3e","Directory_8fd632cd-709e-4155-81e1-055fab20ac3e_GOE18_248836024","","Microsoft Substrate Management","feb2a519-1cc9-4bea-8b5c-237fd8ea9a92","","","","","","","","","","","Core Directory","Update","success","","","","2bc62264-7005-40a6-8994-1b0f4e2f6b5d","Included Updated Properties","""""","","","TargetId.UserType","""Member""","","","ActorId.ServicePrincipalNames","""7f53a90e-44b5-410c-8fd1-a31f09c2c31d""","","","SPN","""7f53a90e-44b5-410c-8fd1-a31f09c2c31d""","","","","","","","","","","","User","cynthia.brown3@acme.com","","",""
"2025-10-23 19:11:38","Update device","DeviceId","9880f42f-ca36-4e6e-8f9c-e46b7991b66c","","DeviceOSType","Windows","","Device","5ada0738-d65b-4c42-86fa-0125adb4b381","Directory_5ada0738-d65b-4c42-86fa-0125adb4b381_6NASD_262733152","","Device Registration Service","20d63fc4-676f-4690-8d4b-8cc36be935cd","","","","","","","","","","","Core Directory","Update","success","","HOST-B06B19","","d3a15317-985f-4c7c-8b72-d29e36369829","Included Updated Properties","""""","","","TargetId.DeviceId","""9880f42f-ca36-4e6e-8f9c-e46b7991b66c""","","","TargetId.DeviceOSType","""Windows""","","","TargetId.DeviceTrustType","""AzureAd""","","","","","","","","","","","Device","","","",""
"2025-10-23 18:20:28","Update user","UserType","Member","","","","","UserManagement","126f0dea-2c2d-4962-8a1f-d125c7a3581d","Directory_126f0dea-2c2d-4962-8a1f-d125c7a3581d_025E1_183993749","","Microsoft Substrate Management","feb2a519-1cc9-4bea-8b5c-237fd8ea9a92","","","","","","","","","","","Core Directory","Update","success","","","","21c8a508-dcb1-45f5-8590-258bcfe483c5","Included Updated Properties","""""","","","TargetId.UserType","""Member""","","","ActorId.ServicePrincipalNames","""7f53a90e-44b5-410c-8fd1-a31f09c2c31d""","","","SPN","""7f53a90e-44b5-410c-8fd1-a31f09c2c31d""","","","","","","","","","","","User","victoria1.heather3@acme.com","","",""
"2025-10-23 17:55:35","Settings_GetSettingsAsync","","","","","","","GroupManagement","b4f2af14-c098-438e-8cdd-24fc497a1aa5","SSGM_b4f2af14-c098-438e-8cdd-24fc497a1aa5_XDV15_15448639","","","","","","","","","4.154.168.112","37fee340-51d9-4e67-8484-99569a079524","phillips2.edward@acme.com","","","Self-service Group Management","Update","success","OK","","","0dfd9c70-159e-4aa3-85d1-a03b95280861","","","","","","","","","","","","","","","","","","","","","","","","","N/A","","","",""
"2025-10-23 17:55:35","Settings_GetSettingsAsync","","","","","","","GroupManagement","8ad64798-a267-429b-8c5e-2f309d1e848a","SSGM_8ad64798-a267-429b-8c5e-2f309d1e848a_HXOUR_158701319","","","","","","","","","20.228.63.91","37fee340-51d9-4e67-8484-99569a079524","phillips2.edward@acme.com","","","Self-service Group Management","Update","success","OK","","","0dfd9c70-159e-4aa3-85d1-a03b95280861","","","","","","","","","","","","","","","","","","","","","","","","","N/A","","","",""
"2025-10-23 17:30:45","Update device","DeviceId","8779ec42-a74b-4a3e-89cb-0bf2019aa3ce","","DeviceOSType","Windows","","Device","835e15c6-a76e-4b2c-8bae-e6dc117c01d0","Directory_835e15c6-a76e-4b2c-8bae-e6dc117c01d0_JN78U_233741152","","Device Registration Service","20d63fc4-676f-4690-8d4b-8cc36be935cd","","","","","","","","","","","Core Directory","Update","success","","HOST-32E45A","","19783165-01e6-4a7c-8370-847201c102a7","Included Updated Properties","""""","","","TargetId.DeviceId","""8779ec42-a74b-4a3e-89cb-0bf2019aa3ce""","","","TargetId.DeviceOSType","""Windows""","","","TargetId.DeviceTrustType","""Workplace""","","","","","","","","","","","Device","","","",""
"2025-10-23 17:25:41","Update user","UserType","Member","","","","","UserManagement","9d39b564-c0e0-4567-8e36-8c856fdcaaa3","Directory_9d39b564-c0e0-4567-8e36-8c856fdcaaa3_7AFSX_178629091","","Microsoft Substrate Management","feb2a519-1cc9-4bea-8b5c-237fd8ea9a92","","","","","","","","","","","Core Directory","Update","success","","","","f2ac467b-8dd5-44ef-8370-ecda672fd055","Included Updated Properties","""""","","","TargetId.UserType","""Member""","","","ActorId.ServicePrincipalNames","""7f53a90e-44b5-410c-8fd1-a31f09c2c31d""","","","SPN","""7f53a90e-44b5-410c-8fd1-a31f09c2c31d""","","","","","","","","","","","User","sandra2.sandra3@acme.com","","",""
"2025-10-23 16:18:08","GroupLifecyclePolicies_Get","","","","","","","GroupManagement","a32ba766-4174-4125-847c-23a57c2dbc50","SSGM_a32ba766-4174-4125-847c-23a57c2dbc50_AHIXM_39063363","","","","","","","","","40.126.29.2","49cbcae4-d4c4-4cd8-864d-da16a04ad66e","","","","Self-service Group Management","Update","success","OK","","","0dfd9c70-159e-4aa3-85d1-a03b95280861","","","","","","","","","","","","","","","","","","","","","","","","","N/A","","","",""
"2025-10-23 16:01:58","GroupLifecyclePolicies_Get","","","","","","","GroupManagement","18d30b93-b184-46e8-8d4e-74c11ab2c34b","SSGM_18d30b93-b184-46e8-8d4e-74c11ab2c34b_N6VF9_36076520","","","","","","","","","20.190.190.103","49cbcae4-d4c4-4cd8-864d-da16a04ad66e","","","","Self-service Group Management","Update","success","OK","","","0dfd9c70-159e-4aa3-85d1-a03b95280861","","","","","","","","","","","","","","","","","","","","","","","","","N/A","","","",""
"2025-10-23 15:57:22","Update user","UserType","Member","","","","","UserManagement","e12e3371-ef48-4a09-877d-4e2d48a54856","Directory_e12e3371-ef48-4a09-877d-4e2d48a54856_PLG5H_176364452","","Microsoft Substrate Management","feb2a519-1cc9-4bea-8b5c-237fd8ea9a92","","","","","","","","","","","Core Directory","Update","success","","","","194a0222-74a0-49c8-882d-bb01e9fb2bfc","Included Updated Properties","""""","","","TargetId.UserType","""Member""","","","","","","","","","","","","","","","","","","","User","richard.nancy1@acme.com","","",""
"2025-10-23 15:53:47","Update user","UserType","Member","","","","","UserManagement","72a8e41c-ebcd-408e-8906-de637f5b22f8","Directory_72a8e41c-ebcd-408e-8906-de637f5b22f8_WBLU4_159239361","","Microsoft Substrate Management","feb2a519-1cc9-4bea-8b5c-237fd8ea9a92","","","","","","","","","","","Core Directory","Update","success","","","","74d986b2-44d3-4752-8ce8-d86310edee44","Included Updated Properties","""""","","","TargetId.UserType","""Member""","","","","","","","","","","","","","","","","","","","User","barbara.reyes1@acme.com","","",""
"2025-10-23 15:45:25","Update user","UserType","Member","","","","","UserManagement","b9443773-f39e-4ab2-819e-bb4b95a5c89b","Directory_b9443773-f39e-4ab2-819e-bb4b95a5c89b_BGCTW_188192227","","Microsoft Substrate Management","feb2a519-1cc9-4bea-8b5c-237fd8ea9a92","","","","","","","","","","","Core Directory","Update","success","","","","932ea68e-2319-4e07-8293-ed4473dcac91","Included Updated Properties","""""","","","TargetId.UserType","""Member""","","","ActorId.ServicePrincipalNames","""7f53a90e-44b5-410c-8fd1-a31f09c2c31d""","","","SPN","""7f53a90e-44b5-410c-8fd1-a31f09c2c31d""","","","","","","","","","","","User","kenneth.sandra1@acme.com","","",""
"2025-10-23 15:16:07","Update device","DeviceId","39e44479-11d3-483f-8999-f91f42000f39","","DeviceOSType","Windows","","Device","0da223e2-3c4a-47f2-8c22-01d74fc8f14f","Directory_0da223e2-3c4a-47f2-8c22-01d74fc8f14f_SP9A8_224046945","","Device Registration Service","20d63fc4-676f-4690-8d4b-8cc36be935cd","","","","","","","","","","","Core Directory","Update","success","","HOST-3C6F1A","","02f2795c-7dd4-4520-8b0f-37bcec9441be","Included Updated Properties","""""","","","TargetId.DeviceId","""39e44479-11d3-483f-8999-f91f42000f39""","","","TargetId.DeviceOSType","""Windows""","","","TargetId.DeviceTrustType","""Workplace""","","","","","","","","","","","Device","","","",""
"2025-10-23 15:09:48","Update device","DeviceId","6e058f2e-4ef6-4762-86e0-adb36c266dad","","DeviceOSType","Windows","","Device","f5217513-f55c-4060-8b59-2318e4c8c5dc","Directory_f5217513-f55c-4060-8b59-2318e4c8c5dc_5QLCB_209788485","","Device Registration Service","20d63fc4-676f-4690-8d4b-8cc36be935cd","","","","","","","","","","","Core Directory","Update","success","","HOST-514FA4","","554dd3fb-f20e-4858-8e1e-fb2af337af4d","Included Updated Properties","""""","","","TargetId.DeviceId","""6e058f2e-4ef6-4762-86e0-adb36c266dad""","","","TargetId.DeviceOSType","""Windows""","","","TargetId.DeviceTrustType","""AzureAd""","","","","","","","","","","","Device","","","",""
"2025-10-23 14:04:14","Update user","UserType","Member","","","","","UserManagement","06361ce1-eee1-4aba-833f-35c1926a2498","Directory_06361ce1-eee1-4aba-833f-35c1926a2498_WBLU4_140617072","","Azure MFA StrongAuthenticationService","d3fcabce-d428-47ae-8acd-7945458386a5","","","","","","","","","","","Core Directory","Update","success","","","","37fee340-51d9-4e67-8484-99569a079524","StrongAuthenticationPhoneAppDetail","[{""DeviceName"":""iPhone 16 Pro"",""DeviceToken"":""apns2-2db4555948e285d4171503552a83b0e9a7a6a72be11344ff8596d4e26dec7489"",""DeviceTag"":""SoftwareTokenActivated"",""PhoneAppVersion"":""6.8.30"",""OathTokenTimeDrift"":0,""DeviceId"":""0dfd9c70-159e-4aa3-85d1-a03b95280861"",""Id"":""74c3e5e5-b577-4a26-8bef-b79497542e3d"",""TimeInterval"":0,""AuthenticationType"":3,""NotificationType"":2,""LastAuthenticatedTimestamp"":""2025-10-23T14:04:14.2331802Z"",""AuthenticatorFlavor"":""Authenticator"",""HashFunction"":null,""TenantDeviceId"":null,""SecuredPartitionId"":20091,""SecuredKeyId"":7}]","[{""DeviceName"":""iPhone 16 Pro"",""DeviceToken"":""apns2-2db4555948e285d4171503552a83b0e9a7a6a72be11344ff8596d4e26dec7489"",""DeviceTag"":""SoftwareTokenActivated"",""PhoneAppVersion"":""6.8.30"",""OathTokenTimeDrift"":0,""DeviceId"":""0dfd9c70-159e-4aa3-85d1-a03b95280861"",""Id"":""74c3e5e5-b577-4a26-8bef-b79497542e3d"",""TimeInterval"":0,""AuthenticationType"":3,""NotificationType"":2,""LastAuthenticatedTimestamp"":""2025-10-13T14:22:53.3095402Z"",""AuthenticatorFlavor"":""Authenticator"",""HashFunction"":null,""TenantDeviceId"":null,""SecuredPartitionId"":20091,""SecuredKeyId"":7}]","","Included Updated Properties","""StrongAuthenticationPhoneAppDetail""","","","TargetId.UserType","""Member""","","","","","","","","","","","","","","","User","phillips2.edward@acme.com","","",""
"2025-10-23 13:25:47","Update device","DeviceId","ccfb0ce4-5c3c-426b-8181-eaac55389279","","DeviceOSType","Windows","","Device","6dd3df86-5be6-4cc7-896b-4c68288d5841","Directory_6dd3df86-5be6-4cc7-896b-4c68288d5841_85J5I_200782880","","Device Registration Service","20d63fc4-676f-4690-8d4b-8cc36be935cd","","","","","","","","","","","Core Directory","Update","success","","HOST-7DC268","","148a7902-ce61-4dbf-85d1-a50f7af08e0e","Included Updated Properties","""""","","","TargetId.DeviceId","""ccfb0ce4-5c3c-426b-8181-eaac55389279""","","","TargetId.DeviceOSType","""Windows""","","","TargetId.DeviceTrustType","""Workplace""","","","","","","","","","","","Device","","","",""
"2025-10-23 11:12:47","Update device","DeviceId","531a68c1-50f5-4aae-8583-528d915ce1d1","","DeviceOSType","Windows","","Device","3b45f524-e40c-404b-8936-04bd8d7f4d54","Directory_3b45f524-e40c-404b-8936-04bd8d7f4d54_NACHF_158365425","","Device Registration Service","20d63fc4-676f-4690-8d4b-8cc36be935cd","","","","","","","","","","","Core Directory","Update","success","","HOST-42964A","","36c7497d-9211-46cb-866e-5b81c5faca28","Included Updated Properties","""""","","","TargetId.DeviceId","""531a68c1-50f5-4aae-8583-528d915ce1d1""","","","TargetId.DeviceOSType","""Windows""","","","TargetId.DeviceTrustType","""Workplace""","","","","","","","","","","","Device","","","",""
"2025-10-23 10:26:25","Update device","DeviceId","a05c2e48-0c16-4577-80e6-df1b436eedad","","DeviceOSType","Windows","","Device","bbc3f88d-0b65-404c-833e-17a5d46233bc","Directory_bbc3f88d-0b65-404c-833e-17a5d46233bc_6PKFR_133666306","","Device Registration Service","20d63fc4-676f-4690-8d4b-8cc36be935cd","","","","","","","","","","","Core Directory","Update","success","","HOST-493586","","f0ea6cbb-4d47-418e-8f1f-9d0d1ea2ba4c","Included Updated Properties","""""","","","TargetId.DeviceId","""a05c2e48-0c16-4577-80e6-df1b436eedad""","","","TargetId.DeviceOSType","""Windows""","","","TargetId.DeviceTrustType","""Workplace""","","","","","","","","","","","Device","","","",""
"2025-10-23 08:29:21","Update device","DeviceId","cc96d059-03af-401b-8285-7601ef9c8ecb","","DeviceOSType","Windows","","Device","79aabc37-83b6-4174-8698-9f48d8563fe3","Directory_79aabc37-83b6-4174-8698-9f48d8563fe3_6NASD_132536636","","Device Registration Service","20d63fc4-676f-4690-8d4b-8cc36be935cd","","","","","","","","","","","Core Directory","Update","success","","HOST-F2E438","","786328fc-6f72-4a2d-8ce1-989b009f7b5f","Included Updated Properties","""""","","","TargetId.DeviceId","""cc96d059-03af-401b-8285-7601ef9c8ecb""","","","TargetId.DeviceOSType","""Windows""","","","TargetId.DeviceTrustType","""Workplace""","","","","","","","","","","","Device","","","",""
"2025-10-23 01:38:33","GroupLifecyclePolicies_Get","","","","","","","GroupManagement","5df68d6c-d242-4b75-89f2-c223bf9f2da9","SSGM_5df68d6c-d242-4b75-89f2-c223bf9f2da9_XU6AC_5583264","","","","","","","","","20.190.154.249","01ed56e0-dbf7-4027-8ea0-5ceabf3bfd4a","","","","Self-service Group Management","Update","success","OK","","","0dfd9c70-159e-4aa3-85d1-a03b95280861","","","","","","","","","","","","","","","","","","","","","","","","","N/A","","","",""
"2025-10-23 01:37:59","Add delegated permission grant","AppId","00000003-0000-0000-c000-000000000000","","","","","ApplicationManagement","48f8533c-d73b-45df-879e-100114aef601","Directory_48f8533c-d73b-45df-879e-100114aef601_G2Q6D_50496923","","","","","","Technician","","","XX.XXX.XX.XX","be51e53d-b12c-4f3c-8810-15f10ef42bf8","user_stephanie@msp1.example","","","Core Directory","Assign","success","","Microsoft Graph","","3c953ed9-ce52-4064-8eef-21a4d13632a8","DelegatedPermissionGrant.Scope","""DelegatedPermissionGrant.Read.All Directory.Read.All AppRoleAssignment.ReadWrite.All""","","","DelegatedPermissionGrant.ConsentType","""AllPrincipals""","","","ServicePrincipal.ObjectID","""01ed56e0-dbf7-4027-8ea0-5ceabf3bfd4a""","","","ServicePrincipal.DisplayName","","","","ServicePrincipal.AppId","","","","ServicePrincipal.Name","","","","ServicePrincipal","","","",""
"2025-10-23 01:37:58","Remove delegated permission grant","AppId","00000003-0000-0000-c000-000000000000","","","","","ApplicationManagement","fe5988e6-1311-45b6-8545-6d57a690b2a2","Directory_fe5988e6-1311-45b6-8545-6d57a690b2a2_BNKLL_47946572","","","","","","Technician","","","XX.XXX.XX.XX","be51e53d-b12c-4f3c-8810-15f10ef42bf8","user_stephanie@msp1.example","","","Core Directory","Unassign","success","","Microsoft Graph","","3c953ed9-ce52-4064-8eef-21a4d13632a8","DelegatedPermissionGrant.Scope","","""DelegatedPermissionGrant.Read.All Directory.Read.All AppRoleAssignment.ReadWrite.All""","","DelegatedPermissionGrant.ConsentType","","""AllPrincipals""","","ServicePrincipal.ObjectID","","""01ed56e0-dbf7-4027-8ea0-5ceabf3bfd4a""","","ServicePrincipal.DisplayName","","","","ServicePrincipal.AppId","","","","ServicePrincipal.Name","","","","ServicePrincipal","","","",""
"2025-10-22 22:51:07","Update user","UserType","Member","","","","","UserManagement","ab0ab32b-7490-4e23-83cc-157b5692b2b6","Directory_ab0ab32b-7490-4e23-83cc-157b5692b2b6_AJN1R_41567615","","Azure MFA StrongAuthenticationService","d3fcabce-d428-47ae-8acd-7945458386a5","","","","","","","","","","","Core Directory","Update","success","","","","194a0222-74a0-49c8-882d-bb01e9fb2bfc","StrongAuthenticationPhoneAppDetail","[{""DeviceName"":""iPhone 16 Pro"",""DeviceToken"":""apns2-b8fa662b45a0b0d2d7334e0a89bba4957c12901ad3f062bffcc54ce3dfe4133f"",""DeviceTag"":""SoftwareTokenActivated"",""PhoneAppVersion"":""6.8.30"",""OathTokenTimeDrift"":0,""DeviceId"":""0dfd9c70-159e-4aa3-85d1-a03b95280861"",""Id"":""afcb5909-718a-4eff-8a3b-86a8b22ba3c6"",""TimeInterval"":0,""AuthenticationType"":3,""NotificationType"":2,""LastAuthenticatedTimestamp"":""2025-10-22T22:51:06.8396641Z"",""AuthenticatorFlavor"":""Authenticator"",""HashFunction"":null,""TenantDeviceId"":null,""SecuredPartitionId"":20091,""SecuredKeyId"":7}]","[{""DeviceName"":""iPhone 16 Pro"",""DeviceToken"":""apns2-b8fa662b45a0b0d2d7334e0a89bba4957c12901ad3f062bffcc54ce3dfe4133f"",""DeviceTag"":""SoftwareTokenActivated"",""PhoneAppVersion"":""6.8.30"",""OathTokenTimeDrift"":0,""DeviceId"":""0dfd9c70-159e-4aa3-85d1-a03b95280861"",""Id"":""afcb5909-718a-4eff-8a3b-86a8b22ba3c6"",""TimeInterval"":0,""AuthenticationType"":3,""NotificationType"":2,""LastAuthenticatedTimestamp"":""2025-10-20T23:43:19.8370618Z"",""AuthenticatorFlavor"":""Authenticator"",""HashFunction"":null,""TenantDeviceId"":null,""SecuredPartitionId"":20091,""SecuredKeyId"":7}]","","Included Updated Properties","""StrongAuthenticationPhoneAppDetail""","","","TargetId.UserType","""Member""","","","","","","","","","","","","","","","User","richard.nancy1@acme.com","","",""
"2025-10-22 21:38:12","Update device","DeviceId","3e5ff715-8512-4d8d-8e63-d1133760f2d8","","DeviceOSType","Windows","","Device","d38214d8-eabc-4a77-8449-842b92859e65","Directory_d38214d8-eabc-4a77-8449-842b92859e65_UDOIJ_66204527","","Device Registration Service","20d63fc4-676f-4690-8d4b-8cc36be935cd","","","","","","","","","","","Core Directory","Update","success","","HOST-62D477","","10c1f05d-298f-4813-8295-59bcefe8591c","Included Updated Properties","""""","","","TargetId.DeviceId","""3e5ff715-8512-4d8d-8e63-d1133760f2d8""","","","TargetId.DeviceOSType","""Windows""","","","TargetId.DeviceTrustType","""Workplace""","","","","","","","","","","","Device","","","",""
"2025-10-22 20:25:34","Update device","DeviceId","6192f15e-5354-470b-8efe-d8ce425dc9c3","","DeviceOSType","Windows","","Device","8ef9f246-ac75-47ba-875f-3f544e877a9a","Directory_8ef9f246-ac75-47ba-875f-3f544e877a9a_R69KW_25391393","","Device Registration Service","20d63fc4-676f-4690-8d4b-8cc36be935cd","","","","","","","","","","","Core Directory","Update","success","","HOST-8749C5","","24a78c14-02e5-4ee0-8cda-0791b86d805e","Included Updated Properties","""""","","","TargetId.DeviceId","""6192f15e-5354-470b-8efe-d8ce425dc9c3""","","","TargetId.DeviceOSType","""Windows""","","","TargetId.DeviceTrustType","""Workplace""","","","","","","","","","","","Device","","","",""
"2025-10-22 18:11:42","Update device","DeviceId","ff29c775-9ae6-40d7-8564-8e32137fb609","","DeviceOSType","Windows","","Device","4fc40cd9-e426-4283-82bc-7d986be3ba22","Directory_4fc40cd9-e426-4283-82bc-7d986be3ba22_GE78V_891733","","Device Registration Service","20d63fc4-676f-4690-8d4b-8cc36be935cd","","","","","","","","","","","Core Directory","Update","success","","HOST-BDEF6F","","89a97802-b34d-4cd5-879f-36e35b36714d","Included Updated Properties","""""","","","TargetId.DeviceId","""ff29c775-9ae6-40d7-8564-8e32137fb609""","","","TargetId.DeviceOSType","""Windows""","","","TargetId.DeviceTrustType","""AzureAd""","","","","","","","","","","","Device","","","",""
"2025-10-22 17:15:35","Update device","DeviceId","97355684-8a5e-41e2-879d-d555aa64bed5","","DeviceOSType","Windows","","Device","cc607179-5ee2-404b-8631-693dcd0800ee","Directory_cc607179-5ee2-404b-8631-693dcd0800ee_3VRIY_88067335","","Device Registration Service","20d63fc4-676f-4690-8d4b-8cc36be935cd","","","","","","","","","","","Core Directory","Update","success","","HOST-FD6783","","2b60a04e-13dc-425f-88a4-d87ab2192b82","CloudDeviceOSVersion","[""10.0.26100.6584""]","[""10.0.26100.4946""]","","DeviceOSVersion","[""10.0.26100.6584""]","[""10.0.26100.4946""]","","Included Updated Properties","""CloudDeviceOSVersion, DeviceOSVersion""","","","TargetId.DeviceId","""97355684-8a5e-41e2-879d-d555aa64bed5""","","","TargetId.DeviceOSType","""Windows""","","","TargetId.DeviceTrustType","""AzureAd""","","","Device","","","",""
"2025-10-22 17:01:38","Set Company Information","User-Agent","O365AdminPortal","","","","","DirectoryManagement","b6d7b8a9-1024-4c34-85db-475730ff0a38","Directory_b6d7b8a9-1024-4c34-85db-475730ff0a38_9CHA9_148054562","","Microsoft Office 365 Portal","b860ea04-7619-492c-8b98-bfa20b645733","","","","","","","","","","","Core Directory","Update","success","","Acme","","92e5b9cf-c9a2-495d-83b2-3fc82f96324f","Included Updated Properties","""""","","","","","","","","","","","","","","","","","","","","","","","Directory","","","",""
"2025-10-22 16:13:56","Update service principal","id","6c9db527-9224-4869-882d-e57067c9be55","","seq","1","","ApplicationManagement","d13a0fdb-bf8b-4cf4-8b05-ecea36cea887","Directory_d13a0fdb-bf8b-4cf4-8b05-ecea36cea887_9HRTV_50212687","","Dataverse","24920bd6-4446-4504-866c-77092fe1befe","","","","","","","","","","","Core Directory","Update","success","","Dataverse","","24920bd6-4446-4504-866c-77092fe1befe","","","","","","","","","","","","","","","","","","","","","","","","","ServicePrincipal","","","",""
"2025-10-22 16:13:56","Update service principal","id","6c9db527-9224-4869-882d-e57067c9be55","","seq","3","","ApplicationManagement","d13a0fdb-bf8b-4cf4-8b05-ecea36cea887","Directory_d13a0fdb-bf8b-4cf4-8b05-ecea36cea887_9HRTV_50212689","","Dataverse","24920bd6-4446-4504-866c-77092fe1befe","","","","","","","","","","","Core Directory","Update","success","","Dataverse","","24920bd6-4446-4504-866c-77092fe1befe","","","","","","","","","","","","","","","","","","","","","","","","","ServicePrincipal","","","",""
"2025-10-22 16:13:56","Update service principal","id","6c9db527-9224-4869-882d-e57067c9be55","","seq","2","","ApplicationManagement","d13a0fdb-bf8b-4cf4-8b05-ecea36cea887","Directory_d13a0fdb-bf8b-4cf4-8b05-ecea36cea887_9HRTV_50212688","","Dataverse","24920bd6-4446-4504-866c-77092fe1befe","","","","","","","","","","","Core Directory","Update","success","","Dataverse","","24920bd6-4446-4504-866c-77092fe1befe","","","","","","","","","","","","","","","","","","","","","","","","","ServicePrincipal","","","",""
"2025-10-22 15:47:15","Update device","DeviceId","77e4819d-2e3b-4cd8-88b6-94cca9b728b9","","DeviceOSType","Windows","","Device","7d9f431f-08d8-4e47-8e50-2d3bc652a277","Directory_7d9f431f-08d8-4e47-8e50-2d3bc652a277_X5HLT_495203284","","Device Registration Service","20d63fc4-676f-4690-8d4b-8cc36be935cd","","","","","","","","","","","Core Directory","Update","success","","HOST-96D21C","","ead96f3d-cc81-40ae-8f4f-bee32d40a14a","CloudDeviceOSVersion","[""10.0.26100.6584""]","[""10.0.26100.4946""]","","DeviceOSVersion","[""10.0.26100.6584""]","[""10.0.26100.4946""]","","Included Updated Properties","""CloudDeviceOSVersion, DeviceOSVersion""","","","TargetId.DeviceId","""77e4819d-2e3b-4cd8-88b6-94cca9b728b9""","","","TargetId.DeviceOSType","""Windows""","","","TargetId.DeviceTrustType","""AzureAd""","","","Device","","","",""
"2025-10-22 15:26:12","Update device","DeviceId","6c529fd7-067b-47e8-80ff-4d0c9af21bbc","","DeviceOSType","Windows","","Device","6fbc9646-7a75-416e-85ea-04d1fb31125d","Directory_6fbc9646-7a75-416e-85ea-04d1fb31125d_5WA72_308936247","","Device Registration Service","20d63fc4-676f-4690-8d4b-8cc36be935cd","","","","","","","","","","","Core Directory","Update","success","","HOST-E4B26E","","802ac210-2862-4492-8d3e-85a26dcd846f","Included Updated Properties","""""","","","TargetId.DeviceId","""6c529fd7-067b-47e8-80ff-4d0c9af21bbc""","","","TargetId.DeviceOSType","""Windows""","","","TargetId.DeviceTrustType","""Workplace""","","","","","","","","","","","Device","","","",""
"2025-10-22 14:29:54","Update user","UserType","Member","","","","","UserManagement","e9f1e093-8fea-4ced-8b47-e68ff0d65c42","Directory_e9f1e093-8fea-4ced-8b47-e68ff0d65c42_K5I6J_362882419","","Microsoft Substrate Management","feb2a519-1cc9-4bea-8b5c-237fd8ea9a92","","","","","","","","","","","Core Directory","Update","success","","","","97ca0ed4-05f5-45c7-8106-ed787dba4a0e","Included Updated Properties","""""","","","TargetId.UserType","""Member""","","","ActorId.ServicePrincipalNames","""7f53a90e-44b5-410c-8fd1-a31f09c2c31d""","","","SPN","""7f53a90e-44b5-410c-8fd1-a31f09c2c31d""","","","","","","","","","","","User","evans.jenkins2@acme.com","","",""
"2025-10-22 13:50:18","Update device","DeviceId","9d62932e-3a27-4f13-82b0-e483871982f9","","DeviceOSType","Windows","","Device","6a0b71c0-894d-44e1-850d-1e732d84df38","Directory_6a0b71c0-894d-44e1-850d-1e732d84df38_1KDG9_489090894","","Device Registration Service","20d63fc4-676f-4690-8d4b-8cc36be935cd","","","","","","","","","","","Core Directory","Update","success","","HOST-93C6FE","","17e27e97-8b7a-4609-8706-b6176ec4d4fd","Included Updated Properties","""""","","","TargetId.DeviceId","""9d62932e-3a27-4f13-82b0-e483871982f9""","","","TargetId.DeviceOSType","""Windows""","","","TargetId.DeviceTrustType","""Workplace""","","","","","","","","","","","Device","","","",""
"2025-10-22 08:32:34","Update device","DeviceId","af201849-32bd-464f-81ec-47b110d6a765","","DeviceOSType","Windows","","Device","73bf4de0-c690-4a2f-8261-fbf9d0449ddc","Directory_73bf4de0-c690-4a2f-8261-fbf9d0449ddc_FIXUH_198924769","","Device Registration Service","20d63fc4-676f-4690-8d4b-8cc36be935cd","","","","","","","","","","","Core Directory","Update","success","","HOST-0173C7","","61e860ae-7a5b-4964-89f4-06670e31e75b","Included Updated Properties","""""","","","TargetId.DeviceId","""af201849-32bd-464f-81ec-47b110d6a765""","","","TargetId.DeviceOSType","""Windows""","","","TargetId.DeviceTrustType","""Workplace""","","","","","","","","","","","Device","","","",""
"2025-10-22 05:09:10","Update device","DeviceId","9880f42f-ca36-4e6e-8f9c-e46b7991b66c","","DeviceOSType","Windows","","Device","35606afd-b2c7-416e-87d0-40f3e4956291","Directory_35606afd-b2c7-416e-87d0-40f3e4956291_ISUQJ_477329778","","Device Registration Service","20d63fc4-676f-4690-8d4b-8cc36be935cd","","","","","","","","","","","Core Directory","Update","success","","HOST-B06B19","","d3a15317-985f-4c7c-8b72-d29e36369829","CloudDeviceOSVersion","[""10.0.26100.6584""]","[""10.0.26100.4946""]","","DeviceOSVersion","[""10.0.26100.6584""]","[""10.0.26100.4946""]","","Included Updated Properties","""CloudDeviceOSVersion, DeviceOSVersion""","","","TargetId.DeviceId","""9880f42f-ca36-4e6e-8f9c-e46b7991b66c""","","","TargetId.DeviceOSType","""Windows""","","","TargetId.DeviceTrustType","""AzureAd""","","","Device","","","",""
"2025-10-22 01:38:20","GroupLifecyclePolicies_Get","","","","","","","GroupManagement","d23339be-b9fb-46cb-8d98-bc754bc91531","SSGM_d23339be-b9fb-46cb-8d98-bc754bc91531_NWRE1_39480824","","","","","","","","","20.190.154.100","01ed56e0-dbf7-4027-8ea0-5ceabf3bfd4a","","","","Self-service Group Management","Update","success","OK","","","0dfd9c70-159e-4aa3-85d1-a03b95280861","","","","","","","","","","","","","","","","","","","","","","","","","N/A","","","",""
"2025-10-22 01:37:46","Add delegated permission grant","AppId","00000003-0000-0000-c000-000000000000","","","","","ApplicationManagement","273eee61-af34-489c-84ff-c552e81fa1aa","Directory_273eee61-af34-489c-84ff-c552e81fa1aa_UD8ZH_36745580","","","","","","Technician","","","XX.XXX.XX.XX","be51e53d-b12c-4f3c-8810-15f10ef42bf8","user_stephanie@msp1.example","","","Core Directory","Assign","success","","Microsoft Graph","","3c953ed9-ce52-4064-8eef-21a4d13632a8","DelegatedPermissionGrant.Scope","""DelegatedPermissionGrant.Read.All Directory.Read.All AppRoleAssignment.ReadWrite.All""","","","DelegatedPermissionGrant.ConsentType","""AllPrincipals""","","","ServicePrincipal.ObjectID","""01ed56e0-dbf7-4027-8ea0-5ceabf3bfd4a""","","","ServicePrincipal.DisplayName","","","","ServicePrincipal.AppId","","","","ServicePrincipal.Name","","","","ServicePrincipal","","","",""
"2025-10-22 01:37:45","Remove delegated permission grant","AppId","00000003-0000-0000-c000-000000000000","","","","","ApplicationManagement","ac515c52-1781-4164-8690-38432f47b877","Directory_ac515c52-1781-4164-8690-38432f47b877_EY63E_44036706","","","","","","Technician","","","XX.XXX.XX.XX","be51e53d-b12c-4f3c-8810-15f10ef42bf8","user_stephanie@msp1.example","","","Core Directory","Unassign","success","","Microsoft Graph","","3c953ed9-ce52-4064-8eef-21a4d13632a8","DelegatedPermissionGrant.Scope","","""DelegatedPermissionGrant.Read.All Directory.Read.All AppRoleAssignment.ReadWrite.All""","","DelegatedPermissionGrant.ConsentType","","""AllPrincipals""","","ServicePrincipal.ObjectID","","""01ed56e0-dbf7-4027-8ea0-5ceabf3bfd4a""","","ServicePrincipal.DisplayName","","","","ServicePrincipal.AppId","","","","ServicePrincipal.Name","","","","ServicePrincipal","","","",""
"2025-10-21 22:24:05","Update user","UserType","Member","","","","","UserManagement","38037b34-39b7-4a12-818b-5bcf900819d0","Directory_38037b34-39b7-4a12-818b-5bcf900819d0_U3UIN_29084346","","Microsoft Substrate Management","feb2a519-1cc9-4bea-8b5c-237fd8ea9a92","","","","","","","","","","","Core Directory","Update","success","","","","37fee340-51d9-4e67-8484-99569a079524","Included Updated Properties","""""","","","TargetId.UserType","""Member""","","","ActorId.ServicePrincipalNames","""7f53a90e-44b5-410c-8fd1-a31f09c2c31d""","","","SPN","""7f53a90e-44b5-410c-8fd1-a31f09c2c31d""","","","","","","","","","","","User","phillips2.edward@acme.com","","",""
"2025-10-21 19:15:24","Update device","DeviceId","06af0081-e79d-4d4c-8541-c3c52f6cc7f2","","DeviceOSType","Windows","","Device","5d4396f9-3889-4f72-8d55-ea4d446c3bdc","Directory_5d4396f9-3889-4f72-8d55-ea4d446c3bdc_3IL9Q_357347932","","Device Registration Service","20d63fc4-676f-4690-8d4b-8cc36be935cd","","","","","","","","","","","Core Directory","Update","success","","HOST-6E7C95","","ce450b00-d75d-4d7a-8c1c-2f7838cde970","Included Updated Properties","""""","","","TargetId.DeviceId","""06af0081-e79d-4d4c-8541-c3c52f6cc7f2""","","","TargetId.DeviceOSType","""Windows""","","","TargetId.DeviceTrustType","""Workplace""","","","","","","","","","","","Device","","","",""
"2025-10-21 17:50:41","Synchronization rule action","Details","","","ErrorCode","","","ProvisioningManagement","5aeff348-85a9-4ada-8b6a-422833e54506","Sync_5aeff348-85a9-4ada-8b6a-422833e54506_92e5b9cf-c9a2-495d-83b2-3fc82f96324f_134029506413942780","","Azure AD Cloud Sync","","","","","","","","","","","","Account Provisioning","Read","success","User thomas1.jimenez@acme.com will be skipped, because it has not been matched with any entry in the target directory, and there has been no change in any attribute that could alter that state. ","External Application 9","","756eda03-cf90-441c-808e-b59787d93e2b","objectId","""c8bfdc83-e15d-4584-83d0-f156fda37734""","","","accountEnabled","""False""","","","department","""Department 6""","","","displayName","""Thomas1 Jimenez""","","","givenName","""Thomas1""","","","jobTitle","""Job Title 12""","","","ServicePrincipal","","","",""
"2025-10-21 17:50:41","Synchronization rule action","Details","","","ErrorCode","","","ProvisioningManagement","5aeff348-85a9-4ada-8b6a-422833e54506","Sync_5aeff348-85a9-4ada-8b6a-422833e54506_92e5b9cf-c9a2-495d-83b2-3fc82f96324f_134029506413852780","","Azure AD Cloud Sync","","","","","","","","","","","","Account Provisioning","Read","success","User samantha1.edward@acme.com will be skipped, because it has already been effectively de-provisioned.","External Application 9","","756eda03-cf90-441c-808e-b59787d93e2b","objectId","""d0e4a9ac-084a-4133-8c33-53487177cf8a""","","","accountEnabled","""False""","","","department","""Department 1""","","","displayName","""Samantha1 Edward""","","","givenName","""Samantha1""","","","jobTitle","""Job Title 2""","","","ServicePrincipal","","","",""
"2025-10-21 17:50:41","Synchronization rule action","Details","","","ErrorCode","","","ProvisioningManagement","5aeff348-85a9-4ada-8b6a-422833e54506","Sync_5aeff348-85a9-4ada-8b6a-422833e54506_92e5b9cf-c9a2-495d-83b2-3fc82f96324f_134029506413772780","","Azure AD Cloud Sync","","","","","","","","","","","","Account Provisioning","Read","success","User evelyn2.rebecca1@acme.com will be skipped, because it has not been matched with any entry in the target directory, and there has been no change in any attribute that could alter that state. ","External Application 9","","756eda03-cf90-441c-808e-b59787d93e2b","objectId","""a86ba5ad-6b84-42bb-835e-03d42d52beac""","","","accountEnabled","""False""","","","displayName","""Evelyn2 Rebecca1""","","","givenName","""Evelyn2""","","","jobTitle","""Job Title 5""","","","mailNickname","""evelyn2.rebecca1""","","","ServicePrincipal","","","",""
"2025-10-21 17:50:41","Synchronization rule action","Details","","","ErrorCode","","","ProvisioningManagement","5aeff348-85a9-4ada-8b6a-422833e54506","Sync_5aeff348-85a9-4ada-8b6a-422833e54506_92e5b9cf-c9a2-495d-83b2-3fc82f96324f_134029506413692790","","Azure AD Cloud Sync","","","","","","","","","","","","Account Provisioning","Read","success","User allen3.edward1@acme.com will be skipped, because it has already been effectively de-provisioned.","External Application 9","","756eda03-cf90-441c-808e-b59787d93e2b","objectId","""2b22d269-4f10-4524-894e-e05c48f3d8d9""","","","accountEnabled","""False""","","","department","""Department 7""","","","displayName","""Allen3 Edward1""","","","givenName","""Allen3""","","","jobTitle","""Job Title 4""","","","ServicePrincipal","","","",""
"2025-10-21 17:50:41","Synchronization rule action","Details","","","ErrorCode","","","ProvisioningManagement","5aeff348-85a9-4ada-8b6a-422833e54506","Sync_5aeff348-85a9-4ada-8b6a-422833e54506_92e5b9cf-c9a2-495d-83b2-3fc82f96324f_134029506413602770","","Azure AD Cloud Sync","","","","","","","","","","","","Account Provisioning","Read","success","User peterson.heather2@acme.com will be skipped, because it has already been effectively de-provisioned.","External Application 9","","756eda03-cf90-441c-808e-b59787d93e2b","objectId","""8107c9dc-0d87-4346-8d13-76a486414747""","","","accountEnabled","""False""","","","displayName","""Peterson Heather2""","","","givenName","""Peterson""","","","jobTitle","""Job Title 5""","","","mailNickname","""peterson.heather2""","","","ServicePrincipal","","","",""
"2025-10-21 17:50:41","Synchronization rule action","Details","","","ErrorCode","","","ProvisioningManagement","5aeff348-85a9-4ada-8b6a-422833e54506","Sync_5aeff348-85a9-4ada-8b6a-422833e54506_92e5b9cf-c9a2-495d-83b2-3fc82f96324f_134029506413522780","","Azure AD Cloud Sync","","","","","","","","","","","","Account Provisioning","Read","success","User nguyen.wood1@acme.com will be skipped, because it has already been effectively de-provisioned.","External Application 9","","756eda03-cf90-441c-808e-b59787d93e2b","objectId","""ce02f276-d914-4909-853b-bf731e718640""","","","accountEnabled","""False""","","","department","""Department 3""","","","displayName","""Nguyen Wood1""","","","givenName","""Nguyen""","","","jobTitle","""Job Title 10""","","","ServicePrincipal","","","",""
"2025-10-21 17:50:41","Synchronization rule action","Details","","","ErrorCode","","","ProvisioningManagement","5aeff348-85a9-4ada-8b6a-422833e54506","Sync_5aeff348-85a9-4ada-8b6a-422833e54506_92e5b9cf-c9a2-495d-83b2-3fc82f96324f_134029506413432780","","Azure AD Cloud Sync","","","","","","","","","","","","Account Provisioning","Read","success","User reed1.mitchell@acme.com will be skipped, because it has not been matched with any entry in the target directory, and there has been no change in any attribute that could alter that state. ","External Application 9","","756eda03-cf90-441c-808e-b59787d93e2b","objectId","""31510e04-6b24-4a36-8b50-fc1ad11ad4f9""","","","accountEnabled","""False""","","","displayName","""Reed1 Mitchell""","","","givenName","""Reed1""","","","jobTitle","""Job Title 1""","","","mailNickname","""reed1.mitchell""","","","ServicePrincipal","","","",""
"2025-10-21 17:50:41","Synchronization rule action","Details","","","ErrorCode","","","ProvisioningManagement","5aeff348-85a9-4ada-8b6a-422833e54506","Sync_5aeff348-85a9-4ada-8b6a-422833e54506_92e5b9cf-c9a2-495d-83b2-3fc82f96324f_134029506413352820","","Azure AD Cloud Sync","","","","","","","","","","","","Account Provisioning","Read","success","User amy2.wood@acme.com will be skipped, because it has not been matched with any entry in the target directory, and there has been no change in any attribute that could alter that state. ","External Application 9","","756eda03-cf90-441c-808e-b59787d93e2b","objectId","""9e4eef94-db52-4ae6-83d6-bad5395ff6f8""","","","accountEnabled","""False""","","","department","""Department 4""","","","displayName","""Amy2 Wood""","","","givenName","""Hovsep""","","","jobTitle","""Job Title 14""","","","ServicePrincipal","","","",""
"2025-10-21 17:50:41","Synchronization rule action","Details","","","ErrorCode","","","ProvisioningManagement","5aeff348-85a9-4ada-8b6a-422833e54506","Sync_5aeff348-85a9-4ada-8b6a-422833e54506_92e5b9cf-c9a2-495d-83b2-3fc82f96324f_134029506413262780","","Azure AD Cloud Sync","","","","","","","","","","","","Account Provisioning","Read","success","User jenkins.roberts@acme.com will be skipped, because it has already been effectively de-provisioned.","External Application 9","","756eda03-cf90-441c-808e-b59787d93e2b","objectId","""b4e2a357-f352-40ff-84e5-5a31a71a3c2d""","","","accountEnabled","""False""","","","department","""Department 7""","","","displayName","""Jenkins Roberts""","","","givenName","""Jenkins""","","","jobTitle","""Job Title 8""","","","ServicePrincipal","","","",""
"2025-10-21 17:50:41","Synchronization rule action","Details","","","ErrorCode","","","ProvisioningManagement","5aeff348-85a9-4ada-8b6a-422833e54506","Sync_5aeff348-85a9-4ada-8b6a-422833e54506_92e5b9cf-c9a2-495d-83b2-3fc82f96324f_134029506413172780","","Azure AD Cloud Sync","","","","","","","","","","","","Account Provisioning","Read","success","User joan.william@acme.com will be skipped, because it has already been effectively de-provisioned.","External Application 9","","756eda03-cf90-441c-808e-b59787d93e2b","objectId","""627a4ff0-f382-43d9-846c-7c185494c01e""","","","accountEnabled","""False""","","","department","""Department 7""","","","displayName","""Ronald William""","","","givenName","""Ronald""","","","jobTitle","""Job Title 15""","","","ServicePrincipal","","","",""
"2025-10-21 17:50:41","Synchronization rule action","Details","","","ErrorCode","","","ProvisioningManagement","5aeff348-85a9-4ada-8b6a-422833e54506","Sync_5aeff348-85a9-4ada-8b6a-422833e54506_92e5b9cf-c9a2-495d-83b2-3fc82f96324f_134029506413092760","","Azure AD Cloud Sync","","","","","","","","","","","","Account Provisioning","Read","success","User diane.nguyen@acme.com will be skipped, because it has not been matched with any entry in the target directory, and there has been no change in any attribute that could alter that state. ","External Application 9","","756eda03-cf90-441c-808e-b59787d93e2b","objectId","""9a338291-11ec-499c-8425-ba35ea84767e""","","","accountEnabled","""False""","","","displayName","""Diane Nguyen""","","","givenName","""Diane""","","","jobTitle","""Job Title 7""","","","mailNickname","""diane.nguyen""","","","ServicePrincipal","","","",""
"2025-10-21 17:50:41","Synchronization rule action","Details","","","ErrorCode","","","ProvisioningManagement","5aeff348-85a9-4ada-8b6a-422833e54506","Sync_5aeff348-85a9-4ada-8b6a-422833e54506_92e5b9cf-c9a2-495d-83b2-3fc82f96324f_134029506413012770","","Azure AD Cloud Sync","","","","","","","","","","","","Account Provisioning","Read","success","User kathleen.carter@acme.com will be skipped, because it has already been effectively de-provisioned.","External Application 9","","756eda03-cf90-441c-808e-b59787d93e2b","objectId","""c2d41362-b857-4351-8a78-520b3070914e""","","","accountEnabled","""False""","","","department","""Department 9""","","","displayName","""Kathleen Carter""","","","givenName","""Kathleen""","","","jobTitle","""Job Title 3""","","","ServicePrincipal","","","",""
"2025-10-21 17:50:41","Synchronization rule action","Details","User details: Skip reason = NotEffectivelyEntitled, Active = False, Assigned = True, Passed scope filter: True; ","","ErrorCode","","","ProvisioningManagement","5aeff348-85a9-4ada-8b6a-422833e54506","Sync_5aeff348-85a9-4ada-8b6a-422833e54506_92e5b9cf-c9a2-495d-83b2-3fc82f96324f_134029506412882770","","Azure AD Cloud Sync","","","","","","","","","","","","Account Provisioning","Read","success","The User 'diane.nguyen@acme.com' will be skipped due to the following reasons: 
1) This object is not active in the source system.
","External Application 9","","756eda03-cf90-441c-808e-b59787d93e2b","objectId","""9a338291-11ec-499c-8425-ba35ea84767e""","","","accountEnabled","""False""","","","displayName","""Diane Nguyen""","","","givenName","""Diane""","","","jobTitle","""Job Title 7""","","","mailNickname","""diane.nguyen""","","","ServicePrincipal","","","",""
"2025-10-21 17:50:41","Synchronization rule action","Details","User details: Skip reason = NotEffectivelyEntitled, Active = False, Assigned = True, Passed scope filter: True; ","","ErrorCode","","","ProvisioningManagement","5aeff348-85a9-4ada-8b6a-422833e54506","Sync_5aeff348-85a9-4ada-8b6a-422833e54506_92e5b9cf-c9a2-495d-83b2-3fc82f96324f_134029506412702780","","Azure AD Cloud Sync","","","","","","","","","","","","Account Provisioning","Read","success","The User 'amy2.wood@acme.com' will be skipped due to the following reasons: 
1) This object is not active in the source system.
","External Application 9","","756eda03-cf90-441c-808e-b59787d93e2b","objectId","""9e4eef94-db52-4ae6-83d6-bad5395ff6f8""","","","accountEnabled","""False""","","","department","""Department 4""","","","displayName","""Amy2 Wood""","","","givenName","""Hovsep""","","","jobTitle","""Job Title 14""","","","ServicePrincipal","","","",""
"2025-10-21 17:50:41","Synchronization rule action","Details","User details: Skip reason = NotEffectivelyEntitled, Active = False, Assigned = True, Passed scope filter: True; ","","ErrorCode","","","ProvisioningManagement","5aeff348-85a9-4ada-8b6a-422833e54506","Sync_5aeff348-85a9-4ada-8b6a-422833e54506_92e5b9cf-c9a2-495d-83b2-3fc82f96324f_134029506412562800","","Azure AD Cloud Sync","","","","","","","","","","","","Account Provisioning","Read","success","The User 'reed1.mitchell@acme.com' will be skipped due to the following reasons: 
1) This object is not active in the source system.
","External Application 9","","756eda03-cf90-441c-808e-b59787d93e2b","objectId","""31510e04-6b24-4a36-8b50-fc1ad11ad4f9""","","","accountEnabled","""False""","","","displayName","""Reed1 Mitchell""","","","givenName","""Reed1""","","","jobTitle","""Job Title 1""","","","mailNickname","""reed1.mitchell""","","","ServicePrincipal","","","",""
"2025-10-21 17:50:41","Synchronization rule action","Details","User details: Skip reason = NotEffectivelyEntitled, Active = False, Assigned = True, Passed scope filter: True; ","","ErrorCode","","","ProvisioningManagement","5aeff348-85a9-4ada-8b6a-422833e54506","Sync_5aeff348-85a9-4ada-8b6a-422833e54506_92e5b9cf-c9a2-495d-83b2-3fc82f96324f_134029506412432790","","Azure AD Cloud Sync","","","","","","","","","","","","Account Provisioning","Read","success","The User 'evelyn2.rebecca1@acme.com' will be skipped due to the following reasons: 
1) This object is not active in the source system.
","External Application 9","","756eda03-cf90-441c-808e-b59787d93e2b","objectId","""a86ba5ad-6b84-42bb-835e-03d42d52beac""","","","accountEnabled","""False""","","","displayName","""Evelyn2 Rebecca1""","","","givenName","""Evelyn2""","","","jobTitle","""Job Title 5""","","","mailNickname","""evelyn2.rebecca1""","","","ServicePrincipal","","","",""
"2025-10-21 17:50:41","Synchronization rule action","Details","User details: Skip reason = NotEffectivelyEntitled, Active = False, Assigned = True, Passed scope filter: True; ","","ErrorCode","","","ProvisioningManagement","5aeff348-85a9-4ada-8b6a-422833e54506","Sync_5aeff348-85a9-4ada-8b6a-422833e54506_92e5b9cf-c9a2-495d-83b2-3fc82f96324f_134029506412282780","","Azure AD Cloud Sync","","","","","","","","","","","","Account Provisioning","Read","success","The User 'thomas1.jimenez@acme.com' will be skipped due to the following reasons: 
1) This object is not active in the source system.
","External Application 9","","756eda03-cf90-441c-808e-b59787d93e2b","objectId","""c8bfdc83-e15d-4584-83d0-f156fda37734""","","","accountEnabled","""False""","","","department","""Department 6""","","","displayName","""Thomas1 Jimenez""","","","givenName","""Thomas1""","","","jobTitle","""Job Title 12""","","","ServicePrincipal","","","",""
"2025-10-21 17:50:41","Synchronization rule action","Details","User details: Skip reason = RedundantSoftDelete, Active = False, Assigned = True, Passed scope filter: True; ","","ErrorCode","","","ProvisioningManagement","5aeff348-85a9-4ada-8b6a-422833e54506","Sync_5aeff348-85a9-4ada-8b6a-422833e54506_92e5b9cf-c9a2-495d-83b2-3fc82f96324f_134029506411682760","","Azure AD Cloud Sync","","","","","","","","","","","","Account Provisioning","Read","success","The User 'ronald1.jackson@acme.com' was evaluated to be soft-deleted in the source system and the provisioning service should soft-delete the target entry. However, the soft-deletion has been processed by the provisioning service previously. The soft delete operation will be skipped.","External Application 9","","756eda03-cf90-441c-808e-b59787d93e2b","objectId","""bf9339cc-dcd3-419c-87d7-ca33b140e3cb""","","","accountEnabled","""False""","","","displayName","""Ronald1 Jackson""","","","givenName","""Ronald1""","","","jobTitle","""Job Title 13""","","","mailNickname","""ronald1.jackson""","","","ServicePrincipal","","","",""
"2025-10-21 17:50:41","Synchronization rule action","Details","User details: Skip reason = RedundantSoftDelete, Active = False, Assigned = True, Passed scope filter: True; ","","ErrorCode","","","ProvisioningManagement","5aeff348-85a9-4ada-8b6a-422833e54506","Sync_5aeff348-85a9-4ada-8b6a-422833e54506_92e5b9cf-c9a2-495d-83b2-3fc82f96324f_134029506411502770","","Azure AD Cloud Sync","","","","","","","","","","","","Account Provisioning","Read","success","The User 'samantha1.edward@acme.com' was evaluated to be soft-deleted in the source system and the provisioning service should soft-delete the target entry. However, the soft-deletion has been processed by the provisioning service previously. The soft delete operation will be skipped.","External Application 9","","756eda03-cf90-441c-808e-b59787d93e2b","objectId","""d0e4a9ac-084a-4133-8c33-53487177cf8a""","","","accountEnabled","""False""","","","department","""Department 1""","","","displayName","""Samantha1 Edward""","","","givenName","""Samantha1""","","","jobTitle","""Job Title 2""","","","ServicePrincipal","","","",""
"2025-10-21 17:50:41","Synchronization rule action","Details","User details: Skip reason = RedundantSoftDelete, Active = False, Assigned = True, Passed scope filter: True; ","","ErrorCode","","","ProvisioningManagement","5aeff348-85a9-4ada-8b6a-422833e54506","Sync_5aeff348-85a9-4ada-8b6a-422833e54506_92e5b9cf-c9a2-495d-83b2-3fc82f96324f_134029506411332800","","Azure AD Cloud Sync","","","","","","","","","","","","Account Provisioning","Read","success","The User 'mitchell2.ortiz@acme.com' was evaluated to be soft-deleted in the source system and the provisioning service should soft-delete the target entry. However, the soft-deletion has been processed by the provisioning service previously. The soft delete operation will be skipped.","External Application 9","","756eda03-cf90-441c-808e-b59787d93e2b","objectId","""c86c5f0b-5845-4ed8-8974-9f4817e9f14c""","","","accountEnabled","""False""","","","displayName","""Mitchell2  Ortiz""","","","givenName","""Mitchell2""","","","mailNickname","""mitchell2.ortiz""","","","surname","""Ortiz""","","","ServicePrincipal","","","",""
"2025-10-21 17:50:41","Synchronization rule action","Details","User details: Skip reason = RedundantSoftDelete, Active = False, Assigned = True, Passed scope filter: True; ","","ErrorCode","","","ProvisioningManagement","5aeff348-85a9-4ada-8b6a-422833e54506","Sync_5aeff348-85a9-4ada-8b6a-422833e54506_92e5b9cf-c9a2-495d-83b2-3fc82f96324f_134029506411202780","","Azure AD Cloud Sync","","","","","","","","","","","","Account Provisioning","Read","success","The User 'allen3.edward1@acme.com' was evaluated to be soft-deleted in the source system and the provisioning service should soft-delete the target entry. However, the soft-deletion has been processed by the provisioning service previously. The soft delete operation will be skipped.","External Application 9","","756eda03-cf90-441c-808e-b59787d93e2b","objectId","""2b22d269-4f10-4524-894e-e05c48f3d8d9""","","","accountEnabled","""False""","","","department","""Department 7""","","","displayName","""Allen3 Edward1""","","","givenName","""Allen3""","","","jobTitle","""Job Title 4""","","","ServicePrincipal","","","",""
"2025-10-21 17:50:41","Synchronization rule action","Details","User details: Skip reason = RedundantSoftDelete, Active = False, Assigned = True, Passed scope filter: True; ","","ErrorCode","","","ProvisioningManagement","5aeff348-85a9-4ada-8b6a-422833e54506","Sync_5aeff348-85a9-4ada-8b6a-422833e54506_92e5b9cf-c9a2-495d-83b2-3fc82f96324f_134029506411072760","","Azure AD Cloud Sync","","","","","","","","","","","","Account Provisioning","Read","success","The User 'peterson.heather2@acme.com' was evaluated to be soft-deleted in the source system and the provisioning service should soft-delete the target entry. However, the soft-deletion has been processed by the provisioning service previously. The soft delete operation will be skipped.","External Application 9","","756eda03-cf90-441c-808e-b59787d93e2b","objectId","""8107c9dc-0d87-4346-8d13-76a486414747""","","","accountEnabled","""False""","","","displayName","""Peterson Heather2""","","","givenName","""Peterson""","","","jobTitle","""Job Title 5""","","","mailNickname","""peterson.heather2""","","","ServicePrincipal","","","",""
"2025-10-21 17:50:41","Synchronization rule action","Details","User details: Skip reason = RedundantSoftDelete, Active = False, Assigned = True, Passed scope filter: True; ","","ErrorCode","","","ProvisioningManagement","5aeff348-85a9-4ada-8b6a-422833e54506","Sync_5aeff348-85a9-4ada-8b6a-422833e54506_92e5b9cf-c9a2-495d-83b2-3fc82f96324f_134029506410942760","","Azure AD Cloud Sync","","","","","","","","","","","","Account Provisioning","Read","success","The User 'nguyen.wood1@acme.com' was evaluated to be soft-deleted in the source system and the provisioning service should soft-delete the target entry. However, the soft-deletion has been processed by the provisioning service previously. The soft delete operation will be skipped.","External Application 9","","756eda03-cf90-441c-808e-b59787d93e2b","objectId","""ce02f276-d914-4909-853b-bf731e718640""","","","accountEnabled","""False""","","","department","""Department 3""","","","displayName","""Nguyen Wood1""","","","givenName","""Nguyen""","","","jobTitle","""Job Title 10""","","","ServicePrincipal","","","",""
"2025-10-21 17:50:41","Synchronization rule action","Details","User details: Skip reason = RedundantSoftDelete, Active = False, Assigned = True, Passed scope filter: True; ","","ErrorCode","","","ProvisioningManagement","5aeff348-85a9-4ada-8b6a-422833e54506","Sync_5aeff348-85a9-4ada-8b6a-422833e54506_92e5b9cf-c9a2-495d-83b2-3fc82f96324f_134029506410812760","","Azure AD Cloud Sync","","","","","","","","","","","","Account Provisioning","Read","success","The User 'cook1.mitchell3@acme.com' was evaluated to be soft-deleted in the source system and the provisioning service should soft-delete the target entry. However, the soft-deletion has been processed by the provisioning service previously. The soft delete operation will be skipped.","External Application 9","","756eda03-cf90-441c-808e-b59787d93e2b","objectId","""7b6593af-c87d-4674-829a-9ede3adbdf5c""","","","accountEnabled","""False""","","","displayName","""Cook1 Mitchell3""","","","givenName","""Cook1""","","","mailNickname","""cook1.mitchell3""","","","surname","""Mitchell3""","","","ServicePrincipal","","","",""
"2025-10-21 17:50:41","Synchronization rule action","Details","User details: Skip reason = RedundantSoftDelete, Active = False, Assigned = True, Passed scope filter: True; ","","ErrorCode","","","ProvisioningManagement","5aeff348-85a9-4ada-8b6a-422833e54506","Sync_5aeff348-85a9-4ada-8b6a-422833e54506_92e5b9cf-c9a2-495d-83b2-3fc82f96324f_134029506410642740","","Azure AD Cloud Sync","","","","","","","","","","","","Account Provisioning","Read","success","The User 'torres1.carter3@acme.com' was evaluated to be soft-deleted in the source system and the provisioning service should soft-delete the target entry. However, the soft-deletion has been processed by the provisioning service previously. The soft delete operation will be skipped.","External Application 9","","756eda03-cf90-441c-808e-b59787d93e2b","objectId","""7df7de58-2af6-47c2-8887-079db9585c7e""","","","accountEnabled","""False""","","","displayName","""Lee Carter3""","","","givenName","""Lee""","","","mailNickname","""torres1.carter3""","","","surname","""Carter3""","","","ServicePrincipal","","","",""
"2025-10-21 17:50:41","Synchronization rule action","Details","User details: Skip reason = RedundantSoftDelete, Active = False, Assigned = True, Passed scope filter: True; ","","ErrorCode","","","ProvisioningManagement","5aeff348-85a9-4ada-8b6a-422833e54506","Sync_5aeff348-85a9-4ada-8b6a-422833e54506_92e5b9cf-c9a2-495d-83b2-3fc82f96324f_134029506410492750","","Azure AD Cloud Sync","","","","","","","","","","","","Account Provisioning","Read","success","The User 'catherine1.carter2@acme.com' was evaluated to be soft-deleted in the source system and the provisioning service should soft-delete the target entry. However, the soft-deletion has been processed by the provisioning service previously. The soft delete operation will be skipped.","External Application 9","","756eda03-cf90-441c-808e-b59787d93e2b","objectId","""2318cfef-8d5d-4570-8820-15637b57a565""","","","accountEnabled","""False""","","","department","""Department 8""","","","displayName","""Catherine1 Carter2""","","","givenName","""Catherine1""","","","jobTitle","""Job Title 8""","","","ServicePrincipal","","","",""
"2025-10-21 17:50:41","Synchronization rule action","Details","User details: Skip reason = RedundantSoftDelete, Active = False, Assigned = True, Passed scope filter: True; ","","ErrorCode","","","ProvisioningManagement","5aeff348-85a9-4ada-8b6a-422833e54506","Sync_5aeff348-85a9-4ada-8b6a-422833e54506_92e5b9cf-c9a2-495d-83b2-3fc82f96324f_134029506410312790","","Azure AD Cloud Sync","","","","","","","","","","","","Account Provisioning","Read","success","The User 'jenkins.roberts@acme.com' was evaluated to be soft-deleted in the source system and the provisioning service should soft-delete the target entry. However, the soft-deletion has been processed by the provisioning service previously. The soft delete operation will be skipped.","External Application 9","","756eda03-cf90-441c-808e-b59787d93e2b","objectId","""b4e2a357-f352-40ff-84e5-5a31a71a3c2d""","","","accountEnabled","""False""","","","department","""Department 7""","","","displayName","""Jenkins Roberts""","","","givenName","""Jenkins""","","","jobTitle","""Job Title 8""","","","ServicePrincipal","","","",""
"2025-10-21 17:50:41","Synchronization rule action","Details","User details: Skip reason = RedundantSoftDelete, Active = False, Assigned = True, Passed scope filter: True; ","","ErrorCode","","","ProvisioningManagement","5aeff348-85a9-4ada-8b6a-422833e54506","Sync_5aeff348-85a9-4ada-8b6a-422833e54506_92e5b9cf-c9a2-495d-83b2-3fc82f96324f_134029506410182770","","Azure AD Cloud Sync","","","","","","","","","","","","Account Provisioning","Read","success","The User 'joan.william@acme.com' was evaluated to be soft-deleted in the source system and the provisioning service should soft-delete the target entry. However, the soft-deletion has been processed by the provisioning service previously. The soft delete operation will be skipped.","External Application 9","","756eda03-cf90-441c-808e-b59787d93e2b","objectId","""627a4ff0-f382-43d9-846c-7c185494c01e""","","","accountEnabled","""False""","","","department","""Department 7""","","","displayName","""Ronald William""","","","givenName","""Ronald""","","","jobTitle","""Job Title 15""","","","ServicePrincipal","","","",""
"2025-10-21 17:50:41","Synchronization rule action","Details","User details: Skip reason = RedundantSoftDelete, Active = False, Assigned = True, Passed scope filter: True; ","","ErrorCode","","","ProvisioningManagement","5aeff348-85a9-4ada-8b6a-422833e54506","Sync_5aeff348-85a9-4ada-8b6a-422833e54506_92e5b9cf-c9a2-495d-83b2-3fc82f96324f_134029506410012730","","Azure AD Cloud Sync","","","","","","","","","","","","Account Provisioning","Read","success","The User 'lewis.thomas2@acme.com' was evaluated to be soft-deleted in the source system and the provisioning service should soft-delete the target entry. However, the soft-deletion has been processed by the provisioning service previously. The soft delete operation will be skipped.","External Application 9","","756eda03-cf90-441c-808e-b59787d93e2b","objectId","""f32bb32c-d9b7-4656-8596-671a4e468153""","","","accountEnabled","""False""","","","department","""Department 2""","","","displayName","""Lewis Thomas2""","","","givenName","""Lewis""","","","jobTitle","""Job Title 11""","","","ServicePrincipal","","","",""
"2025-10-21 17:50:40","Synchronization rule action","Details","User details: Skip reason = RedundantSoftDelete, Active = False, Assigned = True, Passed scope filter: True; ","","ErrorCode","","","ProvisioningManagement","5aeff348-85a9-4ada-8b6a-422833e54506","Sync_5aeff348-85a9-4ada-8b6a-422833e54506_92e5b9cf-c9a2-495d-83b2-3fc82f96324f_134029506409882810","","Azure AD Cloud Sync","","","","","","","","","","","","Account Provisioning","Read","success","The User 'kathleen.carter@acme.com' was evaluated to be soft-deleted in the source system and the provisioning service should soft-delete the target entry. However, the soft-deletion has been processed by the provisioning service previously. The soft delete operation will be skipped.","External Application 9","","756eda03-cf90-441c-808e-b59787d93e2b","objectId","""c2d41362-b857-4351-8a78-520b3070914e""","","","accountEnabled","""False""","","","department","""Department 9""","","","displayName","""Kathleen Carter""","","","givenName","""Kathleen""","","","jobTitle","""Job Title 3""","","","ServicePrincipal","","","",""
"2025-10-21 17:50:40","Import","Details","","","ErrorCode","","","ProvisioningManagement","5aeff348-85a9-4ada-8b6a-422833e54506","Sync_5aeff348-85a9-4ada-8b6a-422833e54506_92e5b9cf-c9a2-495d-83b2-3fc82f96324f_134029506407452750","","Azure AD Cloud Sync","","","","","","","","","","","","Account Provisioning","Read","success","Received User 'ronald1.jackson@acme.com' change of type (Add) from Microsoft Entra ID","External Application 9","","756eda03-cf90-441c-808e-b59787d93e2b","objectId","""bf9339cc-dcd3-419c-87d7-ca33b140e3cb""","","","accountEnabled","""False""","","","displayName","""Ronald1 Jackson""","","","givenName","""Ronald1""","","","jobTitle","""Job Title 13""","","","mailNickname","""ronald1.jackson""","","","ServicePrincipal","","","",""
"2025-10-21 17:50:40","Import","Details","","","ErrorCode","","","ProvisioningManagement","5aeff348-85a9-4ada-8b6a-422833e54506","Sync_5aeff348-85a9-4ada-8b6a-422833e54506_92e5b9cf-c9a2-495d-83b2-3fc82f96324f_134029506407382740","","Azure AD Cloud Sync","","","","","","","","","","","","Account Provisioning","Read","success","Received User 'thomas1.jimenez@acme.com' change of type (Add) from Microsoft Entra ID","External Application 9","","756eda03-cf90-441c-808e-b59787d93e2b","objectId","""c8bfdc83-e15d-4584-83d0-f156fda37734""","","","accountEnabled","""False""","","","department","""Department 6""","","","displayName","""Thomas1 Jimenez""","","","givenName","""Thomas1""","","","jobTitle","""Job Title 12""","","","ServicePrincipal","","","",""
"2025-10-21 17:50:40","Import","Details","","","ErrorCode","","","ProvisioningManagement","5aeff348-85a9-4ada-8b6a-422833e54506","Sync_5aeff348-85a9-4ada-8b6a-422833e54506_92e5b9cf-c9a2-495d-83b2-3fc82f96324f_134029506407292740","","Azure AD Cloud Sync","","","","","","","","","","","","Account Provisioning","Read","success","Received User 'samantha1.edward@acme.com' change of type (Add) from Microsoft Entra ID","External Application 9","","756eda03-cf90-441c-808e-b59787d93e2b","objectId","""d0e4a9ac-084a-4133-8c33-53487177cf8a""","","","accountEnabled","""False""","","","department","""Department 1""","","","displayName","""Samantha1 Edward""","","","givenName","""Samantha1""","","","jobTitle","""Job Title 2""","","","ServicePrincipal","","","",""
"2025-10-21 17:50:40","Import","Details","","","ErrorCode","","","ProvisioningManagement","5aeff348-85a9-4ada-8b6a-422833e54506","Sync_5aeff348-85a9-4ada-8b6a-422833e54506_92e5b9cf-c9a2-495d-83b2-3fc82f96324f_134029506407222720","","Azure AD Cloud Sync","","","","","","","","","","","","Account Provisioning","Read","success","Received User 'evelyn2.rebecca1@acme.com' change of type (Add) from Microsoft Entra ID","External Application 9","","756eda03-cf90-441c-808e-b59787d93e2b","objectId","""a86ba5ad-6b84-42bb-835e-03d42d52beac""","","","accountEnabled","""False""","","","displayName","""Evelyn2 Rebecca1""","","","givenName","""Evelyn2""","","","jobTitle","""Job Title 5""","","","mailNickname","""evelyn2.rebecca1""","","","ServicePrincipal","","","",""
"2025-10-21 17:50:40","Import","Details","","","ErrorCode","","","ProvisioningManagement","5aeff348-85a9-4ada-8b6a-422833e54506","Sync_5aeff348-85a9-4ada-8b6a-422833e54506_92e5b9cf-c9a2-495d-83b2-3fc82f96324f_134029506407142730","","Azure AD Cloud Sync","","","","","","","","","","","","Account Provisioning","Read","success","Received User 'mitchell2.ortiz@acme.com' change of type (Add) from Microsoft Entra ID","External Application 9","","756eda03-cf90-441c-808e-b59787d93e2b","objectId","""c86c5f0b-5845-4ed8-8974-9f4817e9f14c""","","","accountEnabled","""False""","","","displayName","""Mitchell2  Ortiz""","","","givenName","""Mitchell2""","","","mailNickname","""mitchell2.ortiz""","","","surname","""Ortiz""","","","ServicePrincipal","","","",""
"2025-10-21 17:50:40","Import","Details","","","ErrorCode","","","ProvisioningManagement","5aeff348-85a9-4ada-8b6a-422833e54506","Sync_5aeff348-85a9-4ada-8b6a-422833e54506_92e5b9cf-c9a2-495d-83b2-3fc82f96324f_134029506407062740","","Azure AD Cloud Sync","","","","","","","","","","","","Account Provisioning","Read","success","Received User 'allen3.edward1@acme.com' change of type (Add) from Microsoft Entra ID","External Application 9","","756eda03-cf90-441c-808e-b59787d93e2b","objectId","""2b22d269-4f10-4524-894e-e05c48f3d8d9""","","","accountEnabled","""False""","","","department","""Department 7""","","","displayName","""Allen3 Edward1""","","","givenName","""Allen3""","","","jobTitle","""Job Title 4""","","","ServicePrincipal","","","",""
"2025-10-21 17:50:40","Import","Details","","","ErrorCode","","","ProvisioningManagement","5aeff348-85a9-4ada-8b6a-422833e54506","Sync_5aeff348-85a9-4ada-8b6a-422833e54506_92e5b9cf-c9a2-495d-83b2-3fc82f96324f_134029506406982720","","Azure AD Cloud Sync","","","","","","","","","","","","Account Provisioning","Read","success","Received User 'peterson.heather2@acme.com' change of type (Add) from Microsoft Entra ID","External Application 9","","756eda03-cf90-441c-808e-b59787d93e2b","objectId","""8107c9dc-0d87-4346-8d13-76a486414747""","","","accountEnabled","""False""","","","displayName","""Peterson Heather2""","","","givenName","""Peterson""","","","jobTitle","""Job Title 5""","","","mailNickname","""peterson.heather2""","","","ServicePrincipal","","","",""
"2025-10-21 17:50:40","Import","Details","","","ErrorCode","","","ProvisioningManagement","5aeff348-85a9-4ada-8b6a-422833e54506","Sync_5aeff348-85a9-4ada-8b6a-422833e54506_92e5b9cf-c9a2-495d-83b2-3fc82f96324f_134029506406902740","","Azure AD Cloud Sync","","","","","","","","","","","","Account Provisioning","Read","success","Received User 'nguyen.wood1@acme.com' change of type (Add) from Microsoft Entra ID","External Application 9","","756eda03-cf90-441c-808e-b59787d93e2b","objectId","""ce02f276-d914-4909-853b-bf731e718640""","","","accountEnabled","""False""","","","department","""Department 3""","","","displayName","""Nguyen Wood1""","","","givenName","""Nguyen""","","","jobTitle","""Job Title 10""","","","ServicePrincipal","","","",""
"2025-10-21 17:50:40","Import","Details","","","ErrorCode","","","ProvisioningManagement","5aeff348-85a9-4ada-8b6a-422833e54506","Sync_5aeff348-85a9-4ada-8b6a-422833e54506_92e5b9cf-c9a2-495d-83b2-3fc82f96324f_134029506406792710","","Azure AD Cloud Sync","","","","","","","","","","","","Account Provisioning","Read","success","Received User 'cook1.mitchell3@acme.com' change of type (Add) from Microsoft Entra ID","External Application 9","","756eda03-cf90-441c-808e-b59787d93e2b","objectId","""7b6593af-c87d-4674-829a-9ede3adbdf5c""","","","accountEnabled","""False""","","","displayName","""Cook1 Mitchell3""","","","givenName","""Cook1""","","","mailNickname","""cook1.mitchell3""","","","surname","""Mitchell3""","","","ServicePrincipal","","","",""
"2025-10-21 17:50:40","Import","Details","","","ErrorCode","","","ProvisioningManagement","5aeff348-85a9-4ada-8b6a-422833e54506","Sync_5aeff348-85a9-4ada-8b6a-422833e54506_92e5b9cf-c9a2-495d-83b2-3fc82f96324f_134029506406712720","","Azure AD Cloud Sync","","","","","","","","","","","","Account Provisioning","Read","success","Received User 'reed1.mitchell@acme.com' change of type (Add) from Microsoft Entra ID","External Application 9","","756eda03-cf90-441c-808e-b59787d93e2b","objectId","""31510e04-6b24-4a36-8b50-fc1ad11ad4f9""","","","accountEnabled","""False""","","","displayName","""Reed1 Mitchell""","","","givenName","""Reed1""","","","jobTitle","""Job Title 1""","","","mailNickname","""reed1.mitchell""","","","ServicePrincipal","","","",""
"2025-10-21 17:50:40","Import","Details","","","ErrorCode","","","ProvisioningManagement","5aeff348-85a9-4ada-8b6a-422833e54506","Sync_5aeff348-85a9-4ada-8b6a-422833e54506_92e5b9cf-c9a2-495d-83b2-3fc82f96324f_134029506406632740","","Azure AD Cloud Sync","","","","","","","","","","","","Account Provisioning","Read","success","Received User 'torres1.carter3@acme.com' change of type (Add) from Microsoft Entra ID","External Application 9","","756eda03-cf90-441c-808e-b59787d93e2b","objectId","""7df7de58-2af6-47c2-8887-079db9585c7e""","","","accountEnabled","""False""","","","displayName","""Lee Carter3""","","","givenName","""Lee""","","","mailNickname","""torres1.carter3""","","","surname","""Carter3""","","","ServicePrincipal","","","",""
"2025-10-21 17:50:40","Import","Details","","","ErrorCode","","","ProvisioningManagement","5aeff348-85a9-4ada-8b6a-422833e54506","Sync_5aeff348-85a9-4ada-8b6a-422833e54506_92e5b9cf-c9a2-495d-83b2-3fc82f96324f_134029506406552710","","Azure AD Cloud Sync","","","","","","","","","","","","Account Provisioning","Read","success","Received User 'catherine1.carter2@acme.com' change of type (Add) from Microsoft Entra ID","External Application 9","","756eda03-cf90-441c-808e-b59787d93e2b","objectId","""2318cfef-8d5d-4570-8820-15637b57a565""","","","accountEnabled","""False""","","","department","""Department 8""","","","displayName","""Catherine1 Carter2""","","","givenName","""Catherine1""","","","jobTitle","""Job Title 8""","","","ServicePrincipal","","","",""
"2025-10-21 17:50:40","Import","Details","","","ErrorCode","","","ProvisioningManagement","5aeff348-85a9-4ada-8b6a-422833e54506","Sync_5aeff348-85a9-4ada-8b6a-422833e54506_92e5b9cf-c9a2-495d-83b2-3fc82f96324f_134029506406472740","","Azure AD Cloud Sync","","","","","","","","","","","","Account Provisioning","Read","success","Received User 'amy2.wood@acme.com' change of type (Add) from Microsoft Entra ID","External Application 9","","756eda03-cf90-441c-808e-b59787d93e2b","objectId","""9e4eef94-db52-4ae6-83d6-bad5395ff6f8""","","","accountEnabled","""False""","","","department","""Department 4""","","","displayName","""Amy2 Wood""","","","givenName","""Hovsep""","","","jobTitle","""Job Title 14""","","","ServicePrincipal","","","",""
"2025-10-21 17:50:40","Import","Details","","","ErrorCode","","","ProvisioningManagement","5aeff348-85a9-4ada-8b6a-422833e54506","Sync_5aeff348-85a9-4ada-8b6a-422833e54506_92e5b9cf-c9a2-495d-83b2-3fc82f96324f_134029506406402740","","Azure AD Cloud Sync","","","","","","","","","","","","Account Provisioning","Read","success","Received User 'jenkins.roberts@acme.com' change of type (Add) from Microsoft Entra ID","External Application 9","","756eda03-cf90-441c-808e-b59787d93e2b","objectId","""b4e2a357-f352-40ff-84e5-5a31a71a3c2d""","","","accountEnabled","""False""","","","department","""Department 7""","","","displayName","""Jenkins Roberts""","","","givenName","""Jenkins""","","","jobTitle","""Job Title 8""","","","ServicePrincipal","","","",""
"2025-10-21 17:50:40","Import","Details","","","ErrorCode","","","ProvisioningManagement","5aeff348-85a9-4ada-8b6a-422833e54506","Sync_5aeff348-85a9-4ada-8b6a-422833e54506_92e5b9cf-c9a2-495d-83b2-3fc82f96324f_134029506406322730","","Azure AD Cloud Sync","","","","","","","","","","","","Account Provisioning","Read","success","Received User 'joan.william@acme.com' change of type (Add) from Microsoft Entra ID","External Application 9","","756eda03-cf90-441c-808e-b59787d93e2b","objectId","""627a4ff0-f382-43d9-846c-7c185494c01e""","","","accountEnabled","""False""","","","department","""Department 7""","","","displayName","""Ronald William""","","","givenName","""Ronald""","","","jobTitle","""Job Title 15""","","","ServicePrincipal","","","",""
"2025-10-21 17:50:40","Import","Details","","","ErrorCode","","","ProvisioningManagement","5aeff348-85a9-4ada-8b6a-422833e54506","Sync_5aeff348-85a9-4ada-8b6a-422833e54506_92e5b9cf-c9a2-495d-83b2-3fc82f96324f_134029506406242730","","Azure AD Cloud Sync","","","","","","","","","","","","Account Provisioning","Read","success","Received User 'diane.nguyen@acme.com' change of type (Add) from Microsoft Entra ID","External Application 9","","756eda03-cf90-441c-808e-b59787d93e2b","objectId","""9a338291-11ec-499c-8425-ba35ea84767e""","","","accountEnabled","""False""","","","displayName","""Diane Nguyen""","","","givenName","""Diane""","","","jobTitle","""Job Title 7""","","","mailNickname","""diane.nguyen""","","","ServicePrincipal","","","",""
"2025-10-21 17:50:40","Import","Details","","","ErrorCode","","","ProvisioningManagement","5aeff348-85a9-4ada-8b6a-422833e54506","Sync_5aeff348-85a9-4ada-8b6a-422833e54506_92e5b9cf-c9a2-495d-83b2-3fc82f96324f_134029506406152740","","Azure AD Cloud Sync","","","","","","","","","","","","Account Provisioning","Read","success","Received User 'lewis.thomas2@acme.com' change of type (Add) from Microsoft Entra ID","External Application 9","","756eda03-cf90-441c-808e-b59787d93e2b","objectId","""f32bb32c-d9b7-4656-8596-671a4e468153""","","","accountEnabled","""False""","","","department","""Department 2""","","","displayName","""Lewis Thomas2""","","","givenName","""Lewis""","","","jobTitle","""Job Title 11""","","","ServicePrincipal","","","",""
"2025-10-21 17:50:40","Import","Details","","","ErrorCode","","","ProvisioningManagement","5aeff348-85a9-4ada-8b6a-422833e54506","Sync_5aeff348-85a9-4ada-8b6a-422833e54506_92e5b9cf-c9a2-495d-83b2-3fc82f96324f_134029506406072730","","Azure AD Cloud Sync","","","","","","","","","","","","Account Provisioning","Read","success","Received User 'kathleen.carter@acme.com' change of type (Add) from Microsoft Entra ID","External Application 9","","756eda03-cf90-441c-808e-b59787d93e2b","objectId","""c2d41362-b857-4351-8a78-520b3070914e""","","","accountEnabled","""False""","","","department","""Department 9""","","","displayName","""Kathleen Carter""","","","givenName","""Kathleen""","","","jobTitle","""Job Title 3""","","","ServicePrincipal","","","",""
"2025-10-21 17:50:38","Other","Details","Type: AppRoleAssignment
Modification: Add
Anchor: qbr5z9K8IUyjKAHYTL_siDjlqbyxVPRBvzvI92m0dG0
Matching property values: 76177af3-b8ae-498b-81f0-4c03455d7a6a
OriginalSourceEntryType: 
Reference Change? False
ContainsEntitlement? False
TrackingId 0d299068-fece-40e2-8697-a4c1617f1899","","ErrorCode","","","ProvisioningManagement","5aeff348-85a9-4ada-8b6a-422833e54506","Sync_5aeff348-85a9-4ada-8b6a-422833e54506_92e5b9cf-c9a2-495d-83b2-3fc82f96324f_134029506388077050","","Azure AD Cloud Sync","","","","","","","","","","","","Account Provisioning","Read","success","This app role assignment was imported: qbr5z9K8IUyjKAHYTL_siDjlqbyxVPRBvzvI92m0dG0.  The app role granted was 76177af3-b8ae-498b-81f0-4c03455d7a6a.  It was granted to Group 34e0af06-dc41-45ee-8b74-60db5c45fe59.","External Application 9","","756eda03-cf90-441c-808e-b59787d93e2b","","","","","","","","","","","","","","","","","","","","","","","","","ServicePrincipal","","","",""
"2025-10-21 17:32:12","Remove member from group","","","","","","","GroupManagement","7f5e4a38-6942-4055-8f61-a611f3404c60","Directory_7f5e4a38-6942-4055-8f61-a611f3404c60_NFOJV_162370582","","","","","","Office 365 SharePoint Online","","","2a01:111:f402:caed:fa57:8bc4:170:41dd","1649f2bc-c5e5-41b7-81a1-128b3e9a4881","admin.phillips2@acme.onmicrosoft.com","","","Core Directory","Unassign","success","","","","70874ab2-0756-41b7-8b53-9428968cdb98","Group.ObjectID","","""d657bd2c-1c81-4460-8abe-936f40e44129""","","Group.DisplayName","","""Group 3""","","","","","","","","","","","","","","","","","","User","nancy.baker2@acme.com","","",""
"2025-10-21 17:32:09","Remove member from group","","","","","","","GroupManagement","195a9a3f-9e31-4349-8331-05a006b08b39","Directory_195a9a3f-9e31-4349-8331-05a006b08b39_MFNIQ_216330034","","","","","","Office 365 SharePoint Online","","","2a01:111:f402:14d2:635d:3ad0:ce74:302a","1649f2bc-c5e5-41b7-81a1-128b3e9a4881","admin.phillips2@acme.onmicrosoft.com","","","Core Directory","Unassign","success","","","","4e747110-656f-4c07-8e9e-211a8310cf10","Group.ObjectID","","""d657bd2c-1c81-4460-8abe-936f40e44129""","","Group.DisplayName","","""Group 3""","","","","","","","","","","","","","","","","","","User","catherine.baker@acme.com","","",""
"2025-10-21 17:32:05","Remove member from group","","","","","","","GroupManagement","17974d95-0c6b-4a77-8934-89dcd386046b","Directory_17974d95-0c6b-4a77-8934-89dcd386046b_4JM7T_244035776","","","","","","Office 365 SharePoint Online","","","2a01:111:f402:d723:9ff0:1617:3a12:9b89","1649f2bc-c5e5-41b7-81a1-128b3e9a4881","admin.phillips2@acme.onmicrosoft.com","","","Core Directory","Unassign","success","","","","444f7f0b-6927-40b4-8f56-96b83801794c","Group.ObjectID","","""d657bd2c-1c81-4460-8abe-936f40e44129""","","Group.DisplayName","","""Group 3""","","","","","","","","","","","","","","","","","","User","nathan3.ruiz@acme.com","","",""
"2025-10-21 17:32:02","Remove member from group","","","","","","","GroupManagement","aab992ce-99db-4957-8c9d-a34a7bb0cc8b","Directory_aab992ce-99db-4957-8c9d-a34a7bb0cc8b_9UX4J_173111894","","","","","","Office 365 SharePoint Online","","","2a01:111:f402:df7c:ad73:4a4b:2627:f0b7","1649f2bc-c5e5-41b7-81a1-128b3e9a4881","admin.phillips2@acme.onmicrosoft.com","","","Core Directory","Unassign","success","","","","4c871f4a-2969-496c-843b-2bcbca10f889","Group.ObjectID","","""d657bd2c-1c81-4460-8abe-936f40e44129""","","Group.DisplayName","","""Group 3""","","","","","","","","","","","","","","","","","","User","joan.heather4@acme.com","","",""
"2025-10-21 17:31:58","Remove member from group","","","","","","","GroupManagement","453ebe26-4922-4885-8c14-cde0935c8266","Directory_453ebe26-4922-4885-8c14-cde0935c8266_KLAHK_209354951","","","","","","Office 365 SharePoint Online","","","2a01:111:f402:df7c:ad73:4a4b:2627:f0b7","1649f2bc-c5e5-41b7-81a1-128b3e9a4881","admin.phillips2@acme.onmicrosoft.com","","","Core Directory","Unassign","success","","","","194a0222-74a0-49c8-882d-bb01e9fb2bfc","Group.ObjectID","","""d657bd2c-1c81-4460-8abe-936f40e44129""","","Group.DisplayName","","""Group 3""","","","","","","","","","","","","","","","","","","User","richard.nancy1@acme.com","","",""
"2025-10-21 17:31:55","Remove member from group","","","","","","","GroupManagement","86e8a5aa-ea3f-490a-8049-78ce1fe35997","Directory_86e8a5aa-ea3f-490a-8049-78ce1fe35997_MFNIQ_216302697","","","","","","Office 365 SharePoint Online","","","2a01:111:f402:8b4f:289b:b3f2:3af3:1354","1649f2bc-c5e5-41b7-81a1-128b3e9a4881","admin.phillips2@acme.onmicrosoft.com","","","Core Directory","Unassign","success","","","","50ce2e69-7f47-41a8-8fdc-8d79f455a7fe","Group.ObjectID","","""d657bd2c-1c81-4460-8abe-936f40e44129""","","Group.DisplayName","","""Group 3""","","","","","","","","","","","","","","","","","","User","heather.walker@acme.com","","",""
"2025-10-21 17:31:51","Remove member from group","","","","","","","GroupManagement","3ab69788-5d24-4765-8598-fd12da877457","Directory_3ab69788-5d24-4765-8598-fd12da877457_YK18Z_243215987","","","","","","Office 365 SharePoint Online","","","2a01:111:f402:d723:9ff0:1617:3a12:9b89","1649f2bc-c5e5-41b7-81a1-128b3e9a4881","admin.phillips2@acme.onmicrosoft.com","","","Core Directory","Unassign","success","","","","8ce87f1e-5bbe-4a90-8cf1-9a91900fb745","Group.ObjectID","","""d657bd2c-1c81-4460-8abe-936f40e44129""","","Group.DisplayName","","""Group 3""","","","","","","","","","","","","","","","","","","User","catherine.deborah@acme.com","","",""
"2025-10-21 16:26:06","Synchronization rule action","Details","Group details: Skip reason = NotEffectivelyEntitled, Active = True, Assigned = False, Passed scope filter: True; ","","ErrorCode","","","ProvisioningManagement","3da40589-3112-4947-8b24-1ab7052e339d","Sync_3da40589-3112-4947-8b24-1ab7052e339d_92e5b9cf-c9a2-495d-83b2-3fc82f96324f_134029455664800900","","Azure AD Cloud Sync","","","","","","","","","","","","Account Provisioning","Read","success","The Group 'OPS' will be skipped due to the following reasons: 
1) This object is not assigned to the application. If you did not expect the object to be skipped, assign the object to the application or change your scoping filter to allow all users and groups to be in scope for provisioning.
2) This object does not have required entitlement for provisioning. If you did not expect the object to be skipped, update provisioning scope to 'Sync all users and groups' or assign the object to the application with entitlement of provisioning category
","External Application 9","","756eda03-cf90-441c-808e-b59787d93e2b","members","""4e747110-656f-4c07-8e9e-211a8310cf10""","","","","","","","","","","","","","","","","","","","","","","","ServicePrincipal","","","",""
"2025-10-21 16:26:06","Synchronization rule action","Details","","","ErrorCode","","","ProvisioningManagement","3da40589-3112-4947-8b24-1ab7052e339d","Sync_3da40589-3112-4947-8b24-1ab7052e339d_92e5b9cf-c9a2-495d-83b2-3fc82f96324f_134029455662724450","","Azure AD Cloud Sync","","","","","","","","","","","","Account Provisioning","Read","success","User kathleen.carter@acme.com will be skipped, because it has already been effectively de-provisioned.","External Application 9","","756eda03-cf90-441c-808e-b59787d93e2b","objectId","""c2d41362-b857-4351-8a78-520b3070914e""","","","accountEnabled","""False""","","","department","""Department 9""","","","displayName","""Kathleen Carter""","","","givenName","""Kathleen""","","","jobTitle","""Job Title 3""","","","ServicePrincipal","","","",""
"2025-10-21 16:26:06","Synchronization rule action","Details","","","ErrorCode","","","ProvisioningManagement","3da40589-3112-4947-8b24-1ab7052e339d","Sync_3da40589-3112-4947-8b24-1ab7052e339d_92e5b9cf-c9a2-495d-83b2-3fc82f96324f_134029455662634510","","Azure AD Cloud Sync","","","","","","","","","","","","Account Provisioning","Read","success","User peterson.heather2@acme.com will be skipped, because it has already been effectively de-provisioned.","External Application 9","","756eda03-cf90-441c-808e-b59787d93e2b","objectId","""8107c9dc-0d87-4346-8d13-76a486414747""","","","accountEnabled","""False""","","","displayName","""Peterson Heather2""","","","givenName","""Peterson""","","","jobTitle","""Job Title 5""","","","mailNickname","""peterson.heather2""","","","ServicePrincipal","","","",""
"2025-10-21 16:26:06","Synchronization rule action","Details","","","ErrorCode","","","ProvisioningManagement","3da40589-3112-4947-8b24-1ab7052e339d","Sync_3da40589-3112-4947-8b24-1ab7052e339d_92e5b9cf-c9a2-495d-83b2-3fc82f96324f_134029455662544480","","Azure AD Cloud Sync","","","","","","","","","","","","Account Provisioning","Read","success","User evelyn2.rebecca1@acme.com will be skipped, because it has not been matched with any entry in the target directory, and there has been no change in any attribute that could alter that state. ","External Application 9","","756eda03-cf90-441c-808e-b59787d93e2b","objectId","""a86ba5ad-6b84-42bb-835e-03d42d52beac""","","","accountEnabled","""False""","","","displayName","""Evelyn2 Rebecca1""","","","givenName","""Evelyn2""","","","jobTitle","""Job Title 5""","","","mailNickname","""evelyn2.rebecca1""","","","ServicePrincipal","","","",""
"2025-10-21 16:26:06","Synchronization rule action","Details","","","ErrorCode","","","ProvisioningManagement","3da40589-3112-4947-8b24-1ab7052e339d","Sync_3da40589-3112-4947-8b24-1ab7052e339d_92e5b9cf-c9a2-495d-83b2-3fc82f96324f_134029455662454440","","Azure AD Cloud Sync","","","","","","","","","","","","Account Provisioning","Read","success","User reed1.mitchell@acme.com will be skipped, because it has not been matched with any entry in the target directory, and there has been no change in any attribute that could alter that state. ","External Application 9","","756eda03-cf90-441c-808e-b59787d93e2b","objectId","""31510e04-6b24-4a36-8b50-fc1ad11ad4f9""","","","accountEnabled","""False""","","","displayName","""Reed1 Mitchell""","","","givenName","""Reed1""","","","jobTitle","""Job Title 1""","","","mailNickname","""reed1.mitchell""","","","ServicePrincipal","","","",""
"2025-10-21 16:26:06","Synchronization rule action","Details","","","ErrorCode","","","ProvisioningManagement","3da40589-3112-4947-8b24-1ab7052e339d","Sync_3da40589-3112-4947-8b24-1ab7052e339d_92e5b9cf-c9a2-495d-83b2-3fc82f96324f_134029455662374450","","Azure AD Cloud Sync","","","","","","","","","","","","Account Provisioning","Read","success","User jenkins.roberts@acme.com will be skipped, because it has already been effectively de-provisioned.","External Application 9","","756eda03-cf90-441c-808e-b59787d93e2b","objectId","""b4e2a357-f352-40ff-84e5-5a31a71a3c2d""","","","accountEnabled","""False""","","","department","""Department 7""","","","displayName","""Jenkins Roberts""","","","givenName","""Jenkins""","","","jobTitle","""Job Title 8""","","","ServicePrincipal","","","",""
"2025-10-21 16:26:06","Synchronization rule action","Details","","","ErrorCode","","","ProvisioningManagement","3da40589-3112-4947-8b24-1ab7052e339d","Sync_3da40589-3112-4947-8b24-1ab7052e339d_92e5b9cf-c9a2-495d-83b2-3fc82f96324f_134029455662294450","","Azure AD Cloud Sync","","","","","","","","","","","","Account Provisioning","Read","success","User thomas1.jimenez@acme.com will be skipped, because it has not been matched with any entry in the target directory, and there has been no change in any attribute that could alter that state. ","External Application 9","","756eda03-cf90-441c-808e-b59787d93e2b","objectId","""c8bfdc83-e15d-4584-83d0-f156fda37734""","","","accountEnabled","""False""","","","department","""Department 6""","","","displayName","""Thomas1 Jimenez""","","","givenName","""Thomas1""","","","jobTitle","""Job Title 12""","","","ServicePrincipal","","","",""
"2025-10-21 16:26:06","Synchronization rule action","Details","","","ErrorCode","","","ProvisioningManagement","3da40589-3112-4947-8b24-1ab7052e339d","Sync_3da40589-3112-4947-8b24-1ab7052e339d_92e5b9cf-c9a2-495d-83b2-3fc82f96324f_134029455662204510","","Azure AD Cloud Sync","","","","","","","","","","","","Account Provisioning","Read","success","User samantha1.edward@acme.com will be skipped, because it has already been effectively de-provisioned.","External Application 9","","756eda03-cf90-441c-808e-b59787d93e2b","objectId","""d0e4a9ac-084a-4133-8c33-53487177cf8a""","","","accountEnabled","""False""","","","department","""Department 1""","","","displayName","""Samantha1 Edward""","","","givenName","""Samantha1""","","","jobTitle","""Job Title 2""","","","ServicePrincipal","","","",""
"2025-10-21 16:26:06","Synchronization rule action","Details","","","ErrorCode","","","ProvisioningManagement","3da40589-3112-4947-8b24-1ab7052e339d","Sync_3da40589-3112-4947-8b24-1ab7052e339d_92e5b9cf-c9a2-495d-83b2-3fc82f96324f_134029455662114460","","Azure AD Cloud Sync","","","","","","","","","","","","Account Provisioning","Read","success","User nguyen.wood1@acme.com will be skipped, because it has already been effectively de-provisioned.","External Application 9","","756eda03-cf90-441c-808e-b59787d93e2b","objectId","""ce02f276-d914-4909-853b-bf731e718640""","","","accountEnabled","""False""","","","department","""Department 3""","","","displayName","""Nguyen Wood1""","","","givenName","""Nguyen""","","","jobTitle","""Job Title 10""","","","ServicePrincipal","","","",""
"2025-10-21 16:26:06","Synchronization rule action","Details","","","ErrorCode","","","ProvisioningManagement","3da40589-3112-4947-8b24-1ab7052e339d","Sync_3da40589-3112-4947-8b24-1ab7052e339d_92e5b9cf-c9a2-495d-83b2-3fc82f96324f_134029455662034440","","Azure AD Cloud Sync","","","","","","","","","","","","Account Provisioning","Read","success","User allen3.edward1@acme.com will be skipped, because it has already been effectively de-provisioned.","External Application 9","","756eda03-cf90-441c-808e-b59787d93e2b","objectId","""2b22d269-4f10-4524-894e-e05c48f3d8d9""","","","accountEnabled","""False""","","","department","""Department 7""","","","displayName","""Allen3 Edward1""","","","givenName","""Allen3""","","","jobTitle","""Job Title 4""","","","ServicePrincipal","","","",""
"2025-10-21 16:26:06","Synchronization rule action","Details","","","ErrorCode","","","ProvisioningManagement","3da40589-3112-4947-8b24-1ab7052e339d","Sync_3da40589-3112-4947-8b24-1ab7052e339d_92e5b9cf-c9a2-495d-83b2-3fc82f96324f_134029455661954450","","Azure AD Cloud Sync","","","","","","","","","","","","Account Provisioning","Read","success","User joan.william@acme.com will be skipped, because it has already been effectively de-provisioned.","External Application 9","","756eda03-cf90-441c-808e-b59787d93e2b","objectId","""627a4ff0-f382-43d9-846c-7c185494c01e""","","","accountEnabled","""False""","","","department","""Department 7""","","","displayName","""Ronald William""","","","givenName","""Ronald""","","","jobTitle","""Job Title 15""","","","ServicePrincipal","","","",""
"2025-10-21 16:26:06","Synchronization rule action","Details","","","ErrorCode","","","ProvisioningManagement","3da40589-3112-4947-8b24-1ab7052e339d","Sync_3da40589-3112-4947-8b24-1ab7052e339d_92e5b9cf-c9a2-495d-83b2-3fc82f96324f_134029455661874440","","Azure AD Cloud Sync","","","","","","","","","","","","Account Provisioning","Read","success","User diane.nguyen@acme.com will be skipped, because it has not been matched with any entry in the target directory, and there has been no change in any attribute that could alter that state. ","External Application 9","","756eda03-cf90-441c-808e-b59787d93e2b","objectId","""9a338291-11ec-499c-8425-ba35ea84767e""","","","accountEnabled","""False""","","","displayName","""Diane Nguyen""","","","givenName","""Diane""","","","jobTitle","""Job Title 7""","","","mailNickname","""diane.nguyen""","","","ServicePrincipal","","","",""
"2025-10-21 16:26:06","Synchronization rule action","Details","","","ErrorCode","","","ProvisioningManagement","3da40589-3112-4947-8b24-1ab7052e339d","Sync_3da40589-3112-4947-8b24-1ab7052e339d_92e5b9cf-c9a2-495d-83b2-3fc82f96324f_134029455661784470","","Azure AD Cloud Sync","","","","","","","","","","","","Account Provisioning","Read","success","User amy2.wood@acme.com will be skipped, because it has not been matched with any entry in the target directory, and there has been no change in any attribute that could alter that state. ","External Application 9","","756eda03-cf90-441c-808e-b59787d93e2b","objectId","""9e4eef94-db52-4ae6-83d6-bad5395ff6f8""","","","accountEnabled","""False""","","","department","""Department 4""","","","displayName","""Amy2 Wood""","","","givenName","""Hovsep""","","","jobTitle","""Job Title 14""","","","ServicePrincipal","","","",""
"2025-10-21 16:26:06","Synchronization rule action","Details","User details: Skip reason = NotEffectivelyEntitled, Active = False, Assigned = True, Passed scope filter: True; ","","ErrorCode","","","ProvisioningManagement","3da40589-3112-4947-8b24-1ab7052e339d","Sync_3da40589-3112-4947-8b24-1ab7052e339d_92e5b9cf-c9a2-495d-83b2-3fc82f96324f_134029455661634470","","Azure AD Cloud Sync","","","","","","","","","","","","Account Provisioning","Read","success","The User 'amy2.wood@acme.com' will be skipped due to the following reasons: 
1) This object is not active in the source system.
","External Application 9","","756eda03-cf90-441c-808e-b59787d93e2b","objectId","""9e4eef94-db52-4ae6-83d6-bad5395ff6f8""","","","accountEnabled","""False""","","","department","""Department 4""","","","displayName","""Amy2 Wood""","","","givenName","""Hovsep""","","","jobTitle","""Job Title 14""","","","ServicePrincipal","","","",""
"2025-10-21 16:26:06","Synchronization rule action","Details","User details: Skip reason = NotEffectivelyEntitled, Active = False, Assigned = True, Passed scope filter: True; ","","ErrorCode","","","ProvisioningManagement","3da40589-3112-4947-8b24-1ab7052e339d","Sync_3da40589-3112-4947-8b24-1ab7052e339d_92e5b9cf-c9a2-495d-83b2-3fc82f96324f_134029455661504450","","Azure AD Cloud Sync","","","","","","","","","","","","Account Provisioning","Read","success","The User 'diane.nguyen@acme.com' will be skipped due to the following reasons: 
1) This object is not active in the source system.
","External Application 9","","756eda03-cf90-441c-808e-b59787d93e2b","objectId","""9a338291-11ec-499c-8425-ba35ea84767e""","","","accountEnabled","""False""","","","displayName","""Diane Nguyen""","","","givenName","""Diane""","","","jobTitle","""Job Title 7""","","","mailNickname","""diane.nguyen""","","","ServicePrincipal","","","",""
"2025-10-21 16:26:06","Synchronization rule action","Details","User details: Skip reason = NotEffectivelyEntitled, Active = False, Assigned = True, Passed scope filter: True; ","","ErrorCode","","","ProvisioningManagement","3da40589-3112-4947-8b24-1ab7052e339d","Sync_3da40589-3112-4947-8b24-1ab7052e339d_92e5b9cf-c9a2-495d-83b2-3fc82f96324f_134029455661364470","","Azure AD Cloud Sync","","","","","","","","","","","","Account Provisioning","Read","success","The User 'thomas1.jimenez@acme.com' will be skipped due to the following reasons: 
1) This object is not active in the source system.
","External Application 9","","756eda03-cf90-441c-808e-b59787d93e2b","objectId","""c8bfdc83-e15d-4584-83d0-f156fda37734""","","","accountEnabled","""False""","","","department","""Department 6""","","","displayName","""Thomas1 Jimenez""","","","givenName","""Thomas1""","","","jobTitle","""Job Title 12""","","","ServicePrincipal","","","",""
"2025-10-21 16:26:06","Synchronization rule action","Details","User details: Skip reason = NotEffectivelyEntitled, Active = False, Assigned = True, Passed scope filter: True; ","","ErrorCode","","","ProvisioningManagement","3da40589-3112-4947-8b24-1ab7052e339d","Sync_3da40589-3112-4947-8b24-1ab7052e339d_92e5b9cf-c9a2-495d-83b2-3fc82f96324f_134029455661224480","","Azure AD Cloud Sync","","","","","","","","","","","","Account Provisioning","Read","success","The User 'reed1.mitchell@acme.com' will be skipped due to the following reasons: 
1) This object is not active in the source system.
","External Application 9","","756eda03-cf90-441c-808e-b59787d93e2b","objectId","""31510e04-6b24-4a36-8b50-fc1ad11ad4f9""","","","accountEnabled","""False""","","","displayName","""Reed1 Mitchell""","","","givenName","""Reed1""","","","jobTitle","""Job Title 1""","","","mailNickname","""reed1.mitchell""","","","ServicePrincipal","","","",""
"2025-10-21 16:26:06","Synchronization rule action","Details","User details: Skip reason = NotEffectivelyEntitled, Active = False, Assigned = True, Passed scope filter: True; ","","ErrorCode","","","ProvisioningManagement","3da40589-3112-4947-8b24-1ab7052e339d","Sync_3da40589-3112-4947-8b24-1ab7052e339d_92e5b9cf-c9a2-495d-83b2-3fc82f96324f_134029455661044470","","Azure AD Cloud Sync","","","","","","","","","","","","Account Provisioning","Read","success","The User 'evelyn2.rebecca1@acme.com' will be skipped due to the following reasons: 
1) This object is not active in the source system.
","External Application 9","","756eda03-cf90-441c-808e-b59787d93e2b","objectId","""a86ba5ad-6b84-42bb-835e-03d42d52beac""","","","accountEnabled","""False""","","","displayName","""Evelyn2 Rebecca1""","","","givenName","""Evelyn2""","","","jobTitle","""Job Title 5""","","","mailNickname","""evelyn2.rebecca1""","","","ServicePrincipal","","","",""
"2025-10-21 16:26:06","Synchronization rule action","Details","User details: Skip reason = RedundantSoftDelete, Active = False, Assigned = True, Passed scope filter: True; ","","ErrorCode","","","ProvisioningManagement","3da40589-3112-4947-8b24-1ab7052e339d","Sync_3da40589-3112-4947-8b24-1ab7052e339d_92e5b9cf-c9a2-495d-83b2-3fc82f96324f_134029455660404470","","Azure AD Cloud Sync","","","","","","","","","","","","Account Provisioning","Read","success","The User 'kathleen.carter@acme.com' was evaluated to be soft-deleted in the source system and the provisioning service should soft-delete the target entry. However, the soft-deletion has been processed by the provisioning service previously. The soft delete operation will be skipped.","External Application 9","","756eda03-cf90-441c-808e-b59787d93e2b","objectId","""c2d41362-b857-4351-8a78-520b3070914e""","","","accountEnabled","""False""","","","department","""Department 9""","","","displayName","""Kathleen Carter""","","","givenName","""Kathleen""","","","jobTitle","""Job Title 3""","","","ServicePrincipal","","","",""
"2025-10-21 16:26:06","Synchronization rule action","Details","User details: Skip reason = RedundantSoftDelete, Active = False, Assigned = True, Passed scope filter: True; ","","ErrorCode","","","ProvisioningManagement","3da40589-3112-4947-8b24-1ab7052e339d","Sync_3da40589-3112-4947-8b24-1ab7052e339d_92e5b9cf-c9a2-495d-83b2-3fc82f96324f_134029455660264480","","Azure AD Cloud Sync","","","","","","","","","","","","Account Provisioning","Read","success","The User 'peterson.heather2@acme.com' was evaluated to be soft-deleted in the source system and the provisioning service should soft-delete the target entry. However, the soft-deletion has been processed by the provisioning service previously. The soft delete operation will be skipped.","External Application 9","","756eda03-cf90-441c-808e-b59787d93e2b","objectId","""8107c9dc-0d87-4346-8d13-76a486414747""","","","accountEnabled","""False""","","","displayName","""Peterson Heather2""","","","givenName","""Peterson""","","","jobTitle","""Job Title 5""","","","mailNickname","""peterson.heather2""","","","ServicePrincipal","","","",""
"2025-10-21 16:26:06","Synchronization rule action","Details","User details: Skip reason = RedundantSoftDelete, Active = False, Assigned = True, Passed scope filter: True; ","","ErrorCode","","","ProvisioningManagement","3da40589-3112-4947-8b24-1ab7052e339d","Sync_3da40589-3112-4947-8b24-1ab7052e339d_92e5b9cf-c9a2-495d-83b2-3fc82f96324f_134029455660134510","","Azure AD Cloud Sync","","","","","","","","","","","","Account Provisioning","Read","success","The User 'lewis.thomas2@acme.com' was evaluated to be soft-deleted in the source system and the provisioning service should soft-delete the target entry. However, the soft-deletion has been processed by the provisioning service previously. The soft delete operation will be skipped.","External Application 9","","756eda03-cf90-441c-808e-b59787d93e2b","objectId","""f32bb32c-d9b7-4656-8596-671a4e468153""","","","accountEnabled","""False""","","","department","""Department 2""","","","displayName","""Lewis Thomas2""","","","givenName","""Lewis""","","","jobTitle","""Job Title 11""","","","ServicePrincipal","","","",""
"2025-10-21 16:26:05","Synchronization rule action","Details","User details: Skip reason = RedundantSoftDelete, Active = False, Assigned = True, Passed scope filter: True; ","","ErrorCode","","","ProvisioningManagement","3da40589-3112-4947-8b24-1ab7052e339d","Sync_3da40589-3112-4947-8b24-1ab7052e339d_92e5b9cf-c9a2-495d-83b2-3fc82f96324f_134029455659904470","","Azure AD Cloud Sync","","","","","","","","","","","","Account Provisioning","Read","success","The User 'ronald1.jackson@acme.com' was evaluated to be soft-deleted in the source system and the provisioning service should soft-delete the target entry. However, the soft-deletion has been processed by the provisioning service previously. The soft delete operation will be skipped.","External Application 9","","756eda03-cf90-441c-808e-b59787d93e2b","objectId","""bf9339cc-dcd3-419c-87d7-ca33b140e3cb""","","","accountEnabled","""False""","","","displayName","""Ronald1 Jackson""","","","givenName","""Ronald1""","","","jobTitle","""Job Title 13""","","","mailNickname","""ronald1.jackson""","","","ServicePrincipal","","","",""
"2025-10-21 16:26:05","Synchronization rule action","Details","User details: Skip reason = RedundantSoftDelete, Active = False, Assigned = True, Passed scope filter: True; ","","ErrorCode","","","ProvisioningManagement","3da40589-3112-4947-8b24-1ab7052e339d","Sync_3da40589-3112-4947-8b24-1ab7052e339d_92e5b9cf-c9a2-495d-83b2-3fc82f96324f_134029455659774460","","Azure AD Cloud Sync","","","","","","","","","","","","Account Provisioning","Read","success","The User 'jenkins.roberts@acme.com' was evaluated to be soft-deleted in the source system and the provisioning service should soft-delete the target entry. However, the soft-deletion has been processed by the provisioning service previously. The soft delete operation will be skipped.","External Application 9","","756eda03-cf90-441c-808e-b59787d93e2b","objectId","""b4e2a357-f352-40ff-84e5-5a31a71a3c2d""","","","accountEnabled","""False""","","","department","""Department 7""","","","displayName","""Jenkins Roberts""","","","givenName","""Jenkins""","","","jobTitle","""Job Title 8""","","","ServicePrincipal","","","",""
"2025-10-21 16:26:05","Synchronization rule action","Details","User details: Skip reason = RedundantSoftDelete, Active = False, Assigned = True, Passed scope filter: True; ","","ErrorCode","","","ProvisioningManagement","3da40589-3112-4947-8b24-1ab7052e339d","Sync_3da40589-3112-4947-8b24-1ab7052e339d_92e5b9cf-c9a2-495d-83b2-3fc82f96324f_134029455659594470","","Azure AD Cloud Sync","","","","","","","","","","","","Account Provisioning","Read","success","The User 'catherine1.carter2@acme.com' was evaluated to be soft-deleted in the source system and the provisioning service should soft-delete the target entry. However, the soft-deletion has been processed by the provisioning service previously. The soft delete operation will be skipped.","External Application 9","","756eda03-cf90-441c-808e-b59787d93e2b","objectId","""2318cfef-8d5d-4570-8820-15637b57a565""","","","accountEnabled","""False""","","","department","""Department 8""","","","displayName","""Catherine1 Carter2""","","","givenName","""Catherine1""","","","jobTitle","""Job Title 8""","","","ServicePrincipal","","","",""
"2025-10-21 16:26:05","Synchronization rule action","Details","User details: Skip reason = RedundantSoftDelete, Active = False, Assigned = True, Passed scope filter: True; ","","ErrorCode","","","ProvisioningManagement","3da40589-3112-4947-8b24-1ab7052e339d","Sync_3da40589-3112-4947-8b24-1ab7052e339d_92e5b9cf-c9a2-495d-83b2-3fc82f96324f_134029455659464470","","Azure AD Cloud Sync","","","","","","","","","","","","Account Provisioning","Read","success","The User 'samantha1.edward@acme.com' was evaluated to be soft-deleted in the source system and the provisioning service should soft-delete the target entry. However, the soft-deletion has been processed by the provisioning service previously. The soft delete operation will be skipped.","External Application 9","","756eda03-cf90-441c-808e-b59787d93e2b","objectId","""d0e4a9ac-084a-4133-8c33-53487177cf8a""","","","accountEnabled","""False""","","","department","""Department 1""","","","displayName","""Samantha1 Edward""","","","givenName","""Samantha1""","","","jobTitle","""Job Title 2""","","","ServicePrincipal","","","",""
"2025-10-21 16:26:05","Synchronization rule action","Details","User details: Skip reason = RedundantSoftDelete, Active = False, Assigned = True, Passed scope filter: True; ","","ErrorCode","","","ProvisioningManagement","3da40589-3112-4947-8b24-1ab7052e339d","Sync_3da40589-3112-4947-8b24-1ab7052e339d_92e5b9cf-c9a2-495d-83b2-3fc82f96324f_134029455659324470","","Azure AD Cloud Sync","","","","","","","","","","","","Account Provisioning","Read","success","The User 'mitchell2.ortiz@acme.com' was evaluated to be soft-deleted in the source system and the provisioning service should soft-delete the target entry. However, the soft-deletion has been processed by the provisioning service previously. The soft delete operation will be skipped.","External Application 9","","756eda03-cf90-441c-808e-b59787d93e2b","objectId","""c86c5f0b-5845-4ed8-8974-9f4817e9f14c""","","","accountEnabled","""False""","","","displayName","""Mitchell2  Ortiz""","","","givenName","""Mitchell2""","","","mailNickname","""mitchell2.ortiz""","","","surname","""Ortiz""","","","ServicePrincipal","","","",""
"2025-10-21 16:26:05","Synchronization rule action","Details","User details: Skip reason = RedundantSoftDelete, Active = False, Assigned = True, Passed scope filter: True; ","","ErrorCode","","","ProvisioningManagement","3da40589-3112-4947-8b24-1ab7052e339d","Sync_3da40589-3112-4947-8b24-1ab7052e339d_92e5b9cf-c9a2-495d-83b2-3fc82f96324f_134029455659194470","","Azure AD Cloud Sync","","","","","","","","","","","","Account Provisioning","Read","success","The User 'nguyen.wood1@acme.com' was evaluated to be soft-deleted in the source system and the provisioning service should soft-delete the target entry. However, the soft-deletion has been processed by the provisioning service previously. The soft delete operation will be skipped.","External Application 9","","756eda03-cf90-441c-808e-b59787d93e2b","objectId","""ce02f276-d914-4909-853b-bf731e718640""","","","accountEnabled","""False""","","","department","""Department 3""","","","displayName","""Nguyen Wood1""","","","givenName","""Nguyen""","","","jobTitle","""Job Title 10""","","","ServicePrincipal","","","",""
"2025-10-21 16:26:05","Synchronization rule action","Details","User details: Skip reason = RedundantSoftDelete, Active = False, Assigned = True, Passed scope filter: True; ","","ErrorCode","","","ProvisioningManagement","3da40589-3112-4947-8b24-1ab7052e339d","Sync_3da40589-3112-4947-8b24-1ab7052e339d_92e5b9cf-c9a2-495d-83b2-3fc82f96324f_134029455659064460","","Azure AD Cloud Sync","","","","","","","","","","","","Account Provisioning","Read","success","The User 'cook1.mitchell3@acme.com' was evaluated to be soft-deleted in the source system and the provisioning service should soft-delete the target entry. However, the soft-deletion has been processed by the provisioning service previously. The soft delete operation will be skipped.","External Application 9","","756eda03-cf90-441c-808e-b59787d93e2b","objectId","""7b6593af-c87d-4674-829a-9ede3adbdf5c""","","","accountEnabled","""False""","","","displayName","""Cook1 Mitchell3""","","","givenName","""Cook1""","","","mailNickname","""cook1.mitchell3""","","","surname","""Mitchell3""","","","ServicePrincipal","","","",""
"2025-10-21 16:26:05","Synchronization rule action","Details","User details: Skip reason = RedundantSoftDelete, Active = False, Assigned = True, Passed scope filter: True; ","","ErrorCode","","","ProvisioningManagement","3da40589-3112-4947-8b24-1ab7052e339d","Sync_3da40589-3112-4947-8b24-1ab7052e339d_92e5b9cf-c9a2-495d-83b2-3fc82f96324f_134029455658914470","","Azure AD Cloud Sync","","","","","","","","","","","","Account Provisioning","Read","success","The User 'allen3.edward1@acme.com' was evaluated to be soft-deleted in the source system and the provisioning service should soft-delete the target entry. However, the soft-deletion has been processed by the provisioning service previously. The soft delete operation will be skipped.","External Application 9","","756eda03-cf90-441c-808e-b59787d93e2b","objectId","""2b22d269-4f10-4524-894e-e05c48f3d8d9""","","","accountEnabled","""False""","","","department","""Department 7""","","","displayName","""Allen3 Edward1""","","","givenName","""Allen3""","","","jobTitle","""Job Title 4""","","","ServicePrincipal","","","",""
"2025-10-21 16:26:05","Synchronization rule action","Details","User details: Skip reason = RedundantSoftDelete, Active = False, Assigned = True, Passed scope filter: True; ","","ErrorCode","","","ProvisioningManagement","3da40589-3112-4947-8b24-1ab7052e339d","Sync_3da40589-3112-4947-8b24-1ab7052e339d_92e5b9cf-c9a2-495d-83b2-3fc82f96324f_134029455658784470","","Azure AD Cloud Sync","","","","","","","","","","","","Account Provisioning","Read","success","The User 'joan.william@acme.com' was evaluated to be soft-deleted in the source system and the provisioning service should soft-delete the target entry. However, the soft-deletion has been processed by the provisioning service previously. The soft delete operation will be skipped.","External Application 9","","756eda03-cf90-441c-808e-b59787d93e2b","objectId","""627a4ff0-f382-43d9-846c-7c185494c01e""","","","accountEnabled","""False""","","","department","""Department 7""","","","displayName","""Ronald William""","","","givenName","""Ronald""","","","jobTitle","""Job Title 15""","","","ServicePrincipal","","","",""
"2025-10-21 16:26:05","Synchronization rule action","Details","User details: Skip reason = RedundantSoftDelete, Active = False, Assigned = True, Passed scope filter: True; ","","ErrorCode","","","ProvisioningManagement","3da40589-3112-4947-8b24-1ab7052e339d","Sync_3da40589-3112-4947-8b24-1ab7052e339d_92e5b9cf-c9a2-495d-83b2-3fc82f96324f_134029455658554480","","Azure AD Cloud Sync","","","","","","","","","","","","Account Provisioning","Read","success","The User 'torres1.carter3@acme.com' was evaluated to be soft-deleted in the source system and the provisioning service should soft-delete the target entry. However, the soft-deletion has been processed by the provisioning service previously. The soft delete operation will be skipped.","External Application 9","","756eda03-cf90-441c-808e-b59787d93e2b","objectId","""7df7de58-2af6-47c2-8887-079db9585c7e""","","","accountEnabled","""False""","","","displayName","""Lee Carter3""","","","givenName","""Lee""","","","mailNickname","""torres1.carter3""","","","surname","""Carter3""","","","ServicePrincipal","","","",""
"2025-10-21 16:26:05","Import","Details","","","ErrorCode","","","ProvisioningManagement","3da40589-3112-4947-8b24-1ab7052e339d","Sync_3da40589-3112-4947-8b24-1ab7052e339d_92e5b9cf-c9a2-495d-83b2-3fc82f96324f_134029455656114470","","Azure AD Cloud Sync","","","","","","","","","","","","Account Provisioning","Read","success","Received User 'kathleen.carter@acme.com' change of type (Add) from Microsoft Entra ID","External Application 9","","756eda03-cf90-441c-808e-b59787d93e2b","objectId","""c2d41362-b857-4351-8a78-520b3070914e""","","","accountEnabled","""False""","","","department","""Department 9""","","","displayName","""Kathleen Carter""","","","givenName","""Kathleen""","","","jobTitle","""Job Title 3""","","","ServicePrincipal","","","",""
"2025-10-21 16:26:05","Import","Details","","","ErrorCode","","","ProvisioningManagement","3da40589-3112-4947-8b24-1ab7052e339d","Sync_3da40589-3112-4947-8b24-1ab7052e339d_92e5b9cf-c9a2-495d-83b2-3fc82f96324f_134029455655974480","","Azure AD Cloud Sync","","","","","","","","","","","","Account Provisioning","Read","success","Received User 'peterson.heather2@acme.com' change of type (Add) from Microsoft Entra ID","External Application 9","","756eda03-cf90-441c-808e-b59787d93e2b","objectId","""8107c9dc-0d87-4346-8d13-76a486414747""","","","accountEnabled","""False""","","","displayName","""Peterson Heather2""","","","givenName","""Peterson""","","","jobTitle","""Job Title 5""","","","mailNickname","""peterson.heather2""","","","ServicePrincipal","","","",""
"2025-10-21 16:26:05","Import","Details","","","ErrorCode","","","ProvisioningManagement","3da40589-3112-4947-8b24-1ab7052e339d","Sync_3da40589-3112-4947-8b24-1ab7052e339d_92e5b9cf-c9a2-495d-83b2-3fc82f96324f_134029455655884480","","Azure AD Cloud Sync","","","","","","","","","","","","Account Provisioning","Read","success","Received User 'lewis.thomas2@acme.com' change of type (Add) from Microsoft Entra ID","External Application 9","","756eda03-cf90-441c-808e-b59787d93e2b","objectId","""f32bb32c-d9b7-4656-8596-671a4e468153""","","","accountEnabled","""False""","","","department","""Department 2""","","","displayName","""Lewis Thomas2""","","","givenName","""Lewis""","","","jobTitle","""Job Title 11""","","","ServicePrincipal","","","",""
"2025-10-21 16:26:05","Import","Details","","","ErrorCode","","","ProvisioningManagement","3da40589-3112-4947-8b24-1ab7052e339d","Sync_3da40589-3112-4947-8b24-1ab7052e339d_92e5b9cf-c9a2-495d-83b2-3fc82f96324f_134029455655794540","","Azure AD Cloud Sync","","","","","","","","","","","","Account Provisioning","Read","success","Received User 'evelyn2.rebecca1@acme.com' change of type (Add) from Microsoft Entra ID","External Application 9","","756eda03-cf90-441c-808e-b59787d93e2b","objectId","""a86ba5ad-6b84-42bb-835e-03d42d52beac""","","","accountEnabled","""False""","","","displayName","""Evelyn2 Rebecca1""","","","givenName","""Evelyn2""","","","jobTitle","""Job Title 5""","","","mailNickname","""evelyn2.rebecca1""","","","ServicePrincipal","","","",""
"2025-10-21 16:26:05","Import","Details","","","ErrorCode","","","ProvisioningManagement","3da40589-3112-4947-8b24-1ab7052e339d","Sync_3da40589-3112-4947-8b24-1ab7052e339d_92e5b9cf-c9a2-495d-83b2-3fc82f96324f_134029455655704510","","Azure AD Cloud Sync","","","","","","","","","","","","Account Provisioning","Read","success","Received User 'reed1.mitchell@acme.com' change of type (Add) from Microsoft Entra ID","External Application 9","","756eda03-cf90-441c-808e-b59787d93e2b","objectId","""31510e04-6b24-4a36-8b50-fc1ad11ad4f9""","","","accountEnabled","""False""","","","displayName","""Reed1 Mitchell""","","","givenName","""Reed1""","","","jobTitle","""Job Title 1""","","","mailNickname","""reed1.mitchell""","","","ServicePrincipal","","","",""
"2025-10-21 16:26:05","Import","Details","","","ErrorCode","","","ProvisioningManagement","3da40589-3112-4947-8b24-1ab7052e339d","Sync_3da40589-3112-4947-8b24-1ab7052e339d_92e5b9cf-c9a2-495d-83b2-3fc82f96324f_134029455655624510","","Azure AD Cloud Sync","","","","","","","","","","","","Account Provisioning","Read","success","Received User 'ronald1.jackson@acme.com' change of type (Add) from Microsoft Entra ID","External Application 9","","756eda03-cf90-441c-808e-b59787d93e2b","objectId","""bf9339cc-dcd3-419c-87d7-ca33b140e3cb""","","","accountEnabled","""False""","","","displayName","""Ronald1 Jackson""","","","givenName","""Ronald1""","","","jobTitle","""Job Title 13""","","","mailNickname","""ronald1.jackson""","","","ServicePrincipal","","","",""
"2025-10-21 16:26:05","Import","Details","","","ErrorCode","","","ProvisioningManagement","3da40589-3112-4947-8b24-1ab7052e339d","Sync_3da40589-3112-4947-8b24-1ab7052e339d_92e5b9cf-c9a2-495d-83b2-3fc82f96324f_134029455655554520","","Azure AD Cloud Sync","","","","","","","","","","","","Account Provisioning","Read","success","Received User 'jenkins.roberts@acme.com' change of type (Add) from Microsoft Entra ID","External Application 9","","756eda03-cf90-441c-808e-b59787d93e2b","objectId","""b4e2a357-f352-40ff-84e5-5a31a71a3c2d""","","","accountEnabled","""False""","","","department","""Department 7""","","","displayName","""Jenkins Roberts""","","","givenName","""Jenkins""","","","jobTitle","""Job Title 8""","","","ServicePrincipal","","","",""
"2025-10-21 16:26:05","Import","Details","","","ErrorCode","","","ProvisioningManagement","3da40589-3112-4947-8b24-1ab7052e339d","Sync_3da40589-3112-4947-8b24-1ab7052e339d_92e5b9cf-c9a2-495d-83b2-3fc82f96324f_134029455655464480","","Azure AD Cloud Sync","","","","","","","","","","","","Account Provisioning","Read","success","Received User 'thomas1.jimenez@acme.com' change of type (Add) from Microsoft Entra ID","External Application 9","","756eda03-cf90-441c-808e-b59787d93e2b","objectId","""c8bfdc83-e15d-4584-83d0-f156fda37734""","","","accountEnabled","""False""","","","department","""Department 6""","","","displayName","""Thomas1 Jimenez""","","","givenName","""Thomas1""","","","jobTitle","""Job Title 12""","","","ServicePrincipal","","","",""
"2025-10-21 16:26:05","Import","Details","","","ErrorCode","","","ProvisioningManagement","3da40589-3112-4947-8b24-1ab7052e339d","Sync_3da40589-3112-4947-8b24-1ab7052e339d_92e5b9cf-c9a2-495d-83b2-3fc82f96324f_134029455655384480","","Azure AD Cloud Sync","","","","","","","","","","","","Account Provisioning","Read","success","Received User 'catherine1.carter2@acme.com' change of type (Add) from Microsoft Entra ID","External Application 9","","756eda03-cf90-441c-808e-b59787d93e2b","objectId","""2318cfef-8d5d-4570-8820-15637b57a565""","","","accountEnabled","""False""","","","department","""Department 8""","","","displayName","""Catherine1 Carter2""","","","givenName","""Catherine1""","","","jobTitle","""Job Title 8""","","","ServicePrincipal","","","",""
"2025-10-21 16:26:05","Import","Details","","","ErrorCode","","","ProvisioningManagement","3da40589-3112-4947-8b24-1ab7052e339d","Sync_3da40589-3112-4947-8b24-1ab7052e339d_92e5b9cf-c9a2-495d-83b2-3fc82f96324f_134029455655304480","","Azure AD Cloud Sync","","","","","","","","","","","","Account Provisioning","Read","success","Received User 'samantha1.edward@acme.com' change of type (Add) from Microsoft Entra ID","External Application 9","","756eda03-cf90-441c-808e-b59787d93e2b","objectId","""d0e4a9ac-084a-4133-8c33-53487177cf8a""","","","accountEnabled","""False""","","","department","""Department 1""","","","displayName","""Samantha1 Edward""","","","givenName","""Samantha1""","","","jobTitle","""Job Title 2""","","","ServicePrincipal","","","",""
"2025-10-21 16:26:05","Import","Details","","","ErrorCode","","","ProvisioningManagement","3da40589-3112-4947-8b24-1ab7052e339d","Sync_3da40589-3112-4947-8b24-1ab7052e339d_92e5b9cf-c9a2-495d-83b2-3fc82f96324f_134029455655224480","","Azure AD Cloud Sync","","","","","","","","","","","","Account Provisioning","Read","success","Received User 'mitchell2.ortiz@acme.com' change of type (Add) from Microsoft Entra ID","External Application 9","","756eda03-cf90-441c-808e-b59787d93e2b","objectId","""c86c5f0b-5845-4ed8-8974-9f4817e9f14c""","","","accountEnabled","""False""","","","displayName","""Mitchell2  Ortiz""","","","givenName","""Mitchell2""","","","mailNickname","""mitchell2.ortiz""","","","surname","""Ortiz""","","","ServicePrincipal","","","",""
"2025-10-21 16:26:05","Import","Details","","","ErrorCode","","","ProvisioningManagement","3da40589-3112-4947-8b24-1ab7052e339d","Sync_3da40589-3112-4947-8b24-1ab7052e339d_92e5b9cf-c9a2-495d-83b2-3fc82f96324f_134029455655144480","","Azure AD Cloud Sync","","","","","","","","","","","","Account Provisioning","Read","success","Received User 'nguyen.wood1@acme.com' change of type (Add) from Microsoft Entra ID","External Application 9","","756eda03-cf90-441c-808e-b59787d93e2b","objectId","""ce02f276-d914-4909-853b-bf731e718640""","","","accountEnabled","""False""","","","department","""Department 3""","","","displayName","""Nguyen Wood1""","","","givenName","""Nguyen""","","","jobTitle","""Job Title 10""","","","ServicePrincipal","","","",""
"2025-10-21 16:26:05","Import","Details","","","ErrorCode","","","ProvisioningManagement","3da40589-3112-4947-8b24-1ab7052e339d","Sync_3da40589-3112-4947-8b24-1ab7052e339d_92e5b9cf-c9a2-495d-83b2-3fc82f96324f_134029455655064470","","Azure AD Cloud Sync","","","","","","","","","","","","Account Provisioning","Read","success","Received User 'cook1.mitchell3@acme.com' change of type (Add) from Microsoft Entra ID","External Application 9","","756eda03-cf90-441c-808e-b59787d93e2b","objectId","""7b6593af-c87d-4674-829a-9ede3adbdf5c""","","","accountEnabled","""False""","","","displayName","""Cook1 Mitchell3""","","","givenName","""Cook1""","","","mailNickname","""cook1.mitchell3""","","","surname","""Mitchell3""","","","ServicePrincipal","","","",""
"2025-10-21 16:26:05","Import","Details","","","ErrorCode","","","ProvisioningManagement","3da40589-3112-4947-8b24-1ab7052e339d","Sync_3da40589-3112-4947-8b24-1ab7052e339d_92e5b9cf-c9a2-495d-83b2-3fc82f96324f_134029455654984480","","Azure AD Cloud Sync","","","","","","","","","","","","Account Provisioning","Read","success","Received User 'allen3.edward1@acme.com' change of type (Add) from Microsoft Entra ID","External Application 9","","756eda03-cf90-441c-808e-b59787d93e2b","objectId","""2b22d269-4f10-4524-894e-e05c48f3d8d9""","","","accountEnabled","""False""","","","department","""Department 7""","","","displayName","""Allen3 Edward1""","","","givenName","""Allen3""","","","jobTitle","""Job Title 4""","","","ServicePrincipal","","","",""
"2025-10-21 16:26:05","Import","Details","","","ErrorCode","","","ProvisioningManagement","3da40589-3112-4947-8b24-1ab7052e339d","Sync_3da40589-3112-4947-8b24-1ab7052e339d_92e5b9cf-c9a2-495d-83b2-3fc82f96324f_134029455654904480","","Azure AD Cloud Sync","","","","","","","","","","","","Account Provisioning","Read","success","Received User 'joan.william@acme.com' change of type (Add) from Microsoft Entra ID","External Application 9","","756eda03-cf90-441c-808e-b59787d93e2b","objectId","""627a4ff0-f382-43d9-846c-7c185494c01e""","","","accountEnabled","""False""","","","department","""Department 7""","","","displayName","""Ronald William""","","","givenName","""Ronald""","","","jobTitle","""Job Title 15""","","","ServicePrincipal","","","",""
"2025-10-21 16:26:05","Import","Details","","","ErrorCode","","","ProvisioningManagement","3da40589-3112-4947-8b24-1ab7052e339d","Sync_3da40589-3112-4947-8b24-1ab7052e339d_92e5b9cf-c9a2-495d-83b2-3fc82f96324f_134029455654824470","","Azure AD Cloud Sync","","","","","","","","","","","","Account Provisioning","Read","success","Received User 'diane.nguyen@acme.com' change of type (Add) from Microsoft Entra ID","External Application 9","","756eda03-cf90-441c-808e-b59787d93e2b","objectId","""9a338291-11ec-499c-8425-ba35ea84767e""","","","accountEnabled","""False""","","","displayName","""Diane Nguyen""","","","givenName","""Diane""","","","jobTitle","""Job Title 7""","","","mailNickname","""diane.nguyen""","","","ServicePrincipal","","","",""
"2025-10-21 16:26:05","Import","Details","","","ErrorCode","","","ProvisioningManagement","3da40589-3112-4947-8b24-1ab7052e339d","Sync_3da40589-3112-4947-8b24-1ab7052e339d_92e5b9cf-c9a2-495d-83b2-3fc82f96324f_134029455654744490","","Azure AD Cloud Sync","","","","","","","","","","","","Account Provisioning","Read","success","Received User 'amy2.wood@acme.com' change of type (Add) from Microsoft Entra ID","External Application 9","","756eda03-cf90-441c-808e-b59787d93e2b","objectId","""9e4eef94-db52-4ae6-83d6-bad5395ff6f8""","","","accountEnabled","""False""","","","department","""Department 4""","","","displayName","""Amy2 Wood""","","","givenName","""Hovsep""","","","jobTitle","""Job Title 14""","","","ServicePrincipal","","","",""
"2025-10-21 16:26:05","Import","Details","","","ErrorCode","","","ProvisioningManagement","3da40589-3112-4947-8b24-1ab7052e339d","Sync_3da40589-3112-4947-8b24-1ab7052e339d_92e5b9cf-c9a2-495d-83b2-3fc82f96324f_134029455654664530","","Azure AD Cloud Sync","","","","","","","","","","","","Account Provisioning","Read","success","Received User 'torres1.carter3@acme.com' change of type (Add) from Microsoft Entra ID","External Application 9","","756eda03-cf90-441c-808e-b59787d93e2b","objectId","""7df7de58-2af6-47c2-8887-079db9585c7e""","","","accountEnabled","""False""","","","displayName","""Lee Carter3""","","","givenName","""Lee""","","","mailNickname","""torres1.carter3""","","","surname","""Carter3""","","","ServicePrincipal","","","",""
"2025-10-21 16:26:03","Other","Details","Type: AppRoleAssignment
Modification: Add
Anchor: qbr5z9K8IUyjKAHYTL_siDjlqbyxVPRBvzvI92m0dG0
Matching property values: 76177af3-b8ae-498b-81f0-4c03455d7a6a
OriginalSourceEntryType: 
Reference Change? False
ContainsEntitlement? False
TrackingId da8107b5-9fca-409c-8951-10ae2a456d98","","ErrorCode","","","ProvisioningManagement","3da40589-3112-4947-8b24-1ab7052e339d","Sync_3da40589-3112-4947-8b24-1ab7052e339d_92e5b9cf-c9a2-495d-83b2-3fc82f96324f_134029455634539420","","Azure AD Cloud Sync","","","","","","","","","","","","Account Provisioning","Read","success","This app role assignment was imported: qbr5z9K8IUyjKAHYTL_siDjlqbyxVPRBvzvI92m0dG0.  The app role granted was 76177af3-b8ae-498b-81f0-4c03455d7a6a.  It was granted to Group 34e0af06-dc41-45ee-8b74-60db5c45fe59.","External Application 9","","756eda03-cf90-441c-808e-b59787d93e2b","","","","","","","","","","","","","","","","","","","","","","","","","ServicePrincipal","","","",""
"2025-10-21 15:57:45","Remove member from group","","","","","","","GroupManagement","b4d829dc-0db4-4318-88bc-e8f31ff47aff","Directory_b4d829dc-0db4-4318-88bc-e8f31ff47aff_O4HJB_228190436","","","","","","Office 365 SharePoint Online","","","2a01:111:f402:7638:1e03:40b4:9d62:1698","1649f2bc-c5e5-41b7-81a1-128b3e9a4881","admin.phillips2@acme.onmicrosoft.com","","","Core Directory","Unassign","success","","","","5d3ec9ce-5106-4e8e-8071-22bae2035f17","Group.ObjectID","","""0b80fbe7-7b5d-4176-88bf-2018ccddbb9e""","","Group.DisplayName","","""Group 4""","","","","","","","","","","","","","","","","","","User","powell@acme.com","","",""
"2025-10-21 15:57:44","Remove owner from group","","","","","","","GroupManagement","5f835b2c-5a1a-4359-87ef-4f66db188d70","Directory_5f835b2c-5a1a-4359-87ef-4f66db188d70_3HFMV_237392555","","","","","","Office 365 SharePoint Online","","","2a01:111:f402:df7c:ad73:4a4b:2627:f0b7","1649f2bc-c5e5-41b7-81a1-128b3e9a4881","admin.phillips2@acme.onmicrosoft.com","","","Core Directory","Unassign","success","","","","5d3ec9ce-5106-4e8e-8071-22bae2035f17","Group.ObjectID","","""0b80fbe7-7b5d-4176-88bf-2018ccddbb9e""","","Group.DisplayName","","""Group 4""","","","","","","","","","","","","","","","","","","User","powell@acme.com","","",""
"2025-10-21 15:57:22","Add member to group","","","","","","","GroupManagement","9bba8855-b36a-4a5c-8b86-5081fb3448fc","Directory_9bba8855-b36a-4a5c-8b86-5081fb3448fc_7JG7X_128022889","","","","","","Office 365 SharePoint Online","","","2a01:111:f402:7638:1e03:40b4:9d62:1698","1649f2bc-c5e5-41b7-81a1-128b3e9a4881","admin.phillips2@acme.onmicrosoft.com","","","Core Directory","Assign","success","","","","50ce2e69-7f47-41a8-8fdc-8d79f455a7fe","Group.ObjectID","""0b80fbe7-7b5d-4176-88bf-2018ccddbb9e""","","","Group.DisplayName","""Group 4""","","","","","","","","","","","","","","","","","","","User","heather.walker@acme.com","","",""
"2025-10-21 15:57:22","Add member to group","","","","","","","GroupManagement","9ec3dae2-628f-4702-83c2-ab245008f973","Directory_9ec3dae2-628f-4702-83c2-ab245008f973_O4HJB_228133422","","","","","","Office 365 SharePoint Online","","","2a01:111:f402:7638:1e03:40b4:9d62:1698","1649f2bc-c5e5-41b7-81a1-128b3e9a4881","admin.phillips2@acme.onmicrosoft.com","","","Core Directory","Assign","success","","","","70874ab2-0756-41b7-8b53-9428968cdb98","Group.ObjectID","""0b80fbe7-7b5d-4176-88bf-2018ccddbb9e""","","","Group.DisplayName","""Group 4""","","","","","","","","","","","","","","","","","","","User","nancy.baker2@acme.com","","",""
"2025-10-21 15:57:22","Add member to group","","","","","","","GroupManagement","f73bb529-8172-4fe1-804d-43fc16849da8","Directory_f73bb529-8172-4fe1-804d-43fc16849da8_4JM7T_232929217","","","","","","Office 365 SharePoint Online","","","2a01:111:f402:7638:1e03:40b4:9d62:1698","1649f2bc-c5e5-41b7-81a1-128b3e9a4881","admin.phillips2@acme.onmicrosoft.com","","","Core Directory","Assign","success","","","","fc662ee9-fd13-4270-8c00-0c5ddb89e798","Group.ObjectID","""0b80fbe7-7b5d-4176-88bf-2018ccddbb9e""","","","Group.DisplayName","""Group 4""","","","","","","","","","","","","","","","","","","","User","howard1.wright@acme.com","","",""
"2025-10-21 15:57:21","Add member to group","","","","","","","GroupManagement","fedac4d0-bc5c-4cff-8957-b7c18410936a","Directory_fedac4d0-bc5c-4cff-8957-b7c18410936a_O4HJB_228131264","","","","","","Office 365 SharePoint Online","","","2a01:111:f402:7638:1e03:40b4:9d62:1698","1649f2bc-c5e5-41b7-81a1-128b3e9a4881","admin.phillips2@acme.onmicrosoft.com","","","Core Directory","Assign","success","","","","4c871f4a-2969-496c-843b-2bcbca10f889","Group.ObjectID","""0b80fbe7-7b5d-4176-88bf-2018ccddbb9e""","","","Group.DisplayName","""Group 4""","","","","","","","","","","","","","","","","","","","User","joan.heather4@acme.com","","",""
"2025-10-21 15:57:21","Add member to group","","","","","","","GroupManagement","6a8561bd-4a30-464f-8518-28efe2e77479","Directory_6a8561bd-4a30-464f-8518-28efe2e77479_WCFE5_236036986","","","","","","Office 365 SharePoint Online","","","2a01:111:f402:7638:1e03:40b4:9d62:1698","1649f2bc-c5e5-41b7-81a1-128b3e9a4881","admin.phillips2@acme.onmicrosoft.com","","","Core Directory","Assign","success","","","","444f7f0b-6927-40b4-8f56-96b83801794c","Group.ObjectID","""0b80fbe7-7b5d-4176-88bf-2018ccddbb9e""","","","Group.DisplayName","""Group 4""","","","","","","","","","","","","","","","","","","","User","nathan3.ruiz@acme.com","","",""
"2025-10-21 15:57:21","Add member to group","","","","","","","GroupManagement","24edf24f-5bac-44cd-8acf-8891c0b1a766","Directory_24edf24f-5bac-44cd-8acf-8891c0b1a766_29GNG_203307931","","","","","","Office 365 SharePoint Online","","","2a01:111:f402:7638:1e03:40b4:9d62:1698","1649f2bc-c5e5-41b7-81a1-128b3e9a4881","admin.phillips2@acme.onmicrosoft.com","","","Core Directory","Assign","success","","","","8ce87f1e-5bbe-4a90-8cf1-9a91900fb745","Group.ObjectID","""0b80fbe7-7b5d-4176-88bf-2018ccddbb9e""","","","Group.DisplayName","""Group 4""","","","","","","","","","","","","","","","","","","","User","catherine.deborah@acme.com","","",""
"2025-10-21 15:57:21","Add member to group","","","","","","","GroupManagement","09bc18e5-421c-4148-87e7-351d54ed15bf","Directory_09bc18e5-421c-4148-87e7-351d54ed15bf_7JG7X_128019152","","","","","","Office 365 SharePoint Online","","","2a01:111:f402:7638:1e03:40b4:9d62:1698","1649f2bc-c5e5-41b7-81a1-128b3e9a4881","admin.phillips2@acme.onmicrosoft.com","","","Core Directory","Assign","success","","","","4e747110-656f-4c07-8e9e-211a8310cf10","Group.ObjectID","""0b80fbe7-7b5d-4176-88bf-2018ccddbb9e""","","","Group.DisplayName","""Group 4""","","","","","","","","","","","","","","","","","","","User","catherine.baker@acme.com","","",""
"2025-10-21 15:57:20","Add member to group","","","","","","","GroupManagement","26d26dae-038b-4acf-8538-328caed76f9a","Directory_26d26dae-038b-4acf-8538-328caed76f9a_IBVLT_127359771","","","","","","Office 365 SharePoint Online","","","2a01:111:f402:7638:1e03:40b4:9d62:1698","1649f2bc-c5e5-41b7-81a1-128b3e9a4881","admin.phillips2@acme.onmicrosoft.com","","","Core Directory","Assign","success","","","","194a0222-74a0-49c8-882d-bb01e9fb2bfc","Group.ObjectID","""0b80fbe7-7b5d-4176-88bf-2018ccddbb9e""","","","Group.DisplayName","""Group 4""","","","","","","","","","","","","","","","","","","","User","richard.nancy1@acme.com","","",""
"2025-10-21 15:54:39","Update group","GroupType","Unified","","User-Agent","Microsoft ADO.NET Data Services","","GroupManagement","e9192feb-0fda-4bb8-8b88-23c24e3eced7","Directory_e9192feb-0fda-4bb8-8b88-23c24e3eced7_GUKPG_66256471","","Office 365 Exchange Online","40fa610d-501b-4a0b-8dde-3031ab7a674a","","","","","","","","","","","Core Directory","Update","success","","Group 4","unifiedGroups","0b80fbe7-7b5d-4176-88bf-2018ccddbb9e","ProxyAddresses","[""smtp:gomez1@acme.onmicrosoft.com"",""smtp:ops@acme.onmicrosoft.com"",""SPO:SPO_7499f9f0-4654-4a04-803d-67044971b1ad@SPO_92e5b9cf-c9a2-495d-83b2-3fc82f96324f"",""SMTP:ops@acme.com""]","[""SMTP:ops@acme.com"",""SPO:SPO_7499f9f0-4654-4a04-803d-67044971b1ad@SPO_92e5b9cf-c9a2-495d-83b2-3fc82f96324f"",""smtp:ops@acme.onmicrosoft.com""]","","Included Updated Properties","""ProxyAddresses""","","","TargetId.GroupType","""Unified""","","","","","","","","","","","","","","","Group","","","",""
"2025-10-21 15:54:11","Add member to group","","","","","","","GroupManagement","df63abc8-4fef-453e-8195-b84e25145fb2","Directory_df63abc8-4fef-453e-8195-b84e25145fb2_YK18Z_232249931","","","","","","Office 365 SharePoint Online","","","2a01:111:f402:e0c4:12a7:dd12:2d14:a963","1649f2bc-c5e5-41b7-81a1-128b3e9a4881","admin.phillips2@acme.onmicrosoft.com","","","Core Directory","Assign","success","","","","37fee340-51d9-4e67-8484-99569a079524","Group.ObjectID","""0b80fbe7-7b5d-4176-88bf-2018ccddbb9e""","","","Group.DisplayName","""Group 4""","","","","","","","","","","","","","","","","","","","User","phillips2.edward@acme.com","","",""
"2025-10-21 15:54:10","Add member to group","","","","","","","GroupManagement","72932519-dd10-4dfd-8569-e5545b165369","Directory_72932519-dd10-4dfd-8569-e5545b165369_NHU29_235973381","","","","","","Office 365 SharePoint Online","","","2a01:111:f402:e0c4:12a7:dd12:2d14:a963","1649f2bc-c5e5-41b7-81a1-128b3e9a4881","admin.phillips2@acme.onmicrosoft.com","","","Core Directory","Assign","success","","","","5d3ec9ce-5106-4e8e-8071-22bae2035f17","Group.ObjectID","""0b80fbe7-7b5d-4176-88bf-2018ccddbb9e""","","","Group.DisplayName","""Group 4""","","","","","","","","","","","","","","","","","","","User","powell@acme.com","","",""
"2025-10-21 15:54:10","Add owner to group","","","","","","","GroupManagement","fa1d915b-1039-4d2d-84d8-a6dbc124b2bb","Directory_fa1d915b-1039-4d2d-84d8-a6dbc124b2bb_YK18Z_232249036","","","","","","Office 365 SharePoint Online","","","2a01:111:f402:e0c4:12a7:dd12:2d14:a963","1649f2bc-c5e5-41b7-81a1-128b3e9a4881","admin.phillips2@acme.onmicrosoft.com","","","Core Directory","Assign","success","","","","5d3ec9ce-5106-4e8e-8071-22bae2035f17","Group.ObjectID","""0b80fbe7-7b5d-4176-88bf-2018ccddbb9e""","","","Group.DisplayName","""Group 4""","","","","","","","","","","","","","","","","","","","User","powell@acme.com","","",""
"2025-10-21 15:53:46","Update group","GroupType","Unified","","User-Agent","Microsoft ADO.NET Data Services","","GroupManagement","f9fd7f81-2e3a-44f6-8916-0df9eda9c11f","Directory_f9fd7f81-2e3a-44f6-8916-0df9eda9c11f_FXFN1_219175308","","Office 365 Exchange Online","40fa610d-501b-4a0b-8dde-3031ab7a674a","","","","","","","","","","","Core Directory","Update","success","","Group 4","unifiedGroups","0b80fbe7-7b5d-4176-88bf-2018ccddbb9e","Mail","[""ops@acme.com""]","[""ops@acme.onmicrosoft.com""]","","ProxyAddresses","[""SMTP:ops@acme.com"",""SPO:SPO_7499f9f0-4654-4a04-803d-67044971b1ad@SPO_92e5b9cf-c9a2-495d-83b2-3fc82f96324f"",""smtp:ops@acme.onmicrosoft.com""]","[""SMTP:ops@acme.onmicrosoft.com""]","","Included Updated Properties","""Mail, ProxyAddresses""","","","TargetId.GroupType","""Unified""","","","ActorId.ServicePrincipalNames","""https://outlook-tdf.office.com/;https://manage.protection.apps.mil;https://ps.compliance.protection.outlook.com;https://autodiscover-s.office365.us/;https://outlook.office365.us/;https://outlook-sdf.office.com/;https://outlook-sdf.office365.com/;https://outlook.office365.com:443/;https://outlook.office.com/;https://outlook.office365.com/;https://outlook.com/;https://outlook-dod.office365.us/;https://ps.protection.outlook.com/;https://webmail.apps.mil/;00000002-0000-0ff1-ce00-000000000000;Microsoft.Exchange;00000002-0000-0ff1-ce00-000000000000/outlook.office365.com;00000002-0000-0ff1-ce00-000000000000/mail.office365.com;00000002-0000-0ff1-ce00-000000000000/outlook.com;00000002-0000-0ff1-ce00-000000000000/*.outlook.com;https://outlook-tdf-2.office.com/;https://ps.outlook.com;https://outlook.office.com""","","","SPN","""https://outlook-tdf.office.com/;https://manage.protection.apps.mil;https://ps.compliance.protection.outlook.com;https://autodiscover-s.office365.us/;https://outlook.office365.us/;https://outlook-sdf.office.com/;https://outlook-sdf.office365.com/;https://outlook.office365.com:443/;https://outlook.office.com/;https://outlook.office365.com/;https://outlook.com/;https://outlook-dod.office365.us/;https://ps.protection.outlook.com/;https://webmail.apps.mil/;00000002-0000-0ff1-ce00-000000000000;Microsoft.Exchange;00000002-0000-0ff1-ce00-000000000000/outlook.office365.com;00000002-0000-0ff1-ce00-000000000000/mail.office365.com;00000002-0000-0ff1-ce00-000000000000/outlook.com;00000002-0000-0ff1-ce00-000000000000/*.outlook.com;https://outlook-tdf-2.office.com/;https://ps.outlook.com;https://outlook.office.com""","","","Group","","","",""
"2025-10-21 15:53:31","Update group","GroupType","Unified","","User-Agent","Microsoft ADO.NET Data Services","","GroupManagement","19e264d4-05ea-4ddf-842e-9d7ab0cec92b","Directory_19e264d4-05ea-4ddf-842e-9d7ab0cec92b_AR3PZ_122500276","","Office 365 SharePoint Online","6fe6db25-7d88-4fdc-809d-ed5fd52d3298","","","","","","","","","","","Core Directory","Update","success","","Group 4","unifiedGroups","0b80fbe7-7b5d-4176-88bf-2018ccddbb9e","Included Updated Properties","""""","","","TargetId.GroupType","""Unified""","","","","","","","","","","","","","","","","","","","Group","","","",""
"2025-10-21 15:53:22","Add member to group","","","","","","","GroupManagement","5a51296a-d7da-4b89-89ce-5c560a9beb6a","Directory_5a51296a-d7da-4b89-89ce-5c560a9beb6a_Z8CLD_242627156","","","","","","Office 365 SharePoint Online","","","2a01:111:f402:e0c4:12a7:dd12:2d14:a963","1649f2bc-c5e5-41b7-81a1-128b3e9a4881","admin.phillips2@acme.onmicrosoft.com","","","Core Directory","Assign","success","","","","1649f2bc-c5e5-41b7-81a1-128b3e9a4881","Group.ObjectID","""0b80fbe7-7b5d-4176-88bf-2018ccddbb9e""","","","Group.DisplayName","""Group 4""","","","","","","","","","","","","","","","","","","","User","admin.phillips2@acme.onmicrosoft.com","","",""
"2025-10-21 15:53:22","Add owner to group","","","","","","","GroupManagement","1cdf7fd7-57d4-41fb-8ba6-a3392222ebf4","Directory_1cdf7fd7-57d4-41fb-8ba6-a3392222ebf4_NHU29_235885413","","","","","","Office 365 SharePoint Online","","","2a01:111:f402:e0c4:12a7:dd12:2d14:a963","1649f2bc-c5e5-41b7-81a1-128b3e9a4881","admin.phillips2@acme.onmicrosoft.com","","","Core Directory","Assign","success","","","","1649f2bc-c5e5-41b7-81a1-128b3e9a4881","Group.ObjectID","""0b80fbe7-7b5d-4176-88bf-2018ccddbb9e""","","","Group.DisplayName","""Group 4""","","","","","","","","","","","","","","","","","","","User","admin.phillips2@acme.onmicrosoft.com","","",""
"2025-10-21 15:53:22","Add group","","","","","","","GroupManagement","1cdf7fd7-57d4-41fb-8ba6-a3392222ebf4","Directory_1cdf7fd7-57d4-41fb-8ba6-a3392222ebf4_NHU29_235885395","","","","","","Office 365 SharePoint Online","","","2a01:111:f402:e0c4:12a7:dd12:2d14:a963","1649f2bc-c5e5-41b7-81a1-128b3e9a4881","admin.phillips2@acme.onmicrosoft.com","","","Core Directory","Add","success","","Group 4","unknownFutureValue","0b80fbe7-7b5d-4176-88bf-2018ccddbb9e","Description","[""Project Files for Operational Units""]","[]","","DisplayName","[""OPS""]","[]","","GroupType","[""Unified""]","[]","","IsPublic","[false]","[]","","Mail","[""ops@acme.onmicrosoft.com""]","[]","","MailEnabled","[true]","[]","","Group","","","",""
"2025-10-21 12:50:11","Update device","DeviceId","50954f27-e0a2-457a-8b8c-3e7cafa242f4","","DeviceOSType","Windows","","Device","8b6e716a-ff27-446f-804f-33d169f96125","Directory_8b6e716a-ff27-446f-804f-33d169f96125_IREKI_377422156","","Device Registration Service","20d63fc4-676f-4690-8d4b-8cc36be935cd","","","","","","","","","","","Core Directory","Update","success","","HOST-A20CAB","","720225b0-76ac-4386-8bf7-8f5e940aa01b","CloudDeviceOSVersion","[""10.0.26100.6584""]","[""10.0.26100.4946""]","","DeviceOSVersion","[""10.0.26100.6584""]","[""10.0.26100.4946""]","","Included Updated Properties","""CloudDeviceOSVersion, DeviceOSVersion""","","","TargetId.DeviceId","""50954f27-e0a2-457a-8b8c-3e7cafa242f4""","","","TargetId.DeviceOSType","""Windows""","","","TargetId.DeviceTrustType","""AzureAd""","","","Device","","","",""
"2025-10-21 08:54:11","Update device","DeviceId","273bbf7c-8d75-4f2a-837c-034d248fa916","","DeviceOSType","Windows","","Device","ca926505-d0c6-4951-87c9-8c90c0e0bcd0","Directory_ca926505-d0c6-4951-87c9-8c90c0e0bcd0_SFJPQ_418546440","","Device Registration Service","20d63fc4-676f-4690-8d4b-8cc36be935cd","","","","","","","","","","","Core Directory","Update","success","","HOST-C775FD","","0c421d2e-3bd2-4a2f-8ae1-ecb624bb66d3","Included Updated Properties","""""","","","TargetId.DeviceId","""273bbf7c-8d75-4f2a-837c-034d248fa916""","","","TargetId.DeviceOSType","""Windows""","","","TargetId.DeviceTrustType","""Workplace""","","","","","","","","","","","Device","","","",""
"2025-10-21 01:38:25","GroupLifecyclePolicies_Get","","","","","","","GroupManagement","140f75cc-f8bb-4d35-808a-6e36ab47f24f","SSGM_140f75cc-f8bb-4d35-808a-6e36ab47f24f_S4L9G_25488777","","","","","","","","","20.190.154.100","01ed56e0-dbf7-4027-8ea0-5ceabf3bfd4a","","","","Self-service Group Management","Update","success","OK","","","0dfd9c70-159e-4aa3-85d1-a03b95280861","","","","","","","","","","","","","","","","","","","","","","","","","N/A","","","",""
"2025-10-21 01:37:51","Add delegated permission grant","AppId","00000003-0000-0000-c000-000000000000","","","","","ApplicationManagement","b1a0871e-d75a-46be-8312-dc4dbd297035","Directory_b1a0871e-d75a-46be-8312-dc4dbd297035_UD8ZH_28425711","","","","","","Technician","","","XX.XXX.XX.XX","be51e53d-b12c-4f3c-8810-15f10ef42bf8","user_stephanie@msp1.example","","","Core Directory","Assign","success","","Microsoft Graph","","3c953ed9-ce52-4064-8eef-21a4d13632a8","DelegatedPermissionGrant.Scope","""DelegatedPermissionGrant.Read.All Directory.Read.All AppRoleAssignment.ReadWrite.All""","","","DelegatedPermissionGrant.ConsentType","""AllPrincipals""","","","ServicePrincipal.ObjectID","""01ed56e0-dbf7-4027-8ea0-5ceabf3bfd4a""","","","ServicePrincipal.DisplayName","","","","ServicePrincipal.AppId","","","","ServicePrincipal.Name","","","","ServicePrincipal","","","",""
"2025-10-21 01:37:50","Remove delegated permission grant","AppId","00000003-0000-0000-c000-000000000000","","","","","ApplicationManagement","162de933-dbf0-4def-8d0e-e9a69f695379","Directory_162de933-dbf0-4def-8d0e-e9a69f695379_EWQ9T_33068369","","","","","","Technician","","","XX.XXX.XX.XX","be51e53d-b12c-4f3c-8810-15f10ef42bf8","user_stephanie@msp1.example","","","Core Directory","Unassign","success","","Microsoft Graph","","3c953ed9-ce52-4064-8eef-21a4d13632a8","DelegatedPermissionGrant.Scope","","""DelegatedPermissionGrant.Read.All Directory.Read.All AppRoleAssignment.ReadWrite.All""","","DelegatedPermissionGrant.ConsentType","","""AllPrincipals""","","ServicePrincipal.ObjectID","","""01ed56e0-dbf7-4027-8ea0-5ceabf3bfd4a""","","ServicePrincipal.DisplayName","","","","ServicePrincipal.AppId","","","","ServicePrincipal.Name","","","","ServicePrincipal","","","",""

