"UserId","Operation","Recordtypes","AppAccessContext","CreationTime","Id","OrganizationId","ResultStatus","UserKey","UserType","Version","Workload","ClientIP","AppId","AuthType","ClientAppId","ClientIPAddress","ClientInfoString","ExternalAccess","HostAppId","InternalLogonType","LogonType","LogonUserSid","MailboxGuid","MailboxOwnerSid","MailboxOwnerUPN","OrganizationName","OriginatingServer","TokenObjectId","TokenTenantId","TokenType","Item","ObjectId","AppPoolName","CorrelationID","Parameters","RequestId","SessionId","SaveToSentItems","ActorInfoString","ModifiedProperties","AzureActiveDirectoryEventType","ExtendedProperties","Actor","ActorContextId","ActorIpAddress","InterSystemsId","IntraSystemId","SupportTicketId","Target","TargetContextId","ApplicationId","DeviceProperties","ErrorNumber","LogonError"
"bennett4@consolidatedmsgr.com","UserLoggedIn","15",,"2025-12-17T18:53:00","81ce8f3f-4amanda-420c-8091-d8a3f7ad3c75","9fc57536-e8d3-4117-8537-fc27bc714352","Success","16040d97-c0b3-43ad-8158-1c920732fd67","0","1","AzureActiveDirectory","2a05:541:116:5e33:4aec:2433:45e1:ce28",,,,,,,,,,,,,,,,,,,,"4765445b-32c6-49b0-83e6-1d93765276ca",,,,,,,,"System.Object[]","1","System.Object[]","System.Object[]","9fc57536-e8d3-4117-8537-fc27bc714352","2a05:541:116:5e33:4aec:2433:45e1:ce28","02d03055-704d-46e2-8787-72addf63b989","81ce8f3f-4amanda-420c-8091-d8a3f7ad3c75","","System.Object[]","9fc57536-e8d3-4117-8537-fc27bc714352","4765445b-32c6-49b0-83e6-1d93765276ca","System.Object[]","50140",
"bennett4@consolidatedmsgr.com","UserLoggedIn","15",,"2025-12-17T18:53:00","c59bc046-a41f-4d07-8257-beff86053b68","9fc57536-e8d3-4117-8537-fc27bc714352","Success","16040d97-c0b3-43ad-8158-1c920732fd67","0","1","AzureActiveDirectory","2a05:541:116:5e33:4aec:2433:45e1:ce28",,,,,,,,,,,,,,,,,,,,"4765445b-32c6-49b0-83e6-1d93765276ca",,,,,,,,"System.Object[]","1","System.Object[]","System.Object[]","9fc57536-e8d3-4117-8537-fc27bc714352","2a05:541:116:5e33:4aec:2433:45e1:ce28","02d03055-704d-46e2-8787-72addf63b989","c59bc046-a41f-4d07-8257-beff86053b68","","System.Object[]","9fc57536-e8d3-4117-8537-fc27bc714352","4765445b-32c6-49b0-83e6-1d93765276ca","System.Object[]","0",
"Not Available","UserLoggedIn","15",,"2025-12-17T18:52:59","be079011-c3af-430f-823d-150447635877","9fc57536-e8d3-4117-8537-fc27bc714352","Success","16040d97-c0b3-43ad-8158-1c920732fd67","4","1","AzureActiveDirectory","2a05:541:116:5e33:4aec:2433:45e1:ce28",,,,,,,,,,,,,,,,,,,,"4765445b-32c6-49b0-83e6-1d93765276ca",,,,,,,,"System.Object[]","1","System.Object[]","System.Object[]","9fc57536-e8d3-4117-8537-fc27bc714352","2a05:541:116:5e33:4aec:2433:45e1:ce28","02d03055-704d-46e2-8787-72addf63b989","be079011-c3af-430f-823d-150447635877","","System.Object[]","9fc57536-e8d3-4117-8537-fc27bc714352","4765445b-32c6-49b0-83e6-1d93765276ca","System.Object[]","0",
"Not Available","UserLoggedIn","15",,"2025-12-17T18:52:34","c3ee2bc3-50ae-46e2-84ee-a3a412da4c9c","9fc57536-e8d3-4117-8537-fc27bc714352","Success","16040d97-c0b3-43ad-8158-1c920732fd67","4","1","AzureActiveDirectory","2a05:541:116:5e33:4aec:2433:45e1:ce28",,,,,,,,,,,,,,,,,,,,"4765445b-32c6-49b0-83e6-1d93765276ca",,,,,,,,"System.Object[]","1","System.Object[]","System.Object[]","9fc57536-e8d3-4117-8537-fc27bc714352","2a05:541:116:5e33:4aec:2433:45e1:ce28","02d03055-704d-46e2-8787-72addf63b989","c3ee2bc3-50ae-46e2-84ee-a3a412da4c9c","","System.Object[]","9fc57536-e8d3-4117-8537-fc27bc714352","4765445b-32c6-49b0-83e6-1d93765276ca","System.Object[]","0",
"bennett4@consolidatedmsgr.com","UserLoginFailed","15",,"2025-12-17T18:52:25","356e9ed8-8fc5-4212-8f09-fe2890b3978f","9fc57536-e8d3-4117-8537-fc27bc714352","Success","16040d97-c0b3-43ad-8158-1c920732fd67","0","1","AzureActiveDirectory","2a05:541:116:5e33:4aec:2433:45e1:ce28",,,,,,,,,,,,,,,,,,,,"4765445b-32c6-49b0-83e6-1d93765276ca",,,,,,,,"System.Object[]","1","System.Object[]","System.Object[]","9fc57536-e8d3-4117-8537-fc27bc714352","2a05:541:116:5e33:4aec:2433:45e1:ce28","02d03055-704d-46e2-8787-72addf63b989","356e9ed8-8fc5-4212-8f09-fe2890b3978f","","System.Object[]","9fc57536-e8d3-4117-8537-fc27bc714352","4765445b-32c6-49b0-83e6-1d93765276ca","System.Object[]","50074","UserStrongAuthClientAuthNRequiredInterrupt"
"bennett4@consolidatedmsgr.com","UserLoggedIn","15",,"2025-12-17T18:48:46","201b8dab-2a52-4cfe-8de4-410dcb80db12","9fc57536-e8d3-4117-8537-fc27bc714352","Success","16040d97-c0b3-43ad-8158-1c920732fd67","0","1","AzureActiveDirectory","2a05:541:116:d573:cf62:ebf1:5b13:efa2",,,,,,,,,,,,,,,,,,,,"4765445b-32c6-49b0-83e6-1d93765276ca",,,,,,,,"System.Object[]","1","System.Object[]","System.Object[]","9fc57536-e8d3-4117-8537-fc27bc714352","2a05:541:116:d573:cf62:ebf1:5b13:efa2","2473fe8a-aa95-43f2-8576-6593e4d6b5aa","201b8dab-2a52-4cfe-8de4-410dcb80db12","","System.Object[]","9fc57536-e8d3-4117-8537-fc27bc714352","4765445b-32c6-49b0-83e6-1d93765276ca","System.Object[]","0",
"bennett4@consolidatedmsgr.com","UserLoggedIn","15",,"2025-12-17T18:48:45","f5e0072f-4681-4611-816d-b17dd15a5737","9fc57536-e8d3-4117-8537-fc27bc714352","Success","16040d97-c0b3-43ad-8158-1c920732fd67","0","1","AzureActiveDirectory","2a05:541:116:d573:cf62:ebf1:5b13:efa2",,,,,,,,,,,,,,,,,,,,"4765445b-32c6-49b0-83e6-1d93765276ca",,,,,,,,"System.Object[]","1","System.Object[]","System.Object[]","9fc57536-e8d3-4117-8537-fc27bc714352","2a05:541:116:d573:cf62:ebf1:5b13:efa2","2473fe8a-aa95-43f2-8576-6593e4d6b5aa","f5e0072f-4681-4611-816d-b17dd15a5737","","System.Object[]","9fc57536-e8d3-4117-8537-fc27bc714352","4765445b-32c6-49b0-83e6-1d93765276ca","System.Object[]","50140",
"Not Available","UserLoggedIn","15",,"2025-12-17T18:48:45","6ceb2b13-ee88-4c49-8983-4b289bfbca9e","9fc57536-e8d3-4117-8537-fc27bc714352","Success","16040d97-c0b3-43ad-8158-1c920732fd67","4","1","AzureActiveDirectory","2a05:541:116:d573:cf62:ebf1:5b13:efa2",,,,,,,,,,,,,,,,,,,,"4765445b-32c6-49b0-83e6-1d93765276ca",,,,,,,,"System.Object[]","1","System.Object[]","System.Object[]","9fc57536-e8d3-4117-8537-fc27bc714352","2a05:541:116:d573:cf62:ebf1:5b13:efa2","2473fe8a-aa95-43f2-8576-6593e4d6b5aa","6ceb2b13-ee88-4c49-8983-4b289bfbca9e","","System.Object[]","9fc57536-e8d3-4117-8537-fc27bc714352","4765445b-32c6-49b0-83e6-1d93765276ca","System.Object[]","0",
"Not Available","UserLoggedIn","15",,"2025-12-17T18:48:37","3c3ccfec-f6b9-4890-879d-0c045c50b650","9fc57536-e8d3-4117-8537-fc27bc714352","Success","16040d97-c0b3-43ad-8158-1c920732fd67","4","1","AzureActiveDirectory","2a05:541:116:d573:cf62:ebf1:5b13:efa2",,,,,,,,,,,,,,,,,,,,"4765445b-32c6-49b0-83e6-1d93765276ca",,,,,,,,"System.Object[]","1","System.Object[]","System.Object[]","9fc57536-e8d3-4117-8537-fc27bc714352","2a05:541:116:d573:cf62:ebf1:5b13:efa2","2473fe8a-aa95-43f2-8576-6593e4d6b5aa","3c3ccfec-f6b9-4890-879d-0c045c50b650","","System.Object[]","9fc57536-e8d3-4117-8537-fc27bc714352","4765445b-32c6-49b0-83e6-1d93765276ca","System.Object[]","0",
"Not Available","UserLoggedIn","15",,"2025-12-17T18:48:28","5716cc05-d49b-4dbd-82ff-a4284653ab48","9fc57536-e8d3-4117-8537-fc27bc714352","Success","16040d97-c0b3-43ad-8158-1c920732fd67","4","1","AzureActiveDirectory","2a05:541:116:d573:cf62:ebf1:5b13:efa2",,,,,,,,,,,,,,,,,,,,"4765445b-32c6-49b0-83e6-1d93765276ca",,,,,,,,"System.Object[]","1","System.Object[]","System.Object[]","9fc57536-e8d3-4117-8537-fc27bc714352","2a05:541:116:d573:cf62:ebf1:5b13:efa2","2473fe8a-aa95-43f2-8576-6593e4d6b5aa","5716cc05-d49b-4dbd-82ff-a4284653ab48","","System.Object[]","9fc57536-e8d3-4117-8537-fc27bc714352","4765445b-32c6-49b0-83e6-1d93765276ca","System.Object[]","0",
"Not Available","UserLoggedIn","15",,"2025-12-17T18:48:20","015b9fcb-b463-429b-8c3f-2aeb4cc8022e","9fc57536-e8d3-4117-8537-fc27bc714352","Success","16040d97-c0b3-43ad-8158-1c920732fd67","4","1","AzureActiveDirectory","2a05:541:116:d573:cf62:ebf1:5b13:efa2",,,,,,,,,,,,,,,,,,,,"4765445b-32c6-49b0-83e6-1d93765276ca",,,,,,,,"System.Object[]","1","System.Object[]","System.Object[]","9fc57536-e8d3-4117-8537-fc27bc714352","2a05:541:116:d573:cf62:ebf1:5b13:efa2","2473fe8a-aa95-43f2-8576-6593e4d6b5aa","015b9fcb-b463-429b-8c3f-2aeb4cc8022e","","System.Object[]","9fc57536-e8d3-4117-8537-fc27bc714352","4765445b-32c6-49b0-83e6-1d93765276ca","System.Object[]","0",
"Not Available","UserLoggedIn","15",,"2025-12-17T18:48:19","5d5f3936-571b-4fe7-8c87-79a8e2bc8c59","9fc57536-e8d3-4117-8537-fc27bc714352","Success","16040d97-c0b3-43ad-8158-1c920732fd67","4","1","AzureActiveDirectory","2a05:541:116:d573:cf62:ebf1:5b13:efa2",,,,,,,,,,,,,,,,,,,,"4765445b-32c6-49b0-83e6-1d93765276ca",,,,,,,,"System.Object[]","1","System.Object[]","System.Object[]","9fc57536-e8d3-4117-8537-fc27bc714352","2a05:541:116:d573:cf62:ebf1:5b13:efa2","2473fe8a-aa95-43f2-8576-6593e4d6b5aa","5d5f3936-571b-4fe7-8c87-79a8e2bc8c59","","System.Object[]","9fc57536-e8d3-4117-8537-fc27bc714352","4765445b-32c6-49b0-83e6-1d93765276ca","System.Object[]","0",
"bennett4@consolidatedmsgr.com","UserLoginFailed","15",,"2025-12-17T18:45:38","e72bd62b-93e5-4d40-85c0-125386cc95ab","9fc57536-e8d3-4117-8537-fc27bc714352","Success","16040d97-c0b3-43ad-8158-1c920732fd67","0","1","AzureActiveDirectory","2a05:541:116:d573:cf62:ebf1:5b13:efa2",,,,,,,,,,,,,,,,,,,,"4765445b-32c6-49b0-83e6-1d93765276ca",,,,,,,,"System.Object[]","1","System.Object[]","System.Object[]","9fc57536-e8d3-4117-8537-fc27bc714352","2a05:541:116:d573:cf62:ebf1:5b13:efa2","2473fe8a-aa95-43f2-8576-6593e4d6b5aa","e72bd62b-93e5-4d40-85c0-125386cc95ab","","System.Object[]","9fc57536-e8d3-4117-8537-fc27bc714352","4765445b-32c6-49b0-83e6-1d93765276ca","System.Object[]","50074","UserStrongAuthClientAuthNRequiredInterrupt"
"Not Available","UserLoggedIn","15",,"2025-12-17T18:37:03","b9eff0c0-38d0-42f0-860e-a33f92357395","9fc57536-e8d3-4117-8537-fc27bc714352","Success","16040d97-c0b3-43ad-8158-1c920732fd67","4","1","AzureActiveDirectory","2a05:541:116:c8f:59a2:44ad:532f:ee3d",,,,,,,,,,,,,,,,,,,,"4765445b-32c6-49b0-83e6-1d93765276ca",,,,,,,,"System.Object[]","1","System.Object[]","System.Object[]","9fc57536-e8d3-4117-8537-fc27bc714352","2a05:541:116:c8f:59a2:44ad:532f:ee3d","7b656873-778d-4460-8494-931a8d3553cc","b9eff0c0-38d0-42f0-860e-a33f92357395","","System.Object[]","9fc57536-e8d3-4117-8537-fc27bc714352","4765445b-32c6-49b0-83e6-1d93765276ca","System.Object[]","0",
"bennett4@consolidatedmsgr.com","UserLoginFailed","15",,"2025-12-17T18:36:55","f70bfa8b-0110-43cf-85b0-23cbd006b710","9fc57536-e8d3-4117-8537-fc27bc714352","Success","16040d97-c0b3-43ad-8158-1c920732fd67","0","1","AzureActiveDirectory","2a05:541:116:c8f:59a2:44ad:532f:ee3d",,,,,,,,,,,,,,,,,,,,"4765445b-32c6-49b0-83e6-1d93765276ca",,,,,,,,"System.Object[]","1","System.Object[]","System.Object[]","9fc57536-e8d3-4117-8537-fc27bc714352","2a05:541:116:c8f:59a2:44ad:532f:ee3d","7b656873-778d-4460-8494-931a8d3553cc","f70bfa8b-0110-43cf-85b0-23cbd006b710","","System.Object[]","9fc57536-e8d3-4117-8537-fc27bc714352","4765445b-32c6-49b0-83e6-1d93765276ca","System.Object[]","50074","UserStrongAuthClientAuthNRequiredInterrupt"
"bennett4@consolidatedmsgr.com","UserLoggedIn","15",,"2025-12-17T18:33:55","645e4129-158f-477d-8369-2adb915a1444","9fc57536-e8d3-4117-8537-fc27bc714352","Success","16040d97-c0b3-43ad-8158-1c920732fd67","0","1","AzureActiveDirectory","2a05:541:116:c8f:59a2:44ad:532f:ee3d",,,,,,,,,,,,,,,,,,,,"4765445b-32c6-49b0-83e6-1d93765276ca",,,,,,,,"System.Object[]","1","System.Object[]","System.Object[]","9fc57536-e8d3-4117-8537-fc27bc714352","2a05:541:116:c8f:59a2:44ad:532f:ee3d","7280bf5c-c49a-488a-8660-1b384487a5d2","645e4129-158f-477d-8369-2adb915a1444","","System.Object[]","9fc57536-e8d3-4117-8537-fc27bc714352","4765445b-32c6-49b0-83e6-1d93765276ca","System.Object[]","0",
"Not Available","UserLoggedIn","15",,"2025-12-17T18:33:55","2a682a69-4130-45c9-8e53-93d1438d4aea","9fc57536-e8d3-4117-8537-fc27bc714352","Success","16040d97-c0b3-43ad-8158-1c920732fd67","4","1","AzureActiveDirectory","2a05:541:116:c8f:59a2:44ad:532f:ee3d",,,,,,,,,,,,,,,,,,,,"4765445b-32c6-49b0-83e6-1d93765276ca",,,,,,,,"System.Object[]","1","System.Object[]","System.Object[]","9fc57536-e8d3-4117-8537-fc27bc714352","2a05:541:116:c8f:59a2:44ad:532f:ee3d","7280bf5c-c49a-488a-8660-1b384487a5d2","2a682a69-4130-45c9-8e53-93d1438d4aea","","System.Object[]","9fc57536-e8d3-4117-8537-fc27bc714352","4765445b-32c6-49b0-83e6-1d93765276ca","System.Object[]","0",
"bennett4@consolidatedmsgr.com","UserLoggedIn","15",,"2025-12-17T18:33:55","e8776621-7c7b-479c-8822-d152cacdd13f","9fc57536-e8d3-4117-8537-fc27bc714352","Success","16040d97-c0b3-43ad-8158-1c920732fd67","0","1","AzureActiveDirectory","2a05:541:116:c8f:59a2:44ad:532f:ee3d",,,,,,,,,,,,,,,,,,,,"4765445b-32c6-49b0-83e6-1d93765276ca",,,,,,,,"System.Object[]","1","System.Object[]","System.Object[]","9fc57536-e8d3-4117-8537-fc27bc714352","2a05:541:116:c8f:59a2:44ad:532f:ee3d","7280bf5c-c49a-488a-8660-1b384487a5d2","e8776621-7c7b-479c-8822-d152cacdd13f","","System.Object[]","9fc57536-e8d3-4117-8537-fc27bc714352","4765445b-32c6-49b0-83e6-1d93765276ca","System.Object[]","50140",
"Not Available","UserLoggedIn","15",,"2025-12-17T18:33:45","62b7c29e-5db9-4853-80bf-37a3ae53b861","9fc57536-e8d3-4117-8537-fc27bc714352","Success","16040d97-c0b3-43ad-8158-1c920732fd67","4","1","AzureActiveDirectory","2a05:541:116:c8f:59a2:44ad:532f:ee3d",,,,,,,,,,,,,,,,,,,,"4765445b-32c6-49b0-83e6-1d93765276ca",,,,,,,,"System.Object[]","1","System.Object[]","System.Object[]","9fc57536-e8d3-4117-8537-fc27bc714352","2a05:541:116:c8f:59a2:44ad:532f:ee3d","7280bf5c-c49a-488a-8660-1b384487a5d2","62b7c29e-5db9-4853-80bf-37a3ae53b861","","System.Object[]","9fc57536-e8d3-4117-8537-fc27bc714352","4765445b-32c6-49b0-83e6-1d93765276ca","System.Object[]","0",
"Not Available","UserLoggedIn","15",,"2025-12-17T18:33:37","d6d9b0d8-acf9-4c0e-870c-37a1d9cb8561","9fc57536-e8d3-4117-8537-fc27bc714352","Success","16040d97-c0b3-43ad-8158-1c920732fd67","4","1","AzureActiveDirectory","2a05:541:116:c8f:59a2:44ad:532f:ee3d",,,,,,,,,,,,,,,,,,,,"4765445b-32c6-49b0-83e6-1d93765276ca",,,,,,,,"System.Object[]","1","System.Object[]","System.Object[]","9fc57536-e8d3-4117-8537-fc27bc714352","2a05:541:116:c8f:59a2:44ad:532f:ee3d","7280bf5c-c49a-488a-8660-1b384487a5d2","d6d9b0d8-acf9-4c0e-870c-37a1d9cb8561","","System.Object[]","9fc57536-e8d3-4117-8537-fc27bc714352","4765445b-32c6-49b0-83e6-1d93765276ca","System.Object[]","0",
"Not Available","UserLoggedIn","15",,"2025-12-17T18:33:28","4ec5d806-69e6-4a4d-852e-034540a19268","9fc57536-e8d3-4117-8537-fc27bc714352","Success","16040d97-c0b3-43ad-8158-1c920732fd67","4","1","AzureActiveDirectory","2a05:541:116:c8f:59a2:44ad:532f:ee3d",,,,,,,,,,,,,,,,,,,,"4765445b-32c6-49b0-83e6-1d93765276ca",,,,,,,,"System.Object[]","1","System.Object[]","System.Object[]","9fc57536-e8d3-4117-8537-fc27bc714352","2a05:541:116:c8f:59a2:44ad:532f:ee3d","7280bf5c-c49a-488a-8660-1b384487a5d2","4ec5d806-69e6-4a4d-852e-034540a19268","","System.Object[]","9fc57536-e8d3-4117-8537-fc27bc714352","4765445b-32c6-49b0-83e6-1d93765276ca","System.Object[]","0",
"Not Available","UserLoggedIn","15",,"2025-12-17T18:33:19","a2f3c431-a3a4-4667-8fae-3d31edc1e35f","9fc57536-e8d3-4117-8537-fc27bc714352","Success","16040d97-c0b3-43ad-8158-1c920732fd67","4","1","AzureActiveDirectory","2a05:541:116:c8f:59a2:44ad:532f:ee3d",,,,,,,,,,,,,,,,,,,,"4765445b-32c6-49b0-83e6-1d93765276ca",,,,,,,,"System.Object[]","1","System.Object[]","System.Object[]","9fc57536-e8d3-4117-8537-fc27bc714352","2a05:541:116:c8f:59a2:44ad:532f:ee3d","7280bf5c-c49a-488a-8660-1b384487a5d2","a2f3c431-a3a4-4667-8fae-3d31edc1e35f","","System.Object[]","9fc57536-e8d3-4117-8537-fc27bc714352","4765445b-32c6-49b0-83e6-1d93765276ca","System.Object[]","0",
"Not Available","UserLoggedIn","15",,"2025-12-17T18:33:18","9511a26b-4ad4-426a-886a-456e66eae7e7","9fc57536-e8d3-4117-8537-fc27bc714352","Success","16040d97-c0b3-43ad-8158-1c920732fd67","4","1","AzureActiveDirectory","2a05:541:116:c8f:59a2:44ad:532f:ee3d",,,,,,,,,,,,,,,,,,,,"4765445b-32c6-49b0-83e6-1d93765276ca",,,,,,,,"System.Object[]","1","System.Object[]","System.Object[]","9fc57536-e8d3-4117-8537-fc27bc714352","2a05:541:116:c8f:59a2:44ad:532f:ee3d","7280bf5c-c49a-488a-8660-1b384487a5d2","9511a26b-4ad4-426a-886a-456e66eae7e7","","System.Object[]","9fc57536-e8d3-4117-8537-fc27bc714352","4765445b-32c6-49b0-83e6-1d93765276ca","System.Object[]","0",
"bennett4@consolidatedmsgr.com","UserLoginFailed","15",,"2025-12-17T18:32:48","0ceb5cec-874c-4f1e-8349-641bc3c7645f","9fc57536-e8d3-4117-8537-fc27bc714352","Success","16040d97-c0b3-43ad-8158-1c920732fd67","0","1","AzureActiveDirectory","2a05:541:116:c8f:59a2:44ad:532f:ee3d",,,,,,,,,,,,,,,,,,,,"4765445b-32c6-49b0-83e6-1d93765276ca",,,,,,,,"System.Object[]","1","System.Object[]","System.Object[]","9fc57536-e8d3-4117-8537-fc27bc714352","2a05:541:116:c8f:59a2:44ad:532f:ee3d","7280bf5c-c49a-488a-8660-1b384487a5d2","0ceb5cec-874c-4f1e-8349-641bc3c7645f","","System.Object[]","9fc57536-e8d3-4117-8537-fc27bc714352","4765445b-32c6-49b0-83e6-1d93765276ca","System.Object[]","50074","UserStrongAuthClientAuthNRequiredInterrupt"
"garcia2@consolidatedmsgr.com","UserLoggedIn","15",,"2025-12-17T17:33:43","2339bdaa-c350-476b-8e33-4af6b5cfff2a","9fc57536-e8d3-4117-8537-fc27bc714352","Success","a5f489b5-7396-458b-85f1-8a15b5c0b315","0","1","AzureActiveDirectory","2a05:541:116:5e33:4aec:2433:45e1:ce28",,,,,,,,,,,,,,,,,,,,"4765445b-32c6-49b0-83e6-1d93765276ca",,,,,,,,"System.Object[]","1","System.Object[]","System.Object[]","9fc57536-e8d3-4117-8537-fc27bc714352","2a05:541:116:5e33:4aec:2433:45e1:ce28","3c867a73-84f7-4bce-8e05-3ef6ecd7fef4","2339bdaa-c350-476b-8e33-4af6b5cfff2a","","System.Object[]","9fc57536-e8d3-4117-8537-fc27bc714352","4765445b-32c6-49b0-83e6-1d93765276ca","System.Object[]","0",
"garcia2@consolidatedmsgr.com","UserLoggedIn","15",,"2025-12-17T17:33:43","6fe6088d-6af5-4058-8ec1-c7a97a600f13","9fc57536-e8d3-4117-8537-fc27bc714352","Success","a5f489b5-7396-458b-85f1-8a15b5c0b315","0","1","AzureActiveDirectory","2a05:541:116:5e33:4aec:2433:45e1:ce28",,,,,,,,,,,,,,,,,,,,"4765445b-32c6-49b0-83e6-1d93765276ca",,,,,,,,"System.Object[]","1","System.Object[]","System.Object[]","9fc57536-e8d3-4117-8537-fc27bc714352","2a05:541:116:5e33:4aec:2433:45e1:ce28","3c867a73-84f7-4bce-8e05-3ef6ecd7fef4","6fe6088d-6af5-4058-8ec1-c7a97a600f13","","System.Object[]","9fc57536-e8d3-4117-8537-fc27bc714352","4765445b-32c6-49b0-83e6-1d93765276ca","System.Object[]","50140",
"Not Available","UserLoggedIn","15",,"2025-12-17T17:33:42","a8d66d7d-f86f-4c37-83b5-c9890160f938","9fc57536-e8d3-4117-8537-fc27bc714352","Success","a5f489b5-7396-458b-85f1-8a15b5c0b315","4","1","AzureActiveDirectory","2a05:541:116:5e33:4aec:2433:45e1:ce28",,,,,,,,,,,,,,,,,,,,"4765445b-32c6-49b0-83e6-1d93765276ca",,,,,,,,"System.Object[]","1","System.Object[]","System.Object[]","9fc57536-e8d3-4117-8537-fc27bc714352","2a05:541:116:5e33:4aec:2433:45e1:ce28","3c867a73-84f7-4bce-8e05-3ef6ecd7fef4","a8d66d7d-f86f-4c37-83b5-c9890160f938","","System.Object[]","9fc57536-e8d3-4117-8537-fc27bc714352","4765445b-32c6-49b0-83e6-1d93765276ca","System.Object[]","0",
"Not Available","UserLoggedIn","15",,"2025-12-17T17:33:33","fd2ec419-f700-433c-8788-e6e4a12217bb","9fc57536-e8d3-4117-8537-fc27bc714352","Success","a5f489b5-7396-458b-85f1-8a15b5c0b315","4","1","AzureActiveDirectory","2a05:541:116:5e33:4aec:2433:45e1:ce28",,,,,,,,,,,,,,,,,,,,"4765445b-32c6-49b0-83e6-1d93765276ca",,,,,,,,"System.Object[]","1","System.Object[]","System.Object[]","9fc57536-e8d3-4117-8537-fc27bc714352","2a05:541:116:5e33:4aec:2433:45e1:ce28","3c867a73-84f7-4bce-8e05-3ef6ecd7fef4","fd2ec419-f700-433c-8788-e6e4a12217bb","","System.Object[]","9fc57536-e8d3-4117-8537-fc27bc714352","4765445b-32c6-49b0-83e6-1d93765276ca","System.Object[]","0",
"Not Available","UserLoggedIn","15",,"2025-12-17T17:33:25","a1b34583-82ba-44f7-8979-a5a3be4b3354","9fc57536-e8d3-4117-8537-fc27bc714352","Success","a5f489b5-7396-458b-85f1-8a15b5c0b315","4","1","AzureActiveDirectory","2a05:541:116:5e33:4aec:2433:45e1:ce28",,,,,,,,,,,,,,,,,,,,"4765445b-32c6-49b0-83e6-1d93765276ca",,,,,,,,"System.Object[]","1","System.Object[]","System.Object[]","9fc57536-e8d3-4117-8537-fc27bc714352","2a05:541:116:5e33:4aec:2433:45e1:ce28","3c867a73-84f7-4bce-8e05-3ef6ecd7fef4","a1b34583-82ba-44f7-8979-a5a3be4b3354","","System.Object[]","9fc57536-e8d3-4117-8537-fc27bc714352","4765445b-32c6-49b0-83e6-1d93765276ca","System.Object[]","0",
"Not Available","UserLoggedIn","15",,"2025-12-17T17:33:16","2abbd1ae-2684-4766-8950-a5631a7e11d8","9fc57536-e8d3-4117-8537-fc27bc714352","Success","a5f489b5-7396-458b-85f1-8a15b5c0b315","4","1","AzureActiveDirectory","2a05:541:116:5e33:4aec:2433:45e1:ce28",,,,,,,,,,,,,,,,,,,,"4765445b-32c6-49b0-83e6-1d93765276ca",,,,,,,,"System.Object[]","1","System.Object[]","System.Object[]","9fc57536-e8d3-4117-8537-fc27bc714352","2a05:541:116:5e33:4aec:2433:45e1:ce28","3c867a73-84f7-4bce-8e05-3ef6ecd7fef4","2abbd1ae-2684-4766-8950-a5631a7e11d8","","System.Object[]","9fc57536-e8d3-4117-8537-fc27bc714352","4765445b-32c6-49b0-83e6-1d93765276ca","System.Object[]","0",
"Not Available","UserLoggedIn","15",,"2025-12-17T17:33:08","1e71b082-4401-4aba-8be8-f87388ebe62f","9fc57536-e8d3-4117-8537-fc27bc714352","Success","a5f489b5-7396-458b-85f1-8a15b5c0b315","4","1","AzureActiveDirectory","2a05:541:116:5e33:4aec:2433:45e1:ce28",,,,,,,,,,,,,,,,,,,,"4765445b-32c6-49b0-83e6-1d93765276ca",,,,,,,,"System.Object[]","1","System.Object[]","System.Object[]","9fc57536-e8d3-4117-8537-fc27bc714352","2a05:541:116:5e33:4aec:2433:45e1:ce28","3c867a73-84f7-4bce-8e05-3ef6ecd7fef4","1e71b082-4401-4aba-8be8-f87388ebe62f","","System.Object[]","9fc57536-e8d3-4117-8537-fc27bc714352","4765445b-32c6-49b0-83e6-1d93765276ca","System.Object[]","0",
"Not Available","UserLoggedIn","15",,"2025-12-17T17:32:59","64e20c38-d06b-479b-877d-3a66c422dbb6","9fc57536-e8d3-4117-8537-fc27bc714352","Success","a5f489b5-7396-458b-85f1-8a15b5c0b315","4","1","AzureActiveDirectory","2a05:541:116:5e33:4aec:2433:45e1:ce28",,,,,,,,,,,,,,,,,,,,"4765445b-32c6-49b0-83e6-1d93765276ca",,,,,,,,"System.Object[]","1","System.Object[]","System.Object[]","9fc57536-e8d3-4117-8537-fc27bc714352","2a05:541:116:5e33:4aec:2433:45e1:ce28","3c867a73-84f7-4bce-8e05-3ef6ecd7fef4","64e20c38-d06b-479b-877d-3a66c422dbb6","","System.Object[]","9fc57536-e8d3-4117-8537-fc27bc714352","4765445b-32c6-49b0-83e6-1d93765276ca","System.Object[]","0",
"Not Available","UserLoggedIn","15",,"2025-12-17T17:32:58","f5afdbbc-3dfc-4ef6-85aa-620e39ef0763","9fc57536-e8d3-4117-8537-fc27bc714352","Success","a5f489b5-7396-458b-85f1-8a15b5c0b315","4","1","AzureActiveDirectory","2a05:541:116:5e33:4aec:2433:45e1:ce28",,,,,,,,,,,,,,,,,,,,"4765445b-32c6-49b0-83e6-1d93765276ca",,,,,,,,"System.Object[]","1","System.Object[]","System.Object[]","9fc57536-e8d3-4117-8537-fc27bc714352","2a05:541:116:5e33:4aec:2433:45e1:ce28","3c867a73-84f7-4bce-8e05-3ef6ecd7fef4","f5afdbbc-3dfc-4ef6-85aa-620e39ef0763","","System.Object[]","9fc57536-e8d3-4117-8537-fc27bc714352","4765445b-32c6-49b0-83e6-1d93765276ca","System.Object[]","0",
"Not Available","UserLoggedIn","15",,"2025-12-17T17:32:30","5cbfb802-033a-4459-871a-8243ccad1f35","9fc57536-e8d3-4117-8537-fc27bc714352","Success","a5f489b5-7396-458b-85f1-8a15b5c0b315","4","1","AzureActiveDirectory","2a05:541:116:5e33:4aec:2433:45e1:ce28",,,,,,,,,,,,,,,,,,,,"4765445b-32c6-49b0-83e6-1d93765276ca",,,,,,,,"System.Object[]","1","System.Object[]","System.Object[]","9fc57536-e8d3-4117-8537-fc27bc714352","2a05:541:116:5e33:4aec:2433:45e1:ce28","3c867a73-84f7-4bce-8e05-3ef6ecd7fef4","5cbfb802-033a-4459-871a-8243ccad1f35","","System.Object[]","9fc57536-e8d3-4117-8537-fc27bc714352","4765445b-32c6-49b0-83e6-1d93765276ca","System.Object[]","0",
"garcia2@consolidatedmsgr.com","UserLoginFailed","15",,"2025-12-17T17:32:28","a3b477e8-f609-45ce-8f08-f1db238c89b7","9fc57536-e8d3-4117-8537-fc27bc714352","Success","a5f489b5-7396-458b-85f1-8a15b5c0b315","0","1","AzureActiveDirectory","2a05:541:116:5e33:4aec:2433:45e1:ce28",,,,,,,,,,,,,,,,,,,,"4765445b-32c6-49b0-83e6-1d93765276ca",,,,,,,,"System.Object[]","1","System.Object[]","System.Object[]","9fc57536-e8d3-4117-8537-fc27bc714352","2a05:541:116:5e33:4aec:2433:45e1:ce28","3c867a73-84f7-4bce-8e05-3ef6ecd7fef4","a3b477e8-f609-45ce-8f08-f1db238c89b7","","System.Object[]","9fc57536-e8d3-4117-8537-fc27bc714352","4765445b-32c6-49b0-83e6-1d93765276ca","System.Object[]","50074","UserStrongAuthClientAuthNRequiredInterrupt"
"ortiz3@consolidatedmsgr.com","UserLoginFailed","15",,"2025-12-17T16:52:57","4c436f29-f9ef-4f89-8fd2-1004c98e1bfb","9fc57536-e8d3-4117-8537-fc27bc714352","Success","a2fd7975-2e53-4238-8cb4-0dfccefce7b2","0","1","AzureActiveDirectory","2a05:541:116:5e33:4aec:2433:45e1:ce28",,,,,,,,,,,,,,,,,,,,"4765445b-32c6-49b0-83e6-1d93765276ca",,,,,,,,"System.Object[]","1","System.Object[]","System.Object[]","9fc57536-e8d3-4117-8537-fc27bc714352","2a05:541:116:5e33:4aec:2433:45e1:ce28","8e296dbb-9686-4601-8ecd-4a449ded9a79","4c436f29-f9ef-4f89-8fd2-1004c98e1bfb","","System.Object[]","9fc57536-e8d3-4117-8537-fc27bc714352","4765445b-32c6-49b0-83e6-1d93765276ca","System.Object[]","50126","InvalidUserNameOrPassword"
"ortiz3@consolidatedmsgr.com","UserLoginFailed","15",,"2025-12-17T16:51:50","2ab5ee47-ec53-43cb-83e1-2a7756cf1217","9fc57536-e8d3-4117-8537-fc27bc714352","Success","a2fd7975-2e53-4238-8cb4-0dfccefce7b2","0","1","AzureActiveDirectory","2a05:541:116:5e33:4aec:2433:45e1:ce28",,,,,,,,,,,,,,,,,,,,"4765445b-32c6-49b0-83e6-1d93765276ca",,,,,,,,"System.Object[]","1","System.Object[]","System.Object[]","9fc57536-e8d3-4117-8537-fc27bc714352","2a05:541:116:5e33:4aec:2433:45e1:ce28","8e296dbb-9686-4601-8ecd-4a449ded9a79","2ab5ee47-ec53-43cb-83e1-2a7756cf1217","","System.Object[]","9fc57536-e8d3-4117-8537-fc27bc714352","4765445b-32c6-49b0-83e6-1d93765276ca","System.Object[]","50126","InvalidUserNameOrPassword"
"ortiz3@consolidatedmsgr.com","UserLoginFailed","15",,"2025-12-17T16:51:20","b5fd6870-f52a-422e-80e9-bc5a4e23690a","9fc57536-e8d3-4117-8537-fc27bc714352","Success","a2fd7975-2e53-4238-8cb4-0dfccefce7b2","0","1","AzureActiveDirectory","185.168.208.37",,,,,,,,,,,,,,,,,,,,"4765445b-32c6-49b0-83e6-1d93765276ca",,,,,,,,"System.Object[]","1","System.Object[]","System.Object[]","9fc57536-e8d3-4117-8537-fc27bc714352","185.168.208.37","8e296dbb-9686-4601-8ecd-4a449ded9a79","b5fd6870-f52a-422e-80e9-bc5a4e23690a","","System.Object[]","9fc57536-e8d3-4117-8537-fc27bc714352","4765445b-32c6-49b0-83e6-1d93765276ca","System.Object[]","50126","InvalidUserNameOrPassword"
"gutierrez2@consolidatedmsgr.com","UserLoginFailed","15",,"2025-12-17T16:40:38","1ba6c149-6157-4c9b-8f4b-6bf28a4789a4","9fc57536-e8d3-4117-8537-fc27bc714352","Success","f9a62fe7-59eb-467a-848b-b0f4588e5386","0","1","AzureActiveDirectory","2600:1f18:5c9a:a468:8241:17f9:1526:6a4d",,,,,,,,,,,,,,,,,,,,"00000002-0000-0ff1-ce00-000000000000",,,,,,,,"System.Object[]","1","System.Object[]","System.Object[]","9fc57536-e8d3-4117-8537-fc27bc714352","2600:1f18:5c9a:a468:8241:17f9:1526:6a4d","ce1d0ac7-f344-4e08-87a0-893a5f42dabc","1ba6c149-6157-4c9b-8f4b-6bf28a4789a4","","System.Object[]","9fc57536-e8d3-4117-8537-fc27bc714352","de7d7402-70c8-4e5e-8a00-fa48659038c2","System.Object[]","50057","UserDisabled"
"gutierrez2@consolidatedmsgr.com","UserLoginFailed","15",,"2025-12-17T16:38:46","2c7f4df5-cc79-4499-8ec5-da29d56ea9af","9fc57536-e8d3-4117-8537-fc27bc714352","Success","f9a62fe7-59eb-467a-848b-b0f4588e5386","0","1","AzureActiveDirectory","2600:1f18:5c9a:a468:8241:17f9:1526:6a4d",,,,,,,,,,,,,,,,,,,,"00000002-0000-0ff1-ce00-000000000000",,,,,,,,"System.Object[]","1","System.Object[]","System.Object[]","9fc57536-e8d3-4117-8537-fc27bc714352","2600:1f18:5c9a:a468:8241:17f9:1526:6a4d","690d6c51-59fd-4569-833c-8a4e186e6cfa","2c7f4df5-cc79-4499-8ec5-da29d56ea9af","","System.Object[]","9fc57536-e8d3-4117-8537-fc27bc714352","de7d7402-70c8-4e5e-8a00-fa48659038c2","System.Object[]","50057","UserDisabled"
"gutierrez2@consolidatedmsgr.com","UserLoginFailed","15",,"2025-12-17T16:34:55","afe0158e-cd8c-459d-874c-6c04c56f4482","9fc57536-e8d3-4117-8537-fc27bc714352","Success","f9a62fe7-59eb-467a-848b-b0f4588e5386","0","1","AzureActiveDirectory","2600:1f18:5c9a:a468:8241:17f9:1526:6a4d",,,,,,,,,,,,,,,,,,,,"00000002-0000-0ff1-ce00-000000000000",,,,,,,,"System.Object[]","1","System.Object[]","System.Object[]","9fc57536-e8d3-4117-8537-fc27bc714352","2600:1f18:5c9a:a468:8241:17f9:1526:6a4d","94738eda-a38e-4b5e-8fca-e39154a470dc","afe0158e-cd8c-459d-874c-6c04c56f4482","","System.Object[]","9fc57536-e8d3-4117-8537-fc27bc714352","de7d7402-70c8-4e5e-8a00-fa48659038c2","System.Object[]","50057","UserDisabled"
"gutierrez2@consolidatedmsgr.com","UserLoginFailed","15",,"2025-12-17T16:33:38","1d1f578d-cf74-412e-8313-bd63d5b00ab9","9fc57536-e8d3-4117-8537-fc27bc714352","Success","f9a62fe7-59eb-467a-848b-b0f4588e5386","0","1","AzureActiveDirectory","2600:1f18:5c9a:a468:8241:17f9:1526:6a4d",,,,,,,,,,,,,,,,,,,,"00000002-0000-0ff1-ce00-000000000000",,,,,,,,"System.Object[]","1","System.Object[]","System.Object[]","9fc57536-e8d3-4117-8537-fc27bc714352","2600:1f18:5c9a:a468:8241:17f9:1526:6a4d","ade21a4d-1fff-4993-8100-69ca7ccdcf2e","1d1f578d-cf74-412e-8313-bd63d5b00ab9","","System.Object[]","9fc57536-e8d3-4117-8537-fc27bc714352","de7d7402-70c8-4e5e-8a00-fa48659038c2","System.Object[]","50057","UserDisabled"
"gutierrez2@consolidatedmsgr.com","UserLoginFailed","15",,"2025-12-17T16:33:27","771c9700-169c-4db2-8711-2427fed1ea39","9fc57536-e8d3-4117-8537-fc27bc714352","Success","f9a62fe7-59eb-467a-848b-b0f4588e5386","0","1","AzureActiveDirectory","2600:1f18:5c9a:a468:8241:17f9:1526:6a4d",,,,,,,,,,,,,,,,,,,,"00000002-0000-0ff1-ce00-000000000000",,,,,,,,"System.Object[]","1","System.Object[]","System.Object[]","9fc57536-e8d3-4117-8537-fc27bc714352","2600:1f18:5c9a:a468:8241:17f9:1526:6a4d","93f7a284-ba48-4b03-8ccd-9d51acd9cbb6","771c9700-169c-4db2-8711-2427fed1ea39","","System.Object[]","9fc57536-e8d3-4117-8537-fc27bc714352","de7d7402-70c8-4e5e-8a00-fa48659038c2","System.Object[]","50057","UserDisabled"
"gutierrez2@consolidatedmsgr.com","UserLoginFailed","15",,"2025-12-17T16:33:27","0066ac97-066f-4d41-899b-22551890c884","9fc57536-e8d3-4117-8537-fc27bc714352","Success","f9a62fe7-59eb-467a-848b-b0f4588e5386","0","1","AzureActiveDirectory","2600:1f18:5c9a:a468:8241:17f9:1526:6a4d",,,,,,,,,,,,,,,,,,,,"00000002-0000-0ff1-ce00-000000000000",,,,,,,,"System.Object[]","1","System.Object[]","System.Object[]","9fc57536-e8d3-4117-8537-fc27bc714352","2600:1f18:5c9a:a468:8241:17f9:1526:6a4d","4183de98-da5b-494e-80f0-3f12c6067028","0066ac97-066f-4d41-899b-22551890c884","","System.Object[]","9fc57536-e8d3-4117-8537-fc27bc714352","de7d7402-70c8-4e5e-8a00-fa48659038c2","System.Object[]","50057","UserDisabled"
"gutierrez2@consolidatedmsgr.com","UserLoginFailed","15",,"2025-12-17T16:33:27","85814d66-a92d-4e10-8df9-507f84b7a795","9fc57536-e8d3-4117-8537-fc27bc714352","Success","f9a62fe7-59eb-467a-848b-b0f4588e5386","0","1","AzureActiveDirectory","2600:1f18:5c9a:a468:8241:17f9:1526:6a4d",,,,,,,,,,,,,,,,,,,,"00000002-0000-0ff1-ce00-000000000000",,,,,,,,"System.Object[]","1","System.Object[]","System.Object[]","9fc57536-e8d3-4117-8537-fc27bc714352","2600:1f18:5c9a:a468:8241:17f9:1526:6a4d","0c256cb1-cae3-4ecc-828c-ee30b29670f1","85814d66-a92d-4e10-8df9-507f84b7a795","","System.Object[]","9fc57536-e8d3-4117-8537-fc27bc714352","de7d7402-70c8-4e5e-8a00-fa48659038c2","System.Object[]","50057","UserDisabled"
"gutierrez2@consolidatedmsgr.com","UserLoginFailed","15",,"2025-12-17T16:33:27","97546208-d6a1-4c61-8290-0bbc74ec2314","9fc57536-e8d3-4117-8537-fc27bc714352","Success","f9a62fe7-59eb-467a-848b-b0f4588e5386","0","1","AzureActiveDirectory","2600:1f18:5c9a:a468:8241:17f9:1526:6a4d",,,,,,,,,,,,,,,,,,,,"00000002-0000-0ff1-ce00-000000000000",,,,,,,,"System.Object[]","1","System.Object[]","System.Object[]","9fc57536-e8d3-4117-8537-fc27bc714352","2600:1f18:5c9a:a468:8241:17f9:1526:6a4d","dc2e8b1a-c7e0-4bad-8f0e-a97d6fd876c7","97546208-d6a1-4c61-8290-0bbc74ec2314","","System.Object[]","9fc57536-e8d3-4117-8537-fc27bc714352","de7d7402-70c8-4e5e-8a00-fa48659038c2","System.Object[]","50057","UserDisabled"
"gutierrez2@consolidatedmsgr.com","UserLoginFailed","15",,"2025-12-17T16:33:26","2459afb3-190a-496b-8f81-2f60396595eb","9fc57536-e8d3-4117-8537-fc27bc714352","Success","f9a62fe7-59eb-467a-848b-b0f4588e5386","0","1","AzureActiveDirectory","2600:1f18:5c9a:a468:8241:17f9:1526:6a4d",,,,,,,,,,,,,,,,,,,,"00000002-0000-0ff1-ce00-000000000000",,,,,,,,"System.Object[]","1","System.Object[]","System.Object[]","9fc57536-e8d3-4117-8537-fc27bc714352","2600:1f18:5c9a:a468:8241:17f9:1526:6a4d","c6027c30-1564-4472-8eea-28ea56e75549","2459afb3-190a-496b-8f81-2f60396595eb","","System.Object[]","9fc57536-e8d3-4117-8537-fc27bc714352","de7d7402-70c8-4e5e-8a00-fa48659038c2","System.Object[]","50057","UserDisabled"
"gutierrez2@consolidatedmsgr.com","UserLoginFailed","15",,"2025-12-17T16:33:26","0666db5a-400b-4f03-8d3f-a853651a1901","9fc57536-e8d3-4117-8537-fc27bc714352","Success","f9a62fe7-59eb-467a-848b-b0f4588e5386","0","1","AzureActiveDirectory","2600:1f18:5c9a:a468:8241:17f9:1526:6a4d",,,,,,,,,,,,,,,,,,,,"00000002-0000-0ff1-ce00-000000000000",,,,,,,,"System.Object[]","1","System.Object[]","System.Object[]","9fc57536-e8d3-4117-8537-fc27bc714352","2600:1f18:5c9a:a468:8241:17f9:1526:6a4d","8534e163-b0f3-4c1c-8a64-21c29e58844b","0666db5a-400b-4f03-8d3f-a853651a1901","","System.Object[]","9fc57536-e8d3-4117-8537-fc27bc714352","de7d7402-70c8-4e5e-8a00-fa48659038c2","System.Object[]","50057","UserDisabled"
"gutierrez2@consolidatedmsgr.com","UserLoginFailed","15",,"2025-12-17T16:33:25","8251dcf0-d88c-43a9-83a3-03ea7a385dbd","9fc57536-e8d3-4117-8537-fc27bc714352","Success","f9a62fe7-59eb-467a-848b-b0f4588e5386","0","1","AzureActiveDirectory","2600:1f18:5c9a:a468:8241:17f9:1526:6a4d",,,,,,,,,,,,,,,,,,,,"00000002-0000-0ff1-ce00-000000000000",,,,,,,,"System.Object[]","1","System.Object[]","System.Object[]","9fc57536-e8d3-4117-8537-fc27bc714352","2600:1f18:5c9a:a468:8241:17f9:1526:6a4d","d1867aac-d5c0-4259-8bd2-0c64cd13991c","8251dcf0-d88c-43a9-83a3-03ea7a385dbd","","System.Object[]","9fc57536-e8d3-4117-8537-fc27bc714352","de7d7402-70c8-4e5e-8a00-fa48659038c2","System.Object[]","50057","UserDisabled"
"gutierrez2@consolidatedmsgr.com","UserLoginFailed","15",,"2025-12-17T16:33:25","ae2db23d-16de-4321-858a-d4dc28184125","9fc57536-e8d3-4117-8537-fc27bc714352","Success","f9a62fe7-59eb-467a-848b-b0f4588e5386","0","1","AzureActiveDirectory","2600:1f18:5c9a:a468:8241:17f9:1526:6a4d",,,,,,,,,,,,,,,,,,,,"00000002-0000-0ff1-ce00-000000000000",,,,,,,,"System.Object[]","1","System.Object[]","System.Object[]","9fc57536-e8d3-4117-8537-fc27bc714352","2600:1f18:5c9a:a468:8241:17f9:1526:6a4d","496e37e5-10b0-42be-8463-b8a0e23617d9","ae2db23d-16de-4321-858a-d4dc28184125","","System.Object[]","9fc57536-e8d3-4117-8537-fc27bc714352","de7d7402-70c8-4e5e-8a00-fa48659038c2","System.Object[]","50057","UserDisabled"
"gutierrez2@consolidatedmsgr.com","UserLoginFailed","15",,"2025-12-17T16:33:25","bf7853ad-84b9-4994-88d8-3e34681c91dc","9fc57536-e8d3-4117-8537-fc27bc714352","Success","f9a62fe7-59eb-467a-848b-b0f4588e5386","0","1","AzureActiveDirectory","2600:1f18:5c9a:a468:8241:17f9:1526:6a4d",,,,,,,,,,,,,,,,,,,,"00000002-0000-0ff1-ce00-000000000000",,,,,,,,"System.Object[]","1","System.Object[]","System.Object[]","9fc57536-e8d3-4117-8537-fc27bc714352","2600:1f18:5c9a:a468:8241:17f9:1526:6a4d","0fecd27f-c04e-4dd5-8f7a-a44251d7c4df","bf7853ad-84b9-4994-88d8-3e34681c91dc","","System.Object[]","9fc57536-e8d3-4117-8537-fc27bc714352","de7d7402-70c8-4e5e-8a00-fa48659038c2","System.Object[]","50057","UserDisabled"
"gutierrez2@consolidatedmsgr.com","UserLoginFailed","15",,"2025-12-17T16:33:22","b5d0274d-1439-47e2-8783-1ae194da24b5","9fc57536-e8d3-4117-8537-fc27bc714352","Success","f9a62fe7-59eb-467a-848b-b0f4588e5386","0","1","AzureActiveDirectory","2600:1f18:5c9a:a468:8241:17f9:1526:6a4d",,,,,,,,,,,,,,,,,,,,"00000002-0000-0ff1-ce00-000000000000",,,,,,,,"System.Object[]","1","System.Object[]","System.Object[]","9fc57536-e8d3-4117-8537-fc27bc714352","2600:1f18:5c9a:a468:8241:17f9:1526:6a4d","2f7a7ef2-9ecc-4651-83a5-09dbc898571d","b5d0274d-1439-47e2-8783-1ae194da24b5","","System.Object[]","9fc57536-e8d3-4117-8537-fc27bc714352","de7d7402-70c8-4e5e-8a00-fa48659038c2","System.Object[]","50057","UserDisabled"
"gutierrez2@consolidatedmsgr.com","UserLoginFailed","15",,"2025-12-17T16:32:57","2bbfa3af-c600-41c1-8005-018436904689","9fc57536-e8d3-4117-8537-fc27bc714352","Success","f9a62fe7-59eb-467a-848b-b0f4588e5386","0","1","AzureActiveDirectory","2600:1f18:5c9a:a468:8241:17f9:1526:6a4d",,,,,,,,,,,,,,,,,,,,"00000002-0000-0ff1-ce00-000000000000",,,,,,,,"System.Object[]","1","System.Object[]","System.Object[]","9fc57536-e8d3-4117-8537-fc27bc714352","2600:1f18:5c9a:a468:8241:17f9:1526:6a4d","2f801f65-4548-4ba9-827b-0184093c6ba8","2bbfa3af-c600-41c1-8005-018436904689","","System.Object[]","9fc57536-e8d3-4117-8537-fc27bc714352","de7d7402-70c8-4e5e-8a00-fa48659038c2","System.Object[]","50057","UserDisabled"
"gutierrez2@consolidatedmsgr.com","UserLoginFailed","15",,"2025-12-17T16:32:42","97384426-ac7f-45e3-8b71-50f6dbd7212f","9fc57536-e8d3-4117-8537-fc27bc714352","Success","f9a62fe7-59eb-467a-848b-b0f4588e5386","0","1","AzureActiveDirectory","2600:1f18:5c9a:a468:8241:17f9:1526:6a4d",,,,,,,,,,,,,,,,,,,,"00000002-0000-0ff1-ce00-000000000000",,,,,,,,"System.Object[]","1","System.Object[]","System.Object[]","9fc57536-e8d3-4117-8537-fc27bc714352","2600:1f18:5c9a:a468:8241:17f9:1526:6a4d","a25e9302-36f0-4398-8e81-de0f30656562","97384426-ac7f-45e3-8b71-50f6dbd7212f","","System.Object[]","9fc57536-e8d3-4117-8537-fc27bc714352","de7d7402-70c8-4e5e-8a00-fa48659038c2","System.Object[]","50057","UserDisabled"
"gutierrez2@consolidatedmsgr.com","UserLoginFailed","15",,"2025-12-17T16:32:37","1f6170bf-c176-4099-8331-ed85f6721079","9fc57536-e8d3-4117-8537-fc27bc714352","Success","f9a62fe7-59eb-467a-848b-b0f4588e5386","0","1","AzureActiveDirectory","2600:1f18:5c9a:a468:8241:17f9:1526:6a4d",,,,,,,,,,,,,,,,,,,,"00000002-0000-0ff1-ce00-000000000000",,,,,,,,"System.Object[]","1","System.Object[]","System.Object[]","9fc57536-e8d3-4117-8537-fc27bc714352","2600:1f18:5c9a:a468:8241:17f9:1526:6a4d","899ea41b-01a0-460f-8b9c-d536886f74e1","1f6170bf-c176-4099-8331-ed85f6721079","","System.Object[]","9fc57536-e8d3-4117-8537-fc27bc714352","de7d7402-70c8-4e5e-8a00-fa48659038c2","System.Object[]","50057","UserDisabled"
"gutierrez2@consolidatedmsgr.com","UserLoginFailed","15",,"2025-12-17T16:32:36","30b2e4d1-fad9-4a03-89bc-0a1ff898c545","9fc57536-e8d3-4117-8537-fc27bc714352","Success","f9a62fe7-59eb-467a-848b-b0f4588e5386","0","1","AzureActiveDirectory","2600:1f18:5c9a:a468:8241:17f9:1526:6a4d",,,,,,,,,,,,,,,,,,,,"00000002-0000-0ff1-ce00-000000000000",,,,,,,,"System.Object[]","1","System.Object[]","System.Object[]","9fc57536-e8d3-4117-8537-fc27bc714352","2600:1f18:5c9a:a468:8241:17f9:1526:6a4d","67df0466-bf20-43d3-864a-8f7da84c4cea","30b2e4d1-fad9-4a03-89bc-0a1ff898c545","","System.Object[]","9fc57536-e8d3-4117-8537-fc27bc714352","de7d7402-70c8-4e5e-8a00-fa48659038c2","System.Object[]","50057","UserDisabled"
"gutierrez2@consolidatedmsgr.com","UserLoginFailed","15",,"2025-12-17T16:32:34","1fa38ed6-fbfe-470f-80a4-b1eac80efb81","9fc57536-e8d3-4117-8537-fc27bc714352","Success","f9a62fe7-59eb-467a-848b-b0f4588e5386","0","1","AzureActiveDirectory","2600:1f18:5c9a:a468:8241:17f9:1526:6a4d",,,,,,,,,,,,,,,,,,,,"00000002-0000-0ff1-ce00-000000000000",,,,,,,,"System.Object[]","1","System.Object[]","System.Object[]","9fc57536-e8d3-4117-8537-fc27bc714352","2600:1f18:5c9a:a468:8241:17f9:1526:6a4d","b79bdcbe-36da-4a37-82cf-b4e10acf8f23","1fa38ed6-fbfe-470f-80a4-b1eac80efb81","","System.Object[]","9fc57536-e8d3-4117-8537-fc27bc714352","de7d7402-70c8-4e5e-8a00-fa48659038c2","System.Object[]","50057","UserDisabled"
"gutierrez2@consolidatedmsgr.com","UserLoginFailed","15",,"2025-12-17T16:32:33","bf0ca4c7-f375-4d45-8108-8008de74f49d","9fc57536-e8d3-4117-8537-fc27bc714352","Success","f9a62fe7-59eb-467a-848b-b0f4588e5386","0","1","AzureActiveDirectory","2600:1f18:5c9a:a468:8241:17f9:1526:6a4d",,,,,,,,,,,,,,,,,,,,"00000002-0000-0ff1-ce00-000000000000",,,,,,,,"System.Object[]","1","System.Object[]","System.Object[]","9fc57536-e8d3-4117-8537-fc27bc714352","2600:1f18:5c9a:a468:8241:17f9:1526:6a4d","d11ea3a7-299c-4f16-8e08-5ce4d81f39dc","bf0ca4c7-f375-4d45-8108-8008de74f49d","","System.Object[]","9fc57536-e8d3-4117-8537-fc27bc714352","de7d7402-70c8-4e5e-8a00-fa48659038c2","System.Object[]","50057","UserDisabled"
"gutierrez2@consolidatedmsgr.com","UserLoginFailed","15",,"2025-12-17T16:32:33","6d710e1b-7d4d-43bf-8305-81115607f508","9fc57536-e8d3-4117-8537-fc27bc714352","Success","f9a62fe7-59eb-467a-848b-b0f4588e5386","0","1","AzureActiveDirectory","2600:1f18:5c9a:a468:8241:17f9:1526:6a4d",,,,,,,,,,,,,,,,,,,,"00000002-0000-0ff1-ce00-000000000000",,,,,,,,"System.Object[]","1","System.Object[]","System.Object[]","9fc57536-e8d3-4117-8537-fc27bc714352","2600:1f18:5c9a:a468:8241:17f9:1526:6a4d","e4d5ce6b-5feb-4974-8d8c-24e0c43355ce","6d710e1b-7d4d-43bf-8305-81115607f508","","System.Object[]","9fc57536-e8d3-4117-8537-fc27bc714352","de7d7402-70c8-4e5e-8a00-fa48659038c2","System.Object[]","50057","UserDisabled"
"Not Available","UserLoggedIn","15",,"2025-12-17T16:31:57","93c15c08-bfe5-490c-85ab-ec0bfa0a9d8a","9fc57536-e8d3-4117-8537-fc27bc714352","Success","6a62563f-3db3-4095-8af2-60bb41bf15ac","4","1","AzureActiveDirectory","2a05:541:116:5e33:4aec:2433:45e1:ce28",,,,,,,,,,,,,,,,,,,,"4765445b-32c6-49b0-83e6-1d93765276ca",,,,,,,,"System.Object[]","1","System.Object[]","System.Object[]","9fc57536-e8d3-4117-8537-fc27bc714352","2a05:541:116:5e33:4aec:2433:45e1:ce28","eed95cc3-344f-40ca-8c5f-748c1e74409b","93c15c08-bfe5-490c-85ab-ec0bfa0a9d8a","","System.Object[]","9fc57536-e8d3-4117-8537-fc27bc714352","4765445b-32c6-49b0-83e6-1d93765276ca","System.Object[]","0",
"Not Available","UserLoginFailed","15",,"2025-12-17T16:31:48","c3082b92-229c-49bb-8c43-283c8353b3b2","9fc57536-e8d3-4117-8537-fc27bc714352","Success","6a62563f-3db3-4095-8af2-60bb41bf15ac","4","1","AzureActiveDirectory","2a05:541:116:5e33:4aec:2433:45e1:ce28",,,,,,,,,,,,,,,,,,,,"4765445b-32c6-49b0-83e6-1d93765276ca",,,,,,,,"System.Object[]","1","System.Object[]","System.Object[]","9fc57536-e8d3-4117-8537-fc27bc714352","2a05:541:116:5e33:4aec:2433:45e1:ce28","eed95cc3-344f-40ca-8c5f-748c1e74409b","c3082b92-229c-49bb-8c43-283c8353b3b2","","System.Object[]","9fc57536-e8d3-4117-8537-fc27bc714352","4765445b-32c6-49b0-83e6-1d93765276ca","System.Object[]","50074","UserStrongAuthClientAuthNRequiredInterrupt"
"Not Available","UserLoggedIn","15",,"2025-12-17T16:31:47","03aa4855-865a-4f8d-819c-5c4d377a4598","9fc57536-e8d3-4117-8537-fc27bc714352","Success","6a62563f-3db3-4095-8af2-60bb41bf15ac","4","1","AzureActiveDirectory","2a05:541:116:5e33:4aec:2433:45e1:ce28",,,,,,,,,,,,,,,,,,,,"4765445b-32c6-49b0-83e6-1d93765276ca",,,,,,,,"System.Object[]","1","System.Object[]","System.Object[]","9fc57536-e8d3-4117-8537-fc27bc714352","2a05:541:116:5e33:4aec:2433:45e1:ce28","eed95cc3-344f-40ca-8c5f-748c1e74409b","03aa4855-865a-4f8d-819c-5c4d377a4598","","System.Object[]","9fc57536-e8d3-4117-8537-fc27bc714352","4765445b-32c6-49b0-83e6-1d93765276ca","System.Object[]","0",
"jackson2@consolidatedmsgr.com","UserLoginFailed","15",,"2025-12-17T16:31:41","5461aa27-8f95-4654-8aa3-82ea4a095174","9fc57536-e8d3-4117-8537-fc27bc714352","Success","6a62563f-3db3-4095-8af2-60bb41bf15ac","0","1","AzureActiveDirectory","2a05:541:116:5e33:4aec:2433:45e1:ce28",,,,,,,,,,,,,,,,,,,,"4765445b-32c6-49b0-83e6-1d93765276ca",,,,,,,,"System.Object[]","1","System.Object[]","System.Object[]","9fc57536-e8d3-4117-8537-fc27bc714352","2a05:541:116:5e33:4aec:2433:45e1:ce28","eed95cc3-344f-40ca-8c5f-748c1e74409b","5461aa27-8f95-4654-8aa3-82ea4a095174","","System.Object[]","9fc57536-e8d3-4117-8537-fc27bc714352","4765445b-32c6-49b0-83e6-1d93765276ca","System.Object[]","50074","UserStrongAuthClientAuthNRequiredInterrupt"
"jackson2@consolidatedmsgr.com","UserLoginFailed","15",,"2025-12-17T16:30:17","6137aa1a-32fd-4f37-88a3-29890a89d212","9fc57536-e8d3-4117-8537-fc27bc714352","Success","6a62563f-3db3-4095-8af2-60bb41bf15ac","0","1","AzureActiveDirectory","2a05:541:116:c8f:59a2:44ad:532f:ee3d",,,,,,,,,,,,,,,,,,,,"4765445b-32c6-49b0-83e6-1d93765276ca",,,,,,,,"System.Object[]","1","System.Object[]","System.Object[]","9fc57536-e8d3-4117-8537-fc27bc714352","2a05:541:116:c8f:59a2:44ad:532f:ee3d","40d313c6-fc00-409f-8604-d2ee59f10eee","6137aa1a-32fd-4f37-88a3-29890a89d212","","System.Object[]","9fc57536-e8d3-4117-8537-fc27bc714352","4765445b-32c6-49b0-83e6-1d93765276ca","System.Object[]","50074","UserStrongAuthClientAuthNRequiredInterrupt"
"gutierrez2@consolidatedmsgr.com","Send","2","@{AADSessionId=6221db44-b1b2-4f77-8b47-77bff877410b; APIId=1fe87f9e-7a06-4f34-872f-efb4be6fb916; ClientAppId=de7d7402-70c8-4e5e-8a00-fa48659038c2; IssuedAtTime=2025-12-17T15:55:35; UniqueTokenId=vhycqTMRBkmPJYl0ZEglAA}","2025-12-17T16:28:17","7f027b89-1905-40a0-8fb8-eed0918e5abc","9fc57536-e8d3-4117-8537-fc27bc714352","Succeeded","100320034F35348A","0","1","Exchange","2600:1f18:5c9a:a468:8241:17f9:1526:6a4d","de7d7402-70c8-4e5e-8a00-fa48659038c2","Bearer","de7d7402-70c8-4e5e-8a00-fa48659038c2","2600:1f18:5c9a:a468:8241:17f9:1526:6a4d","Client=OWA;Action=ViaProxy","False","1fe87f9e-7a06-4f34-872f-efb4be6fb916","0","0","S-1-5-21-3421515247-1784439087-2623626124-887996","c0f08483-4e52-46e0-899d-322f8d8f0310","S-1-5-21-3421515247-1784439087-2623626124-887996","gutierrez2@consolidatedmsgr.com","consolidatedmsgr.onmicrosoft.com","LAB60XX8701MB913 (15.20.4200.000)
","f9a62fe7-59eb-467a-848b-b0f4588e5386","9fc57536-e8d3-4117-8537-fc27bc714352","V1AppActAs","@{Attachments=Outlook-A logo for (44209b); Id=LgAAAAAdhAMRqmYRzZvIAKoAL8RaDQBPFRB7aFbgTYJ0U+olHj1gAAGp54HyAAAJ; ImmutableId=LgAAAAAdhAMRqmYRzZvIAKoAL8RaDQBPFRB7aFbgTYJ0U+olHj1gAAGp54HyAAAJ; InternetMessageId=<evans2@mn2pr06mb5981.namprd06.prod.outlook.com>; ParentFolder=; SizeInBytes=128084; Subject=Consolidatedmsgr}",,,,,,,"True",,,,,,,,,,,,,,,,
"gutierrez2@consolidatedmsgr.com","Send","2","@{AADSessionId=6221db44-b1b2-4f77-8b47-77bff877410b; APIId=1fe87f9e-7a06-4f34-872f-efb4be6fb916; ClientAppId=de7d7402-70c8-4e5e-8a00-fa48659038c2; IssuedAtTime=2025-12-17T15:55:35; UniqueTokenId=vhycqTMRBkmPJYl0ZEglAA}","2025-12-17T16:28:01","aa62d004-36a9-46da-849f-566f1d38f58f","9fc57536-e8d3-4117-8537-fc27bc714352","Succeeded","100320034F35348A","0","1","Exchange","2600:1f18:5c9a:a468:8241:17f9:1526:6a4d","de7d7402-70c8-4e5e-8a00-fa48659038c2","Bearer","de7d7402-70c8-4e5e-8a00-fa48659038c2","2600:1f18:5c9a:a468:8241:17f9:1526:6a4d","Client=OWA;Action=ViaProxy","False","1fe87f9e-7a06-4f34-872f-efb4be6fb916","0","0","S-1-5-21-3421515247-1784439087-2623626124-887996","c0f08483-4e52-46e0-899d-322f8d8f0310","S-1-5-21-3421515247-1784439087-2623626124-887996","gutierrez2@consolidatedmsgr.com","consolidatedmsgr.onmicrosoft.com","LAB60XX8701MB913 (15.20.4200.000)
","f9a62fe7-59eb-467a-848b-b0f4588e5386","9fc57536-e8d3-4117-8537-fc27bc714352","V1AppActAs","@{Attachments=Outlook-A logo for (44209b); Id=LgAAAAAdhAMRqmYRzZvIAKoAL8RaDQBPFRB7aFbgTYJ0U+olHj1gAAGp54pDAAAJ; ImmutableId=LgAAAAAdhAMRqmYRzZvIAKoAL8RaDQBPFRB7aFbgTYJ0U+olHj1gAAGp54pDAAAJ; InternetMessageId=<perry2@mn2pr06mb5981.namprd06.prod.outlook.com>; ParentFolder=; SizeInBytes=165857; Subject=Consolidatedmsgr}",,,,,,,"True",,,,,,,,,,,,,,,,
"gutierrez2@consolidatedmsgr.com","Send","2","@{AADSessionId=6221db44-b1b2-4f77-8b47-77bff877410b; APIId=1fe87f9e-7a06-4f34-872f-efb4be6fb916; ClientAppId=de7d7402-70c8-4e5e-8a00-fa48659038c2; IssuedAtTime=2025-12-17T15:55:35; UniqueTokenId=vhycqTMRBkmPJYl0ZEglAA}","2025-12-17T16:27:51","d6f19acc-6083-483c-8663-0efa56bd3e83","9fc57536-e8d3-4117-8537-fc27bc714352","Succeeded","100320034F35348A","0","1","Exchange","2600:1f18:5c9a:a468:8241:17f9:1526:6a4d","de7d7402-70c8-4e5e-8a00-fa48659038c2","Bearer","de7d7402-70c8-4e5e-8a00-fa48659038c2","2600:1f18:5c9a:a468:8241:17f9:1526:6a4d","Client=OWA;Action=ViaProxy","False","1fe87f9e-7a06-4f34-872f-efb4be6fb916","0","0","S-1-5-21-3421515247-1784439087-2623626124-887996","c0f08483-4e52-46e0-899d-322f8d8f0310","S-1-5-21-3421515247-1784439087-2623626124-887996","gutierrez2@consolidatedmsgr.com","consolidatedmsgr.onmicrosoft.com","LAB60XX8701MB913 (15.20.4200.000)
","f9a62fe7-59eb-467a-848b-b0f4588e5386","9fc57536-e8d3-4117-8537-fc27bc714352","V1AppActAs","@{Attachments=Outlook-A logo for (44209b); Id=LgAAAAAdhAMRqmYRzZvIAKoAL8RaDQBPFRB7aFbgTYJ0U+olHj1gAAGp54X9AAAJ; ImmutableId=LgAAAAAdhAMRqmYRzZvIAKoAL8RaDQBPFRB7aFbgTYJ0U+olHj1gAAGp54X9AAAJ; InternetMessageId=<laura2@mn2pr06mb5981.namprd06.prod.outlook.com>; ParentFolder=; SizeInBytes=131401; Subject=Consolidatedmsgr}",,,,,,,"True",,,,,,,,,,,,,,,,
"gutierrez2@consolidatedmsgr.com","Send","2","@{AADSessionId=6221db44-b1b2-4f77-8b47-77bff877410b; APIId=1fe87f9e-7a06-4f34-872f-efb4be6fb916; ClientAppId=de7d7402-70c8-4e5e-8a00-fa48659038c2; IssuedAtTime=2025-12-17T15:55:35; UniqueTokenId=vhycqTMRBkmPJYl0ZEglAA}","2025-12-17T16:27:50","651ad040-cb30-47e9-8cf1-a1693fb0f557","9fc57536-e8d3-4117-8537-fc27bc714352","Succeeded","100320034F35348A","0","1","Exchange","2600:1f18:5c9a:a468:8241:17f9:1526:6a4d","de7d7402-70c8-4e5e-8a00-fa48659038c2","Bearer","de7d7402-70c8-4e5e-8a00-fa48659038c2","2600:1f18:5c9a:a468:8241:17f9:1526:6a4d","Client=OWA;Mozilla/5.0 (Windows NT 10.0; Win64; x64) AppleWebKit/537.36 (KHTML, like Gecko) Chrome/142.0.0.206 Safari/537.36;","False","1fe87f9e-7a06-4f34-872f-efb4be6fb916","0","0","S-1-5-21-3421515247-1784439087-2623626124-887996","c0f08483-4e52-46e0-899d-322f8d8f0310","S-1-5-21-3421515247-1784439087-2623626124-887996","gutierrez2@consolidatedmsgr.com","consolidatedmsgr.onmicrosoft.com","LAB60XX8701MB913 (15.20.4200.000)
","f9a62fe7-59eb-467a-848b-b0f4588e5386","9fc57536-e8d3-4117-8537-fc27bc714352","V1AppActAs","@{Attachments=Outlook-A logo for (44209b); Id=LgAAAAAdhAMRqmYRzZvIAKoAL8RaDQBPFRB7aFbgTYJ0U+olHj1gAAGp54X4AAAJ; ImmutableId=LgAAAAAdhAMRqmYRzZvIAKoAL8RaDQBPFRB7aFbgTYJ0U+olHj1gAAGp54X4AAAJ; InternetMessageId=<jerry3@mn2pr06mb5981.namprd06.prod.outlook.com>; ParentFolder=; SizeInBytes=131426; Subject=Consolidatedmsgr}",,,,,,,"True",,,,,,,,,,,,,,,,
"gutierrez2@consolidatedmsgr.com","Send","2","@{AADSessionId=6221db44-b1b2-4f77-8b47-77bff877410b; APIId=1fe87f9e-7a06-4f34-872f-efb4be6fb916; ClientAppId=de7d7402-70c8-4e5e-8a00-fa48659038c2; IssuedAtTime=2025-12-17T15:55:35; UniqueTokenId=vhycqTMRBkmPJYl0ZEglAA}","2025-12-17T16:27:45","2b11a07e-a941-4407-8810-22e8a817495a","9fc57536-e8d3-4117-8537-fc27bc714352","Succeeded","100320034F35348A","0","1","Exchange","2600:1f18:5c9a:a468:8241:17f9:1526:6a4d","de7d7402-70c8-4e5e-8a00-fa48659038c2","Bearer","de7d7402-70c8-4e5e-8a00-fa48659038c2","2600:1f18:5c9a:a468:8241:17f9:1526:6a4d","Client=OWA;Action=ViaProxy","False","1fe87f9e-7a06-4f34-872f-efb4be6fb916","0","0","S-1-5-21-3421515247-1784439087-2623626124-887996","c0f08483-4e52-46e0-899d-322f8d8f0310","S-1-5-21-3421515247-1784439087-2623626124-887996","gutierrez2@consolidatedmsgr.com","consolidatedmsgr.onmicrosoft.com","LAB60XX8701MB913 (15.20.4200.000)
","f9a62fe7-59eb-467a-848b-b0f4588e5386","9fc57536-e8d3-4117-8537-fc27bc714352","V1AppActAs","@{Attachments=Outlook-A logo for (44209b); Id=LgAAAAAdhAMRqmYRzZvIAKoAL8RaDQBPFRB7aFbgTYJ0U+olHj1gAAGp54X1AAAJ; ImmutableId=LgAAAAAdhAMRqmYRzZvIAKoAL8RaDQBPFRB7aFbgTYJ0U+olHj1gAAGp54X1AAAJ; InternetMessageId=<kimberly2@mn2pr06mb5981.namprd06.prod.outlook.com>; ParentFolder=; SizeInBytes=126367; Subject=Consolidatedmsgr}",,,,,,,"True",,,,,,,,,,,,,,,,
"gutierrez2@consolidatedmsgr.com","Send","2","@{AADSessionId=6221db44-b1b2-4f77-8b47-77bff877410b; APIId=1fe87f9e-7a06-4f34-872f-efb4be6fb916; ClientAppId=de7d7402-70c8-4e5e-8a00-fa48659038c2; IssuedAtTime=2025-12-17T15:55:35; UniqueTokenId=vhycqTMRBkmPJYl0ZEglAA}","2025-12-17T16:27:43","322621f9-e99d-4ed0-8a05-64e893e35279","9fc57536-e8d3-4117-8537-fc27bc714352","Succeeded","100320034F35348A","0","1","Exchange","2600:1f18:5c9a:a468:8241:17f9:1526:6a4d","de7d7402-70c8-4e5e-8a00-fa48659038c2","Bearer","de7d7402-70c8-4e5e-8a00-fa48659038c2","2600:1f18:5c9a:a468:8241:17f9:1526:6a4d","Client=OWA;Action=ViaProxy","False","1fe87f9e-7a06-4f34-872f-efb4be6fb916","0","0","S-1-5-21-3421515247-1784439087-2623626124-887996","c0f08483-4e52-46e0-899d-322f8d8f0310","S-1-5-21-3421515247-1784439087-2623626124-887996","gutierrez2@consolidatedmsgr.com","consolidatedmsgr.onmicrosoft.com","LAB60XX8701MB913 (15.20.4200.000)
","f9a62fe7-59eb-467a-848b-b0f4588e5386","9fc57536-e8d3-4117-8537-fc27bc714352","V1AppActAs","@{Attachments=Outlook-A logo for (44209b); Id=LgAAAAAdhAMRqmYRzZvIAKoAL8RaDQBPFRB7aFbgTYJ0U+olHj1gAAGp54XyAAAJ; ImmutableId=LgAAAAAdhAMRqmYRzZvIAKoAL8RaDQBPFRB7aFbgTYJ0U+olHj1gAAGp54XyAAAJ; InternetMessageId=<flores2@mn2pr06mb5981.namprd06.prod.outlook.com>; ParentFolder=; SizeInBytes=130956; Subject=Consolidatedmsgr}",,,,,,,"True",,,,,,,,,,,,,,,,
"gutierrez2@consolidatedmsgr.com","Send","2","@{AADSessionId=6221db44-b1b2-4f77-8b47-77bff877410b; APIId=1fe87f9e-7a06-4f34-872f-efb4be6fb916; ClientAppId=de7d7402-70c8-4e5e-8a00-fa48659038c2; IssuedAtTime=2025-12-17T15:55:35; UniqueTokenId=vhycqTMRBkmPJYl0ZEglAA}","2025-12-17T16:27:40","76ca4515-d3ab-49cd-809f-7a708e1e6509","9fc57536-e8d3-4117-8537-fc27bc714352","Succeeded","100320034F35348A","0","1","Exchange","2600:1f18:5c9a:a468:8241:17f9:1526:6a4d","de7d7402-70c8-4e5e-8a00-fa48659038c2","Bearer","de7d7402-70c8-4e5e-8a00-fa48659038c2","2600:1f18:5c9a:a468:8241:17f9:1526:6a4d","Client=OWA;Mozilla/5.0 (Windows NT 10.0; Win64; x64) AppleWebKit/537.36 (KHTML, like Gecko) Chrome/142.0.0.206 Safari/537.36;","False","1fe87f9e-7a06-4f34-872f-efb4be6fb916","0","0","S-1-5-21-3421515247-1784439087-2623626124-887996","c0f08483-4e52-46e0-899d-322f8d8f0310","S-1-5-21-3421515247-1784439087-2623626124-887996","gutierrez2@consolidatedmsgr.com","consolidatedmsgr.onmicrosoft.com","LAB60XX8701MB913 (15.20.4200.000)
","f9a62fe7-59eb-467a-848b-b0f4588e5386","9fc57536-e8d3-4117-8537-fc27bc714352","V1AppActAs","@{Attachments=Outlook-A logo for (44209b); Id=LgAAAAAdhAMRqmYRzZvIAKoAL8RaDQBPFRB7aFbgTYJ0U+olHj1gAAGp54XvAAAJ; ImmutableId=LgAAAAAdhAMRqmYRzZvIAKoAL8RaDQBPFRB7aFbgTYJ0U+olHj1gAAGp54XvAAAJ; InternetMessageId=<janet4@mn2pr06mb5981.namprd06.prod.outlook.com>; ParentFolder=; SizeInBytes=132875; Subject=Consolidatedmsgr}",,,,,,,"True",,,,,,,,,,,,,,,,
"gutierrez2@consolidatedmsgr.com","Send","2","@{AADSessionId=6221db44-b1b2-4f77-8b47-77bff877410b; APIId=1fe87f9e-7a06-4f34-872f-efb4be6fb916; ClientAppId=de7d7402-70c8-4e5e-8a00-fa48659038c2; IssuedAtTime=2025-12-17T15:55:35; UniqueTokenId=vhycqTMRBkmPJYl0ZEglAA}","2025-12-17T16:27:31","b97f21a4-4232-4660-8510-b8848c525ca4","9fc57536-e8d3-4117-8537-fc27bc714352","Succeeded","100320034F35348A","0","1","Exchange","2600:1f18:5c9a:a468:8241:17f9:1526:6a4d","de7d7402-70c8-4e5e-8a00-fa48659038c2","Bearer","de7d7402-70c8-4e5e-8a00-fa48659038c2","2600:1f18:5c9a:a468:8241:17f9:1526:6a4d","Client=OWA;Action=ViaProxy","False","1fe87f9e-7a06-4f34-872f-efb4be6fb916","0","0","S-1-5-21-3421515247-1784439087-2623626124-887996","c0f08483-4e52-46e0-899d-322f8d8f0310","S-1-5-21-3421515247-1784439087-2623626124-887996","gutierrez2@consolidatedmsgr.com","consolidatedmsgr.onmicrosoft.com","LAB60XX8701MB913 (15.20.4200.000)
","f9a62fe7-59eb-467a-848b-b0f4588e5386","9fc57536-e8d3-4117-8537-fc27bc714352","V1AppActAs","@{Attachments=Outlook-A logo for (44209b); Id=LgAAAAAdhAMRqmYRzZvIAKoAL8RaDQBPFRB7aFbgTYJ0U+olHj1gAAGp54H7AAAJ; ImmutableId=LgAAAAAdhAMRqmYRzZvIAKoAL8RaDQBPFRB7aFbgTYJ0U+olHj1gAAGp54H7AAAJ; InternetMessageId=<wilson3@mn2pr06mb5981.namprd06.prod.outlook.com>; ParentFolder=; SizeInBytes=131262; Subject=Consolidatedmsgr}",,,,,,,"True",,,,,,,,,,,,,,,,
"gutierrez2@consolidatedmsgr.com","Send","2","@{AADSessionId=6221db44-b1b2-4f77-8b47-77bff877410b; APIId=1fe87f9e-7a06-4f34-872f-efb4be6fb916; ClientAppId=de7d7402-70c8-4e5e-8a00-fa48659038c2; IssuedAtTime=2025-12-17T15:55:35; UniqueTokenId=vhycqTMRBkmPJYl0ZEglAA}","2025-12-17T16:27:28","1695f65f-142e-4b4b-8b9d-07bfa67e075f","9fc57536-e8d3-4117-8537-fc27bc714352","Succeeded","100320034F35348A","0","1","Exchange","2600:1f18:5c9a:a468:8241:17f9:1526:6a4d","de7d7402-70c8-4e5e-8a00-fa48659038c2","Bearer","de7d7402-70c8-4e5e-8a00-fa48659038c2","2600:1f18:5c9a:a468:8241:17f9:1526:6a4d","Client=OWA;Action=ViaProxy","False","1fe87f9e-7a06-4f34-872f-efb4be6fb916","0","0","S-1-5-21-3421515247-1784439087-2623626124-887996","c0f08483-4e52-46e0-899d-322f8d8f0310","S-1-5-21-3421515247-1784439087-2623626124-887996","gutierrez2@consolidatedmsgr.com","consolidatedmsgr.onmicrosoft.com","LAB60XX8701MB913 (15.20.4200.000)
","f9a62fe7-59eb-467a-848b-b0f4588e5386","9fc57536-e8d3-4117-8537-fc27bc714352","V1AppActAs","@{Attachments=Outlook-A logo for (44209b); Id=LgAAAAAdhAMRqmYRzZvIAKoAL8RaDQBPFRB7aFbgTYJ0U+olHj1gAAGp54HvAAAJ; ImmutableId=LgAAAAAdhAMRqmYRzZvIAKoAL8RaDQBPFRB7aFbgTYJ0U+olHj1gAAGp54HvAAAJ; InternetMessageId=<benjamin3@mn2pr06mb5981.namprd06.prod.outlook.com>; ParentFolder=; SizeInBytes=122331; Subject=Consolidatedmsgr}",,,,,,,"True",,,,,,,,,,,,,,,,
"gutierrez2@consolidatedmsgr.com","Send","2","@{AADSessionId=6221db44-b1b2-4f77-8b47-77bff877410b; APIId=1fe87f9e-7a06-4f34-872f-efb4be6fb916; ClientAppId=de7d7402-70c8-4e5e-8a00-fa48659038c2; IssuedAtTime=2025-12-17T15:55:35; UniqueTokenId=vhycqTMRBkmPJYl0ZEglAA}","2025-12-17T16:27:27","911ca201-a585-4445-890c-d0ef6656c91b","9fc57536-e8d3-4117-8537-fc27bc714352","Succeeded","100320034F35348A","0","1","Exchange","2600:1f18:5c9a:a468:8241:17f9:1526:6a4d","de7d7402-70c8-4e5e-8a00-fa48659038c2","Bearer","de7d7402-70c8-4e5e-8a00-fa48659038c2","2600:1f18:5c9a:a468:8241:17f9:1526:6a4d","Client=OWA;Action=ViaProxy","False","1fe87f9e-7a06-4f34-872f-efb4be6fb916","0","0","S-1-5-21-3421515247-1784439087-2623626124-887996","c0f08483-4e52-46e0-899d-322f8d8f0310","S-1-5-21-3421515247-1784439087-2623626124-887996","gutierrez2@consolidatedmsgr.com","consolidatedmsgr.onmicrosoft.com","LAB60XX8701MB913 (15.20.4200.000)
","f9a62fe7-59eb-467a-848b-b0f4588e5386","9fc57536-e8d3-4117-8537-fc27bc714352","V1AppActAs","@{Attachments=Outlook-A logo for (44209b); Id=LgAAAAAdhAMRqmYRzZvIAKoAL8RaDQBPFRB7aFbgTYJ0U+olHj1gAAGp54H1AAAJ; ImmutableId=LgAAAAAdhAMRqmYRzZvIAKoAL8RaDQBPFRB7aFbgTYJ0U+olHj1gAAGp54H1AAAJ; InternetMessageId=<lewis3@mn2pr06mb5981.namprd06.prod.outlook.com>; ParentFolder=; SizeInBytes=123322; Subject=Consolidatedmsgr}",,,,,,,"True",,,,,,,,,,,,,,,,
"gutierrez2@consolidatedmsgr.com","Send","2","@{AADSessionId=6221db44-b1b2-4f77-8b47-77bff877410b; APIId=1fe87f9e-7a06-4f34-872f-efb4be6fb916; ClientAppId=de7d7402-70c8-4e5e-8a00-fa48659038c2; IssuedAtTime=2025-12-17T15:55:35; UniqueTokenId=vhycqTMRBkmPJYl0ZEglAA}","2025-12-17T16:27:25","103ad0f4-7aca-45ee-8991-094fc58ab971","9fc57536-e8d3-4117-8537-fc27bc714352","Succeeded","100320034F35348A","0","1","Exchange","2600:1f18:5c9a:a468:8241:17f9:1526:6a4d","de7d7402-70c8-4e5e-8a00-fa48659038c2","Bearer","de7d7402-70c8-4e5e-8a00-fa48659038c2","2600:1f18:5c9a:a468:8241:17f9:1526:6a4d","Client=OWA;Action=ViaProxy","False","1fe87f9e-7a06-4f34-872f-efb4be6fb916","0","0","S-1-5-21-3421515247-1784439087-2623626124-887996","c0f08483-4e52-46e0-899d-322f8d8f0310","S-1-5-21-3421515247-1784439087-2623626124-887996","gutierrez2@consolidatedmsgr.com","consolidatedmsgr.onmicrosoft.com","LAB60XX8701MB913 (15.20.4200.000)
","f9a62fe7-59eb-467a-848b-b0f4588e5386","9fc57536-e8d3-4117-8537-fc27bc714352","V1AppActAs","@{Attachments=Outlook-A logo for (44209b); Id=LgAAAAAdhAMRqmYRzZvIAKoAL8RaDQBPFRB7aFbgTYJ0U+olHj1gAAGp54H4AAAJ; ImmutableId=LgAAAAAdhAMRqmYRzZvIAKoAL8RaDQBPFRB7aFbgTYJ0U+olHj1gAAGp54H4AAAJ; InternetMessageId=<bennett5@mn2pr06mb5981.namprd06.prod.outlook.com>; ParentFolder=; SizeInBytes=118993; Subject=Consolidatedmsgr}",,,,,,,"True",,,,,,,,,,,,,,,,
"gutierrez2@consolidatedmsgr.com","Send","2","@{AADSessionId=6221db44-b1b2-4f77-8b47-77bff877410b; APIId=1fe87f9e-7a06-4f34-872f-efb4be6fb916; ClientAppId=de7d7402-70c8-4e5e-8a00-fa48659038c2; IssuedAtTime=2025-12-17T15:55:35; UniqueTokenId=vhycqTMRBkmPJYl0ZEglAA}","2025-12-17T16:27:22","8d66ad8d-d34c-46fb-8c76-841f58cb4247","9fc57536-e8d3-4117-8537-fc27bc714352","Succeeded","100320034F35348A","0","1","Exchange","2600:1f18:5c9a:a468:8241:17f9:1526:6a4d","de7d7402-70c8-4e5e-8a00-fa48659038c2","Bearer","de7d7402-70c8-4e5e-8a00-fa48659038c2","2600:1f18:5c9a:a468:8241:17f9:1526:6a4d","Client=OWA;Action=ViaProxy","False","1fe87f9e-7a06-4f34-872f-efb4be6fb916","0","0","S-1-5-21-3421515247-1784439087-2623626124-887996","c0f08483-4e52-46e0-899d-322f8d8f0310","S-1-5-21-3421515247-1784439087-2623626124-887996","gutierrez2@consolidatedmsgr.com","consolidatedmsgr.onmicrosoft.com","LAB60XX8701MB913 (15.20.4200.000)
","f9a62fe7-59eb-467a-848b-b0f4588e5386","9fc57536-e8d3-4117-8537-fc27bc714352","V1AppActAs","@{Attachments=Outlook-A logo for (44209b); Id=LgAAAAAdhAMRqmYRzZvIAKoAL8RaDQBPFRB7aFbgTYJ0U+olHj1gAAGp54YAAAAJ; ImmutableId=LgAAAAAdhAMRqmYRzZvIAKoAL8RaDQBPFRB7aFbgTYJ0U+olHj1gAAGp54YAAAAJ; InternetMessageId=<rachel5@mn2pr06mb5981.namprd06.prod.outlook.com>; ParentFolder=; SizeInBytes=130185; Subject=Consolidatedmsgr}",,,,,,,"True",,,,,,,,,,,,,,,,
"gutierrez2@consolidatedmsgr.com","Send","2","@{AADSessionId=6221db44-b1b2-4f77-8b47-77bff877410b; APIId=1fe87f9e-7a06-4f34-872f-efb4be6fb916; ClientAppId=de7d7402-70c8-4e5e-8a00-fa48659038c2; IssuedAtTime=2025-12-17T15:55:35; UniqueTokenId=vhycqTMRBkmPJYl0ZEglAA}","2025-12-17T16:27:17","54985ee9-a290-44cd-8e6b-41223ab88d3e","9fc57536-e8d3-4117-8537-fc27bc714352","Succeeded","100320034F35348A","0","1","Exchange","2600:1f18:5c9a:a468:8241:17f9:1526:6a4d","de7d7402-70c8-4e5e-8a00-fa48659038c2","Bearer","de7d7402-70c8-4e5e-8a00-fa48659038c2","2600:1f18:5c9a:a468:8241:17f9:1526:6a4d","Client=OWA;Action=ViaProxy","False","1fe87f9e-7a06-4f34-872f-efb4be6fb916","0","0","S-1-5-21-3421515247-1784439087-2623626124-887996","c0f08483-4e52-46e0-899d-322f8d8f0310","S-1-5-21-3421515247-1784439087-2623626124-887996","gutierrez2@consolidatedmsgr.com","consolidatedmsgr.onmicrosoft.com","LAB60XX8701MB913 (15.20.4200.000)
","f9a62fe7-59eb-467a-848b-b0f4588e5386","9fc57536-e8d3-4117-8537-fc27bc714352","V1AppActAs","@{Attachments=Outlook-A logo for (44209b); Id=LgAAAAAdhAMRqmYRzZvIAKoAL8RaDQBPFRB7aFbgTYJ0U+olHj1gAAGp533+AAAJ; ImmutableId=LgAAAAAdhAMRqmYRzZvIAKoAL8RaDQBPFRB7aFbgTYJ0U+olHj1gAAGp533+AAAJ; InternetMessageId=<lee3@mn2pr06mb5981.namprd06.prod.outlook.com>; ParentFolder=; SizeInBytes=124923; Subject=Consolidatedmsgr}",,,,,,,"True",,,,,,,,,,,,,,,,
"gutierrez2@consolidatedmsgr.com","Send","2","@{AADSessionId=6221db44-b1b2-4f77-8b47-77bff877410b; APIId=1fe87f9e-7a06-4f34-872f-efb4be6fb916; ClientAppId=de7d7402-70c8-4e5e-8a00-fa48659038c2; IssuedAtTime=2025-12-17T15:55:35; UniqueTokenId=vhycqTMRBkmPJYl0ZEglAA}","2025-12-17T16:27:14","93dcabdd-6bcd-46f9-88b6-87558c4f3da5","9fc57536-e8d3-4117-8537-fc27bc714352","Succeeded","100320034F35348A","0","1","Exchange","2600:1f18:5c9a:a468:8241:17f9:1526:6a4d","de7d7402-70c8-4e5e-8a00-fa48659038c2","Bearer","de7d7402-70c8-4e5e-8a00-fa48659038c2","2600:1f18:5c9a:a468:8241:17f9:1526:6a4d","Client=OWA;Action=ViaProxy","False","1fe87f9e-7a06-4f34-872f-efb4be6fb916","0","0","S-1-5-21-3421515247-1784439087-2623626124-887996","c0f08483-4e52-46e0-899d-322f8d8f0310","S-1-5-21-3421515247-1784439087-2623626124-887996","gutierrez2@consolidatedmsgr.com","consolidatedmsgr.onmicrosoft.com","LAB60XX8701MB913 (15.20.4200.000)
","f9a62fe7-59eb-467a-848b-b0f4588e5386","9fc57536-e8d3-4117-8537-fc27bc714352","V1AppActAs","@{Attachments=Outlook-A logo for (44209b); Id=LgAAAAAdhAMRqmYRzZvIAKoAL8RaDQBPFRB7aFbgTYJ0U+olHj1gAAGp53oMAAAJ; ImmutableId=LgAAAAAdhAMRqmYRzZvIAKoAL8RaDQBPFRB7aFbgTYJ0U+olHj1gAAGp53oMAAAJ; InternetMessageId=<susan3@mn2pr06mb5981.namprd06.prod.outlook.com>; ParentFolder=; SizeInBytes=127569; Subject=Consolidatedmsgr}",,,,,,,"True",,,,,,,,,,,,,,,,
"gutierrez2@consolidatedmsgr.com","Send","2","@{AADSessionId=6221db44-b1b2-4f77-8b47-77bff877410b; APIId=1fe87f9e-7a06-4f34-872f-efb4be6fb916; ClientAppId=de7d7402-70c8-4e5e-8a00-fa48659038c2; IssuedAtTime=2025-12-17T15:55:35; UniqueTokenId=vhycqTMRBkmPJYl0ZEglAA}","2025-12-17T16:27:12","c52c45a8-e59f-4c36-8330-a1165f680ad3","9fc57536-e8d3-4117-8537-fc27bc714352","Succeeded","100320034F35348A","0","1","Exchange","2600:1f18:5c9a:a468:8241:17f9:1526:6a4d","de7d7402-70c8-4e5e-8a00-fa48659038c2","Bearer","de7d7402-70c8-4e5e-8a00-fa48659038c2","2600:1f18:5c9a:a468:8241:17f9:1526:6a4d","Client=OWA;Mozilla/5.0 (Windows NT 10.0; Win64; x64) AppleWebKit/537.36 (KHTML, like Gecko) Chrome/142.0.0.206 Safari/537.36;","False","1fe87f9e-7a06-4f34-872f-efb4be6fb916","0","0","S-1-5-21-3421515247-1784439087-2623626124-887996","c0f08483-4e52-46e0-899d-322f8d8f0310","S-1-5-21-3421515247-1784439087-2623626124-887996","gutierrez2@consolidatedmsgr.com","consolidatedmsgr.onmicrosoft.com","LAB60XX8701MB913 (15.20.4200.000)
","f9a62fe7-59eb-467a-848b-b0f4588e5386","9fc57536-e8d3-4117-8537-fc27bc714352","V1AppActAs","@{Attachments=Outlook-A logo for (44209b); Id=LgAAAAAdhAMRqmYRzZvIAKoAL8RaDQBPFRB7aFbgTYJ0U+olHj1gAAGp53oFAAAJ; ImmutableId=LgAAAAAdhAMRqmYRzZvIAKoAL8RaDQBPFRB7aFbgTYJ0U+olHj1gAAGp53oFAAAJ; InternetMessageId=<campbell2@mn2pr06mb5981.namprd06.prod.outlook.com>; ParentFolder=; SizeInBytes=129075; Subject=Consolidatedmsgr}",,,,,,,"True",,,,,,,,,,,,,,,,
"gutierrez2@consolidatedmsgr.com","Send","2","@{AADSessionId=6221db44-b1b2-4f77-8b47-77bff877410b; APIId=1fe87f9e-7a06-4f34-872f-efb4be6fb916; ClientAppId=de7d7402-70c8-4e5e-8a00-fa48659038c2; IssuedAtTime=2025-12-17T15:55:35; UniqueTokenId=vhycqTMRBkmPJYl0ZEglAA}","2025-12-17T16:27:10","342a17f0-1cf6-4017-845e-9a5e224b31f2","9fc57536-e8d3-4117-8537-fc27bc714352","Succeeded","100320034F35348A","0","1","Exchange","2600:1f18:5c9a:a468:8241:17f9:1526:6a4d","de7d7402-70c8-4e5e-8a00-fa48659038c2","Bearer","de7d7402-70c8-4e5e-8a00-fa48659038c2","2600:1f18:5c9a:a468:8241:17f9:1526:6a4d","Client=OWA;Action=ViaProxy","False","1fe87f9e-7a06-4f34-872f-efb4be6fb916","0","0","S-1-5-21-3421515247-1784439087-2623626124-887996","c0f08483-4e52-46e0-899d-322f8d8f0310","S-1-5-21-3421515247-1784439087-2623626124-887996","gutierrez2@consolidatedmsgr.com","consolidatedmsgr.onmicrosoft.com","LAB60XX8701MB913 (15.20.4200.000)
","f9a62fe7-59eb-467a-848b-b0f4588e5386","9fc57536-e8d3-4117-8537-fc27bc714352","V1AppActAs","@{Attachments=Outlook-A logo for (44209b); Id=LgAAAAAdhAMRqmYRzZvIAKoAL8RaDQBPFRB7aFbgTYJ0U+olHj1gAAGp53oJAAAJ; ImmutableId=LgAAAAAdhAMRqmYRzZvIAKoAL8RaDQBPFRB7aFbgTYJ0U+olHj1gAAGp53oJAAAJ; InternetMessageId=<foster5@mn2pr06mb5981.namprd06.prod.outlook.com>; ParentFolder=; SizeInBytes=127712; Subject=Consolidatedmsgr}",,,,,,,"True",,,,,,,,,,,,,,,,
"gutierrez2@consolidatedmsgr.com","Send","2","@{AADSessionId=6221db44-b1b2-4f77-8b47-77bff877410b; APIId=1fe87f9e-7a06-4f34-872f-efb4be6fb916; ClientAppId=de7d7402-70c8-4e5e-8a00-fa48659038c2; IssuedAtTime=2025-12-17T15:55:35; UniqueTokenId=vhycqTMRBkmPJYl0ZEglAA}","2025-12-17T16:27:09","1a08b223-32d0-4356-8220-19c764187c05","9fc57536-e8d3-4117-8537-fc27bc714352","Succeeded","100320034F35348A","0","1","Exchange","2600:1f18:5c9a:a468:8241:17f9:1526:6a4d","de7d7402-70c8-4e5e-8a00-fa48659038c2","Bearer","de7d7402-70c8-4e5e-8a00-fa48659038c2","2600:1f18:5c9a:a468:8241:17f9:1526:6a4d","Client=OWA;Action=ViaProxy","False","1fe87f9e-7a06-4f34-872f-efb4be6fb916","0","0","S-1-5-21-3421515247-1784439087-2623626124-887996","c0f08483-4e52-46e0-899d-322f8d8f0310","S-1-5-21-3421515247-1784439087-2623626124-887996","gutierrez2@consolidatedmsgr.com","consolidatedmsgr.onmicrosoft.com","LAB60XX8701MB913 (15.20.4200.000)
","f9a62fe7-59eb-467a-848b-b0f4588e5386","9fc57536-e8d3-4117-8537-fc27bc714352","V1AppActAs","@{Attachments=Outlook-A logo for (44209b); Id=LgAAAAAdhAMRqmYRzZvIAKoAL8RaDQBPFRB7aFbgTYJ0U+olHj1gAAGp53oCAAAJ; ImmutableId=LgAAAAAdhAMRqmYRzZvIAKoAL8RaDQBPFRB7aFbgTYJ0U+olHj1gAAGp53oCAAAJ; InternetMessageId=<steven2@mn2pr06mb5981.namprd06.prod.outlook.com>; ParentFolder=; SizeInBytes=127133; Subject=Consolidatedmsgr}",,,,,,,"True",,,,,,,,,,,,,,,,
"gutierrez2@consolidatedmsgr.com","Send","2","@{AADSessionId=6221db44-b1b2-4f77-8b47-77bff877410b; APIId=1fe87f9e-7a06-4f34-872f-efb4be6fb916; ClientAppId=de7d7402-70c8-4e5e-8a00-fa48659038c2; IssuedAtTime=2025-12-17T15:55:35; UniqueTokenId=vhycqTMRBkmPJYl0ZEglAA}","2025-12-17T16:27:07","0f5452e9-09c5-4e09-8a2b-c7c418b067d3","9fc57536-e8d3-4117-8537-fc27bc714352","Succeeded","100320034F35348A","0","1","Exchange","2600:1f18:5c9a:a468:8241:17f9:1526:6a4d","de7d7402-70c8-4e5e-8a00-fa48659038c2","Bearer","de7d7402-70c8-4e5e-8a00-fa48659038c2","2600:1f18:5c9a:a468:8241:17f9:1526:6a4d","Client=OWA;Mozilla/5.0 (Windows NT 10.0; Win64; x64) AppleWebKit/537.36 (KHTML, like Gecko) Chrome/142.0.0.206 Safari/537.36;","False","1fe87f9e-7a06-4f34-872f-efb4be6fb916","0","0","S-1-5-21-3421515247-1784439087-2623626124-887996","c0f08483-4e52-46e0-899d-322f8d8f0310","S-1-5-21-3421515247-1784439087-2623626124-887996","gutierrez2@consolidatedmsgr.com","consolidatedmsgr.onmicrosoft.com","LAB60XX8701MB913 (15.20.4200.000)
","f9a62fe7-59eb-467a-848b-b0f4588e5386","9fc57536-e8d3-4117-8537-fc27bc714352","V1AppActAs","@{Attachments=Outlook-A logo for (44209b); Id=LgAAAAAdhAMRqmYRzZvIAKoAL8RaDQBPFRB7aFbgTYJ0U+olHj1gAAGp53YKAAAJ; ImmutableId=LgAAAAAdhAMRqmYRzZvIAKoAL8RaDQBPFRB7aFbgTYJ0U+olHj1gAAGp53YKAAAJ; InternetMessageId=<jason5@mn2pr06mb5981.namprd06.prod.outlook.com>; ParentFolder=; SizeInBytes=132518; Subject=Consolidatedmsgr}",,,,,,,"True",,,,,,,,,,,,,,,,
"gutierrez2@consolidatedmsgr.com","Send","2","@{AADSessionId=6221db44-b1b2-4f77-8b47-77bff877410b; APIId=1fe87f9e-7a06-4f34-872f-efb4be6fb916; ClientAppId=de7d7402-70c8-4e5e-8a00-fa48659038c2; IssuedAtTime=2025-12-17T15:55:35; UniqueTokenId=vhycqTMRBkmPJYl0ZEglAA}","2025-12-17T16:27:05","d8f3b772-49ed-4639-8ffb-748dbbb3a49f","9fc57536-e8d3-4117-8537-fc27bc714352","Succeeded","100320034F35348A","0","1","Exchange","2600:1f18:5c9a:a468:8241:17f9:1526:6a4d","de7d7402-70c8-4e5e-8a00-fa48659038c2","Bearer","de7d7402-70c8-4e5e-8a00-fa48659038c2","2600:1f18:5c9a:a468:8241:17f9:1526:6a4d","Client=OWA;Action=ViaProxy","False","1fe87f9e-7a06-4f34-872f-efb4be6fb916","0","0","S-1-5-21-3421515247-1784439087-2623626124-887996","c0f08483-4e52-46e0-899d-322f8d8f0310","S-1-5-21-3421515247-1784439087-2623626124-887996","gutierrez2@consolidatedmsgr.com","consolidatedmsgr.onmicrosoft.com","LAB60XX8701MB913 (15.20.4200.000)
","f9a62fe7-59eb-467a-848b-b0f4588e5386","9fc57536-e8d3-4117-8537-fc27bc714352","V1AppActAs","@{Attachments=Outlook-A logo for (44209b); Id=LgAAAAAdhAMRqmYRzZvIAKoAL8RaDQBPFRB7aFbgTYJ0U+olHj1gAAGp53YQAAAJ; ImmutableId=LgAAAAAdhAMRqmYRzZvIAKoAL8RaDQBPFRB7aFbgTYJ0U+olHj1gAAGp53YQAAAJ; InternetMessageId=<jenkins2@mn2pr06mb5981.namprd06.prod.outlook.com>; ParentFolder=; SizeInBytes=129465; Subject=Consolidatedmsgr}",,,,,,,"True",,,,,,,,,,,,,,,,
"gutierrez2@consolidatedmsgr.com","Send","2","@{AADSessionId=6221db44-b1b2-4f77-8b47-77bff877410b; APIId=1fe87f9e-7a06-4f34-872f-efb4be6fb916; ClientAppId=de7d7402-70c8-4e5e-8a00-fa48659038c2; IssuedAtTime=2025-12-17T15:55:35; UniqueTokenId=vhycqTMRBkmPJYl0ZEglAA}","2025-12-17T16:27:04","b5f9ad44-c8e1-46f3-827f-6d360fa27e69","9fc57536-e8d3-4117-8537-fc27bc714352","Succeeded","100320034F35348A","0","1","Exchange","2600:1f18:5c9a:a468:8241:17f9:1526:6a4d","de7d7402-70c8-4e5e-8a00-fa48659038c2","Bearer","de7d7402-70c8-4e5e-8a00-fa48659038c2","2600:1f18:5c9a:a468:8241:17f9:1526:6a4d","Client=OWA;Mozilla/5.0 (Windows NT 10.0; Win64; x64) AppleWebKit/537.36 (KHTML, like Gecko) Chrome/142.0.0.206 Safari/537.36;","False","1fe87f9e-7a06-4f34-872f-efb4be6fb916","0","0","S-1-5-21-3421515247-1784439087-2623626124-887996","c0f08483-4e52-46e0-899d-322f8d8f0310","S-1-5-21-3421515247-1784439087-2623626124-887996","gutierrez2@consolidatedmsgr.com","consolidatedmsgr.onmicrosoft.com","LAB60XX8701MB913 (15.20.4200.000)
","f9a62fe7-59eb-467a-848b-b0f4588e5386","9fc57536-e8d3-4117-8537-fc27bc714352","V1AppActAs","@{Attachments=Outlook-A logo for (44209b); Id=LgAAAAAdhAMRqmYRzZvIAKoAL8RaDQBPFRB7aFbgTYJ0U+olHj1gAAGp53IYAAAJ; ImmutableId=LgAAAAAdhAMRqmYRzZvIAKoAL8RaDQBPFRB7aFbgTYJ0U+olHj1gAAGp53IYAAAJ; InternetMessageId=<donna4@mn2pr06mb5981.namprd06.prod.outlook.com>; ParentFolder=; SizeInBytes=130252; Subject=Consolidatedmsgr}",,,,,,,"True",,,,,,,,,,,,,,,,
"gutierrez2@consolidatedmsgr.com","Send","2","@{AADSessionId=6221db44-b1b2-4f77-8b47-77bff877410b; APIId=1fe87f9e-7a06-4f34-872f-efb4be6fb916; ClientAppId=de7d7402-70c8-4e5e-8a00-fa48659038c2; IssuedAtTime=2025-12-17T15:55:35; UniqueTokenId=vhycqTMRBkmPJYl0ZEglAA}","2025-12-17T16:27:01","70adffdd-21c4-48e7-8163-a02ffdba2137","9fc57536-e8d3-4117-8537-fc27bc714352","Succeeded","100320034F35348A","0","1","Exchange","2600:1f18:5c9a:a468:8241:17f9:1526:6a4d","de7d7402-70c8-4e5e-8a00-fa48659038c2","Bearer","de7d7402-70c8-4e5e-8a00-fa48659038c2","2600:1f18:5c9a:a468:8241:17f9:1526:6a4d","Client=OWA;Mozilla/5.0 (Windows NT 10.0; Win64; x64) AppleWebKit/537.36 (KHTML, like Gecko) Chrome/142.0.0.206 Safari/537.36;","False","1fe87f9e-7a06-4f34-872f-efb4be6fb916","0","0","S-1-5-21-3421515247-1784439087-2623626124-887996","c0f08483-4e52-46e0-899d-322f8d8f0310","S-1-5-21-3421515247-1784439087-2623626124-887996","gutierrez2@consolidatedmsgr.com","consolidatedmsgr.onmicrosoft.com","LAB60XX8701MB913 (15.20.4200.000)
","f9a62fe7-59eb-467a-848b-b0f4588e5386","9fc57536-e8d3-4117-8537-fc27bc714352","V1AppActAs","@{Attachments=Outlook-A logo for (44209b); Id=LgAAAAAdhAMRqmYRzZvIAKoAL8RaDQBPFRB7aFbgTYJ0U+olHj1gAAGp52ZKAAAJ; ImmutableId=LgAAAAAdhAMRqmYRzZvIAKoAL8RaDQBPFRB7aFbgTYJ0U+olHj1gAAGp52ZKAAAJ; InternetMessageId=<johnson2@mn2pr06mb5981.namprd06.prod.outlook.com>; ParentFolder=; SizeInBytes=131750; Subject=Consolidatedmsgr}",,,,,,,"True",,,,,,,,,,,,,,,,
"gutierrez2@consolidatedmsgr.com","New-InboxRule","1","@{AADSessionId=6221db44-b1b2-4f77-8b47-77bff877410b; IssuedAtTime=2025-12-17T15:55:35; UniqueTokenId=vhycqTMRBkmPJYl0ZEglAA}","2025-12-17T16:26:57","dd793aeb-a1c3-4f0e-8070-ea06b4180605","9fc57536-e8d3-4117-8537-fc27bc714352","True","gutierrez2@consolidatedmsgr.com","2","1","Exchange","[2600:1f18:5c9a:a468:8241:17f9:1526:6a4d]:50077","",,"",,,"False",,,,,,,,"consolidatedmsgr.onmicrosoft.com","LAB60XX8701MB913 (15.20.9320.008)","f9a62fe7-59eb-467a-848b-b0f4588e5386","9fc57536-e8d3-4117-8537-fc27bc714352",,,"LABPR33A037.PROD.OUTLOOK.COM/Microsoft Exchange Hosted Organizations/consolidatedmsgr.onmicrosoft.com/f9a62fe7-59eb-467a-848b-b0f4588e5386\..","MSExchangeOWAAppPool","","System.Object[]","c23cab35-d8ea-4202-83a4-80f54f74a7b5","6221db44-b1b2-4f77-8b47-77bff877410b",,,,,,,,,,,,,,,,,
"gutierrez2@consolidatedmsgr.com","Create","2","@{AADSessionId=6221db44-b1b2-4f77-8b47-77bff877410b; APIId=1fe87f9e-7a06-4f34-872f-efb4be6fb916; ClientAppId=de7d7402-70c8-4e5e-8a00-fa48659038c2; IssuedAtTime=2025-12-17T15:55:35; UniqueTokenId=vhycqTMRBkmPJYl0ZEglAA}","2025-12-17T16:26:07","c13c62a4-900e-4d70-8d2f-ac91399cd61d","9fc57536-e8d3-4117-8537-fc27bc714352","Succeeded","100320034F35348A","0","1","Exchange","2600:1f18:5c9a:a468:8241:17f9:1526:6a4d","de7d7402-70c8-4e5e-8a00-fa48659038c2","Bearer","de7d7402-70c8-4e5e-8a00-fa48659038c2","2600:1f18:5c9a:a468:8241:17f9:1526:6a4d","Client=OWA;Mozilla/5.0 (Windows NT 10.0; Win64; x64) AppleWebKit/537.36 (KHTML, like Gecko) Chrome/142.0.0.206 Safari/537.36;","False","1fe87f9e-7a06-4f34-872f-efb4be6fb916","0","0","S-1-5-21-3421515247-1784439087-2623626124-887996","c0f08483-4e52-46e0-899d-322f8d8f0310","S-1-5-21-3421515247-1784439087-2623626124-887996","gutierrez2@consolidatedmsgr.com","consolidatedmsgr.onmicrosoft.com","LAB60XX8701MB913 (15.20.4200.000)
","f9a62fe7-59eb-467a-848b-b0f4588e5386","9fc57536-e8d3-4117-8537-fc27bc714352","V1AppActAs","@{Attachments=Outlook-A logo for (44209b); Id=LgAAAAAdhAMRqmYRzZvIAKoAL8RaDQBPFRB7aFbgTYJ0U+olHj1gAAGp54pDAAAJ; ImmutableId=LgAAAAAdhAMRqmYRzZvIAKoAL8RaDQBPFRB7aFbgTYJ0U+olHj1gAAGp54pDAAAJ; InternetMessageId=<perry2@mn2pr06mb5981.namprd06.prod.outlook.com>; IsRecord=False; ParentFolder=; SizeInBytes=51870; Subject=Consolidatedmsgr}",,,,,,,,,,,,,,,,,,,,,,,
"gutierrez2@consolidatedmsgr.com","Create","2","@{AADSessionId=6221db44-b1b2-4f77-8b47-77bff877410b; APIId=1fe87f9e-7a06-4f34-872f-efb4be6fb916; ClientAppId=de7d7402-70c8-4e5e-8a00-fa48659038c2; IssuedAtTime=2025-12-17T15:55:35; UniqueTokenId=vhycqTMRBkmPJYl0ZEglAA}","2025-12-17T16:25:39","e5a9e18f-38ce-4905-81eb-d75d55b98b5b","9fc57536-e8d3-4117-8537-fc27bc714352","Succeeded","100320034F35348A","0","1","Exchange","2600:1f18:5c9a:a468:8241:17f9:1526:6a4d","de7d7402-70c8-4e5e-8a00-fa48659038c2","Bearer","de7d7402-70c8-4e5e-8a00-fa48659038c2","2600:1f18:5c9a:a468:8241:17f9:1526:6a4d","Client=OWA;Mozilla/5.0 (Windows NT 10.0; Win64; x64) AppleWebKit/537.36 (KHTML, like Gecko) Chrome/142.0.0.206 Safari/537.36;","False","1fe87f9e-7a06-4f34-872f-efb4be6fb916","0","0","S-1-5-21-3421515247-1784439087-2623626124-887996","c0f08483-4e52-46e0-899d-322f8d8f0310","S-1-5-21-3421515247-1784439087-2623626124-887996","gutierrez2@consolidatedmsgr.com","consolidatedmsgr.onmicrosoft.com","LAB60XX8701MB913 (15.20.4200.000)
","f9a62fe7-59eb-467a-848b-b0f4588e5386","9fc57536-e8d3-4117-8537-fc27bc714352","V1AppActAs","@{Id=LgAAAAAdhAMRqmYRzZvIAKoAL8RaDQBPFRB7aFbgTYJ0U+olHj1gAAGp54o9AAAJ; ImmutableId=LgAAAAAdhAMRqmYRzZvIAKoAL8RaDQBPFRB7aFbgTYJ0U+olHj1gAAGp54o9AAAJ; InternetMessageId=<barbara2@mn2pr06mb5981.namprd06.prod.outlook.com>; IsRecord=False; ParentFolder=; SizeInBytes=1920}",,,,,,,,,,,,,,,,,,,,,,,
"gutierrez2@consolidatedmsgr.com","Create","2","@{AADSessionId=6221db44-b1b2-4f77-8b47-77bff877410b; APIId=1fe87f9e-7a06-4f34-872f-efb4be6fb916; ClientAppId=de7d7402-70c8-4e5e-8a00-fa48659038c2; IssuedAtTime=2025-12-17T15:55:35; UniqueTokenId=vhycqTMRBkmPJYl0ZEglAA}","2025-12-17T16:20:49","c7bdacbe-dcb9-4ee0-8cbe-dbb4251aeb71","9fc57536-e8d3-4117-8537-fc27bc714352","Succeeded","100320034F35348A","0","1","Exchange","2600:1f18:5c9a:a468:8241:17f9:1526:6a4d","de7d7402-70c8-4e5e-8a00-fa48659038c2","Bearer","de7d7402-70c8-4e5e-8a00-fa48659038c2","2600:1f18:5c9a:a468:8241:17f9:1526:6a4d","Client=OWA;Mozilla/5.0 (Windows NT 10.0; Win64; x64) AppleWebKit/537.36 (KHTML, like Gecko) Chrome/142.0.0.206 Safari/537.36;","False","1fe87f9e-7a06-4f34-872f-efb4be6fb916","0","0","S-1-5-21-3421515247-1784439087-2623626124-887996","c0f08483-4e52-46e0-899d-322f8d8f0310","S-1-5-21-3421515247-1784439087-2623626124-887996","gutierrez2@consolidatedmsgr.com","consolidatedmsgr.onmicrosoft.com","LAB60XX8701MB913 (15.20.4200.000)
","f9a62fe7-59eb-467a-848b-b0f4588e5386","9fc57536-e8d3-4117-8537-fc27bc714352","V1AppActAs","@{Attachments=Outlook-A logo for (44209b); Id=LgAAAAAdhAMRqmYRzZvIAKoAL8RaDQBPFRB7aFbgTYJ0U+olHj1gAAGp54YAAAAJ; ImmutableId=LgAAAAAdhAMRqmYRzZvIAKoAL8RaDQBPFRB7aFbgTYJ0U+olHj1gAAGp54YAAAAJ; InternetMessageId=<rachel5@mn2pr06mb5981.namprd06.prod.outlook.com>; IsRecord=False; ParentFolder=; SizeInBytes=50444}",,,,,,,,,,,,,,,,,,,,,,,
"gutierrez2@consolidatedmsgr.com","Create","2","@{AADSessionId=6221db44-b1b2-4f77-8b47-77bff877410b; APIId=1fe87f9e-7a06-4f34-872f-efb4be6fb916; ClientAppId=de7d7402-70c8-4e5e-8a00-fa48659038c2; IssuedAtTime=2025-12-17T15:55:35; UniqueTokenId=vhycqTMRBkmPJYl0ZEglAA}","2025-12-17T16:20:49","95481d98-dd87-4d7e-80f0-e9b5f040f430","9fc57536-e8d3-4117-8537-fc27bc714352","Succeeded","100320034F35348A","0","1","Exchange","2600:1f18:5c9a:a468:8241:17f9:1526:6a4d","de7d7402-70c8-4e5e-8a00-fa48659038c2","Bearer","de7d7402-70c8-4e5e-8a00-fa48659038c2","2600:1f18:5c9a:a468:8241:17f9:1526:6a4d","Client=OWA;Mozilla/5.0 (Windows NT 10.0; Win64; x64) AppleWebKit/537.36 (KHTML, like Gecko) Chrome/142.0.0.206 Safari/537.36;","False","1fe87f9e-7a06-4f34-872f-efb4be6fb916","0","0","S-1-5-21-3421515247-1784439087-2623626124-887996","c0f08483-4e52-46e0-899d-322f8d8f0310","S-1-5-21-3421515247-1784439087-2623626124-887996","gutierrez2@consolidatedmsgr.com","consolidatedmsgr.onmicrosoft.com","LAB60XX8701MB913 (15.20.4200.000)
","f9a62fe7-59eb-467a-848b-b0f4588e5386","9fc57536-e8d3-4117-8537-fc27bc714352","V1AppActAs","@{Attachments=Outlook-A logo for (44209b); Id=LgAAAAAdhAMRqmYRzZvIAKoAL8RaDQBPFRB7aFbgTYJ0U+olHj1gAAGp54X9AAAJ; ImmutableId=LgAAAAAdhAMRqmYRzZvIAKoAL8RaDQBPFRB7aFbgTYJ0U+olHj1gAAGp54X9AAAJ; InternetMessageId=<laura2@mn2pr06mb5981.namprd06.prod.outlook.com>; IsRecord=False; ParentFolder=; SizeInBytes=50674}",,,,,,,,,,,,,,,,,,,,,,,
"gutierrez2@consolidatedmsgr.com","Create","2","@{AADSessionId=6221db44-b1b2-4f77-8b47-77bff877410b; APIId=1fe87f9e-7a06-4f34-872f-efb4be6fb916; ClientAppId=de7d7402-70c8-4e5e-8a00-fa48659038c2; IssuedAtTime=2025-12-17T15:55:35; UniqueTokenId=vhycqTMRBkmPJYl0ZEglAA}","2025-12-17T16:20:30","18d6d50b-1a2b-4390-8fc1-353e28885e28","9fc57536-e8d3-4117-8537-fc27bc714352","Succeeded","100320034F35348A","0","1","Exchange","2600:1f18:5c9a:a468:8241:17f9:1526:6a4d","de7d7402-70c8-4e5e-8a00-fa48659038c2","Bearer","de7d7402-70c8-4e5e-8a00-fa48659038c2","2600:1f18:5c9a:a468:8241:17f9:1526:6a4d","Client=OWA;Mozilla/5.0 (Windows NT 10.0; Win64; x64) AppleWebKit/537.36 (KHTML, like Gecko) Chrome/142.0.0.206 Safari/537.36;","False","1fe87f9e-7a06-4f34-872f-efb4be6fb916","0","0","S-1-5-21-3421515247-1784439087-2623626124-887996","c0f08483-4e52-46e0-899d-322f8d8f0310","S-1-5-21-3421515247-1784439087-2623626124-887996","gutierrez2@consolidatedmsgr.com","consolidatedmsgr.onmicrosoft.com","LAB60XX8701MB913 (15.20.4200.000)
","f9a62fe7-59eb-467a-848b-b0f4588e5386","9fc57536-e8d3-4117-8537-fc27bc714352","V1AppActAs","@{Attachments=Outlook-A logo for (44209b); Id=LgAAAAAdhAMRqmYRzZvIAKoAL8RaDQBPFRB7aFbgTYJ0U+olHj1gAAGp54X4AAAJ; ImmutableId=LgAAAAAdhAMRqmYRzZvIAKoAL8RaDQBPFRB7aFbgTYJ0U+olHj1gAAGp54X4AAAJ; InternetMessageId=<jerry3@mn2pr06mb5981.namprd06.prod.outlook.com>; IsRecord=False; ParentFolder=; SizeInBytes=50710}",,,,,,,,,,,,,,,,,,,,,,,
"gutierrez2@consolidatedmsgr.com","Create","2","@{AADSessionId=6221db44-b1b2-4f77-8b47-77bff877410b; APIId=1fe87f9e-7a06-4f34-872f-efb4be6fb916; ClientAppId=de7d7402-70c8-4e5e-8a00-fa48659038c2; IssuedAtTime=2025-12-17T15:55:35; UniqueTokenId=vhycqTMRBkmPJYl0ZEglAA}","2025-12-17T16:20:06","c02acbb0-5745-40bf-8648-a3758fc93af8","9fc57536-e8d3-4117-8537-fc27bc714352","Succeeded","100320034F35348A","0","1","Exchange","2600:1f18:5c9a:a468:8241:17f9:1526:6a4d","de7d7402-70c8-4e5e-8a00-fa48659038c2","Bearer","de7d7402-70c8-4e5e-8a00-fa48659038c2","2600:1f18:5c9a:a468:8241:17f9:1526:6a4d","Client=OWA;Mozilla/5.0 (Windows NT 10.0; Win64; x64) AppleWebKit/537.36 (KHTML, like Gecko) Chrome/142.0.0.206 Safari/537.36;","False","1fe87f9e-7a06-4f34-872f-efb4be6fb916","0","0","S-1-5-21-3421515247-1784439087-2623626124-887996","c0f08483-4e52-46e0-899d-322f8d8f0310","S-1-5-21-3421515247-1784439087-2623626124-887996","gutierrez2@consolidatedmsgr.com","consolidatedmsgr.onmicrosoft.com","LAB60XX8701MB913 (15.20.4200.000)
","f9a62fe7-59eb-467a-848b-b0f4588e5386","9fc57536-e8d3-4117-8537-fc27bc714352","V1AppActAs","@{Attachments=Outlook-A logo for (44209b); Id=LgAAAAAdhAMRqmYRzZvIAKoAL8RaDQBPFRB7aFbgTYJ0U+olHj1gAAGp54X1AAAJ; ImmutableId=LgAAAAAdhAMRqmYRzZvIAKoAL8RaDQBPFRB7aFbgTYJ0U+olHj1gAAGp54X1AAAJ; InternetMessageId=<kimberly2@mn2pr06mb5981.namprd06.prod.outlook.com>; IsRecord=False; ParentFolder=; SizeInBytes=50447}",,,,,,,,,,,,,,,,,,,,,,,
"gutierrez2@consolidatedmsgr.com","Create","2","@{AADSessionId=6221db44-b1b2-4f77-8b47-77bff877410b; APIId=1fe87f9e-7a06-4f34-872f-efb4be6fb916; ClientAppId=de7d7402-70c8-4e5e-8a00-fa48659038c2; IssuedAtTime=2025-12-17T15:55:35; UniqueTokenId=vhycqTMRBkmPJYl0ZEglAA}","2025-12-17T16:20:03","55d3cfc0-5378-45cd-8b2a-8fdd2b5e5ddc","9fc57536-e8d3-4117-8537-fc27bc714352","Succeeded","100320034F35348A","0","1","Exchange","2600:1f18:5c9a:a468:8241:17f9:1526:6a4d","de7d7402-70c8-4e5e-8a00-fa48659038c2","Bearer","de7d7402-70c8-4e5e-8a00-fa48659038c2","2600:1f18:5c9a:a468:8241:17f9:1526:6a4d","Client=OWA;Mozilla/5.0 (Windows NT 10.0; Win64; x64) AppleWebKit/537.36 (KHTML, like Gecko) Chrome/142.0.0.206 Safari/537.36;","False","1fe87f9e-7a06-4f34-872f-efb4be6fb916","0","0","S-1-5-21-3421515247-1784439087-2623626124-887996","c0f08483-4e52-46e0-899d-322f8d8f0310","S-1-5-21-3421515247-1784439087-2623626124-887996","gutierrez2@consolidatedmsgr.com","consolidatedmsgr.onmicrosoft.com","LAB60XX8701MB913 (15.20.4200.000)
","f9a62fe7-59eb-467a-848b-b0f4588e5386","9fc57536-e8d3-4117-8537-fc27bc714352","V1AppActAs","@{Attachments=Outlook-A logo for (44209b); Id=LgAAAAAdhAMRqmYRzZvIAKoAL8RaDQBPFRB7aFbgTYJ0U+olHj1gAAGp54XyAAAJ; ImmutableId=LgAAAAAdhAMRqmYRzZvIAKoAL8RaDQBPFRB7aFbgTYJ0U+olHj1gAAGp54XyAAAJ; InternetMessageId=<flores2@mn2pr06mb5981.namprd06.prod.outlook.com>; IsRecord=False; ParentFolder=; SizeInBytes=50443}",,,,,,,,,,,,,,,,,,,,,,,
"gutierrez2@consolidatedmsgr.com","Create","2","@{AADSessionId=6221db44-b1b2-4f77-8b47-77bff877410b; APIId=1fe87f9e-7a06-4f34-872f-efb4be6fb916; ClientAppId=de7d7402-70c8-4e5e-8a00-fa48659038c2; IssuedAtTime=2025-12-17T15:55:35; UniqueTokenId=vhycqTMRBkmPJYl0ZEglAA}","2025-12-17T16:20:02","fbb4ade8-5c6a-4c6b-88f2-d5141ae10830","9fc57536-e8d3-4117-8537-fc27bc714352","Succeeded","100320034F35348A","0","1","Exchange","2600:1f18:5c9a:a468:8241:17f9:1526:6a4d","de7d7402-70c8-4e5e-8a00-fa48659038c2","Bearer","de7d7402-70c8-4e5e-8a00-fa48659038c2","2600:1f18:5c9a:a468:8241:17f9:1526:6a4d","Client=OWA;Mozilla/5.0 (Windows NT 10.0; Win64; x64) AppleWebKit/537.36 (KHTML, like Gecko) Chrome/142.0.0.206 Safari/537.36;","False","1fe87f9e-7a06-4f34-872f-efb4be6fb916","0","0","S-1-5-21-3421515247-1784439087-2623626124-887996","c0f08483-4e52-46e0-899d-322f8d8f0310","S-1-5-21-3421515247-1784439087-2623626124-887996","gutierrez2@consolidatedmsgr.com","consolidatedmsgr.onmicrosoft.com","LAB60XX8701MB913 (15.20.4200.000)
","f9a62fe7-59eb-467a-848b-b0f4588e5386","9fc57536-e8d3-4117-8537-fc27bc714352","V1AppActAs","@{Attachments=Outlook-A logo for (44209b); Id=LgAAAAAdhAMRqmYRzZvIAKoAL8RaDQBPFRB7aFbgTYJ0U+olHj1gAAGp54XvAAAJ; ImmutableId=LgAAAAAdhAMRqmYRzZvIAKoAL8RaDQBPFRB7aFbgTYJ0U+olHj1gAAGp54XvAAAJ; InternetMessageId=<janet4@mn2pr06mb5981.namprd06.prod.outlook.com>; IsRecord=False; ParentFolder=; SizeInBytes=50443}",,,,,,,,,,,,,,,,,,,,,,,
"gutierrez2@consolidatedmsgr.com","Create","2","@{AADSessionId=6221db44-b1b2-4f77-8b47-77bff877410b; APIId=1fe87f9e-7a06-4f34-872f-efb4be6fb916; ClientAppId=de7d7402-70c8-4e5e-8a00-fa48659038c2; IssuedAtTime=2025-12-17T15:55:35; UniqueTokenId=vhycqTMRBkmPJYl0ZEglAA}","2025-12-17T16:19:20","76d51ea2-6599-42da-894e-3c9f39efbdc6","9fc57536-e8d3-4117-8537-fc27bc714352","Succeeded","100320034F35348A","0","1","Exchange","2600:1f18:5c9a:a468:8241:17f9:1526:6a4d","de7d7402-70c8-4e5e-8a00-fa48659038c2","Bearer","de7d7402-70c8-4e5e-8a00-fa48659038c2","2600:1f18:5c9a:a468:8241:17f9:1526:6a4d","Client=OWA;Mozilla/5.0 (Windows NT 10.0; Win64; x64) AppleWebKit/537.36 (KHTML, like Gecko) Chrome/142.0.0.206 Safari/537.36;","False","1fe87f9e-7a06-4f34-872f-efb4be6fb916","0","0","S-1-5-21-3421515247-1784439087-2623626124-887996","c0f08483-4e52-46e0-899d-322f8d8f0310","S-1-5-21-3421515247-1784439087-2623626124-887996","gutierrez2@consolidatedmsgr.com","consolidatedmsgr.onmicrosoft.com","LAB60XX8701MB913 (15.20.4200.000)
","f9a62fe7-59eb-467a-848b-b0f4588e5386","9fc57536-e8d3-4117-8537-fc27bc714352","V1AppActAs","@{Attachments=Outlook-A logo for (44209b); Id=LgAAAAAdhAMRqmYRzZvIAKoAL8RaDQBPFRB7aFbgTYJ0U+olHj1gAAGp54H7AAAJ; ImmutableId=LgAAAAAdhAMRqmYRzZvIAKoAL8RaDQBPFRB7aFbgTYJ0U+olHj1gAAGp54H7AAAJ; InternetMessageId=<wilson3@mn2pr06mb5981.namprd06.prod.outlook.com>; IsRecord=False; ParentFolder=; SizeInBytes=50708}",,,,,,,,,,,,,,,,,,,,,,,
"gutierrez2@consolidatedmsgr.com","Create","2","@{AADSessionId=6221db44-b1b2-4f77-8b47-77bff877410b; APIId=1fe87f9e-7a06-4f34-872f-efb4be6fb916; ClientAppId=de7d7402-70c8-4e5e-8a00-fa48659038c2; IssuedAtTime=2025-12-17T15:55:35; UniqueTokenId=vhycqTMRBkmPJYl0ZEglAA}","2025-12-17T16:19:19","f600fbbb-2123-4394-8ca0-d27817521314","9fc57536-e8d3-4117-8537-fc27bc714352","Succeeded","100320034F35348A","0","1","Exchange","2600:1f18:5c9a:a468:8241:17f9:1526:6a4d","de7d7402-70c8-4e5e-8a00-fa48659038c2","Bearer","de7d7402-70c8-4e5e-8a00-fa48659038c2","2600:1f18:5c9a:a468:8241:17f9:1526:6a4d","Client=OWA;Mozilla/5.0 (Windows NT 10.0; Win64; x64) AppleWebKit/537.36 (KHTML, like Gecko) Chrome/142.0.0.206 Safari/537.36;","False","1fe87f9e-7a06-4f34-872f-efb4be6fb916","0","0","S-1-5-21-3421515247-1784439087-2623626124-887996","c0f08483-4e52-46e0-899d-322f8d8f0310","S-1-5-21-3421515247-1784439087-2623626124-887996","gutierrez2@consolidatedmsgr.com","consolidatedmsgr.onmicrosoft.com","LAB60XX8701MB913 (15.20.4200.000)
","f9a62fe7-59eb-467a-848b-b0f4588e5386","9fc57536-e8d3-4117-8537-fc27bc714352","V1AppActAs","@{Attachments=Outlook-A logo for (44209b); Id=LgAAAAAdhAMRqmYRzZvIAKoAL8RaDQBPFRB7aFbgTYJ0U+olHj1gAAGp54H1AAAJ; ImmutableId=LgAAAAAdhAMRqmYRzZvIAKoAL8RaDQBPFRB7aFbgTYJ0U+olHj1gAAGp54H1AAAJ; InternetMessageId=<lewis3@mn2pr06mb5981.namprd06.prod.outlook.com>; IsRecord=False; ParentFolder=; SizeInBytes=50444}",,,,,,,,,,,,,,,,,,,,,,,
"gutierrez2@consolidatedmsgr.com","Create","2","@{AADSessionId=6221db44-b1b2-4f77-8b47-77bff877410b; APIId=1fe87f9e-7a06-4f34-872f-efb4be6fb916; ClientAppId=de7d7402-70c8-4e5e-8a00-fa48659038c2; IssuedAtTime=2025-12-17T15:55:35; UniqueTokenId=vhycqTMRBkmPJYl0ZEglAA}","2025-12-17T16:19:19","1b0a1cb0-7343-42a3-8fd8-20eeebe4bab1","9fc57536-e8d3-4117-8537-fc27bc714352","Succeeded","100320034F35348A","0","1","Exchange","2600:1f18:5c9a:a468:8241:17f9:1526:6a4d","de7d7402-70c8-4e5e-8a00-fa48659038c2","Bearer","de7d7402-70c8-4e5e-8a00-fa48659038c2","2600:1f18:5c9a:a468:8241:17f9:1526:6a4d","Client=OWA;Mozilla/5.0 (Windows NT 10.0; Win64; x64) AppleWebKit/537.36 (KHTML, like Gecko) Chrome/142.0.0.206 Safari/537.36;","False","1fe87f9e-7a06-4f34-872f-efb4be6fb916","0","0","S-1-5-21-3421515247-1784439087-2623626124-887996","c0f08483-4e52-46e0-899d-322f8d8f0310","S-1-5-21-3421515247-1784439087-2623626124-887996","gutierrez2@consolidatedmsgr.com","consolidatedmsgr.onmicrosoft.com","LAB60XX8701MB913 (15.20.4200.000)
","f9a62fe7-59eb-467a-848b-b0f4588e5386","9fc57536-e8d3-4117-8537-fc27bc714352","V1AppActAs","@{Attachments=Outlook-A logo for (44209b); Id=LgAAAAAdhAMRqmYRzZvIAKoAL8RaDQBPFRB7aFbgTYJ0U+olHj1gAAGp54H4AAAJ; ImmutableId=LgAAAAAdhAMRqmYRzZvIAKoAL8RaDQBPFRB7aFbgTYJ0U+olHj1gAAGp54H4AAAJ; InternetMessageId=<bennett5@mn2pr06mb5981.namprd06.prod.outlook.com>; IsRecord=False; ParentFolder=; SizeInBytes=50447}",,,,,,,,,,,,,,,,,,,,,,,
"gutierrez2@consolidatedmsgr.com","Create","2","@{AADSessionId=6221db44-b1b2-4f77-8b47-77bff877410b; APIId=1fe87f9e-7a06-4f34-872f-efb4be6fb916; ClientAppId=de7d7402-70c8-4e5e-8a00-fa48659038c2; IssuedAtTime=2025-12-17T15:55:35; UniqueTokenId=vhycqTMRBkmPJYl0ZEglAA}","2025-12-17T16:19:18","57983578-de31-4b5f-8d84-78a80b906772","9fc57536-e8d3-4117-8537-fc27bc714352","Succeeded","100320034F35348A","0","1","Exchange","2600:1f18:5c9a:a468:8241:17f9:1526:6a4d","de7d7402-70c8-4e5e-8a00-fa48659038c2","Bearer","de7d7402-70c8-4e5e-8a00-fa48659038c2","2600:1f18:5c9a:a468:8241:17f9:1526:6a4d","Client=OWA;Mozilla/5.0 (Windows NT 10.0; Win64; x64) AppleWebKit/537.36 (KHTML, like Gecko) Chrome/142.0.0.206 Safari/537.36;","False","1fe87f9e-7a06-4f34-872f-efb4be6fb916","0","0","S-1-5-21-3421515247-1784439087-2623626124-887996","c0f08483-4e52-46e0-899d-322f8d8f0310","S-1-5-21-3421515247-1784439087-2623626124-887996","gutierrez2@consolidatedmsgr.com","consolidatedmsgr.onmicrosoft.com","LAB60XX8701MB913 (15.20.4200.000)
","f9a62fe7-59eb-467a-848b-b0f4588e5386","9fc57536-e8d3-4117-8537-fc27bc714352","V1AppActAs","@{Attachments=Outlook-A logo for (44209b); Id=LgAAAAAdhAMRqmYRzZvIAKoAL8RaDQBPFRB7aFbgTYJ0U+olHj1gAAGp54HyAAAJ; ImmutableId=LgAAAAAdhAMRqmYRzZvIAKoAL8RaDQBPFRB7aFbgTYJ0U+olHj1gAAGp54HyAAAJ; InternetMessageId=<evans2@mn2pr06mb5981.namprd06.prod.outlook.com>; IsRecord=False; ParentFolder=; SizeInBytes=50262}",,,,,,,,,,,,,,,,,,,,,,,
"gutierrez2@consolidatedmsgr.com","Create","2","@{AADSessionId=6221db44-b1b2-4f77-8b47-77bff877410b; APIId=1fe87f9e-7a06-4f34-872f-efb4be6fb916; ClientAppId=de7d7402-70c8-4e5e-8a00-fa48659038c2; IssuedAtTime=2025-12-17T15:55:35; UniqueTokenId=vhycqTMRBkmPJYl0ZEglAA}","2025-12-17T16:19:16","dbb24741-5636-4b88-8a22-b945f9c348bd","9fc57536-e8d3-4117-8537-fc27bc714352","Succeeded","100320034F35348A","0","1","Exchange","2600:1f18:5c9a:a468:8241:17f9:1526:6a4d","de7d7402-70c8-4e5e-8a00-fa48659038c2","Bearer","de7d7402-70c8-4e5e-8a00-fa48659038c2","2600:1f18:5c9a:a468:8241:17f9:1526:6a4d","Client=OWA;Mozilla/5.0 (Windows NT 10.0; Win64; x64) AppleWebKit/537.36 (KHTML, like Gecko) Chrome/142.0.0.206 Safari/537.36;","False","1fe87f9e-7a06-4f34-872f-efb4be6fb916","0","0","S-1-5-21-3421515247-1784439087-2623626124-887996","c0f08483-4e52-46e0-899d-322f8d8f0310","S-1-5-21-3421515247-1784439087-2623626124-887996","gutierrez2@consolidatedmsgr.com","consolidatedmsgr.onmicrosoft.com","LAB60XX8701MB913 (15.20.4200.000)
","f9a62fe7-59eb-467a-848b-b0f4588e5386","9fc57536-e8d3-4117-8537-fc27bc714352","V1AppActAs","@{Attachments=Outlook-A logo for (44209b); Id=LgAAAAAdhAMRqmYRzZvIAKoAL8RaDQBPFRB7aFbgTYJ0U+olHj1gAAGp54HvAAAJ; ImmutableId=LgAAAAAdhAMRqmYRzZvIAKoAL8RaDQBPFRB7aFbgTYJ0U+olHj1gAAGp54HvAAAJ; InternetMessageId=<benjamin3@mn2pr06mb5981.namprd06.prod.outlook.com>; IsRecord=False; ParentFolder=; SizeInBytes=50710}",,,,,,,,,,,,,,,,,,,,,,,
"gutierrez2@consolidatedmsgr.com","Create","2","@{AADSessionId=6221db44-b1b2-4f77-8b47-77bff877410b; APIId=1fe87f9e-7a06-4f34-872f-efb4be6fb916; ClientAppId=de7d7402-70c8-4e5e-8a00-fa48659038c2; IssuedAtTime=2025-12-17T15:55:35; UniqueTokenId=vhycqTMRBkmPJYl0ZEglAA}","2025-12-17T16:18:45","bec5ad6a-6dba-4913-8cb0-795905863580","9fc57536-e8d3-4117-8537-fc27bc714352","Succeeded","100320034F35348A","0","1","Exchange","2600:1f18:5c9a:a468:8241:17f9:1526:6a4d","de7d7402-70c8-4e5e-8a00-fa48659038c2","Bearer","de7d7402-70c8-4e5e-8a00-fa48659038c2","2600:1f18:5c9a:a468:8241:17f9:1526:6a4d","Client=OWA;Mozilla/5.0 (Windows NT 10.0; Win64; x64) AppleWebKit/537.36 (KHTML, like Gecko) Chrome/142.0.0.206 Safari/537.36;","False","1fe87f9e-7a06-4f34-872f-efb4be6fb916","0","0","S-1-5-21-3421515247-1784439087-2623626124-887996","c0f08483-4e52-46e0-899d-322f8d8f0310","S-1-5-21-3421515247-1784439087-2623626124-887996","gutierrez2@consolidatedmsgr.com","consolidatedmsgr.onmicrosoft.com","LAB60XX8701MB913 (15.20.4200.000)
","f9a62fe7-59eb-467a-848b-b0f4588e5386","9fc57536-e8d3-4117-8537-fc27bc714352","V1AppActAs","@{Attachments=Outlook-A logo for (44209b); Id=LgAAAAAdhAMRqmYRzZvIAKoAL8RaDQBPFRB7aFbgTYJ0U+olHj1gAAGp533+AAAJ; ImmutableId=LgAAAAAdhAMRqmYRzZvIAKoAL8RaDQBPFRB7aFbgTYJ0U+olHj1gAAGp533+AAAJ; InternetMessageId=<lee3@mn2pr06mb5981.namprd06.prod.outlook.com>; IsRecord=False; ParentFolder=; SizeInBytes=50444}",,,,,,,,,,,,,,,,,,,,,,,
"gutierrez2@consolidatedmsgr.com","Create","2","@{AADSessionId=6221db44-b1b2-4f77-8b47-77bff877410b; APIId=1fe87f9e-7a06-4f34-872f-efb4be6fb916; ClientAppId=de7d7402-70c8-4e5e-8a00-fa48659038c2; IssuedAtTime=2025-12-17T15:55:35; UniqueTokenId=vhycqTMRBkmPJYl0ZEglAA}","2025-12-17T16:18:04","49d2514a-d969-41a1-853b-42a1b452c8d6","9fc57536-e8d3-4117-8537-fc27bc714352","Succeeded","100320034F35348A","0","1","Exchange","2600:1f18:5c9a:a468:8241:17f9:1526:6a4d","de7d7402-70c8-4e5e-8a00-fa48659038c2","Bearer","de7d7402-70c8-4e5e-8a00-fa48659038c2","2600:1f18:5c9a:a468:8241:17f9:1526:6a4d","Client=OWA;Mozilla/5.0 (Windows NT 10.0; Win64; x64) AppleWebKit/537.36 (KHTML, like Gecko) Chrome/142.0.0.206 Safari/537.36;","False","1fe87f9e-7a06-4f34-872f-efb4be6fb916","0","0","S-1-5-21-3421515247-1784439087-2623626124-887996","c0f08483-4e52-46e0-899d-322f8d8f0310","S-1-5-21-3421515247-1784439087-2623626124-887996","gutierrez2@consolidatedmsgr.com","consolidatedmsgr.onmicrosoft.com","LAB60XX8701MB913 (15.20.4200.000)
","f9a62fe7-59eb-467a-848b-b0f4588e5386","9fc57536-e8d3-4117-8537-fc27bc714352","V1AppActAs","@{Attachments=Outlook-A logo for (44209b); Id=LgAAAAAdhAMRqmYRzZvIAKoAL8RaDQBPFRB7aFbgTYJ0U+olHj1gAAGp53oMAAAJ; ImmutableId=LgAAAAAdhAMRqmYRzZvIAKoAL8RaDQBPFRB7aFbgTYJ0U+olHj1gAAGp53oMAAAJ; InternetMessageId=<susan3@mn2pr06mb5981.namprd06.prod.outlook.com>; IsRecord=False; ParentFolder=; SizeInBytes=50709}",,,,,,,,,,,,,,,,,,,,,,,
"gutierrez2@consolidatedmsgr.com","Create","2","@{AADSessionId=6221db44-b1b2-4f77-8b47-77bff877410b; APIId=1fe87f9e-7a06-4f34-872f-efb4be6fb916; ClientAppId=de7d7402-70c8-4e5e-8a00-fa48659038c2; IssuedAtTime=2025-12-17T15:55:35; UniqueTokenId=vhycqTMRBkmPJYl0ZEglAA}","2025-12-17T16:17:57","db0958dc-f69e-461d-8532-fa3fed5010ce","9fc57536-e8d3-4117-8537-fc27bc714352","Succeeded","100320034F35348A","0","1","Exchange","2600:1f18:5c9a:a468:8241:17f9:1526:6a4d","de7d7402-70c8-4e5e-8a00-fa48659038c2","Bearer","de7d7402-70c8-4e5e-8a00-fa48659038c2","2600:1f18:5c9a:a468:8241:17f9:1526:6a4d","Client=OWA;Mozilla/5.0 (Windows NT 10.0; Win64; x64) AppleWebKit/537.36 (KHTML, like Gecko) Chrome/142.0.0.206 Safari/537.36;","False","1fe87f9e-7a06-4f34-872f-efb4be6fb916","0","0","S-1-5-21-3421515247-1784439087-2623626124-887996","c0f08483-4e52-46e0-899d-322f8d8f0310","S-1-5-21-3421515247-1784439087-2623626124-887996","gutierrez2@consolidatedmsgr.com","consolidatedmsgr.onmicrosoft.com","LAB60XX8701MB913 (15.20.4200.000)
","f9a62fe7-59eb-467a-848b-b0f4588e5386","9fc57536-e8d3-4117-8537-fc27bc714352","V1AppActAs","@{Attachments=Outlook-A logo for (44209b); Id=LgAAAAAdhAMRqmYRzZvIAKoAL8RaDQBPFRB7aFbgTYJ0U+olHj1gAAGp53oJAAAJ; ImmutableId=LgAAAAAdhAMRqmYRzZvIAKoAL8RaDQBPFRB7aFbgTYJ0U+olHj1gAAGp53oJAAAJ; InternetMessageId=<foster5@mn2pr06mb5981.namprd06.prod.outlook.com>; IsRecord=False; ParentFolder=; SizeInBytes=50708}",,,,,,,,,,,,,,,,,,,,,,,
"gutierrez2@consolidatedmsgr.com","Create","2","@{AADSessionId=6221db44-b1b2-4f77-8b47-77bff877410b; APIId=1fe87f9e-7a06-4f34-872f-efb4be6fb916; ClientAppId=de7d7402-70c8-4e5e-8a00-fa48659038c2; IssuedAtTime=2025-12-17T15:55:35; UniqueTokenId=vhycqTMRBkmPJYl0ZEglAA}","2025-12-17T16:17:54","c38e104b-ef88-4ce9-8f01-a197c35ce63f","9fc57536-e8d3-4117-8537-fc27bc714352","Succeeded","100320034F35348A","0","1","Exchange","2600:1f18:5c9a:a468:8241:17f9:1526:6a4d","de7d7402-70c8-4e5e-8a00-fa48659038c2","Bearer","de7d7402-70c8-4e5e-8a00-fa48659038c2","2600:1f18:5c9a:a468:8241:17f9:1526:6a4d","Client=OWA;Mozilla/5.0 (Windows NT 10.0; Win64; x64) AppleWebKit/537.36 (KHTML, like Gecko) Chrome/142.0.0.206 Safari/537.36;","False","1fe87f9e-7a06-4f34-872f-efb4be6fb916","0","0","S-1-5-21-3421515247-1784439087-2623626124-887996","c0f08483-4e52-46e0-899d-322f8d8f0310","S-1-5-21-3421515247-1784439087-2623626124-887996","gutierrez2@consolidatedmsgr.com","consolidatedmsgr.onmicrosoft.com","LAB60XX8701MB913 (15.20.4200.000)
","f9a62fe7-59eb-467a-848b-b0f4588e5386","9fc57536-e8d3-4117-8537-fc27bc714352","V1AppActAs","@{Attachments=Outlook-A logo for (44209b); Id=LgAAAAAdhAMRqmYRzZvIAKoAL8RaDQBPFRB7aFbgTYJ0U+olHj1gAAGp53oFAAAJ; ImmutableId=LgAAAAAdhAMRqmYRzZvIAKoAL8RaDQBPFRB7aFbgTYJ0U+olHj1gAAGp53oFAAAJ; InternetMessageId=<campbell2@mn2pr06mb5981.namprd06.prod.outlook.com>; IsRecord=False; ParentFolder=; SizeInBytes=50424}",,,,,,,,,,,,,,,,,,,,,,,
"gutierrez2@consolidatedmsgr.com","Create","2","@{AADSessionId=6221db44-b1b2-4f77-8b47-77bff877410b; APIId=1fe87f9e-7a06-4f34-872f-efb4be6fb916; ClientAppId=de7d7402-70c8-4e5e-8a00-fa48659038c2; IssuedAtTime=2025-12-17T15:55:35; UniqueTokenId=vhycqTMRBkmPJYl0ZEglAA}","2025-12-17T16:17:54","59d90a84-304b-4943-8390-07ad8a41ca37","9fc57536-e8d3-4117-8537-fc27bc714352","Succeeded","100320034F35348A","0","1","Exchange","2600:1f18:5c9a:a468:8241:17f9:1526:6a4d","de7d7402-70c8-4e5e-8a00-fa48659038c2","Bearer","de7d7402-70c8-4e5e-8a00-fa48659038c2","2600:1f18:5c9a:a468:8241:17f9:1526:6a4d","Client=OWA;Mozilla/5.0 (Windows NT 10.0; Win64; x64) AppleWebKit/537.36 (KHTML, like Gecko) Chrome/142.0.0.206 Safari/537.36;","False","1fe87f9e-7a06-4f34-872f-efb4be6fb916","0","0","S-1-5-21-3421515247-1784439087-2623626124-887996","c0f08483-4e52-46e0-899d-322f8d8f0310","S-1-5-21-3421515247-1784439087-2623626124-887996","gutierrez2@consolidatedmsgr.com","consolidatedmsgr.onmicrosoft.com","LAB60XX8701MB913 (15.20.4200.000)
","f9a62fe7-59eb-467a-848b-b0f4588e5386","9fc57536-e8d3-4117-8537-fc27bc714352","V1AppActAs","@{Attachments=Outlook-A logo for (44209b); Id=LgAAAAAdhAMRqmYRzZvIAKoAL8RaDQBPFRB7aFbgTYJ0U+olHj1gAAGp53oCAAAJ; ImmutableId=LgAAAAAdhAMRqmYRzZvIAKoAL8RaDQBPFRB7aFbgTYJ0U+olHj1gAAGp53oCAAAJ; InternetMessageId=<steven2@mn2pr06mb5981.namprd06.prod.outlook.com>; IsRecord=False; ParentFolder=; SizeInBytes=50677}",,,,,,,,,,,,,,,,,,,,,,,
"gutierrez2@consolidatedmsgr.com","Create","2","@{AADSessionId=6221db44-b1b2-4f77-8b47-77bff877410b; APIId=1fe87f9e-7a06-4f34-872f-efb4be6fb916; ClientAppId=de7d7402-70c8-4e5e-8a00-fa48659038c2; IssuedAtTime=2025-12-17T15:55:35; UniqueTokenId=vhycqTMRBkmPJYl0ZEglAA}","2025-12-17T16:17:20","6fc3c56d-c1bd-44df-881a-344e6ad144e1","9fc57536-e8d3-4117-8537-fc27bc714352","Succeeded","100320034F35348A","0","1","Exchange","2600:1f18:5c9a:a468:8241:17f9:1526:6a4d","de7d7402-70c8-4e5e-8a00-fa48659038c2","Bearer","de7d7402-70c8-4e5e-8a00-fa48659038c2","2600:1f18:5c9a:a468:8241:17f9:1526:6a4d","Client=OWA;Mozilla/5.0 (Windows NT 10.0; Win64; x64) AppleWebKit/537.36 (KHTML, like Gecko) Chrome/142.0.0.206 Safari/537.36;","False","1fe87f9e-7a06-4f34-872f-efb4be6fb916","0","0","S-1-5-21-3421515247-1784439087-2623626124-887996","c0f08483-4e52-46e0-899d-322f8d8f0310","S-1-5-21-3421515247-1784439087-2623626124-887996","gutierrez2@consolidatedmsgr.com","consolidatedmsgr.onmicrosoft.com","LAB60XX8701MB913 (15.20.4200.000)
","f9a62fe7-59eb-467a-848b-b0f4588e5386","9fc57536-e8d3-4117-8537-fc27bc714352","V1AppActAs","@{Attachments=Outlook-A logo for (44209b); Id=LgAAAAAdhAMRqmYRzZvIAKoAL8RaDQBPFRB7aFbgTYJ0U+olHj1gAAGp53YQAAAJ; ImmutableId=LgAAAAAdhAMRqmYRzZvIAKoAL8RaDQBPFRB7aFbgTYJ0U+olHj1gAAGp53YQAAAJ; InternetMessageId=<jenkins2@mn2pr06mb5981.namprd06.prod.outlook.com>; IsRecord=False; ParentFolder=; SizeInBytes=50676}",,,,,,,,,,,,,,,,,,,,,,,
"gutierrez2@consolidatedmsgr.com","Create","2","@{AADSessionId=6221db44-b1b2-4f77-8b47-77bff877410b; APIId=1fe87f9e-7a06-4f34-872f-efb4be6fb916; ClientAppId=de7d7402-70c8-4e5e-8a00-fa48659038c2; IssuedAtTime=2025-12-17T15:55:35; UniqueTokenId=vhycqTMRBkmPJYl0ZEglAA}","2025-12-17T16:17:18","313dc875-6ab4-40df-8f03-129c6a64175b","9fc57536-e8d3-4117-8537-fc27bc714352","Succeeded","100320034F35348A","0","1","Exchange","2600:1f18:5c9a:a468:8241:17f9:1526:6a4d","de7d7402-70c8-4e5e-8a00-fa48659038c2","Bearer","de7d7402-70c8-4e5e-8a00-fa48659038c2","2600:1f18:5c9a:a468:8241:17f9:1526:6a4d","Client=OWA;Mozilla/5.0 (Windows NT 10.0; Win64; x64) AppleWebKit/537.36 (KHTML, like Gecko) Chrome/142.0.0.206 Safari/537.36;","False","1fe87f9e-7a06-4f34-872f-efb4be6fb916","0","0","S-1-5-21-3421515247-1784439087-2623626124-887996","c0f08483-4e52-46e0-899d-322f8d8f0310","S-1-5-21-3421515247-1784439087-2623626124-887996","gutierrez2@consolidatedmsgr.com","consolidatedmsgr.onmicrosoft.com","LAB60XX8701MB913 (15.20.4200.000)
","f9a62fe7-59eb-467a-848b-b0f4588e5386","9fc57536-e8d3-4117-8537-fc27bc714352","V1AppActAs","@{Attachments=Outlook-A logo for (44209b); Id=LgAAAAAdhAMRqmYRzZvIAKoAL8RaDQBPFRB7aFbgTYJ0U+olHj1gAAGp53YKAAAJ; ImmutableId=LgAAAAAdhAMRqmYRzZvIAKoAL8RaDQBPFRB7aFbgTYJ0U+olHj1gAAGp53YKAAAJ; InternetMessageId=<jason5@mn2pr06mb5981.namprd06.prod.outlook.com>; IsRecord=False; ParentFolder=; SizeInBytes=48057}",,,,,,,,,,,,,,,,,,,,,,,
"gutierrez2@consolidatedmsgr.com","Create","2","@{AADSessionId=6221db44-b1b2-4f77-8b47-77bff877410b; APIId=1fe87f9e-7a06-4f34-872f-efb4be6fb916; ClientAppId=de7d7402-70c8-4e5e-8a00-fa48659038c2; IssuedAtTime=2025-12-17T15:55:35; UniqueTokenId=vhycqTMRBkmPJYl0ZEglAA}","2025-12-17T16:16:47","ad55bd9c-58cc-4dfa-8f80-52d0a5015f18","9fc57536-e8d3-4117-8537-fc27bc714352","Succeeded","100320034F35348A","0","1","Exchange","2600:1f18:5c9a:a468:8241:17f9:1526:6a4d","de7d7402-70c8-4e5e-8a00-fa48659038c2","Bearer","de7d7402-70c8-4e5e-8a00-fa48659038c2","2600:1f18:5c9a:a468:8241:17f9:1526:6a4d","Client=OWA;Mozilla/5.0 (Windows NT 10.0; Win64; x64) AppleWebKit/537.36 (KHTML, like Gecko) Chrome/142.0.0.206 Safari/537.36;","False","1fe87f9e-7a06-4f34-872f-efb4be6fb916","0","0","S-1-5-21-3421515247-1784439087-2623626124-887996","c0f08483-4e52-46e0-899d-322f8d8f0310","S-1-5-21-3421515247-1784439087-2623626124-887996","gutierrez2@consolidatedmsgr.com","consolidatedmsgr.onmicrosoft.com","LAB60XX8701MB913 (15.20.4200.000)
","f9a62fe7-59eb-467a-848b-b0f4588e5386","9fc57536-e8d3-4117-8537-fc27bc714352","V1AppActAs","@{Attachments=Outlook-A logo for (44209b); Id=LgAAAAAdhAMRqmYRzZvIAKoAL8RaDQBPFRB7aFbgTYJ0U+olHj1gAAGp53IYAAAJ; ImmutableId=LgAAAAAdhAMRqmYRzZvIAKoAL8RaDQBPFRB7aFbgTYJ0U+olHj1gAAGp53IYAAAJ; InternetMessageId=<donna4@mn2pr06mb5981.namprd06.prod.outlook.com>; IsRecord=False; ParentFolder=; SizeInBytes=48069}",,,,,,,,,,,,,,,,,,,,,,,
"gutierrez2@consolidatedmsgr.com","Create","2","@{AADSessionId=6221db44-b1b2-4f77-8b47-77bff877410b; APIId=1fe87f9e-7a06-4f34-872f-efb4be6fb916; ClientAppId=de7d7402-70c8-4e5e-8a00-fa48659038c2; IssuedAtTime=2025-12-17T15:55:35; UniqueTokenId=vhycqTMRBkmPJYl0ZEglAA}","2025-12-17T16:16:30","129a3661-6524-4eb3-8559-3395991a150a","9fc57536-e8d3-4117-8537-fc27bc714352","Succeeded","100320034F35348A","0","1","Exchange","2600:1f18:5c9a:a468:8241:17f9:1526:6a4d","de7d7402-70c8-4e5e-8a00-fa48659038c2","Bearer","de7d7402-70c8-4e5e-8a00-fa48659038c2","2600:1f18:5c9a:a468:8241:17f9:1526:6a4d","Client=OWA;Mozilla/5.0 (Windows NT 10.0; Win64; x64) AppleWebKit/537.36 (KHTML, like Gecko) Chrome/142.0.0.206 Safari/537.36;","False","1fe87f9e-7a06-4f34-872f-efb4be6fb916","0","0","S-1-5-21-3421515247-1784439087-2623626124-887996","c0f08483-4e52-46e0-899d-322f8d8f0310","S-1-5-21-3421515247-1784439087-2623626124-887996","gutierrez2@consolidatedmsgr.com","consolidatedmsgr.onmicrosoft.com","LAB60XX8701MB913 (15.20.4200.000)
","f9a62fe7-59eb-467a-848b-b0f4588e5386","9fc57536-e8d3-4117-8537-fc27bc714352","V1AppActAs","@{Attachments=Outlook-A logo for (44209b); Id=LgAAAAAdhAMRqmYRzZvIAKoAL8RaDQBPFRB7aFbgTYJ0U+olHj1gAAGp52ZKAAAJ; ImmutableId=LgAAAAAdhAMRqmYRzZvIAKoAL8RaDQBPFRB7aFbgTYJ0U+olHj1gAAGp52ZKAAAJ; InternetMessageId=<johnson2@mn2pr06mb5981.namprd06.prod.outlook.com>; IsRecord=False; ParentFolder=; SizeInBytes=50420}",,,,,,,,,,,,,,,,,,,,,,,
"gutierrez2@consolidatedmsgr.com","UserLoggedIn","15",,"2025-12-17T16:05:16","46354992-6bb5-414f-8f5b-7d7e6971b681","9fc57536-e8d3-4117-8537-fc27bc714352","Success","f9a62fe7-59eb-467a-848b-b0f4588e5386","0","1","AzureActiveDirectory","2600:1f18:5c9a:a468:8241:17f9:1526:6a4d",,,,,,,,,,,,,,,,,,,,"00000003-0000-0000-c000-000000000000",,,,,,,,"System.Object[]","1","System.Object[]","System.Object[]","9fc57536-e8d3-4117-8537-fc27bc714352","2600:1f18:5c9a:a468:8241:17f9:1526:6a4d","50471b70-30ab-43bb-82bc-d5738dc94f75","46354992-6bb5-414f-8f5b-7d7e6971b681","","System.Object[]","9fc57536-e8d3-4117-8537-fc27bc714352","553c535d-5dbc-4251-8e9e-da00e5453e30","System.Object[]","0",
"gutierrez2@consolidatedmsgr.com","Update","2","@{AADSessionId=6221db44-b1b2-4f77-8b47-77bff877410b; APIId=931a7d74-64a8-435d-8d1d-1af1cc10c6c9; ClientAppId=5c7e94a3-601a-4e4b-8bb8-4caaf1118dd8; IssuedAtTime=2025-12-17T16:00:35; UniqueTokenId=f3599067-f80d-4efc-8c38-93903c0977b4}","2025-12-17T16:04:19","8d72b1a8-522b-4095-87dd-8a24ade5298d","9fc57536-e8d3-4117-8537-fc27bc714352","Succeeded","100320034F35348A","0","1","Exchange","2600:1f18:5c9a:a468:8241:17f9:1526:6a4d","931a7d74-64a8-435d-8d1d-1af1cc10c6c9","Bearer","5c7e94a3-601a-4e4b-8bb8-4caaf1118dd8","2600:1f18:5c9a:a468:8241:17f9:1526:6a4d","Client=OWA;Mozilla/5.0 (Windows NT 10.0; Win64; x64) AppleWebKit/537.36 (KHTML, like Gecko) Chrome/142.0.0.206 Safari/537.36;","False","1fe87f9e-7a06-4f34-872f-efb4be6fb916","0","0","S-1-5-21-3421515247-1784439087-2623626124-887996","c0f08483-4e52-46e0-899d-322f8d8f0310","S-1-5-21-3421515247-1784439087-2623626124-887996","gutierrez2@consolidatedmsgr.com","consolidatedmsgr.onmicrosoft.com","LAB60XX8701MB913 (15.20.4200.000)
","f9a62fe7-59eb-467a-848b-b0f4588e5386","9fc57536-e8d3-4117-8537-fc27bc714352","StiUserCallback","@{Attachments=I6095 Sugar Creek J2638.pdf (70422b); image001.jpg (44225b); Id=RgAAAAB5LAfwTBU/RaiC9YJ7b37EBwBPFRB7aFbgTYJ0U+olHj1gAAAAAAEJAABPFRB7aFbgTYJ0U+olHj1gAAApIIFBAAAJ; ImmutableId=LgAAAAAdhAMRqmYRzZvIAKoAL8RaDQBPFRB7aFbgTYJ0U+olHj1gAAGnMSCbAAAJ; InternetMessageId=<wilson2@mn2pr06mb5981.namprd06.prod.outlook.com>; IsRecord=False; ParentFolder=; SizeInBytes=130994; Subject=Past Due Invoice from Consolidatedmsgr for Sugar Creek PO #4500144542}",,,,,,,,"Mozilla/5.0 (Windows NT 10.0; Win64; x64) AppleWebKit/537.36 (KHTML, like Gecko) Chrome/142.0.0.206 Safari/537.36","System.Object[]",,,,,,,,,,,,,,
"gutierrez2@consolidatedmsgr.com","Update","2","@{AADSessionId=6221db44-b1b2-4f77-8b47-77bff877410b; APIId=931a7d74-64a8-435d-8d1d-1af1cc10c6c9; ClientAppId=5c7e94a3-601a-4e4b-8bb8-4caaf1118dd8; IssuedAtTime=2025-12-17T16:00:35; UniqueTokenId=f3599067-f80d-4efc-8c38-93903c0977b4}","2025-12-17T16:04:00","a84185e1-ae88-44ad-81cc-3c3f9ae6e32b","9fc57536-e8d3-4117-8537-fc27bc714352","Succeeded","100320034F35348A","0","1","Exchange","2600:1f18:5c9a:a468:8241:17f9:1526:6a4d","931a7d74-64a8-435d-8d1d-1af1cc10c6c9","Bearer","5c7e94a3-601a-4e4b-8bb8-4caaf1118dd8","2600:1f18:5c9a:a468:8241:17f9:1526:6a4d","Client=OWA;Mozilla/5.0 (Windows NT 10.0; Win64; x64) AppleWebKit/537.36 (KHTML, like Gecko) Chrome/142.0.0.206 Safari/537.36;","False","1fe87f9e-7a06-4f34-872f-efb4be6fb916","0","0","S-1-5-21-3421515247-1784439087-2623626124-887996","c0f08483-4e52-46e0-899d-322f8d8f0310","S-1-5-21-3421515247-1784439087-2623626124-887996","gutierrez2@consolidatedmsgr.com","consolidatedmsgr.onmicrosoft.com","LAB60XX8701MB913 (15.20.4200.000)
","f9a62fe7-59eb-467a-848b-b0f4588e5386","9fc57536-e8d3-4117-8537-fc27bc714352","StiUserCallback","@{Attachments=image001.jpg (44225b); I6103 Koch Foods OH J2640.pdf (75657b); Id=RgAAAAB5LAfwTBU/RaiC9YJ7b37EBwBPFRB7aFbgTYJ0U+olHj1gAAAAAAEJAABPFRB7aFbgTYJ0U+olHj1gAAApIIFIAAAJ; ImmutableId=LgAAAAAdhAMRqmYRzZvIAKoAL8RaDQBPFRB7aFbgTYJ0U+olHj1gAAGp5LgNAAAJ; InternetMessageId=<julie3@mn2pr06mb5981.namprd06.prod.outlook.com>; IsRecord=False; ParentFolder=; SizeInBytes=135487; Subject=Consolidatedmsgr Invoice #6103 for Koch Foods Ohio PO #184773CER240}",,,,,,,,"Mozilla/5.0 (Windows NT 10.0; Win64; x64) AppleWebKit/537.36 (KHTML, like Gecko) Chrome/142.0.0.206 Safari/537.36","System.Object[]",,,,,,,,,,,,,,
"gutierrez2@consolidatedmsgr.com","Update","2","@{AADSessionId=6221db44-b1b2-4f77-8b47-77bff877410b; APIId=931a7d74-64a8-435d-8d1d-1af1cc10c6c9; ClientAppId=5c7e94a3-601a-4e4b-8bb8-4caaf1118dd8; IssuedAtTime=2025-12-17T16:00:35; UniqueTokenId=f3599067-f80d-4efc-8c38-93903c0977b4}","2025-12-17T16:02:35","a504077a-cfd6-4b03-8228-13d8a6219e82","9fc57536-e8d3-4117-8537-fc27bc714352","Succeeded","100320034F35348A","0","1","Exchange","2600:1f18:5c9a:a468:8241:17f9:1526:6a4d","931a7d74-64a8-435d-8d1d-1af1cc10c6c9","Bearer","5c7e94a3-601a-4e4b-8bb8-4caaf1118dd8","2600:1f18:5c9a:a468:8241:17f9:1526:6a4d","Client=OWA;Mozilla/5.0 (Windows NT 10.0; Win64; x64) AppleWebKit/537.36 (KHTML, like Gecko) Chrome/142.0.0.206 Safari/537.36;","False","1fe87f9e-7a06-4f34-872f-efb4be6fb916","0","0","S-1-5-21-3421515247-1784439087-2623626124-887996","c0f08483-4e52-46e0-899d-322f8d8f0310","S-1-5-21-3421515247-1784439087-2623626124-887996","gutierrez2@consolidatedmsgr.com","consolidatedmsgr.onmicrosoft.com","LAB60XX8701MB913 (15.20.4200.000)
","f9a62fe7-59eb-467a-848b-b0f4588e5386","9fc57536-e8d3-4117-8537-fc27bc714352","StiUserCallback","@{Attachments=image001.gif (298b); image002.png (16657b); image003.jpg (239409b); Metro Auto - Payables Account Application.pdf (252120b); Tax Exemption Certificate version 6-22 - Blank.pdf (1149664b); W-9 Blank.pdf (235796b); Id=RgAAAAB5LAfwTBU/RaiC9YJ7b37EBwBPFRB7aFbgTYJ0U+olHj1gAAADwAMIAABPFRB7aFbgTYJ0U+olHj1gAAApID4hAAAJ; ImmutableId=LgAAAAAdhAMRqmYRzZvIAKoAL8RaDQBPFRB7aFbgTYJ0U+olHj1gAAGThRjpAAAJ; InternetMessageId=<catherine@dm3ppfb93aa2d99.namprd15.prod.outlook.com>; IsRecord=False; ParentFolder=; SizeInBytes=2026327; Subject=Metro Auto Payables Account}",,,,,,,,"Mozilla/5.0 (Windows NT 10.0; Win64; x64) AppleWebKit/537.36 (KHTML, like Gecko) Chrome/142.0.0.206 Safari/537.36","System.Object[]",,,,,,,,,,,,,,
"gutierrez2@consolidatedmsgr.com","UserLoggedIn","15",,"2025-12-17T16:00:34","1a854432-68b6-4357-8373-31983c7115cf","9fc57536-e8d3-4117-8537-fc27bc714352","Success","f9a62fe7-59eb-467a-848b-b0f4588e5386","0","1","AzureActiveDirectory","2600:1f18:5c9a:a468:8241:17f9:1526:6a4d",,,,,,,,,,,,,,,,,,,,"00000002-0000-0ff1-ce00-000000000000",,,,,,,,"System.Object[]","1","System.Object[]","System.Object[]","9fc57536-e8d3-4117-8537-fc27bc714352","2600:1f18:5c9a:a468:8241:17f9:1526:6a4d","a51ff156-ec3f-4e93-88c0-f3afbda2ba19","1a854432-68b6-4357-8373-31983c7115cf","","System.Object[]","9fc57536-e8d3-4117-8537-fc27bc714352","de7d7402-70c8-4e5e-8a00-fa48659038c2","System.Object[]","0",
"gutierrez2@consolidatedmsgr.com","UserLoggedIn","15",,"2025-12-17T16:00:03","7918c1db-e88e-4d5d-8969-2a090f22114c","9fc57536-e8d3-4117-8537-fc27bc714352","Success","f9a62fe7-59eb-467a-848b-b0f4588e5386","0","1","AzureActiveDirectory","2600:1f18:5c9a:a468:8241:17f9:1526:6a4d",,,,,,,,,,,,,,,,,,,,"4765445b-32c6-49b0-83e6-1d93765276ca",,,,,,,,"System.Object[]","1","System.Object[]","System.Object[]","9fc57536-e8d3-4117-8537-fc27bc714352","2600:1f18:5c9a:a468:8241:17f9:1526:6a4d","f6c0fb41-5f5d-453e-855c-9013f39e9159","7918c1db-e88e-4d5d-8969-2a090f22114c","","System.Object[]","9fc57536-e8d3-4117-8537-fc27bc714352","4765445b-32c6-49b0-83e6-1d93765276ca","System.Object[]","0",
"gutierrez2@consolidatedmsgr.com","UserLoggedIn","15",,"2025-12-17T16:00:03","c61477fc-443d-4d62-87ff-ce300106e822","9fc57536-e8d3-4117-8537-fc27bc714352","Success","f9a62fe7-59eb-467a-848b-b0f4588e5386","0","1","AzureActiveDirectory","2600:1f18:5c9a:a468:8241:17f9:1526:6a4d",,,,,,,,,,,,,,,,,,,,"4765445b-32c6-49b0-83e6-1d93765276ca",,,,,,,,"System.Object[]","1","System.Object[]","System.Object[]","9fc57536-e8d3-4117-8537-fc27bc714352","2600:1f18:5c9a:a468:8241:17f9:1526:6a4d","f6c0fb41-5f5d-453e-855c-9013f39e9159","c61477fc-443d-4d62-87ff-ce300106e822","","System.Object[]","9fc57536-e8d3-4117-8537-fc27bc714352","4765445b-32c6-49b0-83e6-1d93765276ca","System.Object[]","0",
"gutierrez2@consolidatedmsgr.com","UserLoggedIn","15",,"2025-12-17T15:54:14","741ae117-a5d5-4191-8a21-f26b7d3567da","9fc57536-e8d3-4117-8537-fc27bc714352","Success","f9a62fe7-59eb-467a-848b-b0f4588e5386","0","1","AzureActiveDirectory","2a05:541:116:c8f:59a2:44ad:532f:ee3d",,,,,,,,,,,,,,,,,,,,"4765445b-32c6-49b0-83e6-1d93765276ca",,,,,,,,"System.Object[]","1","System.Object[]","System.Object[]","9fc57536-e8d3-4117-8537-fc27bc714352","2a05:541:116:c8f:59a2:44ad:532f:ee3d","97b7cd36-7696-4ab7-8a83-f66a2e70700c","741ae117-a5d5-4191-8a21-f26b7d3567da","","System.Object[]","9fc57536-e8d3-4117-8537-fc27bc714352","4765445b-32c6-49b0-83e6-1d93765276ca","System.Object[]","0",
"gutierrez2@consolidatedmsgr.com","UserLoggedIn","15",,"2025-12-17T15:54:13","c0ab4203-d45b-461f-8a34-0d87f24ee3b1","9fc57536-e8d3-4117-8537-fc27bc714352","Success","f9a62fe7-59eb-467a-848b-b0f4588e5386","0","1","AzureActiveDirectory","2a05:541:116:c8f:59a2:44ad:532f:ee3d",,,,,,,,,,,,,,,,,,,,"4765445b-32c6-49b0-83e6-1d93765276ca",,,,,,,,"System.Object[]","1","System.Object[]","System.Object[]","9fc57536-e8d3-4117-8537-fc27bc714352","2a05:541:116:c8f:59a2:44ad:532f:ee3d","97b7cd36-7696-4ab7-8a83-f66a2e70700c","c0ab4203-d45b-461f-8a34-0d87f24ee3b1","","System.Object[]","9fc57536-e8d3-4117-8537-fc27bc714352","4765445b-32c6-49b0-83e6-1d93765276ca","System.Object[]","50140",
"Not Available","UserLoggedIn","15",,"2025-12-17T15:54:13","16dbbc06-bd59-465c-86df-9c09d84f6bef","9fc57536-e8d3-4117-8537-fc27bc714352","Success","f9a62fe7-59eb-467a-848b-b0f4588e5386","4","1","AzureActiveDirectory","2a05:541:116:c8f:59a2:44ad:532f:ee3d",,,,,,,,,,,,,,,,,,,,"4765445b-32c6-49b0-83e6-1d93765276ca",,,,,,,,"System.Object[]","1","System.Object[]","System.Object[]","9fc57536-e8d3-4117-8537-fc27bc714352","2a05:541:116:c8f:59a2:44ad:532f:ee3d","97b7cd36-7696-4ab7-8a83-f66a2e70700c","16dbbc06-bd59-465c-86df-9c09d84f6bef","","System.Object[]","9fc57536-e8d3-4117-8537-fc27bc714352","4765445b-32c6-49b0-83e6-1d93765276ca","System.Object[]","0",
"Not Available","UserLoginFailed","15",,"2025-12-17T15:53:35","e5140773-2da6-460e-8865-2394d2378c0a","9fc57536-e8d3-4117-8537-fc27bc714352","Success","f9a62fe7-59eb-467a-848b-b0f4588e5386","4","1","AzureActiveDirectory","2a05:541:116:c8f:59a2:44ad:532f:ee3d",,,,,,,,,,,,,,,,,,,,"4765445b-32c6-49b0-83e6-1d93765276ca",,,,,,,,"System.Object[]","1","System.Object[]","System.Object[]","9fc57536-e8d3-4117-8537-fc27bc714352","2a05:541:116:c8f:59a2:44ad:532f:ee3d","97b7cd36-7696-4ab7-8a83-f66a2e70700c","e5140773-2da6-460e-8865-2394d2378c0a","","System.Object[]","9fc57536-e8d3-4117-8537-fc27bc714352","4765445b-32c6-49b0-83e6-1d93765276ca","System.Object[]","50074","UserStrongAuthClientAuthNRequiredInterrupt"
"gutierrez2@consolidatedmsgr.com","UserLoginFailed","15",,"2025-12-17T15:53:28","802d402f-70de-4de0-8f2a-24d7750ba4f4","9fc57536-e8d3-4117-8537-fc27bc714352","Success","f9a62fe7-59eb-467a-848b-b0f4588e5386","0","1","AzureActiveDirectory","2a05:541:116:c8f:59a2:44ad:532f:ee3d",,,,,,,,,,,,,,,,,,,,"4765445b-32c6-49b0-83e6-1d93765276ca",,,,,,,,"System.Object[]","1","System.Object[]","System.Object[]","9fc57536-e8d3-4117-8537-fc27bc714352","2a05:541:116:c8f:59a2:44ad:532f:ee3d","97b7cd36-7696-4ab7-8a83-f66a2e70700c","802d402f-70de-4de0-8f2a-24d7750ba4f4","","System.Object[]","9fc57536-e8d3-4117-8537-fc27bc714352","4765445b-32c6-49b0-83e6-1d93765276ca","System.Object[]","50074","UserStrongAuthClientAuthNRequiredInterrupt"
"gutierrez2@consolidatedmsgr.com","UserLoginFailed","15",,"2025-12-16T23:28:47","798eb823-ca85-4e69-81ea-5c3ca02a7225","9fc57536-e8d3-4117-8537-fc27bc714352","Success","f9a62fe7-59eb-467a-848b-b0f4588e5386","0","1","AzureActiveDirectory","212.18.104.119",,,,,,,,,,,,,,,,,,,,"4765445b-32c6-49b0-83e6-1d93765276ca",,,,,,,,"System.Object[]","1","System.Object[]","System.Object[]","9fc57536-e8d3-4117-8537-fc27bc714352","212.18.104.119","9e18a6ed-f931-4f90-84df-7c3485983484","798eb823-ca85-4e69-81ea-5c3ca02a7225","","System.Object[]","9fc57536-e8d3-4117-8537-fc27bc714352","4765445b-32c6-49b0-83e6-1d93765276ca","System.Object[]","50133","SsoArtifactRevoked"
