Usable app credentials present (source: MailAppInfo.json). Skipping interactive Microsoft Graph sign-in - no provisioning permissions required for this run.
Search-MailboxMessage started on PROTEUS by PROTEUS\Bitpusher at  [2026-07-31 20:38:06]
Setting process priority to "Normal"
Domain/Messages sub-directory does not exist. Sub-directory "waverly - log collection\Messages_20260731203806" will be created.
Domain/Messages sub-directory will be "waverly - log collection\Messages_20260731203806"

Searching ALL mailboxes requires a Microsoft Graph connection to enumerate users. Connecting with read-only scopes...

Will attempt to search ALL licensed mailboxes for each query. This could take a long time...

List of licensed users on tenant:

DisplayName       UserPrincipalName                 Id
-----------       -----------------                 --
Adele Vance       AdeleV@854jpt.onmicrosoft.com     401c6ceb-1ad3-4ed6-939c-30e8be603cd0
Alex Wilber       AlexW@854jpt.onmicrosoft.com      22bd2808-791f-4374-a752-a8bdf7b2eae9
Vince V           bitpusher@854jpt.onmicrosoft.com  2da85e45-0c0e-4f90-8587-f770888de158
Diego Siciliani   DiegoS@854jpt.onmicrosoft.com     c561afd8-dc7e-4684-b3d2-95f9a71db908
Grady Archie      GradyA@854jpt.onmicrosoft.com     fabcead3-aa74-4cc3-b954-f4b356165141
Henrietta Mueller HenriettaM@854jpt.onmicrosoft.com ae5f28c3-0f3a-4e8a-a456-0380be54c4cd
Isaiah Langer     IsaiahL@854jpt.onmicrosoft.com    555efafb-9987-4801-a960-9c0f0ed52894
Johanna Lorenz    JohannaL@854jpt.onmicrosoft.com   877cf08d-68bf-4fbc-beb1-d46c26092f40
Joni Sherman      JoniS@854jpt.onmicrosoft.com      e9f32a80-3fd0-4ac1-af20-87b67cce4963
Lee Gu            LeeG@854jpt.onmicrosoft.com       a6628d6a-2493-43f1-970d-665e45b2e6d5
Lidia Holloway    LidiaH@854jpt.onmicrosoft.com     d3b524b7-c937-4bbe-bde6-e2600b42ffd1
Lynne Robbins     LynneR@854jpt.onmicrosoft.com     ecd9e1c8-d1b6-400f-904b-ec3e4a2e44f8
Megan Bowen       MeganB@854jpt.onmicrosoft.com     564f1fd5-3958-4cd9-9637-7520be1ffab0
Miriam Graham     MiriamG@854jpt.onmicrosoft.com    7989d942-4837-43e6-8fa4-f790acd7ada7
Nestor Wilke      NestorW@854jpt.onmicrosoft.com    1edb547f-2eba-4be0-b325-fe5f8509aac4
Patti Fernandez   PattiF@854jpt.onmicrosoft.com     1bd04873-b0e9-4e06-b762-ef4f65f724c9
Pradeep Gupta     PradeepG@854jpt.onmicrosoft.com   33a120c1-a818-4fd7-8045-c6a29a2bc165


There are 17 licensed users on tenant.

First entry of query list:
<0dddd476-0968-458b-9566-47d1895ab012@BN3PEPF0000B371.namprd21.prod.outlook.com>

Query list is 70 items long...

Searching for <0dddd476-0968-458b-9566-47d1895ab012@BN3PEPF0000B371.namprd21.prod.outlook.com> in AdeleV@854jpt.onmicrosoft.com...
<0dddd476-0968-458b-9566-47d1895ab012@BN3PEPF0000B371.namprd21.prod.outlook.com> not found in AdeleV@854jpt.onmicrosoft.com.

Searching for <7dbf7de7-1d4e-4a65-868d-e42cb17b7351@MN1PEPF0000F0E3.namprd04.prod.outlook.com> in AdeleV@854jpt.onmicrosoft.com...
<7dbf7de7-1d4e-4a65-868d-e42cb17b7351@MN1PEPF0000F0E3.namprd04.prod.outlook.com> not found in AdeleV@854jpt.onmicrosoft.com.

Searching for <c7d763b3-b849-4f29-ae16-6d3de954e831@854jpt.onmicrosoft.com> in AdeleV@854jpt.onmicrosoft.com...
Message found. Parsing metadata & attempting to retrieving message content...
Message message content retrieved.

Searching for <e009bdbc-b8e8-4d74-bd24-f6efc41483f6@854jpt.onmicrosoft.com> in AdeleV@854jpt.onmicrosoft.com...
<e009bdbc-b8e8-4d74-bd24-f6efc41483f6@854jpt.onmicrosoft.com> not found in AdeleV@854jpt.onmicrosoft.com.

Searching for <8fe2b886-7eff-4258-9d90-7b497ce67e93@854jpt.onmicrosoft.com> in AdeleV@854jpt.onmicrosoft.com...
<8fe2b886-7eff-4258-9d90-7b497ce67e93@854jpt.onmicrosoft.com> not found in AdeleV@854jpt.onmicrosoft.com.

Searching for <5b22b6a3-fde1-43bf-a6c7-33fa82b671d9@854jpt.onmicrosoft.com> in AdeleV@854jpt.onmicrosoft.com...
<5b22b6a3-fde1-43bf-a6c7-33fa82b671d9@854jpt.onmicrosoft.com> not found in AdeleV@854jpt.onmicrosoft.com.

Searching for <7ed1b6bf-2b7d-43f6-ac0d-c259cbc4ba96@854jpt.onmicrosoft.com> in AdeleV@854jpt.onmicrosoft.com...
<7ed1b6bf-2b7d-43f6-ac0d-c259cbc4ba96@854jpt.onmicrosoft.com> not found in AdeleV@854jpt.onmicrosoft.com.

Searching for <a6f633b5-ed16-4d31-8616-519b69b32c7d@854jpt.onmicrosoft.com> in AdeleV@854jpt.onmicrosoft.com...
<a6f633b5-ed16-4d31-8616-519b69b32c7d@854jpt.onmicrosoft.com> not found in AdeleV@854jpt.onmicrosoft.com.

Searching for <4def848f-7dd9-4410-aa7a-003041712583@854jpt.onmicrosoft.com> in AdeleV@854jpt.onmicrosoft.com...
<4def848f-7dd9-4410-aa7a-003041712583@854jpt.onmicrosoft.com> not found in AdeleV@854jpt.onmicrosoft.com.

Searching for <477cb28e-1fd3-474e-aacf-c9c09c547363@854jpt.onmicrosoft.com> in AdeleV@854jpt.onmicrosoft.com...
Message found. Parsing metadata & attempting to retrieving message content...
Message message content retrieved.

Searching for <2e87a629-c2f4-4fc4-af41-f8f29bc9cc1b@854jpt.onmicrosoft.com> in AdeleV@854jpt.onmicrosoft.com...
Message found. Parsing metadata & attempting to retrieving message content...
Message message content retrieved.

Searching for <45fda60d-ef62-4dd7-89f5-2bd9261ffff2@854jpt.onmicrosoft.com> in AdeleV@854jpt.onmicrosoft.com...
Message found. Parsing metadata & attempting to retrieving message content...
Message message content retrieved.

Searching for <45fda60d-ef62-4dd7-89f5-2bd9261ffff2@854jpt.onmicrosoft.com> in AdeleV@854jpt.onmicrosoft.com...
Message found. Parsing metadata & attempting to retrieving message content...
Message message content retrieved.

Searching for <dc562fd6-29b1-4911-9796-a05ca634fef0@854jpt.onmicrosoft.com> in AdeleV@854jpt.onmicrosoft.com...
Message found. Parsing metadata & attempting to retrieving message content...
Message message content retrieved.

Searching for <4f67c8e6-535a-43d4-b8a4-5cd6a7bcb994@854jpt.onmicrosoft.com> in AdeleV@854jpt.onmicrosoft.com...
<4f67c8e6-535a-43d4-b8a4-5cd6a7bcb994@854jpt.onmicrosoft.com> not found in AdeleV@854jpt.onmicrosoft.com.

Searching for <477cb28e-1fd3-474e-aacf-c9c09c547363@854jpt.onmicrosoft.com> in AdeleV@854jpt.onmicrosoft.com...
Message found. Parsing metadata & attempting to retrieving message content...
Message message content retrieved.

Searching for <05712de0-a22f-4471-8c0b-1a9c5627937d@854jpt.onmicrosoft.com> in AdeleV@854jpt.onmicrosoft.com...
Message found. Parsing metadata & attempting to retrieving message content...
Message message content retrieved.

Searching for <9fb6d025-fbb7-45e9-a351-5368d67d225c@854jpt.onmicrosoft.com> in AdeleV@854jpt.onmicrosoft.com...
Message found. Parsing metadata & attempting to retrieving message content...
Message message content retrieved.

Searching for <8d822f3a-9e8f-4757-ac80-2f400c70a139@854jpt.onmicrosoft.com> in AdeleV@854jpt.onmicrosoft.com...
<8d822f3a-9e8f-4757-ac80-2f400c70a139@854jpt.onmicrosoft.com> not found in AdeleV@854jpt.onmicrosoft.com.

Searching for <9c77b403-12db-42c6-b8e8-ec5100720cab@854jpt.onmicrosoft.com> in AdeleV@854jpt.onmicrosoft.com...
<9c77b403-12db-42c6-b8e8-ec5100720cab@854jpt.onmicrosoft.com> not found in AdeleV@854jpt.onmicrosoft.com.

Searching for <d80de07c-9588-4d70-82e1-24210566ad83@854jpt.onmicrosoft.com> in AdeleV@854jpt.onmicrosoft.com...
<d80de07c-9588-4d70-82e1-24210566ad83@854jpt.onmicrosoft.com> not found in AdeleV@854jpt.onmicrosoft.com.

Searching for <9c888c6e-c7ea-4691-8917-1a6cf33c9e8c@854jpt.onmicrosoft.com> in AdeleV@854jpt.onmicrosoft.com...
<9c888c6e-c7ea-4691-8917-1a6cf33c9e8c@854jpt.onmicrosoft.com> not found in AdeleV@854jpt.onmicrosoft.com.

Searching for <a2ab3c98-a8d7-448c-b13d-d659e3cdd149@854jpt.onmicrosoft.com> in AdeleV@854jpt.onmicrosoft.com...
Message found. Parsing metadata & attempting to retrieving message content...
Message message content retrieved.

Searching for <0dda4e20-4659-4856-acd1-5c28622ea42a@854jpt.onmicrosoft.com> in AdeleV@854jpt.onmicrosoft.com...
<0dda4e20-4659-4856-acd1-5c28622ea42a@854jpt.onmicrosoft.com> not found in AdeleV@854jpt.onmicrosoft.com.

Searching for <709c7ff2-9902-42c2-b3fc-f850081baa78@854jpt.onmicrosoft.com> in AdeleV@854jpt.onmicrosoft.com...
<709c7ff2-9902-42c2-b3fc-f850081baa78@854jpt.onmicrosoft.com> not found in AdeleV@854jpt.onmicrosoft.com.

Searching for <73fac190-309d-4c26-be14-279f91581e32@854jpt.onmicrosoft.com> in AdeleV@854jpt.onmicrosoft.com...
<73fac190-309d-4c26-be14-279f91581e32@854jpt.onmicrosoft.com> not found in AdeleV@854jpt.onmicrosoft.com.

Searching for <8fe2b886-7eff-4258-9d90-7b497ce67e93@854jpt.onmicrosoft.com> in AdeleV@854jpt.onmicrosoft.com...
<8fe2b886-7eff-4258-9d90-7b497ce67e93@854jpt.onmicrosoft.com> not found in AdeleV@854jpt.onmicrosoft.com.

Searching for <2377068c-9d63-44e3-a2a6-708f5aed8204@854jpt.onmicrosoft.com> in AdeleV@854jpt.onmicrosoft.com...
Message found. Parsing metadata & attempting to retrieving message content...
Message message content retrieved.

Searching for <7405f919-5796-431d-a0d8-2a671c543905@854jpt.onmicrosoft.com> in AdeleV@854jpt.onmicrosoft.com...
Message found. Parsing metadata & attempting to retrieving message content...
Message message content retrieved.

Searching for <2e87a629-c2f4-4fc4-af41-f8f29bc9cc1b@854jpt.onmicrosoft.com> in AdeleV@854jpt.onmicrosoft.com...
Message found. Parsing metadata & attempting to retrieving message content...
Message message content retrieved.

Searching for <ac1723d3-6359-4021-ae5a-fc08febd9fdb@854jpt.onmicrosoft.com> in AdeleV@854jpt.onmicrosoft.com...
Message found. Parsing metadata & attempting to retrieving message content...
Message message content retrieved.

Searching for <2eb53355-095a-4b91-a87d-e5cb2520f59d@854jpt.onmicrosoft.com> in AdeleV@854jpt.onmicrosoft.com...
Message found. Parsing metadata & attempting to retrieving message content...
Message message content retrieved.

Searching for <cd74de49-232f-49d6-aac1-3d31025def48@854jpt.onmicrosoft.com> in AdeleV@854jpt.onmicrosoft.com...
Message found. Parsing metadata & attempting to retrieving message content...
Message message content retrieved.

Searching for <7405f919-5796-431d-a0d8-2a671c543905@854jpt.onmicrosoft.com> in AdeleV@854jpt.onmicrosoft.com...
Message found. Parsing metadata & attempting to retrieving message content...
Message message content retrieved.

Searching for <2377068c-9d63-44e3-a2a6-708f5aed8204@854jpt.onmicrosoft.com> in AdeleV@854jpt.onmicrosoft.com...
Message found. Parsing metadata & attempting to retrieving message content...
Message message content retrieved.

Searching for <2e87a629-c2f4-4fc4-af41-f8f29bc9cc1b@854jpt.onmicrosoft.com> in AdeleV@854jpt.onmicrosoft.com...
Message found. Parsing metadata & attempting to retrieving message content...
Message message content retrieved.

Searching for <BY5PR10MB3746E1F0FD0539E21C052071A7CF2@BY5PR10MB3746.namprd10.prod.outlook.com> in AdeleV@854jpt.onmicrosoft.com...
Message found. Parsing metadata & attempting to retrieving message content...
Message message content retrieved.

Searching for <ae34161f-f8a6-4be2-8558-8d2b6c401ca3@MN1PEPF0000F0E3.namprd04.prod.outlook.com> in AdeleV@854jpt.onmicrosoft.com...
<ae34161f-f8a6-4be2-8558-8d2b6c401ca3@MN1PEPF0000F0E3.namprd04.prod.outlook.com> not found in AdeleV@854jpt.onmicrosoft.com.

Searching for <c7d763b3-b849-4f29-ae16-6d3de954e831@854jpt.onmicrosoft.com> in AdeleV@854jpt.onmicrosoft.com...
Message found. Parsing metadata & attempting to retrieving message content...
Message message content retrieved.

Searching for <0d96379d-d2d5-4e52-b323-3829231229ea@854jpt.onmicrosoft.com> in AdeleV@854jpt.onmicrosoft.com...
<0d96379d-d2d5-4e52-b323-3829231229ea@854jpt.onmicrosoft.com> not found in AdeleV@854jpt.onmicrosoft.com.

Searching for <d9dda4b9-f6c8-459c-a337-aea02ef775a3@854jpt.onmicrosoft.com> in AdeleV@854jpt.onmicrosoft.com...
<d9dda4b9-f6c8-459c-a337-aea02ef775a3@854jpt.onmicrosoft.com> not found in AdeleV@854jpt.onmicrosoft.com.

Searching for <1df67f41-130a-4137-b0be-0a8f07e84631@854jpt.onmicrosoft.com> in AdeleV@854jpt.onmicrosoft.com...
<1df67f41-130a-4137-b0be-0a8f07e84631@854jpt.onmicrosoft.com> not found in AdeleV@854jpt.onmicrosoft.com.

Searching for <467dc11e-ca38-496d-9f7f-4d55812afa64@854jpt.onmicrosoft.com> in AdeleV@854jpt.onmicrosoft.com...
<467dc11e-ca38-496d-9f7f-4d55812afa64@854jpt.onmicrosoft.com> not found in AdeleV@854jpt.onmicrosoft.com.

Searching for <85496e96-33f0-4709-8410-55b3e99d403f@854jpt.onmicrosoft.com> in AdeleV@854jpt.onmicrosoft.com...
<85496e96-33f0-4709-8410-55b3e99d403f@854jpt.onmicrosoft.com> not found in AdeleV@854jpt.onmicrosoft.com.

Searching for <3121cb0d-054e-4acb-92a7-c133833aef29@854jpt.onmicrosoft.com> in AdeleV@854jpt.onmicrosoft.com...
Message found. Parsing metadata & attempting to retrieving message content...
Message message content retrieved.

Searching for <0b63639a-b028-4bc7-ad24-ae17acd3fcb7@854jpt.onmicrosoft.com> in AdeleV@854jpt.onmicrosoft.com...
<0b63639a-b028-4bc7-ad24-ae17acd3fcb7@854jpt.onmicrosoft.com> not found in AdeleV@854jpt.onmicrosoft.com.

Searching for <4990c53c-4140-41bf-a461-7f8b1cf8f690@854jpt.onmicrosoft.com> in AdeleV@854jpt.onmicrosoft.com...
<4990c53c-4140-41bf-a461-7f8b1cf8f690@854jpt.onmicrosoft.com> not found in AdeleV@854jpt.onmicrosoft.com.

Searching for <b8fc7c22-857b-4e72-ba6a-dc44998d67d7@854jpt.onmicrosoft.com> in AdeleV@854jpt.onmicrosoft.com...
Message found. Parsing metadata & attempting to retrieving message content...
Message message content retrieved.

Searching for <c2c2ab9e-3b37-446e-9f18-b1b5f06e313b@854jpt.onmicrosoft.com> in AdeleV@854jpt.onmicrosoft.com...
Message found. Parsing metadata & attempting to retrieving message content...
Message message content retrieved.

Searching for <BY5PR10MB3746CDC7ACFA92EDF49C3F7FA7CF2@BY5PR10MB3746.namprd10.prod.outlook.com> in AdeleV@854jpt.onmicrosoft.com...
<BY5PR10MB3746CDC7ACFA92EDF49C3F7FA7CF2@BY5PR10MB3746.namprd10.prod.outlook.com> not found in AdeleV@854jpt.onmicrosoft.com.

Searching for <c34389f0-d4e5-4864-b70d-ba55bab08830@854jpt.onmicrosoft.com> in AdeleV@854jpt.onmicrosoft.com...
<c34389f0-d4e5-4864-b70d-ba55bab08830@854jpt.onmicrosoft.com> not found in AdeleV@854jpt.onmicrosoft.com.

Searching for <ce7744b8-765f-4e2f-b137-5f09c2e31605@854jpt.onmicrosoft.com> in AdeleV@854jpt.onmicrosoft.com...
<ce7744b8-765f-4e2f-b137-5f09c2e31605@854jpt.onmicrosoft.com> not found in AdeleV@854jpt.onmicrosoft.com.

Searching for <9dfca31f-f976-46b2-90b0-df9fbb9db50a@854jpt.onmicrosoft.com> in AdeleV@854jpt.onmicrosoft.com...
<9dfca31f-f976-46b2-90b0-df9fbb9db50a@854jpt.onmicrosoft.com> not found in AdeleV@854jpt.onmicrosoft.com.

Searching for <5fb45624-eba5-4c20-ba44-99b051161889@854jpt.onmicrosoft.com> in AdeleV@854jpt.onmicrosoft.com...
<5fb45624-eba5-4c20-ba44-99b051161889@854jpt.onmicrosoft.com> not found in AdeleV@854jpt.onmicrosoft.com.

Searching for <da56d96c-8bdf-4a60-a21c-26d10fef6a07@854jpt.onmicrosoft.com> in AdeleV@854jpt.onmicrosoft.com...
<da56d96c-8bdf-4a60-a21c-26d10fef6a07@854jpt.onmicrosoft.com> not found in AdeleV@854jpt.onmicrosoft.com.

Searching for <d31463a9-dd3a-4643-9bb2-f21b4a1327e5@854jpt.onmicrosoft.com> in AdeleV@854jpt.onmicrosoft.com...
Message found. Parsing metadata & attempting to retrieving message content...
Message message content retrieved.

Searching for <832cf089-17b2-4abd-a5da-415a370e0054@854jpt.onmicrosoft.com> in AdeleV@854jpt.onmicrosoft.com...
Message found. Parsing metadata & attempting to retrieving message content...
Message message content retrieved.

Searching for <3b48bba2-2d97-4c4d-bcb4-3a7a96eb2123@854jpt.onmicrosoft.com> in AdeleV@854jpt.onmicrosoft.com...
<3b48bba2-2d97-4c4d-bcb4-3a7a96eb2123@854jpt.onmicrosoft.com> not found in AdeleV@854jpt.onmicrosoft.com.

Searching for <ba6c0611-a201-438a-89a9-43f3cdb5f76d@BN3PEPF0000B371.namprd21.prod.outlook.com> in AdeleV@854jpt.onmicrosoft.com...
<ba6c0611-a201-438a-89a9-43f3cdb5f76d@BN3PEPF0000B371.namprd21.prod.outlook.com> not found in AdeleV@854jpt.onmicrosoft.com.

Searching for <dc562fd6-29b1-4911-9796-a05ca634fef0@854jpt.onmicrosoft.com> in AdeleV@854jpt.onmicrosoft.com...
Message found. Parsing metadata & attempting to retrieving message content...
Message message content retrieved.

Searching for <dc562fd6-29b1-4911-9796-a05ca634fef0@854jpt.onmicrosoft.com> in AdeleV@854jpt.onmicrosoft.com...
Message found. Parsing metadata & attempting to retrieving message content...
Message message content retrieved.

Searching for <BY5PR10MB37463FDDD74C54B81F7E1387A7CF2@BY5PR10MB3746.namprd10.prod.outlook.com> in AdeleV@854jpt.onmicrosoft.com...
<BY5PR10MB37463FDDD74C54B81F7E1387A7CF2@BY5PR10MB3746.namprd10.prod.outlook.com> not found in AdeleV@854jpt.onmicrosoft.com.

Searching for <ed45d007-d316-492f-a265-09475d5d2f9a@854jpt.onmicrosoft.com> in AdeleV@854jpt.onmicrosoft.com...
Message found. Parsing metadata & attempting to retrieving message content...
Message message content retrieved.

Searching for <4f8ea0d9-73fa-419f-98c4-b98bec8cc268@854jpt.onmicrosoft.com> in AdeleV@854jpt.onmicrosoft.com...
<4f8ea0d9-73fa-419f-98c4-b98bec8cc268@854jpt.onmicrosoft.com> not found in AdeleV@854jpt.onmicrosoft.com.

Searching for <fd855e73-6520-4322-957e-b8ca1d433cad@854jpt.onmicrosoft.com> in AdeleV@854jpt.onmicrosoft.com...
<fd855e73-6520-4322-957e-b8ca1d433cad@854jpt.onmicrosoft.com> not found in AdeleV@854jpt.onmicrosoft.com.

Searching for <d6e5fef3-6e06-4066-ad5a-b3e01d13220c@854jpt.onmicrosoft.com> in AdeleV@854jpt.onmicrosoft.com...
Message found. Parsing metadata & attempting to retrieving message content...
Message message content retrieved.

Searching for <8785474b-c073-4745-8d23-e64e8bdba359@854jpt.onmicrosoft.com> in AdeleV@854jpt.onmicrosoft.com...
<8785474b-c073-4745-8d23-e64e8bdba359@854jpt.onmicrosoft.com> not found in AdeleV@854jpt.onmicrosoft.com.

Searching for <070472c8-c203-4fbb-b570-7753c4a7e586@854jpt.onmicrosoft.com> in AdeleV@854jpt.onmicrosoft.com...
<070472c8-c203-4fbb-b570-7753c4a7e586@854jpt.onmicrosoft.com> not found in AdeleV@854jpt.onmicrosoft.com.

Searching for <d057e741-ae7f-463f-abe8-a9a2ab1e29ac@854jpt.onmicrosoft.com> in AdeleV@854jpt.onmicrosoft.com...
<d057e741-ae7f-463f-abe8-a9a2ab1e29ac@854jpt.onmicrosoft.com> not found in AdeleV@854jpt.onmicrosoft.com.

Searching for <fa22c69f-c94b-4fa6-81f7-be48328f061c@854jpt.onmicrosoft.com> in AdeleV@854jpt.onmicrosoft.com...
<fa22c69f-c94b-4fa6-81f7-be48328f061c@854jpt.onmicrosoft.com> not found in AdeleV@854jpt.onmicrosoft.com.

Searching for <0dddd476-0968-458b-9566-47d1895ab012@BN3PEPF0000B371.namprd21.prod.outlook.com> in AlexW@854jpt.onmicrosoft.com...
<0dddd476-0968-458b-9566-47d1895ab012@BN3PEPF0000B371.namprd21.prod.outlook.com> not found in AlexW@854jpt.onmicrosoft.com.

Searching for <7dbf7de7-1d4e-4a65-868d-e42cb17b7351@MN1PEPF0000F0E3.namprd04.prod.outlook.com> in AlexW@854jpt.onmicrosoft.com...
<7dbf7de7-1d4e-4a65-868d-e42cb17b7351@MN1PEPF0000F0E3.namprd04.prod.outlook.com> not found in AlexW@854jpt.onmicrosoft.com.

Searching for <c7d763b3-b849-4f29-ae16-6d3de954e831@854jpt.onmicrosoft.com> in AlexW@854jpt.onmicrosoft.com...
Message found. Parsing metadata & attempting to retrieving message content...
Message message content retrieved.

Searching for <e009bdbc-b8e8-4d74-bd24-f6efc41483f6@854jpt.onmicrosoft.com> in AlexW@854jpt.onmicrosoft.com...
Message found. Parsing metadata & attempting to retrieving message content...
Message message content retrieved.

Searching for <8fe2b886-7eff-4258-9d90-7b497ce67e93@854jpt.onmicrosoft.com> in AlexW@854jpt.onmicrosoft.com...
Message found. Parsing metadata & attempting to retrieving message content...
Message message content retrieved.

Searching for <5b22b6a3-fde1-43bf-a6c7-33fa82b671d9@854jpt.onmicrosoft.com> in AlexW@854jpt.onmicrosoft.com...
Message found. Parsing metadata & attempting to retrieving message content...
Message message content retrieved.

Searching for <7ed1b6bf-2b7d-43f6-ac0d-c259cbc4ba96@854jpt.onmicrosoft.com> in AlexW@854jpt.onmicrosoft.com...
Message found. Parsing metadata & attempting to retrieving message content...
Message message content retrieved.

Searching for <a6f633b5-ed16-4d31-8616-519b69b32c7d@854jpt.onmicrosoft.com> in AlexW@854jpt.onmicrosoft.com...
<a6f633b5-ed16-4d31-8616-519b69b32c7d@854jpt.onmicrosoft.com> not found in AlexW@854jpt.onmicrosoft.com.

Searching for <4def848f-7dd9-4410-aa7a-003041712583@854jpt.onmicrosoft.com> in AlexW@854jpt.onmicrosoft.com...
Message found. Parsing metadata & attempting to retrieving message content...
Message message content retrieved.

Searching for <477cb28e-1fd3-474e-aacf-c9c09c547363@854jpt.onmicrosoft.com> in AlexW@854jpt.onmicrosoft.com...
Message found. Parsing metadata & attempting to retrieving message content...
Message message content retrieved.

Searching for <2e87a629-c2f4-4fc4-af41-f8f29bc9cc1b@854jpt.onmicrosoft.com> in AlexW@854jpt.onmicrosoft.com...
Message found. Parsing metadata & attempting to retrieving message content...
Message message content retrieved.

Searching for <45fda60d-ef62-4dd7-89f5-2bd9261ffff2@854jpt.onmicrosoft.com> in AlexW@854jpt.onmicrosoft.com...
<45fda60d-ef62-4dd7-89f5-2bd9261ffff2@854jpt.onmicrosoft.com> not found in AlexW@854jpt.onmicrosoft.com.

Searching for <45fda60d-ef62-4dd7-89f5-2bd9261ffff2@854jpt.onmicrosoft.com> in AlexW@854jpt.onmicrosoft.com...
<45fda60d-ef62-4dd7-89f5-2bd9261ffff2@854jpt.onmicrosoft.com> not found in AlexW@854jpt.onmicrosoft.com.

Searching for <dc562fd6-29b1-4911-9796-a05ca634fef0@854jpt.onmicrosoft.com> in AlexW@854jpt.onmicrosoft.com...
<dc562fd6-29b1-4911-9796-a05ca634fef0@854jpt.onmicrosoft.com> not found in AlexW@854jpt.onmicrosoft.com.

Searching for <4f67c8e6-535a-43d4-b8a4-5cd6a7bcb994@854jpt.onmicrosoft.com> in AlexW@854jpt.onmicrosoft.com...
Message found. Parsing metadata & attempting to retrieving message content...
Message message content retrieved.

Searching for <477cb28e-1fd3-474e-aacf-c9c09c547363@854jpt.onmicrosoft.com> in AlexW@854jpt.onmicrosoft.com...
Message found. Parsing metadata & attempting to retrieving message content...
Message message content retrieved.

Searching for <05712de0-a22f-4471-8c0b-1a9c5627937d@854jpt.onmicrosoft.com> in AlexW@854jpt.onmicrosoft.com...
<05712de0-a22f-4471-8c0b-1a9c5627937d@854jpt.onmicrosoft.com> not found in AlexW@854jpt.onmicrosoft.com.

Searching for <9fb6d025-fbb7-45e9-a351-5368d67d225c@854jpt.onmicrosoft.com> in AlexW@854jpt.onmicrosoft.com...
<9fb6d025-fbb7-45e9-a351-5368d67d225c@854jpt.onmicrosoft.com> not found in AlexW@854jpt.onmicrosoft.com.

Searching for <8d822f3a-9e8f-4757-ac80-2f400c70a139@854jpt.onmicrosoft.com> in AlexW@854jpt.onmicrosoft.com...
<8d822f3a-9e8f-4757-ac80-2f400c70a139@854jpt.onmicrosoft.com> not found in AlexW@854jpt.onmicrosoft.com.

Searching for <9c77b403-12db-42c6-b8e8-ec5100720cab@854jpt.onmicrosoft.com> in AlexW@854jpt.onmicrosoft.com...
<9c77b403-12db-42c6-b8e8-ec5100720cab@854jpt.onmicrosoft.com> not found in AlexW@854jpt.onmicrosoft.com.

Searching for <d80de07c-9588-4d70-82e1-24210566ad83@854jpt.onmicrosoft.com> in AlexW@854jpt.onmicrosoft.com...
<d80de07c-9588-4d70-82e1-24210566ad83@854jpt.onmicrosoft.com> not found in AlexW@854jpt.onmicrosoft.com.

Searching for <9c888c6e-c7ea-4691-8917-1a6cf33c9e8c@854jpt.onmicrosoft.com> in AlexW@854jpt.onmicrosoft.com...
<9c888c6e-c7ea-4691-8917-1a6cf33c9e8c@854jpt.onmicrosoft.com> not found in AlexW@854jpt.onmicrosoft.com.

Searching for <a2ab3c98-a8d7-448c-b13d-d659e3cdd149@854jpt.onmicrosoft.com> in AlexW@854jpt.onmicrosoft.com...
<a2ab3c98-a8d7-448c-b13d-d659e3cdd149@854jpt.onmicrosoft.com> not found in AlexW@854jpt.onmicrosoft.com.

Searching for <0dda4e20-4659-4856-acd1-5c28622ea42a@854jpt.onmicrosoft.com> in AlexW@854jpt.onmicrosoft.com...
Message found. Parsing metadata & attempting to retrieving message content...
Message message content retrieved.

Searching for <709c7ff2-9902-42c2-b3fc-f850081baa78@854jpt.onmicrosoft.com> in AlexW@854jpt.onmicrosoft.com...
<709c7ff2-9902-42c2-b3fc-f850081baa78@854jpt.onmicrosoft.com> not found in AlexW@854jpt.onmicrosoft.com.

Searching for <73fac190-309d-4c26-be14-279f91581e32@854jpt.onmicrosoft.com> in AlexW@854jpt.onmicrosoft.com...
Message found. Parsing metadata & attempting to retrieving message content...
Message message content retrieved.

Searching for <8fe2b886-7eff-4258-9d90-7b497ce67e93@854jpt.onmicrosoft.com> in AlexW@854jpt.onmicrosoft.com...
Message found. Parsing metadata & attempting to retrieving message content...
Message message content retrieved.

Searching for <2377068c-9d63-44e3-a2a6-708f5aed8204@854jpt.onmicrosoft.com> in AlexW@854jpt.onmicrosoft.com...
Message found. Parsing metadata & attempting to retrieving message content...
Message message content retrieved.

Searching for <7405f919-5796-431d-a0d8-2a671c543905@854jpt.onmicrosoft.com> in AlexW@854jpt.onmicrosoft.com...
Message found. Parsing metadata & attempting to retrieving message content...
Message message content retrieved.

Searching for <2e87a629-c2f4-4fc4-af41-f8f29bc9cc1b@854jpt.onmicrosoft.com> in AlexW@854jpt.onmicrosoft.com...
Message found. Parsing metadata & attempting to retrieving message content...
Message message content retrieved.

Searching for <ac1723d3-6359-4021-ae5a-fc08febd9fdb@854jpt.onmicrosoft.com> in AlexW@854jpt.onmicrosoft.com...
Message found. Parsing metadata & attempting to retrieving message content...
Message message content retrieved.

Searching for <2eb53355-095a-4b91-a87d-e5cb2520f59d@854jpt.onmicrosoft.com> in AlexW@854jpt.onmicrosoft.com...
Message found. Parsing metadata & attempting to retrieving message content...
Message message content retrieved.

Searching for <cd74de49-232f-49d6-aac1-3d31025def48@854jpt.onmicrosoft.com> in AlexW@854jpt.onmicrosoft.com...
Message found. Parsing metadata & attempting to retrieving message content...
Message message content retrieved.

Searching for <7405f919-5796-431d-a0d8-2a671c543905@854jpt.onmicrosoft.com> in AlexW@854jpt.onmicrosoft.com...
Message found. Parsing metadata & attempting to retrieving message content...
Message message content retrieved.

Searching for <2377068c-9d63-44e3-a2a6-708f5aed8204@854jpt.onmicrosoft.com> in AlexW@854jpt.onmicrosoft.com...
Message found. Parsing metadata & attempting to retrieving message content...
Message message content retrieved.

Searching for <2e87a629-c2f4-4fc4-af41-f8f29bc9cc1b@854jpt.onmicrosoft.com> in AlexW@854jpt.onmicrosoft.com...
Message found. Parsing metadata & attempting to retrieving message content...
Message message content retrieved.

Searching for <BY5PR10MB3746E1F0FD0539E21C052071A7CF2@BY5PR10MB3746.namprd10.prod.outlook.com> in AlexW@854jpt.onmicrosoft.com...
<BY5PR10MB3746E1F0FD0539E21C052071A7CF2@BY5PR10MB3746.namprd10.prod.outlook.com> not found in AlexW@854jpt.onmicrosoft.com.

Searching for <ae34161f-f8a6-4be2-8558-8d2b6c401ca3@MN1PEPF0000F0E3.namprd04.prod.outlook.com> in AlexW@854jpt.onmicrosoft.com...
<ae34161f-f8a6-4be2-8558-8d2b6c401ca3@MN1PEPF0000F0E3.namprd04.prod.outlook.com> not found in AlexW@854jpt.onmicrosoft.com.

Searching for <c7d763b3-b849-4f29-ae16-6d3de954e831@854jpt.onmicrosoft.com> in AlexW@854jpt.onmicrosoft.com...
Message found. Parsing metadata & attempting to retrieving message content...
Message message content retrieved.

Searching for <0d96379d-d2d5-4e52-b323-3829231229ea@854jpt.onmicrosoft.com> in AlexW@854jpt.onmicrosoft.com...
<0d96379d-d2d5-4e52-b323-3829231229ea@854jpt.onmicrosoft.com> not found in AlexW@854jpt.onmicrosoft.com.

Searching for <d9dda4b9-f6c8-459c-a337-aea02ef775a3@854jpt.onmicrosoft.com> in AlexW@854jpt.onmicrosoft.com...
<d9dda4b9-f6c8-459c-a337-aea02ef775a3@854jpt.onmicrosoft.com> not found in AlexW@854jpt.onmicrosoft.com.

Searching for <1df67f41-130a-4137-b0be-0a8f07e84631@854jpt.onmicrosoft.com> in AlexW@854jpt.onmicrosoft.com...
<1df67f41-130a-4137-b0be-0a8f07e84631@854jpt.onmicrosoft.com> not found in AlexW@854jpt.onmicrosoft.com.

Searching for <467dc11e-ca38-496d-9f7f-4d55812afa64@854jpt.onmicrosoft.com> in AlexW@854jpt.onmicrosoft.com...
<467dc11e-ca38-496d-9f7f-4d55812afa64@854jpt.onmicrosoft.com> not found in AlexW@854jpt.onmicrosoft.com.

Searching for <85496e96-33f0-4709-8410-55b3e99d403f@854jpt.onmicrosoft.com> in AlexW@854jpt.onmicrosoft.com...
<85496e96-33f0-4709-8410-55b3e99d403f@854jpt.onmicrosoft.com> not found in AlexW@854jpt.onmicrosoft.com.

Searching for <3121cb0d-054e-4acb-92a7-c133833aef29@854jpt.onmicrosoft.com> in AlexW@854jpt.onmicrosoft.com...
<3121cb0d-054e-4acb-92a7-c133833aef29@854jpt.onmicrosoft.com> not found in AlexW@854jpt.onmicrosoft.com.

Searching for <0b63639a-b028-4bc7-ad24-ae17acd3fcb7@854jpt.onmicrosoft.com> in AlexW@854jpt.onmicrosoft.com...
<0b63639a-b028-4bc7-ad24-ae17acd3fcb7@854jpt.onmicrosoft.com> not found in AlexW@854jpt.onmicrosoft.com.

Searching for <4990c53c-4140-41bf-a461-7f8b1cf8f690@854jpt.onmicrosoft.com> in AlexW@854jpt.onmicrosoft.com...
<4990c53c-4140-41bf-a461-7f8b1cf8f690@854jpt.onmicrosoft.com> not found in AlexW@854jpt.onmicrosoft.com.

Searching for <b8fc7c22-857b-4e72-ba6a-dc44998d67d7@854jpt.onmicrosoft.com> in AlexW@854jpt.onmicrosoft.com...
Message found. Parsing metadata & attempting to retrieving message content...
Message message content retrieved.

Searching for <c2c2ab9e-3b37-446e-9f18-b1b5f06e313b@854jpt.onmicrosoft.com> in AlexW@854jpt.onmicrosoft.com...
Message found. Parsing metadata & attempting to retrieving message content...
Message message content retrieved.

Searching for <BY5PR10MB3746CDC7ACFA92EDF49C3F7FA7CF2@BY5PR10MB3746.namprd10.prod.outlook.com> in AlexW@854jpt.onmicrosoft.com...
<BY5PR10MB3746CDC7ACFA92EDF49C3F7FA7CF2@BY5PR10MB3746.namprd10.prod.outlook.com> not found in AlexW@854jpt.onmicrosoft.com.

Searching for <c34389f0-d4e5-4864-b70d-ba55bab08830@854jpt.onmicrosoft.com> in AlexW@854jpt.onmicrosoft.com...
Message found. Parsing metadata & attempting to retrieving message content...
Message message content retrieved.

Searching for <ce7744b8-765f-4e2f-b137-5f09c2e31605@854jpt.onmicrosoft.com> in AlexW@854jpt.onmicrosoft.com...
Message found. Parsing metadata & attempting to retrieving message content...
Message message content retrieved.

Searching for <9dfca31f-f976-46b2-90b0-df9fbb9db50a@854jpt.onmicrosoft.com> in AlexW@854jpt.onmicrosoft.com...
Message found. Parsing metadata & attempting to retrieving message content...
Message message content retrieved.

Searching for <5fb45624-eba5-4c20-ba44-99b051161889@854jpt.onmicrosoft.com> in AlexW@854jpt.onmicrosoft.com...
<5fb45624-eba5-4c20-ba44-99b051161889@854jpt.onmicrosoft.com> not found in AlexW@854jpt.onmicrosoft.com.

Searching for <da56d96c-8bdf-4a60-a21c-26d10fef6a07@854jpt.onmicrosoft.com> in AlexW@854jpt.onmicrosoft.com...
<da56d96c-8bdf-4a60-a21c-26d10fef6a07@854jpt.onmicrosoft.com> not found in AlexW@854jpt.onmicrosoft.com.

Searching for <d31463a9-dd3a-4643-9bb2-f21b4a1327e5@854jpt.onmicrosoft.com> in AlexW@854jpt.onmicrosoft.com...
<d31463a9-dd3a-4643-9bb2-f21b4a1327e5@854jpt.onmicrosoft.com> not found in AlexW@854jpt.onmicrosoft.com.

Searching for <832cf089-17b2-4abd-a5da-415a370e0054@854jpt.onmicrosoft.com> in AlexW@854jpt.onmicrosoft.com...
<832cf089-17b2-4abd-a5da-415a370e0054@854jpt.onmicrosoft.com> not found in AlexW@854jpt.onmicrosoft.com.

Searching for <3b48bba2-2d97-4c4d-bcb4-3a7a96eb2123@854jpt.onmicrosoft.com> in AlexW@854jpt.onmicrosoft.com...
Message found. Parsing metadata & attempting to retrieving message content...
Message message content retrieved.

Searching for <ba6c0611-a201-438a-89a9-43f3cdb5f76d@BN3PEPF0000B371.namprd21.prod.outlook.com> in AlexW@854jpt.onmicrosoft.com...
<ba6c0611-a201-438a-89a9-43f3cdb5f76d@BN3PEPF0000B371.namprd21.prod.outlook.com> not found in AlexW@854jpt.onmicrosoft.com.

Searching for <dc562fd6-29b1-4911-9796-a05ca634fef0@854jpt.onmicrosoft.com> in AlexW@854jpt.onmicrosoft.com...
<dc562fd6-29b1-4911-9796-a05ca634fef0@854jpt.onmicrosoft.com> not found in AlexW@854jpt.onmicrosoft.com.

Searching for <dc562fd6-29b1-4911-9796-a05ca634fef0@854jpt.onmicrosoft.com> in AlexW@854jpt.onmicrosoft.com...
<dc562fd6-29b1-4911-9796-a05ca634fef0@854jpt.onmicrosoft.com> not found in AlexW@854jpt.onmicrosoft.com.

Searching for <BY5PR10MB37463FDDD74C54B81F7E1387A7CF2@BY5PR10MB3746.namprd10.prod.outlook.com> in AlexW@854jpt.onmicrosoft.com...
<BY5PR10MB37463FDDD74C54B81F7E1387A7CF2@BY5PR10MB3746.namprd10.prod.outlook.com> not found in AlexW@854jpt.onmicrosoft.com.

Searching for <ed45d007-d316-492f-a265-09475d5d2f9a@854jpt.onmicrosoft.com> in AlexW@854jpt.onmicrosoft.com...
<ed45d007-d316-492f-a265-09475d5d2f9a@854jpt.onmicrosoft.com> not found in AlexW@854jpt.onmicrosoft.com.

Searching for <4f8ea0d9-73fa-419f-98c4-b98bec8cc268@854jpt.onmicrosoft.com> in AlexW@854jpt.onmicrosoft.com...
Message found. Parsing metadata & attempting to retrieving message content...
Message message content retrieved.

Searching for <fd855e73-6520-4322-957e-b8ca1d433cad@854jpt.onmicrosoft.com> in AlexW@854jpt.onmicrosoft.com...
Message found. Parsing metadata & attempting to retrieving message content...
Message message content retrieved.

Searching for <d6e5fef3-6e06-4066-ad5a-b3e01d13220c@854jpt.onmicrosoft.com> in AlexW@854jpt.onmicrosoft.com...
Message found. Parsing metadata & attempting to retrieving message content...
Message message content retrieved.

Searching for <8785474b-c073-4745-8d23-e64e8bdba359@854jpt.onmicrosoft.com> in AlexW@854jpt.onmicrosoft.com...
<8785474b-c073-4745-8d23-e64e8bdba359@854jpt.onmicrosoft.com> not found in AlexW@854jpt.onmicrosoft.com.

Searching for <070472c8-c203-4fbb-b570-7753c4a7e586@854jpt.onmicrosoft.com> in AlexW@854jpt.onmicrosoft.com...
<070472c8-c203-4fbb-b570-7753c4a7e586@854jpt.onmicrosoft.com> not found in AlexW@854jpt.onmicrosoft.com.

Searching for <d057e741-ae7f-463f-abe8-a9a2ab1e29ac@854jpt.onmicrosoft.com> in AlexW@854jpt.onmicrosoft.com...
<d057e741-ae7f-463f-abe8-a9a2ab1e29ac@854jpt.onmicrosoft.com> not found in AlexW@854jpt.onmicrosoft.com.

Searching for <fa22c69f-c94b-4fa6-81f7-be48328f061c@854jpt.onmicrosoft.com> in AlexW@854jpt.onmicrosoft.com...
<fa22c69f-c94b-4fa6-81f7-be48328f061c@854jpt.onmicrosoft.com> not found in AlexW@854jpt.onmicrosoft.com.

Searching for <0dddd476-0968-458b-9566-47d1895ab012@BN3PEPF0000B371.namprd21.prod.outlook.com> in bitpusher@854jpt.onmicrosoft.com...
<0dddd476-0968-458b-9566-47d1895ab012@BN3PEPF0000B371.namprd21.prod.outlook.com> not found in bitpusher@854jpt.onmicrosoft.com.

Searching for <7dbf7de7-1d4e-4a65-868d-e42cb17b7351@MN1PEPF0000F0E3.namprd04.prod.outlook.com> in bitpusher@854jpt.onmicrosoft.com...
<7dbf7de7-1d4e-4a65-868d-e42cb17b7351@MN1PEPF0000F0E3.namprd04.prod.outlook.com> not found in bitpusher@854jpt.onmicrosoft.com.

Searching for <c7d763b3-b849-4f29-ae16-6d3de954e831@854jpt.onmicrosoft.com> in bitpusher@854jpt.onmicrosoft.com...
<c7d763b3-b849-4f29-ae16-6d3de954e831@854jpt.onmicrosoft.com> not found in bitpusher@854jpt.onmicrosoft.com.

Searching for <e009bdbc-b8e8-4d74-bd24-f6efc41483f6@854jpt.onmicrosoft.com> in bitpusher@854jpt.onmicrosoft.com...
<e009bdbc-b8e8-4d74-bd24-f6efc41483f6@854jpt.onmicrosoft.com> not found in bitpusher@854jpt.onmicrosoft.com.

Searching for <8fe2b886-7eff-4258-9d90-7b497ce67e93@854jpt.onmicrosoft.com> in bitpusher@854jpt.onmicrosoft.com...
<8fe2b886-7eff-4258-9d90-7b497ce67e93@854jpt.onmicrosoft.com> not found in bitpusher@854jpt.onmicrosoft.com.

Searching for <5b22b6a3-fde1-43bf-a6c7-33fa82b671d9@854jpt.onmicrosoft.com> in bitpusher@854jpt.onmicrosoft.com...
<5b22b6a3-fde1-43bf-a6c7-33fa82b671d9@854jpt.onmicrosoft.com> not found in bitpusher@854jpt.onmicrosoft.com.

Searching for <7ed1b6bf-2b7d-43f6-ac0d-c259cbc4ba96@854jpt.onmicrosoft.com> in bitpusher@854jpt.onmicrosoft.com...
<7ed1b6bf-2b7d-43f6-ac0d-c259cbc4ba96@854jpt.onmicrosoft.com> not found in bitpusher@854jpt.onmicrosoft.com.

Searching for <a6f633b5-ed16-4d31-8616-519b69b32c7d@854jpt.onmicrosoft.com> in bitpusher@854jpt.onmicrosoft.com...
<a6f633b5-ed16-4d31-8616-519b69b32c7d@854jpt.onmicrosoft.com> not found in bitpusher@854jpt.onmicrosoft.com.

Searching for <4def848f-7dd9-4410-aa7a-003041712583@854jpt.onmicrosoft.com> in bitpusher@854jpt.onmicrosoft.com...
<4def848f-7dd9-4410-aa7a-003041712583@854jpt.onmicrosoft.com> not found in bitpusher@854jpt.onmicrosoft.com.

Searching for <477cb28e-1fd3-474e-aacf-c9c09c547363@854jpt.onmicrosoft.com> in bitpusher@854jpt.onmicrosoft.com...
<477cb28e-1fd3-474e-aacf-c9c09c547363@854jpt.onmicrosoft.com> not found in bitpusher@854jpt.onmicrosoft.com.

Searching for <2e87a629-c2f4-4fc4-af41-f8f29bc9cc1b@854jpt.onmicrosoft.com> in bitpusher@854jpt.onmicrosoft.com...
<2e87a629-c2f4-4fc4-af41-f8f29bc9cc1b@854jpt.onmicrosoft.com> not found in bitpusher@854jpt.onmicrosoft.com.

Searching for <45fda60d-ef62-4dd7-89f5-2bd9261ffff2@854jpt.onmicrosoft.com> in bitpusher@854jpt.onmicrosoft.com...
<45fda60d-ef62-4dd7-89f5-2bd9261ffff2@854jpt.onmicrosoft.com> not found in bitpusher@854jpt.onmicrosoft.com.

Searching for <45fda60d-ef62-4dd7-89f5-2bd9261ffff2@854jpt.onmicrosoft.com> in bitpusher@854jpt.onmicrosoft.com...
<45fda60d-ef62-4dd7-89f5-2bd9261ffff2@854jpt.onmicrosoft.com> not found in bitpusher@854jpt.onmicrosoft.com.

Searching for <dc562fd6-29b1-4911-9796-a05ca634fef0@854jpt.onmicrosoft.com> in bitpusher@854jpt.onmicrosoft.com...
<dc562fd6-29b1-4911-9796-a05ca634fef0@854jpt.onmicrosoft.com> not found in bitpusher@854jpt.onmicrosoft.com.

Searching for <4f67c8e6-535a-43d4-b8a4-5cd6a7bcb994@854jpt.onmicrosoft.com> in bitpusher@854jpt.onmicrosoft.com...
<4f67c8e6-535a-43d4-b8a4-5cd6a7bcb994@854jpt.onmicrosoft.com> not found in bitpusher@854jpt.onmicrosoft.com.

Searching for <477cb28e-1fd3-474e-aacf-c9c09c547363@854jpt.onmicrosoft.com> in bitpusher@854jpt.onmicrosoft.com...
<477cb28e-1fd3-474e-aacf-c9c09c547363@854jpt.onmicrosoft.com> not found in bitpusher@854jpt.onmicrosoft.com.

Searching for <05712de0-a22f-4471-8c0b-1a9c5627937d@854jpt.onmicrosoft.com> in bitpusher@854jpt.onmicrosoft.com...
<05712de0-a22f-4471-8c0b-1a9c5627937d@854jpt.onmicrosoft.com> not found in bitpusher@854jpt.onmicrosoft.com.

Searching for <9fb6d025-fbb7-45e9-a351-5368d67d225c@854jpt.onmicrosoft.com> in bitpusher@854jpt.onmicrosoft.com...
<9fb6d025-fbb7-45e9-a351-5368d67d225c@854jpt.onmicrosoft.com> not found in bitpusher@854jpt.onmicrosoft.com.

Searching for <8d822f3a-9e8f-4757-ac80-2f400c70a139@854jpt.onmicrosoft.com> in bitpusher@854jpt.onmicrosoft.com...
<8d822f3a-9e8f-4757-ac80-2f400c70a139@854jpt.onmicrosoft.com> not found in bitpusher@854jpt.onmicrosoft.com.

Searching for <9c77b403-12db-42c6-b8e8-ec5100720cab@854jpt.onmicrosoft.com> in bitpusher@854jpt.onmicrosoft.com...
<9c77b403-12db-42c6-b8e8-ec5100720cab@854jpt.onmicrosoft.com> not found in bitpusher@854jpt.onmicrosoft.com.

Searching for <d80de07c-9588-4d70-82e1-24210566ad83@854jpt.onmicrosoft.com> in bitpusher@854jpt.onmicrosoft.com...
<d80de07c-9588-4d70-82e1-24210566ad83@854jpt.onmicrosoft.com> not found in bitpusher@854jpt.onmicrosoft.com.

Searching for <9c888c6e-c7ea-4691-8917-1a6cf33c9e8c@854jpt.onmicrosoft.com> in bitpusher@854jpt.onmicrosoft.com...
<9c888c6e-c7ea-4691-8917-1a6cf33c9e8c@854jpt.onmicrosoft.com> not found in bitpusher@854jpt.onmicrosoft.com.

Searching for <a2ab3c98-a8d7-448c-b13d-d659e3cdd149@854jpt.onmicrosoft.com> in bitpusher@854jpt.onmicrosoft.com...
<a2ab3c98-a8d7-448c-b13d-d659e3cdd149@854jpt.onmicrosoft.com> not found in bitpusher@854jpt.onmicrosoft.com.

Searching for <0dda4e20-4659-4856-acd1-5c28622ea42a@854jpt.onmicrosoft.com> in bitpusher@854jpt.onmicrosoft.com...
<0dda4e20-4659-4856-acd1-5c28622ea42a@854jpt.onmicrosoft.com> not found in bitpusher@854jpt.onmicrosoft.com.

Searching for <709c7ff2-9902-42c2-b3fc-f850081baa78@854jpt.onmicrosoft.com> in bitpusher@854jpt.onmicrosoft.com...
<709c7ff2-9902-42c2-b3fc-f850081baa78@854jpt.onmicrosoft.com> not found in bitpusher@854jpt.onmicrosoft.com.

Searching for <73fac190-309d-4c26-be14-279f91581e32@854jpt.onmicrosoft.com> in bitpusher@854jpt.onmicrosoft.com...
<73fac190-309d-4c26-be14-279f91581e32@854jpt.onmicrosoft.com> not found in bitpusher@854jpt.onmicrosoft.com.

Searching for <8fe2b886-7eff-4258-9d90-7b497ce67e93@854jpt.onmicrosoft.com> in bitpusher@854jpt.onmicrosoft.com...
<8fe2b886-7eff-4258-9d90-7b497ce67e93@854jpt.onmicrosoft.com> not found in bitpusher@854jpt.onmicrosoft.com.

Searching for <2377068c-9d63-44e3-a2a6-708f5aed8204@854jpt.onmicrosoft.com> in bitpusher@854jpt.onmicrosoft.com...
<2377068c-9d63-44e3-a2a6-708f5aed8204@854jpt.onmicrosoft.com> not found in bitpusher@854jpt.onmicrosoft.com.

Searching for <7405f919-5796-431d-a0d8-2a671c543905@854jpt.onmicrosoft.com> in bitpusher@854jpt.onmicrosoft.com...
<7405f919-5796-431d-a0d8-2a671c543905@854jpt.onmicrosoft.com> not found in bitpusher@854jpt.onmicrosoft.com.

Searching for <2e87a629-c2f4-4fc4-af41-f8f29bc9cc1b@854jpt.onmicrosoft.com> in bitpusher@854jpt.onmicrosoft.com...
<2e87a629-c2f4-4fc4-af41-f8f29bc9cc1b@854jpt.onmicrosoft.com> not found in bitpusher@854jpt.onmicrosoft.com.

Searching for <ac1723d3-6359-4021-ae5a-fc08febd9fdb@854jpt.onmicrosoft.com> in bitpusher@854jpt.onmicrosoft.com...
<ac1723d3-6359-4021-ae5a-fc08febd9fdb@854jpt.onmicrosoft.com> not found in bitpusher@854jpt.onmicrosoft.com.

Searching for <2eb53355-095a-4b91-a87d-e5cb2520f59d@854jpt.onmicrosoft.com> in bitpusher@854jpt.onmicrosoft.com...
<2eb53355-095a-4b91-a87d-e5cb2520f59d@854jpt.onmicrosoft.com> not found in bitpusher@854jpt.onmicrosoft.com.

Searching for <cd74de49-232f-49d6-aac1-3d31025def48@854jpt.onmicrosoft.com> in bitpusher@854jpt.onmicrosoft.com...
<cd74de49-232f-49d6-aac1-3d31025def48@854jpt.onmicrosoft.com> not found in bitpusher@854jpt.onmicrosoft.com.

Searching for <7405f919-5796-431d-a0d8-2a671c543905@854jpt.onmicrosoft.com> in bitpusher@854jpt.onmicrosoft.com...
<7405f919-5796-431d-a0d8-2a671c543905@854jpt.onmicrosoft.com> not found in bitpusher@854jpt.onmicrosoft.com.

Searching for <2377068c-9d63-44e3-a2a6-708f5aed8204@854jpt.onmicrosoft.com> in bitpusher@854jpt.onmicrosoft.com...
<2377068c-9d63-44e3-a2a6-708f5aed8204@854jpt.onmicrosoft.com> not found in bitpusher@854jpt.onmicrosoft.com.

Searching for <2e87a629-c2f4-4fc4-af41-f8f29bc9cc1b@854jpt.onmicrosoft.com> in bitpusher@854jpt.onmicrosoft.com...
<2e87a629-c2f4-4fc4-af41-f8f29bc9cc1b@854jpt.onmicrosoft.com> not found in bitpusher@854jpt.onmicrosoft.com.

Searching for <BY5PR10MB3746E1F0FD0539E21C052071A7CF2@BY5PR10MB3746.namprd10.prod.outlook.com> in bitpusher@854jpt.onmicrosoft.com...
<BY5PR10MB3746E1F0FD0539E21C052071A7CF2@BY5PR10MB3746.namprd10.prod.outlook.com> not found in bitpusher@854jpt.onmicrosoft.com.

Searching for <ae34161f-f8a6-4be2-8558-8d2b6c401ca3@MN1PEPF0000F0E3.namprd04.prod.outlook.com> in bitpusher@854jpt.onmicrosoft.com...
<ae34161f-f8a6-4be2-8558-8d2b6c401ca3@MN1PEPF0000F0E3.namprd04.prod.outlook.com> not found in bitpusher@854jpt.onmicrosoft.com.

Searching for <c7d763b3-b849-4f29-ae16-6d3de954e831@854jpt.onmicrosoft.com> in bitpusher@854jpt.onmicrosoft.com...
<c7d763b3-b849-4f29-ae16-6d3de954e831@854jpt.onmicrosoft.com> not found in bitpusher@854jpt.onmicrosoft.com.

Searching for <0d96379d-d2d5-4e52-b323-3829231229ea@854jpt.onmicrosoft.com> in bitpusher@854jpt.onmicrosoft.com...
<0d96379d-d2d5-4e52-b323-3829231229ea@854jpt.onmicrosoft.com> not found in bitpusher@854jpt.onmicrosoft.com.

Searching for <d9dda4b9-f6c8-459c-a337-aea02ef775a3@854jpt.onmicrosoft.com> in bitpusher@854jpt.onmicrosoft.com...
<d9dda4b9-f6c8-459c-a337-aea02ef775a3@854jpt.onmicrosoft.com> not found in bitpusher@854jpt.onmicrosoft.com.

Searching for <1df67f41-130a-4137-b0be-0a8f07e84631@854jpt.onmicrosoft.com> in bitpusher@854jpt.onmicrosoft.com...
<1df67f41-130a-4137-b0be-0a8f07e84631@854jpt.onmicrosoft.com> not found in bitpusher@854jpt.onmicrosoft.com.

Searching for <467dc11e-ca38-496d-9f7f-4d55812afa64@854jpt.onmicrosoft.com> in bitpusher@854jpt.onmicrosoft.com...
<467dc11e-ca38-496d-9f7f-4d55812afa64@854jpt.onmicrosoft.com> not found in bitpusher@854jpt.onmicrosoft.com.

Searching for <85496e96-33f0-4709-8410-55b3e99d403f@854jpt.onmicrosoft.com> in bitpusher@854jpt.onmicrosoft.com...
<85496e96-33f0-4709-8410-55b3e99d403f@854jpt.onmicrosoft.com> not found in bitpusher@854jpt.onmicrosoft.com.

Searching for <3121cb0d-054e-4acb-92a7-c133833aef29@854jpt.onmicrosoft.com> in bitpusher@854jpt.onmicrosoft.com...
<3121cb0d-054e-4acb-92a7-c133833aef29@854jpt.onmicrosoft.com> not found in bitpusher@854jpt.onmicrosoft.com.

Searching for <0b63639a-b028-4bc7-ad24-ae17acd3fcb7@854jpt.onmicrosoft.com> in bitpusher@854jpt.onmicrosoft.com...
<0b63639a-b028-4bc7-ad24-ae17acd3fcb7@854jpt.onmicrosoft.com> not found in bitpusher@854jpt.onmicrosoft.com.

Searching for <4990c53c-4140-41bf-a461-7f8b1cf8f690@854jpt.onmicrosoft.com> in bitpusher@854jpt.onmicrosoft.com...
<4990c53c-4140-41bf-a461-7f8b1cf8f690@854jpt.onmicrosoft.com> not found in bitpusher@854jpt.onmicrosoft.com.

Searching for <b8fc7c22-857b-4e72-ba6a-dc44998d67d7@854jpt.onmicrosoft.com> in bitpusher@854jpt.onmicrosoft.com...
<b8fc7c22-857b-4e72-ba6a-dc44998d67d7@854jpt.onmicrosoft.com> not found in bitpusher@854jpt.onmicrosoft.com.

Searching for <c2c2ab9e-3b37-446e-9f18-b1b5f06e313b@854jpt.onmicrosoft.com> in bitpusher@854jpt.onmicrosoft.com...
<c2c2ab9e-3b37-446e-9f18-b1b5f06e313b@854jpt.onmicrosoft.com> not found in bitpusher@854jpt.onmicrosoft.com.

Searching for <BY5PR10MB3746CDC7ACFA92EDF49C3F7FA7CF2@BY5PR10MB3746.namprd10.prod.outlook.com> in bitpusher@854jpt.onmicrosoft.com...
<BY5PR10MB3746CDC7ACFA92EDF49C3F7FA7CF2@BY5PR10MB3746.namprd10.prod.outlook.com> not found in bitpusher@854jpt.onmicrosoft.com.

Searching for <c34389f0-d4e5-4864-b70d-ba55bab08830@854jpt.onmicrosoft.com> in bitpusher@854jpt.onmicrosoft.com...
<c34389f0-d4e5-4864-b70d-ba55bab08830@854jpt.onmicrosoft.com> not found in bitpusher@854jpt.onmicrosoft.com.

Searching for <ce7744b8-765f-4e2f-b137-5f09c2e31605@854jpt.onmicrosoft.com> in bitpusher@854jpt.onmicrosoft.com...
<ce7744b8-765f-4e2f-b137-5f09c2e31605@854jpt.onmicrosoft.com> not found in bitpusher@854jpt.onmicrosoft.com.

Searching for <9dfca31f-f976-46b2-90b0-df9fbb9db50a@854jpt.onmicrosoft.com> in bitpusher@854jpt.onmicrosoft.com...
<9dfca31f-f976-46b2-90b0-df9fbb9db50a@854jpt.onmicrosoft.com> not found in bitpusher@854jpt.onmicrosoft.com.

Searching for <5fb45624-eba5-4c20-ba44-99b051161889@854jpt.onmicrosoft.com> in bitpusher@854jpt.onmicrosoft.com...
<5fb45624-eba5-4c20-ba44-99b051161889@854jpt.onmicrosoft.com> not found in bitpusher@854jpt.onmicrosoft.com.

Searching for <da56d96c-8bdf-4a60-a21c-26d10fef6a07@854jpt.onmicrosoft.com> in bitpusher@854jpt.onmicrosoft.com...
<da56d96c-8bdf-4a60-a21c-26d10fef6a07@854jpt.onmicrosoft.com> not found in bitpusher@854jpt.onmicrosoft.com.

Searching for <d31463a9-dd3a-4643-9bb2-f21b4a1327e5@854jpt.onmicrosoft.com> in bitpusher@854jpt.onmicrosoft.com...
<d31463a9-dd3a-4643-9bb2-f21b4a1327e5@854jpt.onmicrosoft.com> not found in bitpusher@854jpt.onmicrosoft.com.

Searching for <832cf089-17b2-4abd-a5da-415a370e0054@854jpt.onmicrosoft.com> in bitpusher@854jpt.onmicrosoft.com...
<832cf089-17b2-4abd-a5da-415a370e0054@854jpt.onmicrosoft.com> not found in bitpusher@854jpt.onmicrosoft.com.

Searching for <3b48bba2-2d97-4c4d-bcb4-3a7a96eb2123@854jpt.onmicrosoft.com> in bitpusher@854jpt.onmicrosoft.com...
<3b48bba2-2d97-4c4d-bcb4-3a7a96eb2123@854jpt.onmicrosoft.com> not found in bitpusher@854jpt.onmicrosoft.com.

Searching for <ba6c0611-a201-438a-89a9-43f3cdb5f76d@BN3PEPF0000B371.namprd21.prod.outlook.com> in bitpusher@854jpt.onmicrosoft.com...
<ba6c0611-a201-438a-89a9-43f3cdb5f76d@BN3PEPF0000B371.namprd21.prod.outlook.com> not found in bitpusher@854jpt.onmicrosoft.com.

Searching for <dc562fd6-29b1-4911-9796-a05ca634fef0@854jpt.onmicrosoft.com> in bitpusher@854jpt.onmicrosoft.com...
<dc562fd6-29b1-4911-9796-a05ca634fef0@854jpt.onmicrosoft.com> not found in bitpusher@854jpt.onmicrosoft.com.

Searching for <dc562fd6-29b1-4911-9796-a05ca634fef0@854jpt.onmicrosoft.com> in bitpusher@854jpt.onmicrosoft.com...
<dc562fd6-29b1-4911-9796-a05ca634fef0@854jpt.onmicrosoft.com> not found in bitpusher@854jpt.onmicrosoft.com.

Searching for <BY5PR10MB37463FDDD74C54B81F7E1387A7CF2@BY5PR10MB3746.namprd10.prod.outlook.com> in bitpusher@854jpt.onmicrosoft.com...
<BY5PR10MB37463FDDD74C54B81F7E1387A7CF2@BY5PR10MB3746.namprd10.prod.outlook.com> not found in bitpusher@854jpt.onmicrosoft.com.

Searching for <ed45d007-d316-492f-a265-09475d5d2f9a@854jpt.onmicrosoft.com> in bitpusher@854jpt.onmicrosoft.com...
<ed45d007-d316-492f-a265-09475d5d2f9a@854jpt.onmicrosoft.com> not found in bitpusher@854jpt.onmicrosoft.com.

Searching for <4f8ea0d9-73fa-419f-98c4-b98bec8cc268@854jpt.onmicrosoft.com> in bitpusher@854jpt.onmicrosoft.com...
<4f8ea0d9-73fa-419f-98c4-b98bec8cc268@854jpt.onmicrosoft.com> not found in bitpusher@854jpt.onmicrosoft.com.

Searching for <fd855e73-6520-4322-957e-b8ca1d433cad@854jpt.onmicrosoft.com> in bitpusher@854jpt.onmicrosoft.com...
<fd855e73-6520-4322-957e-b8ca1d433cad@854jpt.onmicrosoft.com> not found in bitpusher@854jpt.onmicrosoft.com.

Searching for <d6e5fef3-6e06-4066-ad5a-b3e01d13220c@854jpt.onmicrosoft.com> in bitpusher@854jpt.onmicrosoft.com...
<d6e5fef3-6e06-4066-ad5a-b3e01d13220c@854jpt.onmicrosoft.com> not found in bitpusher@854jpt.onmicrosoft.com.

Searching for <8785474b-c073-4745-8d23-e64e8bdba359@854jpt.onmicrosoft.com> in bitpusher@854jpt.onmicrosoft.com...
<8785474b-c073-4745-8d23-e64e8bdba359@854jpt.onmicrosoft.com> not found in bitpusher@854jpt.onmicrosoft.com.

Searching for <070472c8-c203-4fbb-b570-7753c4a7e586@854jpt.onmicrosoft.com> in bitpusher@854jpt.onmicrosoft.com...
<070472c8-c203-4fbb-b570-7753c4a7e586@854jpt.onmicrosoft.com> not found in bitpusher@854jpt.onmicrosoft.com.

Searching for <d057e741-ae7f-463f-abe8-a9a2ab1e29ac@854jpt.onmicrosoft.com> in bitpusher@854jpt.onmicrosoft.com...
<d057e741-ae7f-463f-abe8-a9a2ab1e29ac@854jpt.onmicrosoft.com> not found in bitpusher@854jpt.onmicrosoft.com.

Searching for <fa22c69f-c94b-4fa6-81f7-be48328f061c@854jpt.onmicrosoft.com> in bitpusher@854jpt.onmicrosoft.com...
<fa22c69f-c94b-4fa6-81f7-be48328f061c@854jpt.onmicrosoft.com> not found in bitpusher@854jpt.onmicrosoft.com.

Searching for <0dddd476-0968-458b-9566-47d1895ab012@BN3PEPF0000B371.namprd21.prod.outlook.com> in DiegoS@854jpt.onmicrosoft.com...
<0dddd476-0968-458b-9566-47d1895ab012@BN3PEPF0000B371.namprd21.prod.outlook.com> not found in DiegoS@854jpt.onmicrosoft.com.

Searching for <7dbf7de7-1d4e-4a65-868d-e42cb17b7351@MN1PEPF0000F0E3.namprd04.prod.outlook.com> in DiegoS@854jpt.onmicrosoft.com...
<7dbf7de7-1d4e-4a65-868d-e42cb17b7351@MN1PEPF0000F0E3.namprd04.prod.outlook.com> not found in DiegoS@854jpt.onmicrosoft.com.

Searching for <c7d763b3-b849-4f29-ae16-6d3de954e831@854jpt.onmicrosoft.com> in DiegoS@854jpt.onmicrosoft.com...
Message found. Parsing metadata & attempting to retrieving message content...
Message message content retrieved.

Searching for <e009bdbc-b8e8-4d74-bd24-f6efc41483f6@854jpt.onmicrosoft.com> in DiegoS@854jpt.onmicrosoft.com...
<e009bdbc-b8e8-4d74-bd24-f6efc41483f6@854jpt.onmicrosoft.com> not found in DiegoS@854jpt.onmicrosoft.com.

Searching for <8fe2b886-7eff-4258-9d90-7b497ce67e93@854jpt.onmicrosoft.com> in DiegoS@854jpt.onmicrosoft.com...
<8fe2b886-7eff-4258-9d90-7b497ce67e93@854jpt.onmicrosoft.com> not found in DiegoS@854jpt.onmicrosoft.com.

Searching for <5b22b6a3-fde1-43bf-a6c7-33fa82b671d9@854jpt.onmicrosoft.com> in DiegoS@854jpt.onmicrosoft.com...
<5b22b6a3-fde1-43bf-a6c7-33fa82b671d9@854jpt.onmicrosoft.com> not found in DiegoS@854jpt.onmicrosoft.com.

Searching for <7ed1b6bf-2b7d-43f6-ac0d-c259cbc4ba96@854jpt.onmicrosoft.com> in DiegoS@854jpt.onmicrosoft.com...
<7ed1b6bf-2b7d-43f6-ac0d-c259cbc4ba96@854jpt.onmicrosoft.com> not found in DiegoS@854jpt.onmicrosoft.com.

Searching for <a6f633b5-ed16-4d31-8616-519b69b32c7d@854jpt.onmicrosoft.com> in DiegoS@854jpt.onmicrosoft.com...
<a6f633b5-ed16-4d31-8616-519b69b32c7d@854jpt.onmicrosoft.com> not found in DiegoS@854jpt.onmicrosoft.com.

Searching for <4def848f-7dd9-4410-aa7a-003041712583@854jpt.onmicrosoft.com> in DiegoS@854jpt.onmicrosoft.com...
<4def848f-7dd9-4410-aa7a-003041712583@854jpt.onmicrosoft.com> not found in DiegoS@854jpt.onmicrosoft.com.

Searching for <477cb28e-1fd3-474e-aacf-c9c09c547363@854jpt.onmicrosoft.com> in DiegoS@854jpt.onmicrosoft.com...
Message found. Parsing metadata & attempting to retrieving message content...
Message message content retrieved.

Searching for <2e87a629-c2f4-4fc4-af41-f8f29bc9cc1b@854jpt.onmicrosoft.com> in DiegoS@854jpt.onmicrosoft.com...
Message found. Parsing metadata & attempting to retrieving message content...
Message message content retrieved.

Searching for <45fda60d-ef62-4dd7-89f5-2bd9261ffff2@854jpt.onmicrosoft.com> in DiegoS@854jpt.onmicrosoft.com...
<45fda60d-ef62-4dd7-89f5-2bd9261ffff2@854jpt.onmicrosoft.com> not found in DiegoS@854jpt.onmicrosoft.com.

Searching for <45fda60d-ef62-4dd7-89f5-2bd9261ffff2@854jpt.onmicrosoft.com> in DiegoS@854jpt.onmicrosoft.com...
<45fda60d-ef62-4dd7-89f5-2bd9261ffff2@854jpt.onmicrosoft.com> not found in DiegoS@854jpt.onmicrosoft.com.

Searching for <dc562fd6-29b1-4911-9796-a05ca634fef0@854jpt.onmicrosoft.com> in DiegoS@854jpt.onmicrosoft.com...
<dc562fd6-29b1-4911-9796-a05ca634fef0@854jpt.onmicrosoft.com> not found in DiegoS@854jpt.onmicrosoft.com.

Searching for <4f67c8e6-535a-43d4-b8a4-5cd6a7bcb994@854jpt.onmicrosoft.com> in DiegoS@854jpt.onmicrosoft.com...
Message found. Parsing metadata & attempting to retrieving message content...
Message message content retrieved.

Searching for <477cb28e-1fd3-474e-aacf-c9c09c547363@854jpt.onmicrosoft.com> in DiegoS@854jpt.onmicrosoft.com...
Message found. Parsing metadata & attempting to retrieving message content...
Message message content retrieved.

Searching for <05712de0-a22f-4471-8c0b-1a9c5627937d@854jpt.onmicrosoft.com> in DiegoS@854jpt.onmicrosoft.com...
<05712de0-a22f-4471-8c0b-1a9c5627937d@854jpt.onmicrosoft.com> not found in DiegoS@854jpt.onmicrosoft.com.

Searching for <9fb6d025-fbb7-45e9-a351-5368d67d225c@854jpt.onmicrosoft.com> in DiegoS@854jpt.onmicrosoft.com...
<9fb6d025-fbb7-45e9-a351-5368d67d225c@854jpt.onmicrosoft.com> not found in DiegoS@854jpt.onmicrosoft.com.

Searching for <8d822f3a-9e8f-4757-ac80-2f400c70a139@854jpt.onmicrosoft.com> in DiegoS@854jpt.onmicrosoft.com...
Message found. Parsing metadata & attempting to retrieving message content...
Message message content retrieved.

Searching for <9c77b403-12db-42c6-b8e8-ec5100720cab@854jpt.onmicrosoft.com> in DiegoS@854jpt.onmicrosoft.com...
<9c77b403-12db-42c6-b8e8-ec5100720cab@854jpt.onmicrosoft.com> not found in DiegoS@854jpt.onmicrosoft.com.

Searching for <d80de07c-9588-4d70-82e1-24210566ad83@854jpt.onmicrosoft.com> in DiegoS@854jpt.onmicrosoft.com...
<d80de07c-9588-4d70-82e1-24210566ad83@854jpt.onmicrosoft.com> not found in DiegoS@854jpt.onmicrosoft.com.

Searching for <9c888c6e-c7ea-4691-8917-1a6cf33c9e8c@854jpt.onmicrosoft.com> in DiegoS@854jpt.onmicrosoft.com...
<9c888c6e-c7ea-4691-8917-1a6cf33c9e8c@854jpt.onmicrosoft.com> not found in DiegoS@854jpt.onmicrosoft.com.

Searching for <a2ab3c98-a8d7-448c-b13d-d659e3cdd149@854jpt.onmicrosoft.com> in DiegoS@854jpt.onmicrosoft.com...
<a2ab3c98-a8d7-448c-b13d-d659e3cdd149@854jpt.onmicrosoft.com> not found in DiegoS@854jpt.onmicrosoft.com.

Searching for <0dda4e20-4659-4856-acd1-5c28622ea42a@854jpt.onmicrosoft.com> in DiegoS@854jpt.onmicrosoft.com...
<0dda4e20-4659-4856-acd1-5c28622ea42a@854jpt.onmicrosoft.com> not found in DiegoS@854jpt.onmicrosoft.com.

Searching for <709c7ff2-9902-42c2-b3fc-f850081baa78@854jpt.onmicrosoft.com> in DiegoS@854jpt.onmicrosoft.com...
Message found. Parsing metadata & attempting to retrieving message content...
Message message content retrieved.

Searching for <73fac190-309d-4c26-be14-279f91581e32@854jpt.onmicrosoft.com> in DiegoS@854jpt.onmicrosoft.com...
Message found. Parsing metadata & attempting to retrieving message content...
Message message content retrieved.

Searching for <8fe2b886-7eff-4258-9d90-7b497ce67e93@854jpt.onmicrosoft.com> in DiegoS@854jpt.onmicrosoft.com...
<8fe2b886-7eff-4258-9d90-7b497ce67e93@854jpt.onmicrosoft.com> not found in DiegoS@854jpt.onmicrosoft.com.

Searching for <2377068c-9d63-44e3-a2a6-708f5aed8204@854jpt.onmicrosoft.com> in DiegoS@854jpt.onmicrosoft.com...
Message found. Parsing metadata & attempting to retrieving message content...
Message message content retrieved.

Searching for <7405f919-5796-431d-a0d8-2a671c543905@854jpt.onmicrosoft.com> in DiegoS@854jpt.onmicrosoft.com...
Message found. Parsing metadata & attempting to retrieving message content...
Message message content retrieved.

Searching for <2e87a629-c2f4-4fc4-af41-f8f29bc9cc1b@854jpt.onmicrosoft.com> in DiegoS@854jpt.onmicrosoft.com...
Message found. Parsing metadata & attempting to retrieving message content...
Message message content retrieved.

Searching for <ac1723d3-6359-4021-ae5a-fc08febd9fdb@854jpt.onmicrosoft.com> in DiegoS@854jpt.onmicrosoft.com...
Message found. Parsing metadata & attempting to retrieving message content...
Message message content retrieved.

Searching for <2eb53355-095a-4b91-a87d-e5cb2520f59d@854jpt.onmicrosoft.com> in DiegoS@854jpt.onmicrosoft.com...
Message found. Parsing metadata & attempting to retrieving message content...
Message message content retrieved.

Searching for <cd74de49-232f-49d6-aac1-3d31025def48@854jpt.onmicrosoft.com> in DiegoS@854jpt.onmicrosoft.com...
Message found. Parsing metadata & attempting to retrieving message content...
Message message content retrieved.

Searching for <7405f919-5796-431d-a0d8-2a671c543905@854jpt.onmicrosoft.com> in DiegoS@854jpt.onmicrosoft.com...
Message found. Parsing metadata & attempting to retrieving message content...
Message message content retrieved.

Searching for <2377068c-9d63-44e3-a2a6-708f5aed8204@854jpt.onmicrosoft.com> in DiegoS@854jpt.onmicrosoft.com...
Message found. Parsing metadata & attempting to retrieving message content...
Message message content retrieved.

Searching for <2e87a629-c2f4-4fc4-af41-f8f29bc9cc1b@854jpt.onmicrosoft.com> in DiegoS@854jpt.onmicrosoft.com...
Message found. Parsing metadata & attempting to retrieving message content...
Message message content retrieved.

Searching for <BY5PR10MB3746E1F0FD0539E21C052071A7CF2@BY5PR10MB3746.namprd10.prod.outlook.com> in DiegoS@854jpt.onmicrosoft.com...
<BY5PR10MB3746E1F0FD0539E21C052071A7CF2@BY5PR10MB3746.namprd10.prod.outlook.com> not found in DiegoS@854jpt.onmicrosoft.com.

Searching for <ae34161f-f8a6-4be2-8558-8d2b6c401ca3@MN1PEPF0000F0E3.namprd04.prod.outlook.com> in DiegoS@854jpt.onmicrosoft.com...
<ae34161f-f8a6-4be2-8558-8d2b6c401ca3@MN1PEPF0000F0E3.namprd04.prod.outlook.com> not found in DiegoS@854jpt.onmicrosoft.com.

Searching for <c7d763b3-b849-4f29-ae16-6d3de954e831@854jpt.onmicrosoft.com> in DiegoS@854jpt.onmicrosoft.com...
Message found. Parsing metadata & attempting to retrieving message content...
Message message content retrieved.

Searching for <0d96379d-d2d5-4e52-b323-3829231229ea@854jpt.onmicrosoft.com> in DiegoS@854jpt.onmicrosoft.com...
Message found. Parsing metadata & attempting to retrieving message content...
Message message content retrieved.

Searching for <d9dda4b9-f6c8-459c-a337-aea02ef775a3@854jpt.onmicrosoft.com> in DiegoS@854jpt.onmicrosoft.com...
<d9dda4b9-f6c8-459c-a337-aea02ef775a3@854jpt.onmicrosoft.com> not found in DiegoS@854jpt.onmicrosoft.com.

Searching for <1df67f41-130a-4137-b0be-0a8f07e84631@854jpt.onmicrosoft.com> in DiegoS@854jpt.onmicrosoft.com...
<1df67f41-130a-4137-b0be-0a8f07e84631@854jpt.onmicrosoft.com> not found in DiegoS@854jpt.onmicrosoft.com.

Searching for <467dc11e-ca38-496d-9f7f-4d55812afa64@854jpt.onmicrosoft.com> in DiegoS@854jpt.onmicrosoft.com...
<467dc11e-ca38-496d-9f7f-4d55812afa64@854jpt.onmicrosoft.com> not found in DiegoS@854jpt.onmicrosoft.com.

Searching for <85496e96-33f0-4709-8410-55b3e99d403f@854jpt.onmicrosoft.com> in DiegoS@854jpt.onmicrosoft.com...
<85496e96-33f0-4709-8410-55b3e99d403f@854jpt.onmicrosoft.com> not found in DiegoS@854jpt.onmicrosoft.com.

Searching for <3121cb0d-054e-4acb-92a7-c133833aef29@854jpt.onmicrosoft.com> in DiegoS@854jpt.onmicrosoft.com...
<3121cb0d-054e-4acb-92a7-c133833aef29@854jpt.onmicrosoft.com> not found in DiegoS@854jpt.onmicrosoft.com.

Searching for <0b63639a-b028-4bc7-ad24-ae17acd3fcb7@854jpt.onmicrosoft.com> in DiegoS@854jpt.onmicrosoft.com...
<0b63639a-b028-4bc7-ad24-ae17acd3fcb7@854jpt.onmicrosoft.com> not found in DiegoS@854jpt.onmicrosoft.com.

Searching for <4990c53c-4140-41bf-a461-7f8b1cf8f690@854jpt.onmicrosoft.com> in DiegoS@854jpt.onmicrosoft.com...
Message found. Parsing metadata & attempting to retrieving message content...
Message message content retrieved.

Searching for <b8fc7c22-857b-4e72-ba6a-dc44998d67d7@854jpt.onmicrosoft.com> in DiegoS@854jpt.onmicrosoft.com...
Message found. Parsing metadata & attempting to retrieving message content...
Message message content retrieved.

Searching for <c2c2ab9e-3b37-446e-9f18-b1b5f06e313b@854jpt.onmicrosoft.com> in DiegoS@854jpt.onmicrosoft.com...
Message found. Parsing metadata & attempting to retrieving message content...
Message message content retrieved.

Searching for <BY5PR10MB3746CDC7ACFA92EDF49C3F7FA7CF2@BY5PR10MB3746.namprd10.prod.outlook.com> in DiegoS@854jpt.onmicrosoft.com...
<BY5PR10MB3746CDC7ACFA92EDF49C3F7FA7CF2@BY5PR10MB3746.namprd10.prod.outlook.com> not found in DiegoS@854jpt.onmicrosoft.com.

Searching for <c34389f0-d4e5-4864-b70d-ba55bab08830@854jpt.onmicrosoft.com> in DiegoS@854jpt.onmicrosoft.com...
<c34389f0-d4e5-4864-b70d-ba55bab08830@854jpt.onmicrosoft.com> not found in DiegoS@854jpt.onmicrosoft.com.

Searching for <ce7744b8-765f-4e2f-b137-5f09c2e31605@854jpt.onmicrosoft.com> in DiegoS@854jpt.onmicrosoft.com...
<ce7744b8-765f-4e2f-b137-5f09c2e31605@854jpt.onmicrosoft.com> not found in DiegoS@854jpt.onmicrosoft.com.

Searching for <9dfca31f-f976-46b2-90b0-df9fbb9db50a@854jpt.onmicrosoft.com> in DiegoS@854jpt.onmicrosoft.com...
<9dfca31f-f976-46b2-90b0-df9fbb9db50a@854jpt.onmicrosoft.com> not found in DiegoS@854jpt.onmicrosoft.com.

Searching for <5fb45624-eba5-4c20-ba44-99b051161889@854jpt.onmicrosoft.com> in DiegoS@854jpt.onmicrosoft.com...
<5fb45624-eba5-4c20-ba44-99b051161889@854jpt.onmicrosoft.com> not found in DiegoS@854jpt.onmicrosoft.com.

Searching for <da56d96c-8bdf-4a60-a21c-26d10fef6a07@854jpt.onmicrosoft.com> in DiegoS@854jpt.onmicrosoft.com...
Message found. Parsing metadata & attempting to retrieving message content...
Message message content retrieved.

Searching for <d31463a9-dd3a-4643-9bb2-f21b4a1327e5@854jpt.onmicrosoft.com> in DiegoS@854jpt.onmicrosoft.com...
<d31463a9-dd3a-4643-9bb2-f21b4a1327e5@854jpt.onmicrosoft.com> not found in DiegoS@854jpt.onmicrosoft.com.

Searching for <832cf089-17b2-4abd-a5da-415a370e0054@854jpt.onmicrosoft.com> in DiegoS@854jpt.onmicrosoft.com...
<832cf089-17b2-4abd-a5da-415a370e0054@854jpt.onmicrosoft.com> not found in DiegoS@854jpt.onmicrosoft.com.

Searching for <3b48bba2-2d97-4c4d-bcb4-3a7a96eb2123@854jpt.onmicrosoft.com> in DiegoS@854jpt.onmicrosoft.com...
Message found. Parsing metadata & attempting to retrieving message content...
Message message content retrieved.

Searching for <ba6c0611-a201-438a-89a9-43f3cdb5f76d@BN3PEPF0000B371.namprd21.prod.outlook.com> in DiegoS@854jpt.onmicrosoft.com...
<ba6c0611-a201-438a-89a9-43f3cdb5f76d@BN3PEPF0000B371.namprd21.prod.outlook.com> not found in DiegoS@854jpt.onmicrosoft.com.

Searching for <dc562fd6-29b1-4911-9796-a05ca634fef0@854jpt.onmicrosoft.com> in DiegoS@854jpt.onmicrosoft.com...
<dc562fd6-29b1-4911-9796-a05ca634fef0@854jpt.onmicrosoft.com> not found in DiegoS@854jpt.onmicrosoft.com.

Searching for <dc562fd6-29b1-4911-9796-a05ca634fef0@854jpt.onmicrosoft.com> in DiegoS@854jpt.onmicrosoft.com...
<dc562fd6-29b1-4911-9796-a05ca634fef0@854jpt.onmicrosoft.com> not found in DiegoS@854jpt.onmicrosoft.com.

Searching for <BY5PR10MB37463FDDD74C54B81F7E1387A7CF2@BY5PR10MB3746.namprd10.prod.outlook.com> in DiegoS@854jpt.onmicrosoft.com...
<BY5PR10MB37463FDDD74C54B81F7E1387A7CF2@BY5PR10MB3746.namprd10.prod.outlook.com> not found in DiegoS@854jpt.onmicrosoft.com.

Searching for <ed45d007-d316-492f-a265-09475d5d2f9a@854jpt.onmicrosoft.com> in DiegoS@854jpt.onmicrosoft.com...
<ed45d007-d316-492f-a265-09475d5d2f9a@854jpt.onmicrosoft.com> not found in DiegoS@854jpt.onmicrosoft.com.

Searching for <4f8ea0d9-73fa-419f-98c4-b98bec8cc268@854jpt.onmicrosoft.com> in DiegoS@854jpt.onmicrosoft.com...
Message found. Parsing metadata & attempting to retrieving message content...
Message message content retrieved.

Searching for <fd855e73-6520-4322-957e-b8ca1d433cad@854jpt.onmicrosoft.com> in DiegoS@854jpt.onmicrosoft.com...
Message found. Parsing metadata & attempting to retrieving message content...
Message message content retrieved.

Searching for <d6e5fef3-6e06-4066-ad5a-b3e01d13220c@854jpt.onmicrosoft.com> in DiegoS@854jpt.onmicrosoft.com...
Message found. Parsing metadata & attempting to retrieving message content...
Message message content retrieved.

Searching for <8785474b-c073-4745-8d23-e64e8bdba359@854jpt.onmicrosoft.com> in DiegoS@854jpt.onmicrosoft.com...
Message found. Parsing metadata & attempting to retrieving message content...
Message message content retrieved.

Searching for <070472c8-c203-4fbb-b570-7753c4a7e586@854jpt.onmicrosoft.com> in DiegoS@854jpt.onmicrosoft.com...
Message found. Parsing metadata & attempting to retrieving message content...
Message message content retrieved.

Searching for <d057e741-ae7f-463f-abe8-a9a2ab1e29ac@854jpt.onmicrosoft.com> in DiegoS@854jpt.onmicrosoft.com...
<d057e741-ae7f-463f-abe8-a9a2ab1e29ac@854jpt.onmicrosoft.com> not found in DiegoS@854jpt.onmicrosoft.com.

Searching for <fa22c69f-c94b-4fa6-81f7-be48328f061c@854jpt.onmicrosoft.com> in DiegoS@854jpt.onmicrosoft.com...
Message found. Parsing metadata & attempting to retrieving message content...
Message message content retrieved.

Searching for <0dddd476-0968-458b-9566-47d1895ab012@BN3PEPF0000B371.namprd21.prod.outlook.com> in GradyA@854jpt.onmicrosoft.com...
<0dddd476-0968-458b-9566-47d1895ab012@BN3PEPF0000B371.namprd21.prod.outlook.com> not found in GradyA@854jpt.onmicrosoft.com.

Searching for <7dbf7de7-1d4e-4a65-868d-e42cb17b7351@MN1PEPF0000F0E3.namprd04.prod.outlook.com> in GradyA@854jpt.onmicrosoft.com...
<7dbf7de7-1d4e-4a65-868d-e42cb17b7351@MN1PEPF0000F0E3.namprd04.prod.outlook.com> not found in GradyA@854jpt.onmicrosoft.com.

Searching for <c7d763b3-b849-4f29-ae16-6d3de954e831@854jpt.onmicrosoft.com> in GradyA@854jpt.onmicrosoft.com...
Message found. Parsing metadata & attempting to retrieving message content...
Message message content retrieved.

Searching for <e009bdbc-b8e8-4d74-bd24-f6efc41483f6@854jpt.onmicrosoft.com> in GradyA@854jpt.onmicrosoft.com...
<e009bdbc-b8e8-4d74-bd24-f6efc41483f6@854jpt.onmicrosoft.com> not found in GradyA@854jpt.onmicrosoft.com.

Searching for <8fe2b886-7eff-4258-9d90-7b497ce67e93@854jpt.onmicrosoft.com> in GradyA@854jpt.onmicrosoft.com...
<8fe2b886-7eff-4258-9d90-7b497ce67e93@854jpt.onmicrosoft.com> not found in GradyA@854jpt.onmicrosoft.com.

Searching for <5b22b6a3-fde1-43bf-a6c7-33fa82b671d9@854jpt.onmicrosoft.com> in GradyA@854jpt.onmicrosoft.com...
<5b22b6a3-fde1-43bf-a6c7-33fa82b671d9@854jpt.onmicrosoft.com> not found in GradyA@854jpt.onmicrosoft.com.

Searching for <7ed1b6bf-2b7d-43f6-ac0d-c259cbc4ba96@854jpt.onmicrosoft.com> in GradyA@854jpt.onmicrosoft.com...
<7ed1b6bf-2b7d-43f6-ac0d-c259cbc4ba96@854jpt.onmicrosoft.com> not found in GradyA@854jpt.onmicrosoft.com.

Searching for <a6f633b5-ed16-4d31-8616-519b69b32c7d@854jpt.onmicrosoft.com> in GradyA@854jpt.onmicrosoft.com...
<a6f633b5-ed16-4d31-8616-519b69b32c7d@854jpt.onmicrosoft.com> not found in GradyA@854jpt.onmicrosoft.com.

Searching for <4def848f-7dd9-4410-aa7a-003041712583@854jpt.onmicrosoft.com> in GradyA@854jpt.onmicrosoft.com...
<4def848f-7dd9-4410-aa7a-003041712583@854jpt.onmicrosoft.com> not found in GradyA@854jpt.onmicrosoft.com.

Searching for <477cb28e-1fd3-474e-aacf-c9c09c547363@854jpt.onmicrosoft.com> in GradyA@854jpt.onmicrosoft.com...
Message found. Parsing metadata & attempting to retrieving message content...
Message message content retrieved.

Searching for <2e87a629-c2f4-4fc4-af41-f8f29bc9cc1b@854jpt.onmicrosoft.com> in GradyA@854jpt.onmicrosoft.com...
Message found. Parsing metadata & attempting to retrieving message content...
Message message content retrieved.

Searching for <45fda60d-ef62-4dd7-89f5-2bd9261ffff2@854jpt.onmicrosoft.com> in GradyA@854jpt.onmicrosoft.com...
<45fda60d-ef62-4dd7-89f5-2bd9261ffff2@854jpt.onmicrosoft.com> not found in GradyA@854jpt.onmicrosoft.com.

Searching for <45fda60d-ef62-4dd7-89f5-2bd9261ffff2@854jpt.onmicrosoft.com> in GradyA@854jpt.onmicrosoft.com...
<45fda60d-ef62-4dd7-89f5-2bd9261ffff2@854jpt.onmicrosoft.com> not found in GradyA@854jpt.onmicrosoft.com.

Searching for <dc562fd6-29b1-4911-9796-a05ca634fef0@854jpt.onmicrosoft.com> in GradyA@854jpt.onmicrosoft.com...
<dc562fd6-29b1-4911-9796-a05ca634fef0@854jpt.onmicrosoft.com> not found in GradyA@854jpt.onmicrosoft.com.

Searching for <4f67c8e6-535a-43d4-b8a4-5cd6a7bcb994@854jpt.onmicrosoft.com> in GradyA@854jpt.onmicrosoft.com...
Message found. Parsing metadata & attempting to retrieving message content...
Message message content retrieved.

Searching for <477cb28e-1fd3-474e-aacf-c9c09c547363@854jpt.onmicrosoft.com> in GradyA@854jpt.onmicrosoft.com...
Message found. Parsing metadata & attempting to retrieving message content...
Message message content retrieved.

Searching for <05712de0-a22f-4471-8c0b-1a9c5627937d@854jpt.onmicrosoft.com> in GradyA@854jpt.onmicrosoft.com...
<05712de0-a22f-4471-8c0b-1a9c5627937d@854jpt.onmicrosoft.com> not found in GradyA@854jpt.onmicrosoft.com.

Searching for <9fb6d025-fbb7-45e9-a351-5368d67d225c@854jpt.onmicrosoft.com> in GradyA@854jpt.onmicrosoft.com...
Message found. Parsing metadata & attempting to retrieving message content...
Message message content retrieved.

Searching for <8d822f3a-9e8f-4757-ac80-2f400c70a139@854jpt.onmicrosoft.com> in GradyA@854jpt.onmicrosoft.com...
Message found. Parsing metadata & attempting to retrieving message content...
Message message content retrieved.

Searching for <9c77b403-12db-42c6-b8e8-ec5100720cab@854jpt.onmicrosoft.com> in GradyA@854jpt.onmicrosoft.com...
Message found. Parsing metadata & attempting to retrieving message content...
Message message content retrieved.

Searching for <d80de07c-9588-4d70-82e1-24210566ad83@854jpt.onmicrosoft.com> in GradyA@854jpt.onmicrosoft.com...
<d80de07c-9588-4d70-82e1-24210566ad83@854jpt.onmicrosoft.com> not found in GradyA@854jpt.onmicrosoft.com.

Searching for <9c888c6e-c7ea-4691-8917-1a6cf33c9e8c@854jpt.onmicrosoft.com> in GradyA@854jpt.onmicrosoft.com...
<9c888c6e-c7ea-4691-8917-1a6cf33c9e8c@854jpt.onmicrosoft.com> not found in GradyA@854jpt.onmicrosoft.com.

Searching for <a2ab3c98-a8d7-448c-b13d-d659e3cdd149@854jpt.onmicrosoft.com> in GradyA@854jpt.onmicrosoft.com...
Message found. Parsing metadata & attempting to retrieving message content...
Message message content retrieved.

Searching for <0dda4e20-4659-4856-acd1-5c28622ea42a@854jpt.onmicrosoft.com> in GradyA@854jpt.onmicrosoft.com...
<0dda4e20-4659-4856-acd1-5c28622ea42a@854jpt.onmicrosoft.com> not found in GradyA@854jpt.onmicrosoft.com.

Searching for <709c7ff2-9902-42c2-b3fc-f850081baa78@854jpt.onmicrosoft.com> in GradyA@854jpt.onmicrosoft.com...
Message found. Parsing metadata & attempting to retrieving message content...
Message message content retrieved.

Searching for <73fac190-309d-4c26-be14-279f91581e32@854jpt.onmicrosoft.com> in GradyA@854jpt.onmicrosoft.com...
<73fac190-309d-4c26-be14-279f91581e32@854jpt.onmicrosoft.com> not found in GradyA@854jpt.onmicrosoft.com.

Searching for <8fe2b886-7eff-4258-9d90-7b497ce67e93@854jpt.onmicrosoft.com> in GradyA@854jpt.onmicrosoft.com...
<8fe2b886-7eff-4258-9d90-7b497ce67e93@854jpt.onmicrosoft.com> not found in GradyA@854jpt.onmicrosoft.com.

Searching for <2377068c-9d63-44e3-a2a6-708f5aed8204@854jpt.onmicrosoft.com> in GradyA@854jpt.onmicrosoft.com...
Message found. Parsing metadata & attempting to retrieving message content...
Message message content retrieved.

Searching for <7405f919-5796-431d-a0d8-2a671c543905@854jpt.onmicrosoft.com> in GradyA@854jpt.onmicrosoft.com...
Message found. Parsing metadata & attempting to retrieving message content...
Message message content retrieved.

Searching for <2e87a629-c2f4-4fc4-af41-f8f29bc9cc1b@854jpt.onmicrosoft.com> in GradyA@854jpt.onmicrosoft.com...
Message found. Parsing metadata & attempting to retrieving message content...
Message message content retrieved.

Searching for <ac1723d3-6359-4021-ae5a-fc08febd9fdb@854jpt.onmicrosoft.com> in GradyA@854jpt.onmicrosoft.com...
Message found. Parsing metadata & attempting to retrieving message content...
Message message content retrieved.

Searching for <2eb53355-095a-4b91-a87d-e5cb2520f59d@854jpt.onmicrosoft.com> in GradyA@854jpt.onmicrosoft.com...
Message found. Parsing metadata & attempting to retrieving message content...
Message message content retrieved.

Searching for <cd74de49-232f-49d6-aac1-3d31025def48@854jpt.onmicrosoft.com> in GradyA@854jpt.onmicrosoft.com...
Message found. Parsing metadata & attempting to retrieving message content...
Message message content retrieved.

Searching for <7405f919-5796-431d-a0d8-2a671c543905@854jpt.onmicrosoft.com> in GradyA@854jpt.onmicrosoft.com...
Message found. Parsing metadata & attempting to retrieving message content...
Message message content retrieved.

Searching for <2377068c-9d63-44e3-a2a6-708f5aed8204@854jpt.onmicrosoft.com> in GradyA@854jpt.onmicrosoft.com...
Message found. Parsing metadata & attempting to retrieving message content...
Message message content retrieved.

Searching for <2e87a629-c2f4-4fc4-af41-f8f29bc9cc1b@854jpt.onmicrosoft.com> in GradyA@854jpt.onmicrosoft.com...
Message found. Parsing metadata & attempting to retrieving message content...
Message message content retrieved.

Searching for <BY5PR10MB3746E1F0FD0539E21C052071A7CF2@BY5PR10MB3746.namprd10.prod.outlook.com> in GradyA@854jpt.onmicrosoft.com...
<BY5PR10MB3746E1F0FD0539E21C052071A7CF2@BY5PR10MB3746.namprd10.prod.outlook.com> not found in GradyA@854jpt.onmicrosoft.com.

Searching for <ae34161f-f8a6-4be2-8558-8d2b6c401ca3@MN1PEPF0000F0E3.namprd04.prod.outlook.com> in GradyA@854jpt.onmicrosoft.com...
<ae34161f-f8a6-4be2-8558-8d2b6c401ca3@MN1PEPF0000F0E3.namprd04.prod.outlook.com> not found in GradyA@854jpt.onmicrosoft.com.

Searching for <c7d763b3-b849-4f29-ae16-6d3de954e831@854jpt.onmicrosoft.com> in GradyA@854jpt.onmicrosoft.com...
Message found. Parsing metadata & attempting to retrieving message content...
Message message content retrieved.

Searching for <0d96379d-d2d5-4e52-b323-3829231229ea@854jpt.onmicrosoft.com> in GradyA@854jpt.onmicrosoft.com...
Message found. Parsing metadata & attempting to retrieving message content...
Message message content retrieved.

Searching for <d9dda4b9-f6c8-459c-a337-aea02ef775a3@854jpt.onmicrosoft.com> in GradyA@854jpt.onmicrosoft.com...
Message found. Parsing metadata & attempting to retrieving message content...
Message message content retrieved.

Searching for <1df67f41-130a-4137-b0be-0a8f07e84631@854jpt.onmicrosoft.com> in GradyA@854jpt.onmicrosoft.com...
Message found. Parsing metadata & attempting to retrieving message content...
Message message content retrieved.

Searching for <467dc11e-ca38-496d-9f7f-4d55812afa64@854jpt.onmicrosoft.com> in GradyA@854jpt.onmicrosoft.com...
<467dc11e-ca38-496d-9f7f-4d55812afa64@854jpt.onmicrosoft.com> not found in GradyA@854jpt.onmicrosoft.com.

Searching for <85496e96-33f0-4709-8410-55b3e99d403f@854jpt.onmicrosoft.com> in GradyA@854jpt.onmicrosoft.com...
<85496e96-33f0-4709-8410-55b3e99d403f@854jpt.onmicrosoft.com> not found in GradyA@854jpt.onmicrosoft.com.

Searching for <3121cb0d-054e-4acb-92a7-c133833aef29@854jpt.onmicrosoft.com> in GradyA@854jpt.onmicrosoft.com...
Message found. Parsing metadata & attempting to retrieving message content...
Message message content retrieved.

Searching for <0b63639a-b028-4bc7-ad24-ae17acd3fcb7@854jpt.onmicrosoft.com> in GradyA@854jpt.onmicrosoft.com...
Message found. Parsing metadata & attempting to retrieving message content...
Message message content retrieved.

Searching for <4990c53c-4140-41bf-a461-7f8b1cf8f690@854jpt.onmicrosoft.com> in GradyA@854jpt.onmicrosoft.com...
Message found. Parsing metadata & attempting to retrieving message content...
Message message content retrieved.

Searching for <b8fc7c22-857b-4e72-ba6a-dc44998d67d7@854jpt.onmicrosoft.com> in GradyA@854jpt.onmicrosoft.com...
Message found. Parsing metadata & attempting to retrieving message content...
Message message content retrieved.

Searching for <c2c2ab9e-3b37-446e-9f18-b1b5f06e313b@854jpt.onmicrosoft.com> in GradyA@854jpt.onmicrosoft.com...
Message found. Parsing metadata & attempting to retrieving message content...
Message message content retrieved.

Searching for <BY5PR10MB3746CDC7ACFA92EDF49C3F7FA7CF2@BY5PR10MB3746.namprd10.prod.outlook.com> in GradyA@854jpt.onmicrosoft.com...
<BY5PR10MB3746CDC7ACFA92EDF49C3F7FA7CF2@BY5PR10MB3746.namprd10.prod.outlook.com> not found in GradyA@854jpt.onmicrosoft.com.

Searching for <c34389f0-d4e5-4864-b70d-ba55bab08830@854jpt.onmicrosoft.com> in GradyA@854jpt.onmicrosoft.com...
<c34389f0-d4e5-4864-b70d-ba55bab08830@854jpt.onmicrosoft.com> not found in GradyA@854jpt.onmicrosoft.com.

Searching for <ce7744b8-765f-4e2f-b137-5f09c2e31605@854jpt.onmicrosoft.com> in GradyA@854jpt.onmicrosoft.com...
<ce7744b8-765f-4e2f-b137-5f09c2e31605@854jpt.onmicrosoft.com> not found in GradyA@854jpt.onmicrosoft.com.

Searching for <9dfca31f-f976-46b2-90b0-df9fbb9db50a@854jpt.onmicrosoft.com> in GradyA@854jpt.onmicrosoft.com...
<9dfca31f-f976-46b2-90b0-df9fbb9db50a@854jpt.onmicrosoft.com> not found in GradyA@854jpt.onmicrosoft.com.

Searching for <5fb45624-eba5-4c20-ba44-99b051161889@854jpt.onmicrosoft.com> in GradyA@854jpt.onmicrosoft.com...
<5fb45624-eba5-4c20-ba44-99b051161889@854jpt.onmicrosoft.com> not found in GradyA@854jpt.onmicrosoft.com.

Searching for <da56d96c-8bdf-4a60-a21c-26d10fef6a07@854jpt.onmicrosoft.com> in GradyA@854jpt.onmicrosoft.com...
<da56d96c-8bdf-4a60-a21c-26d10fef6a07@854jpt.onmicrosoft.com> not found in GradyA@854jpt.onmicrosoft.com.

Searching for <d31463a9-dd3a-4643-9bb2-f21b4a1327e5@854jpt.onmicrosoft.com> in GradyA@854jpt.onmicrosoft.com...
<d31463a9-dd3a-4643-9bb2-f21b4a1327e5@854jpt.onmicrosoft.com> not found in GradyA@854jpt.onmicrosoft.com.

Searching for <832cf089-17b2-4abd-a5da-415a370e0054@854jpt.onmicrosoft.com> in GradyA@854jpt.onmicrosoft.com...
Message found. Parsing metadata & attempting to retrieving message content...
Message message content retrieved.

Searching for <3b48bba2-2d97-4c4d-bcb4-3a7a96eb2123@854jpt.onmicrosoft.com> in GradyA@854jpt.onmicrosoft.com...
<3b48bba2-2d97-4c4d-bcb4-3a7a96eb2123@854jpt.onmicrosoft.com> not found in GradyA@854jpt.onmicrosoft.com.

Searching for <ba6c0611-a201-438a-89a9-43f3cdb5f76d@BN3PEPF0000B371.namprd21.prod.outlook.com> in GradyA@854jpt.onmicrosoft.com...
<ba6c0611-a201-438a-89a9-43f3cdb5f76d@BN3PEPF0000B371.namprd21.prod.outlook.com> not found in GradyA@854jpt.onmicrosoft.com.

Searching for <dc562fd6-29b1-4911-9796-a05ca634fef0@854jpt.onmicrosoft.com> in GradyA@854jpt.onmicrosoft.com...
<dc562fd6-29b1-4911-9796-a05ca634fef0@854jpt.onmicrosoft.com> not found in GradyA@854jpt.onmicrosoft.com.

Searching for <dc562fd6-29b1-4911-9796-a05ca634fef0@854jpt.onmicrosoft.com> in GradyA@854jpt.onmicrosoft.com...
<dc562fd6-29b1-4911-9796-a05ca634fef0@854jpt.onmicrosoft.com> not found in GradyA@854jpt.onmicrosoft.com.

Searching for <BY5PR10MB37463FDDD74C54B81F7E1387A7CF2@BY5PR10MB3746.namprd10.prod.outlook.com> in GradyA@854jpt.onmicrosoft.com...
<BY5PR10MB37463FDDD74C54B81F7E1387A7CF2@BY5PR10MB3746.namprd10.prod.outlook.com> not found in GradyA@854jpt.onmicrosoft.com.

Searching for <ed45d007-d316-492f-a265-09475d5d2f9a@854jpt.onmicrosoft.com> in GradyA@854jpt.onmicrosoft.com...
Message found. Parsing metadata & attempting to retrieving message content...
Message message content retrieved.

Searching for <4f8ea0d9-73fa-419f-98c4-b98bec8cc268@854jpt.onmicrosoft.com> in GradyA@854jpt.onmicrosoft.com...
<4f8ea0d9-73fa-419f-98c4-b98bec8cc268@854jpt.onmicrosoft.com> not found in GradyA@854jpt.onmicrosoft.com.

Searching for <fd855e73-6520-4322-957e-b8ca1d433cad@854jpt.onmicrosoft.com> in GradyA@854jpt.onmicrosoft.com...
<fd855e73-6520-4322-957e-b8ca1d433cad@854jpt.onmicrosoft.com> not found in GradyA@854jpt.onmicrosoft.com.

Searching for <d6e5fef3-6e06-4066-ad5a-b3e01d13220c@854jpt.onmicrosoft.com> in GradyA@854jpt.onmicrosoft.com...
Message found. Parsing metadata & attempting to retrieving message content...
Message message content retrieved.

Searching for <8785474b-c073-4745-8d23-e64e8bdba359@854jpt.onmicrosoft.com> in GradyA@854jpt.onmicrosoft.com...
<8785474b-c073-4745-8d23-e64e8bdba359@854jpt.onmicrosoft.com> not found in GradyA@854jpt.onmicrosoft.com.

Searching for <070472c8-c203-4fbb-b570-7753c4a7e586@854jpt.onmicrosoft.com> in GradyA@854jpt.onmicrosoft.com...
<070472c8-c203-4fbb-b570-7753c4a7e586@854jpt.onmicrosoft.com> not found in GradyA@854jpt.onmicrosoft.com.

Searching for <d057e741-ae7f-463f-abe8-a9a2ab1e29ac@854jpt.onmicrosoft.com> in GradyA@854jpt.onmicrosoft.com...
<d057e741-ae7f-463f-abe8-a9a2ab1e29ac@854jpt.onmicrosoft.com> not found in GradyA@854jpt.onmicrosoft.com.

Searching for <fa22c69f-c94b-4fa6-81f7-be48328f061c@854jpt.onmicrosoft.com> in GradyA@854jpt.onmicrosoft.com...
Message found. Parsing metadata & attempting to retrieving message content...
Message message content retrieved.

Searching for <0dddd476-0968-458b-9566-47d1895ab012@BN3PEPF0000B371.namprd21.prod.outlook.com> in HenriettaM@854jpt.onmicrosoft.com...
<0dddd476-0968-458b-9566-47d1895ab012@BN3PEPF0000B371.namprd21.prod.outlook.com> not found in HenriettaM@854jpt.onmicrosoft.com.

Searching for <7dbf7de7-1d4e-4a65-868d-e42cb17b7351@MN1PEPF0000F0E3.namprd04.prod.outlook.com> in HenriettaM@854jpt.onmicrosoft.com...
<7dbf7de7-1d4e-4a65-868d-e42cb17b7351@MN1PEPF0000F0E3.namprd04.prod.outlook.com> not found in HenriettaM@854jpt.onmicrosoft.com.

Searching for <c7d763b3-b849-4f29-ae16-6d3de954e831@854jpt.onmicrosoft.com> in HenriettaM@854jpt.onmicrosoft.com...
Message found. Parsing metadata & attempting to retrieving message content...
Message message content retrieved.

Searching for <e009bdbc-b8e8-4d74-bd24-f6efc41483f6@854jpt.onmicrosoft.com> in HenriettaM@854jpt.onmicrosoft.com...
<e009bdbc-b8e8-4d74-bd24-f6efc41483f6@854jpt.onmicrosoft.com> not found in HenriettaM@854jpt.onmicrosoft.com.

Searching for <8fe2b886-7eff-4258-9d90-7b497ce67e93@854jpt.onmicrosoft.com> in HenriettaM@854jpt.onmicrosoft.com...
<8fe2b886-7eff-4258-9d90-7b497ce67e93@854jpt.onmicrosoft.com> not found in HenriettaM@854jpt.onmicrosoft.com.

Searching for <5b22b6a3-fde1-43bf-a6c7-33fa82b671d9@854jpt.onmicrosoft.com> in HenriettaM@854jpt.onmicrosoft.com...
Message found. Parsing metadata & attempting to retrieving message content...
Message message content retrieved.

Searching for <7ed1b6bf-2b7d-43f6-ac0d-c259cbc4ba96@854jpt.onmicrosoft.com> in HenriettaM@854jpt.onmicrosoft.com...
<7ed1b6bf-2b7d-43f6-ac0d-c259cbc4ba96@854jpt.onmicrosoft.com> not found in HenriettaM@854jpt.onmicrosoft.com.

Searching for <a6f633b5-ed16-4d31-8616-519b69b32c7d@854jpt.onmicrosoft.com> in HenriettaM@854jpt.onmicrosoft.com...
<a6f633b5-ed16-4d31-8616-519b69b32c7d@854jpt.onmicrosoft.com> not found in HenriettaM@854jpt.onmicrosoft.com.

Searching for <4def848f-7dd9-4410-aa7a-003041712583@854jpt.onmicrosoft.com> in HenriettaM@854jpt.onmicrosoft.com...
Message found. Parsing metadata & attempting to retrieving message content...
Message message content retrieved.

Searching for <477cb28e-1fd3-474e-aacf-c9c09c547363@854jpt.onmicrosoft.com> in HenriettaM@854jpt.onmicrosoft.com...
Message found. Parsing metadata & attempting to retrieving message content...
Message message content retrieved.

Searching for <2e87a629-c2f4-4fc4-af41-f8f29bc9cc1b@854jpt.onmicrosoft.com> in HenriettaM@854jpt.onmicrosoft.com...
Message found. Parsing metadata & attempting to retrieving message content...
Message message content retrieved.

Searching for <45fda60d-ef62-4dd7-89f5-2bd9261ffff2@854jpt.onmicrosoft.com> in HenriettaM@854jpt.onmicrosoft.com...
<45fda60d-ef62-4dd7-89f5-2bd9261ffff2@854jpt.onmicrosoft.com> not found in HenriettaM@854jpt.onmicrosoft.com.

Searching for <45fda60d-ef62-4dd7-89f5-2bd9261ffff2@854jpt.onmicrosoft.com> in HenriettaM@854jpt.onmicrosoft.com...
<45fda60d-ef62-4dd7-89f5-2bd9261ffff2@854jpt.onmicrosoft.com> not found in HenriettaM@854jpt.onmicrosoft.com.

Searching for <dc562fd6-29b1-4911-9796-a05ca634fef0@854jpt.onmicrosoft.com> in HenriettaM@854jpt.onmicrosoft.com...
<dc562fd6-29b1-4911-9796-a05ca634fef0@854jpt.onmicrosoft.com> not found in HenriettaM@854jpt.onmicrosoft.com.

Searching for <4f67c8e6-535a-43d4-b8a4-5cd6a7bcb994@854jpt.onmicrosoft.com> in HenriettaM@854jpt.onmicrosoft.com...
Message found. Parsing metadata & attempting to retrieving message content...
Message message content retrieved.

Searching for <477cb28e-1fd3-474e-aacf-c9c09c547363@854jpt.onmicrosoft.com> in HenriettaM@854jpt.onmicrosoft.com...
Message found. Parsing metadata & attempting to retrieving message content...
Message message content retrieved.

Searching for <05712de0-a22f-4471-8c0b-1a9c5627937d@854jpt.onmicrosoft.com> in HenriettaM@854jpt.onmicrosoft.com...
<05712de0-a22f-4471-8c0b-1a9c5627937d@854jpt.onmicrosoft.com> not found in HenriettaM@854jpt.onmicrosoft.com.

Searching for <9fb6d025-fbb7-45e9-a351-5368d67d225c@854jpt.onmicrosoft.com> in HenriettaM@854jpt.onmicrosoft.com...
<9fb6d025-fbb7-45e9-a351-5368d67d225c@854jpt.onmicrosoft.com> not found in HenriettaM@854jpt.onmicrosoft.com.

Searching for <8d822f3a-9e8f-4757-ac80-2f400c70a139@854jpt.onmicrosoft.com> in HenriettaM@854jpt.onmicrosoft.com...
<8d822f3a-9e8f-4757-ac80-2f400c70a139@854jpt.onmicrosoft.com> not found in HenriettaM@854jpt.onmicrosoft.com.

Searching for <9c77b403-12db-42c6-b8e8-ec5100720cab@854jpt.onmicrosoft.com> in HenriettaM@854jpt.onmicrosoft.com...
<9c77b403-12db-42c6-b8e8-ec5100720cab@854jpt.onmicrosoft.com> not found in HenriettaM@854jpt.onmicrosoft.com.

Searching for <d80de07c-9588-4d70-82e1-24210566ad83@854jpt.onmicrosoft.com> in HenriettaM@854jpt.onmicrosoft.com...
<d80de07c-9588-4d70-82e1-24210566ad83@854jpt.onmicrosoft.com> not found in HenriettaM@854jpt.onmicrosoft.com.

Searching for <9c888c6e-c7ea-4691-8917-1a6cf33c9e8c@854jpt.onmicrosoft.com> in HenriettaM@854jpt.onmicrosoft.com...
<9c888c6e-c7ea-4691-8917-1a6cf33c9e8c@854jpt.onmicrosoft.com> not found in HenriettaM@854jpt.onmicrosoft.com.

Searching for <a2ab3c98-a8d7-448c-b13d-d659e3cdd149@854jpt.onmicrosoft.com> in HenriettaM@854jpt.onmicrosoft.com...
<a2ab3c98-a8d7-448c-b13d-d659e3cdd149@854jpt.onmicrosoft.com> not found in HenriettaM@854jpt.onmicrosoft.com.

Searching for <0dda4e20-4659-4856-acd1-5c28622ea42a@854jpt.onmicrosoft.com> in HenriettaM@854jpt.onmicrosoft.com...
<0dda4e20-4659-4856-acd1-5c28622ea42a@854jpt.onmicrosoft.com> not found in HenriettaM@854jpt.onmicrosoft.com.

Searching for <709c7ff2-9902-42c2-b3fc-f850081baa78@854jpt.onmicrosoft.com> in HenriettaM@854jpt.onmicrosoft.com...
<709c7ff2-9902-42c2-b3fc-f850081baa78@854jpt.onmicrosoft.com> not found in HenriettaM@854jpt.onmicrosoft.com.

Searching for <73fac190-309d-4c26-be14-279f91581e32@854jpt.onmicrosoft.com> in HenriettaM@854jpt.onmicrosoft.com...
<73fac190-309d-4c26-be14-279f91581e32@854jpt.onmicrosoft.com> not found in HenriettaM@854jpt.onmicrosoft.com.

Searching for <8fe2b886-7eff-4258-9d90-7b497ce67e93@854jpt.onmicrosoft.com> in HenriettaM@854jpt.onmicrosoft.com...
<8fe2b886-7eff-4258-9d90-7b497ce67e93@854jpt.onmicrosoft.com> not found in HenriettaM@854jpt.onmicrosoft.com.

Searching for <2377068c-9d63-44e3-a2a6-708f5aed8204@854jpt.onmicrosoft.com> in HenriettaM@854jpt.onmicrosoft.com...
Message found. Parsing metadata & attempting to retrieving message content...
Message message content retrieved.

Searching for <7405f919-5796-431d-a0d8-2a671c543905@854jpt.onmicrosoft.com> in HenriettaM@854jpt.onmicrosoft.com...
Message found. Parsing metadata & attempting to retrieving message content...
Message message content retrieved.

Searching for <2e87a629-c2f4-4fc4-af41-f8f29bc9cc1b@854jpt.onmicrosoft.com> in HenriettaM@854jpt.onmicrosoft.com...
Message found. Parsing metadata & attempting to retrieving message content...
Message message content retrieved.

Searching for <ac1723d3-6359-4021-ae5a-fc08febd9fdb@854jpt.onmicrosoft.com> in HenriettaM@854jpt.onmicrosoft.com...
Message found. Parsing metadata & attempting to retrieving message content...
Message message content retrieved.

Searching for <2eb53355-095a-4b91-a87d-e5cb2520f59d@854jpt.onmicrosoft.com> in HenriettaM@854jpt.onmicrosoft.com...
Message found. Parsing metadata & attempting to retrieving message content...
Message message content retrieved.

Searching for <cd74de49-232f-49d6-aac1-3d31025def48@854jpt.onmicrosoft.com> in HenriettaM@854jpt.onmicrosoft.com...
Message found. Parsing metadata & attempting to retrieving message content...
Message message content retrieved.

Searching for <7405f919-5796-431d-a0d8-2a671c543905@854jpt.onmicrosoft.com> in HenriettaM@854jpt.onmicrosoft.com...
Message found. Parsing metadata & attempting to retrieving message content...
Message message content retrieved.

Searching for <2377068c-9d63-44e3-a2a6-708f5aed8204@854jpt.onmicrosoft.com> in HenriettaM@854jpt.onmicrosoft.com...
Message found. Parsing metadata & attempting to retrieving message content...
Message message content retrieved.

Searching for <2e87a629-c2f4-4fc4-af41-f8f29bc9cc1b@854jpt.onmicrosoft.com> in HenriettaM@854jpt.onmicrosoft.com...
Message found. Parsing metadata & attempting to retrieving message content...
Message message content retrieved.

Searching for <BY5PR10MB3746E1F0FD0539E21C052071A7CF2@BY5PR10MB3746.namprd10.prod.outlook.com> in HenriettaM@854jpt.onmicrosoft.com...
<BY5PR10MB3746E1F0FD0539E21C052071A7CF2@BY5PR10MB3746.namprd10.prod.outlook.com> not found in HenriettaM@854jpt.onmicrosoft.com.

Searching for <ae34161f-f8a6-4be2-8558-8d2b6c401ca3@MN1PEPF0000F0E3.namprd04.prod.outlook.com> in HenriettaM@854jpt.onmicrosoft.com...
<ae34161f-f8a6-4be2-8558-8d2b6c401ca3@MN1PEPF0000F0E3.namprd04.prod.outlook.com> not found in HenriettaM@854jpt.onmicrosoft.com.

Searching for <c7d763b3-b849-4f29-ae16-6d3de954e831@854jpt.onmicrosoft.com> in HenriettaM@854jpt.onmicrosoft.com...
Message found. Parsing metadata & attempting to retrieving message content...
Message message content retrieved.

Searching for <0d96379d-d2d5-4e52-b323-3829231229ea@854jpt.onmicrosoft.com> in HenriettaM@854jpt.onmicrosoft.com...
<0d96379d-d2d5-4e52-b323-3829231229ea@854jpt.onmicrosoft.com> not found in HenriettaM@854jpt.onmicrosoft.com.

Searching for <d9dda4b9-f6c8-459c-a337-aea02ef775a3@854jpt.onmicrosoft.com> in HenriettaM@854jpt.onmicrosoft.com...
<d9dda4b9-f6c8-459c-a337-aea02ef775a3@854jpt.onmicrosoft.com> not found in HenriettaM@854jpt.onmicrosoft.com.

Searching for <1df67f41-130a-4137-b0be-0a8f07e84631@854jpt.onmicrosoft.com> in HenriettaM@854jpt.onmicrosoft.com...
<1df67f41-130a-4137-b0be-0a8f07e84631@854jpt.onmicrosoft.com> not found in HenriettaM@854jpt.onmicrosoft.com.

Searching for <467dc11e-ca38-496d-9f7f-4d55812afa64@854jpt.onmicrosoft.com> in HenriettaM@854jpt.onmicrosoft.com...
<467dc11e-ca38-496d-9f7f-4d55812afa64@854jpt.onmicrosoft.com> not found in HenriettaM@854jpt.onmicrosoft.com.

Searching for <85496e96-33f0-4709-8410-55b3e99d403f@854jpt.onmicrosoft.com> in HenriettaM@854jpt.onmicrosoft.com...
<85496e96-33f0-4709-8410-55b3e99d403f@854jpt.onmicrosoft.com> not found in HenriettaM@854jpt.onmicrosoft.com.

Searching for <3121cb0d-054e-4acb-92a7-c133833aef29@854jpt.onmicrosoft.com> in HenriettaM@854jpt.onmicrosoft.com...
<3121cb0d-054e-4acb-92a7-c133833aef29@854jpt.onmicrosoft.com> not found in HenriettaM@854jpt.onmicrosoft.com.

Searching for <0b63639a-b028-4bc7-ad24-ae17acd3fcb7@854jpt.onmicrosoft.com> in HenriettaM@854jpt.onmicrosoft.com...
<0b63639a-b028-4bc7-ad24-ae17acd3fcb7@854jpt.onmicrosoft.com> not found in HenriettaM@854jpt.onmicrosoft.com.

Searching for <4990c53c-4140-41bf-a461-7f8b1cf8f690@854jpt.onmicrosoft.com> in HenriettaM@854jpt.onmicrosoft.com...
<4990c53c-4140-41bf-a461-7f8b1cf8f690@854jpt.onmicrosoft.com> not found in HenriettaM@854jpt.onmicrosoft.com.

Searching for <b8fc7c22-857b-4e72-ba6a-dc44998d67d7@854jpt.onmicrosoft.com> in HenriettaM@854jpt.onmicrosoft.com...
Message found. Parsing metadata & attempting to retrieving message content...
Message message content retrieved.

Searching for <c2c2ab9e-3b37-446e-9f18-b1b5f06e313b@854jpt.onmicrosoft.com> in HenriettaM@854jpt.onmicrosoft.com...
Message found. Parsing metadata & attempting to retrieving message content...
Message message content retrieved.

Searching for <BY5PR10MB3746CDC7ACFA92EDF49C3F7FA7CF2@BY5PR10MB3746.namprd10.prod.outlook.com> in HenriettaM@854jpt.onmicrosoft.com...
<BY5PR10MB3746CDC7ACFA92EDF49C3F7FA7CF2@BY5PR10MB3746.namprd10.prod.outlook.com> not found in HenriettaM@854jpt.onmicrosoft.com.

Searching for <c34389f0-d4e5-4864-b70d-ba55bab08830@854jpt.onmicrosoft.com> in HenriettaM@854jpt.onmicrosoft.com...
<c34389f0-d4e5-4864-b70d-ba55bab08830@854jpt.onmicrosoft.com> not found in HenriettaM@854jpt.onmicrosoft.com.

Searching for <ce7744b8-765f-4e2f-b137-5f09c2e31605@854jpt.onmicrosoft.com> in HenriettaM@854jpt.onmicrosoft.com...
Message found. Parsing metadata & attempting to retrieving message content...
Message message content retrieved.

Searching for <9dfca31f-f976-46b2-90b0-df9fbb9db50a@854jpt.onmicrosoft.com> in HenriettaM@854jpt.onmicrosoft.com...
<9dfca31f-f976-46b2-90b0-df9fbb9db50a@854jpt.onmicrosoft.com> not found in HenriettaM@854jpt.onmicrosoft.com.

Searching for <5fb45624-eba5-4c20-ba44-99b051161889@854jpt.onmicrosoft.com> in HenriettaM@854jpt.onmicrosoft.com...
<5fb45624-eba5-4c20-ba44-99b051161889@854jpt.onmicrosoft.com> not found in HenriettaM@854jpt.onmicrosoft.com.

Searching for <da56d96c-8bdf-4a60-a21c-26d10fef6a07@854jpt.onmicrosoft.com> in HenriettaM@854jpt.onmicrosoft.com...
<da56d96c-8bdf-4a60-a21c-26d10fef6a07@854jpt.onmicrosoft.com> not found in HenriettaM@854jpt.onmicrosoft.com.

Searching for <d31463a9-dd3a-4643-9bb2-f21b4a1327e5@854jpt.onmicrosoft.com> in HenriettaM@854jpt.onmicrosoft.com...
<d31463a9-dd3a-4643-9bb2-f21b4a1327e5@854jpt.onmicrosoft.com> not found in HenriettaM@854jpt.onmicrosoft.com.

Searching for <832cf089-17b2-4abd-a5da-415a370e0054@854jpt.onmicrosoft.com> in HenriettaM@854jpt.onmicrosoft.com...
<832cf089-17b2-4abd-a5da-415a370e0054@854jpt.onmicrosoft.com> not found in HenriettaM@854jpt.onmicrosoft.com.

Searching for <3b48bba2-2d97-4c4d-bcb4-3a7a96eb2123@854jpt.onmicrosoft.com> in HenriettaM@854jpt.onmicrosoft.com...
<3b48bba2-2d97-4c4d-bcb4-3a7a96eb2123@854jpt.onmicrosoft.com> not found in HenriettaM@854jpt.onmicrosoft.com.

Searching for <ba6c0611-a201-438a-89a9-43f3cdb5f76d@BN3PEPF0000B371.namprd21.prod.outlook.com> in HenriettaM@854jpt.onmicrosoft.com...
<ba6c0611-a201-438a-89a9-43f3cdb5f76d@BN3PEPF0000B371.namprd21.prod.outlook.com> not found in HenriettaM@854jpt.onmicrosoft.com.

Searching for <dc562fd6-29b1-4911-9796-a05ca634fef0@854jpt.onmicrosoft.com> in HenriettaM@854jpt.onmicrosoft.com...
<dc562fd6-29b1-4911-9796-a05ca634fef0@854jpt.onmicrosoft.com> not found in HenriettaM@854jpt.onmicrosoft.com.

Searching for <dc562fd6-29b1-4911-9796-a05ca634fef0@854jpt.onmicrosoft.com> in HenriettaM@854jpt.onmicrosoft.com...
<dc562fd6-29b1-4911-9796-a05ca634fef0@854jpt.onmicrosoft.com> not found in HenriettaM@854jpt.onmicrosoft.com.

Searching for <BY5PR10MB37463FDDD74C54B81F7E1387A7CF2@BY5PR10MB3746.namprd10.prod.outlook.com> in HenriettaM@854jpt.onmicrosoft.com...
<BY5PR10MB37463FDDD74C54B81F7E1387A7CF2@BY5PR10MB3746.namprd10.prod.outlook.com> not found in HenriettaM@854jpt.onmicrosoft.com.

Searching for <ed45d007-d316-492f-a265-09475d5d2f9a@854jpt.onmicrosoft.com> in HenriettaM@854jpt.onmicrosoft.com...
<ed45d007-d316-492f-a265-09475d5d2f9a@854jpt.onmicrosoft.com> not found in HenriettaM@854jpt.onmicrosoft.com.

Searching for <4f8ea0d9-73fa-419f-98c4-b98bec8cc268@854jpt.onmicrosoft.com> in HenriettaM@854jpt.onmicrosoft.com...
<4f8ea0d9-73fa-419f-98c4-b98bec8cc268@854jpt.onmicrosoft.com> not found in HenriettaM@854jpt.onmicrosoft.com.

Searching for <fd855e73-6520-4322-957e-b8ca1d433cad@854jpt.onmicrosoft.com> in HenriettaM@854jpt.onmicrosoft.com...
<fd855e73-6520-4322-957e-b8ca1d433cad@854jpt.onmicrosoft.com> not found in HenriettaM@854jpt.onmicrosoft.com.

Searching for <d6e5fef3-6e06-4066-ad5a-b3e01d13220c@854jpt.onmicrosoft.com> in HenriettaM@854jpt.onmicrosoft.com...
Message found. Parsing metadata & attempting to retrieving message content...
Message message content retrieved.

Searching for <8785474b-c073-4745-8d23-e64e8bdba359@854jpt.onmicrosoft.com> in HenriettaM@854jpt.onmicrosoft.com...
<8785474b-c073-4745-8d23-e64e8bdba359@854jpt.onmicrosoft.com> not found in HenriettaM@854jpt.onmicrosoft.com.

Searching for <070472c8-c203-4fbb-b570-7753c4a7e586@854jpt.onmicrosoft.com> in HenriettaM@854jpt.onmicrosoft.com...
<070472c8-c203-4fbb-b570-7753c4a7e586@854jpt.onmicrosoft.com> not found in HenriettaM@854jpt.onmicrosoft.com.

Searching for <d057e741-ae7f-463f-abe8-a9a2ab1e29ac@854jpt.onmicrosoft.com> in HenriettaM@854jpt.onmicrosoft.com...
<d057e741-ae7f-463f-abe8-a9a2ab1e29ac@854jpt.onmicrosoft.com> not found in HenriettaM@854jpt.onmicrosoft.com.

Searching for <fa22c69f-c94b-4fa6-81f7-be48328f061c@854jpt.onmicrosoft.com> in HenriettaM@854jpt.onmicrosoft.com...
<fa22c69f-c94b-4fa6-81f7-be48328f061c@854jpt.onmicrosoft.com> not found in HenriettaM@854jpt.onmicrosoft.com.

Searching for <0dddd476-0968-458b-9566-47d1895ab012@BN3PEPF0000B371.namprd21.prod.outlook.com> in IsaiahL@854jpt.onmicrosoft.com...
<0dddd476-0968-458b-9566-47d1895ab012@BN3PEPF0000B371.namprd21.prod.outlook.com> not found in IsaiahL@854jpt.onmicrosoft.com.

Searching for <7dbf7de7-1d4e-4a65-868d-e42cb17b7351@MN1PEPF0000F0E3.namprd04.prod.outlook.com> in IsaiahL@854jpt.onmicrosoft.com...
<7dbf7de7-1d4e-4a65-868d-e42cb17b7351@MN1PEPF0000F0E3.namprd04.prod.outlook.com> not found in IsaiahL@854jpt.onmicrosoft.com.

Searching for <c7d763b3-b849-4f29-ae16-6d3de954e831@854jpt.onmicrosoft.com> in IsaiahL@854jpt.onmicrosoft.com...
Message found. Parsing metadata & attempting to retrieving message content...
Message message content retrieved.

Searching for <e009bdbc-b8e8-4d74-bd24-f6efc41483f6@854jpt.onmicrosoft.com> in IsaiahL@854jpt.onmicrosoft.com...
<e009bdbc-b8e8-4d74-bd24-f6efc41483f6@854jpt.onmicrosoft.com> not found in IsaiahL@854jpt.onmicrosoft.com.

Searching for <8fe2b886-7eff-4258-9d90-7b497ce67e93@854jpt.onmicrosoft.com> in IsaiahL@854jpt.onmicrosoft.com...
<8fe2b886-7eff-4258-9d90-7b497ce67e93@854jpt.onmicrosoft.com> not found in IsaiahL@854jpt.onmicrosoft.com.

Searching for <5b22b6a3-fde1-43bf-a6c7-33fa82b671d9@854jpt.onmicrosoft.com> in IsaiahL@854jpt.onmicrosoft.com...
<5b22b6a3-fde1-43bf-a6c7-33fa82b671d9@854jpt.onmicrosoft.com> not found in IsaiahL@854jpt.onmicrosoft.com.

Searching for <7ed1b6bf-2b7d-43f6-ac0d-c259cbc4ba96@854jpt.onmicrosoft.com> in IsaiahL@854jpt.onmicrosoft.com...
<7ed1b6bf-2b7d-43f6-ac0d-c259cbc4ba96@854jpt.onmicrosoft.com> not found in IsaiahL@854jpt.onmicrosoft.com.

Searching for <a6f633b5-ed16-4d31-8616-519b69b32c7d@854jpt.onmicrosoft.com> in IsaiahL@854jpt.onmicrosoft.com...
Message found. Parsing metadata & attempting to retrieving message content...
Message message content retrieved.

Searching for <4def848f-7dd9-4410-aa7a-003041712583@854jpt.onmicrosoft.com> in IsaiahL@854jpt.onmicrosoft.com...
<4def848f-7dd9-4410-aa7a-003041712583@854jpt.onmicrosoft.com> not found in IsaiahL@854jpt.onmicrosoft.com.

Searching for <477cb28e-1fd3-474e-aacf-c9c09c547363@854jpt.onmicrosoft.com> in IsaiahL@854jpt.onmicrosoft.com...
Message found. Parsing metadata & attempting to retrieving message content...
Message message content retrieved.

Searching for <2e87a629-c2f4-4fc4-af41-f8f29bc9cc1b@854jpt.onmicrosoft.com> in IsaiahL@854jpt.onmicrosoft.com...
Message found. Parsing metadata & attempting to retrieving message content...
Message message content retrieved.

Searching for <45fda60d-ef62-4dd7-89f5-2bd9261ffff2@854jpt.onmicrosoft.com> in IsaiahL@854jpt.onmicrosoft.com...
<45fda60d-ef62-4dd7-89f5-2bd9261ffff2@854jpt.onmicrosoft.com> not found in IsaiahL@854jpt.onmicrosoft.com.

Searching for <45fda60d-ef62-4dd7-89f5-2bd9261ffff2@854jpt.onmicrosoft.com> in IsaiahL@854jpt.onmicrosoft.com...
<45fda60d-ef62-4dd7-89f5-2bd9261ffff2@854jpt.onmicrosoft.com> not found in IsaiahL@854jpt.onmicrosoft.com.

Searching for <dc562fd6-29b1-4911-9796-a05ca634fef0@854jpt.onmicrosoft.com> in IsaiahL@854jpt.onmicrosoft.com...
<dc562fd6-29b1-4911-9796-a05ca634fef0@854jpt.onmicrosoft.com> not found in IsaiahL@854jpt.onmicrosoft.com.

Searching for <4f67c8e6-535a-43d4-b8a4-5cd6a7bcb994@854jpt.onmicrosoft.com> in IsaiahL@854jpt.onmicrosoft.com...
Message found. Parsing metadata & attempting to retrieving message content...
Message message content retrieved.

Searching for <477cb28e-1fd3-474e-aacf-c9c09c547363@854jpt.onmicrosoft.com> in IsaiahL@854jpt.onmicrosoft.com...
Message found. Parsing metadata & attempting to retrieving message content...
Message message content retrieved.

Searching for <05712de0-a22f-4471-8c0b-1a9c5627937d@854jpt.onmicrosoft.com> in IsaiahL@854jpt.onmicrosoft.com...
<05712de0-a22f-4471-8c0b-1a9c5627937d@854jpt.onmicrosoft.com> not found in IsaiahL@854jpt.onmicrosoft.com.

Searching for <9fb6d025-fbb7-45e9-a351-5368d67d225c@854jpt.onmicrosoft.com> in IsaiahL@854jpt.onmicrosoft.com...
<9fb6d025-fbb7-45e9-a351-5368d67d225c@854jpt.onmicrosoft.com> not found in IsaiahL@854jpt.onmicrosoft.com.

Searching for <8d822f3a-9e8f-4757-ac80-2f400c70a139@854jpt.onmicrosoft.com> in IsaiahL@854jpt.onmicrosoft.com...
<8d822f3a-9e8f-4757-ac80-2f400c70a139@854jpt.onmicrosoft.com> not found in IsaiahL@854jpt.onmicrosoft.com.

Searching for <9c77b403-12db-42c6-b8e8-ec5100720cab@854jpt.onmicrosoft.com> in IsaiahL@854jpt.onmicrosoft.com...
<9c77b403-12db-42c6-b8e8-ec5100720cab@854jpt.onmicrosoft.com> not found in IsaiahL@854jpt.onmicrosoft.com.

Searching for <d80de07c-9588-4d70-82e1-24210566ad83@854jpt.onmicrosoft.com> in IsaiahL@854jpt.onmicrosoft.com...
Message found. Parsing metadata & attempting to retrieving message content...
Message message content retrieved.

Searching for <9c888c6e-c7ea-4691-8917-1a6cf33c9e8c@854jpt.onmicrosoft.com> in IsaiahL@854jpt.onmicrosoft.com...
Message found. Parsing metadata & attempting to retrieving message content...
Message message content retrieved.

Searching for <a2ab3c98-a8d7-448c-b13d-d659e3cdd149@854jpt.onmicrosoft.com> in IsaiahL@854jpt.onmicrosoft.com...
<a2ab3c98-a8d7-448c-b13d-d659e3cdd149@854jpt.onmicrosoft.com> not found in IsaiahL@854jpt.onmicrosoft.com.

Searching for <0dda4e20-4659-4856-acd1-5c28622ea42a@854jpt.onmicrosoft.com> in IsaiahL@854jpt.onmicrosoft.com...
<0dda4e20-4659-4856-acd1-5c28622ea42a@854jpt.onmicrosoft.com> not found in IsaiahL@854jpt.onmicrosoft.com.

Searching for <709c7ff2-9902-42c2-b3fc-f850081baa78@854jpt.onmicrosoft.com> in IsaiahL@854jpt.onmicrosoft.com...
<709c7ff2-9902-42c2-b3fc-f850081baa78@854jpt.onmicrosoft.com> not found in IsaiahL@854jpt.onmicrosoft.com.

Searching for <73fac190-309d-4c26-be14-279f91581e32@854jpt.onmicrosoft.com> in IsaiahL@854jpt.onmicrosoft.com...
<73fac190-309d-4c26-be14-279f91581e32@854jpt.onmicrosoft.com> not found in IsaiahL@854jpt.onmicrosoft.com.

Searching for <8fe2b886-7eff-4258-9d90-7b497ce67e93@854jpt.onmicrosoft.com> in IsaiahL@854jpt.onmicrosoft.com...
<8fe2b886-7eff-4258-9d90-7b497ce67e93@854jpt.onmicrosoft.com> not found in IsaiahL@854jpt.onmicrosoft.com.

Searching for <2377068c-9d63-44e3-a2a6-708f5aed8204@854jpt.onmicrosoft.com> in IsaiahL@854jpt.onmicrosoft.com...
Message found. Parsing metadata & attempting to retrieving message content...
Message message content retrieved.

Searching for <7405f919-5796-431d-a0d8-2a671c543905@854jpt.onmicrosoft.com> in IsaiahL@854jpt.onmicrosoft.com...
Message found. Parsing metadata & attempting to retrieving message content...
Message message content retrieved.

Searching for <2e87a629-c2f4-4fc4-af41-f8f29bc9cc1b@854jpt.onmicrosoft.com> in IsaiahL@854jpt.onmicrosoft.com...
Message found. Parsing metadata & attempting to retrieving message content...
Message message content retrieved.

Searching for <ac1723d3-6359-4021-ae5a-fc08febd9fdb@854jpt.onmicrosoft.com> in IsaiahL@854jpt.onmicrosoft.com...
Message found. Parsing metadata & attempting to retrieving message content...
Message message content retrieved.

Searching for <2eb53355-095a-4b91-a87d-e5cb2520f59d@854jpt.onmicrosoft.com> in IsaiahL@854jpt.onmicrosoft.com...
Message found. Parsing metadata & attempting to retrieving message content...
Message message content retrieved.

Searching for <cd74de49-232f-49d6-aac1-3d31025def48@854jpt.onmicrosoft.com> in IsaiahL@854jpt.onmicrosoft.com...
Message found. Parsing metadata & attempting to retrieving message content...
Message message content retrieved.

Searching for <7405f919-5796-431d-a0d8-2a671c543905@854jpt.onmicrosoft.com> in IsaiahL@854jpt.onmicrosoft.com...
Message found. Parsing metadata & attempting to retrieving message content...
Message message content retrieved.

Searching for <2377068c-9d63-44e3-a2a6-708f5aed8204@854jpt.onmicrosoft.com> in IsaiahL@854jpt.onmicrosoft.com...
Message found. Parsing metadata & attempting to retrieving message content...
Message message content retrieved.

Searching for <2e87a629-c2f4-4fc4-af41-f8f29bc9cc1b@854jpt.onmicrosoft.com> in IsaiahL@854jpt.onmicrosoft.com...
Message found. Parsing metadata & attempting to retrieving message content...
Message message content retrieved.

Searching for <BY5PR10MB3746E1F0FD0539E21C052071A7CF2@BY5PR10MB3746.namprd10.prod.outlook.com> in IsaiahL@854jpt.onmicrosoft.com...
<BY5PR10MB3746E1F0FD0539E21C052071A7CF2@BY5PR10MB3746.namprd10.prod.outlook.com> not found in IsaiahL@854jpt.onmicrosoft.com.

Searching for <ae34161f-f8a6-4be2-8558-8d2b6c401ca3@MN1PEPF0000F0E3.namprd04.prod.outlook.com> in IsaiahL@854jpt.onmicrosoft.com...
<ae34161f-f8a6-4be2-8558-8d2b6c401ca3@MN1PEPF0000F0E3.namprd04.prod.outlook.com> not found in IsaiahL@854jpt.onmicrosoft.com.

Searching for <c7d763b3-b849-4f29-ae16-6d3de954e831@854jpt.onmicrosoft.com> in IsaiahL@854jpt.onmicrosoft.com...
Message found. Parsing metadata & attempting to retrieving message content...
Message message content retrieved.

Searching for <0d96379d-d2d5-4e52-b323-3829231229ea@854jpt.onmicrosoft.com> in IsaiahL@854jpt.onmicrosoft.com...
<0d96379d-d2d5-4e52-b323-3829231229ea@854jpt.onmicrosoft.com> not found in IsaiahL@854jpt.onmicrosoft.com.

Searching for <d9dda4b9-f6c8-459c-a337-aea02ef775a3@854jpt.onmicrosoft.com> in IsaiahL@854jpt.onmicrosoft.com...
<d9dda4b9-f6c8-459c-a337-aea02ef775a3@854jpt.onmicrosoft.com> not found in IsaiahL@854jpt.onmicrosoft.com.

Searching for <1df67f41-130a-4137-b0be-0a8f07e84631@854jpt.onmicrosoft.com> in IsaiahL@854jpt.onmicrosoft.com...
<1df67f41-130a-4137-b0be-0a8f07e84631@854jpt.onmicrosoft.com> not found in IsaiahL@854jpt.onmicrosoft.com.

Searching for <467dc11e-ca38-496d-9f7f-4d55812afa64@854jpt.onmicrosoft.com> in IsaiahL@854jpt.onmicrosoft.com...
Message found. Parsing metadata & attempting to retrieving message content...
Message message content retrieved.

Searching for <85496e96-33f0-4709-8410-55b3e99d403f@854jpt.onmicrosoft.com> in IsaiahL@854jpt.onmicrosoft.com...
Message found. Parsing metadata & attempting to retrieving message content...
Message message content retrieved.

Searching for <3121cb0d-054e-4acb-92a7-c133833aef29@854jpt.onmicrosoft.com> in IsaiahL@854jpt.onmicrosoft.com...
<3121cb0d-054e-4acb-92a7-c133833aef29@854jpt.onmicrosoft.com> not found in IsaiahL@854jpt.onmicrosoft.com.

Searching for <0b63639a-b028-4bc7-ad24-ae17acd3fcb7@854jpt.onmicrosoft.com> in IsaiahL@854jpt.onmicrosoft.com...
<0b63639a-b028-4bc7-ad24-ae17acd3fcb7@854jpt.onmicrosoft.com> not found in IsaiahL@854jpt.onmicrosoft.com.

Searching for <4990c53c-4140-41bf-a461-7f8b1cf8f690@854jpt.onmicrosoft.com> in IsaiahL@854jpt.onmicrosoft.com...
<4990c53c-4140-41bf-a461-7f8b1cf8f690@854jpt.onmicrosoft.com> not found in IsaiahL@854jpt.onmicrosoft.com.

Searching for <b8fc7c22-857b-4e72-ba6a-dc44998d67d7@854jpt.onmicrosoft.com> in IsaiahL@854jpt.onmicrosoft.com...
Message found. Parsing metadata & attempting to retrieving message content...
Message message content retrieved.

Searching for <c2c2ab9e-3b37-446e-9f18-b1b5f06e313b@854jpt.onmicrosoft.com> in IsaiahL@854jpt.onmicrosoft.com...
Message found. Parsing metadata & attempting to retrieving message content...
Message message content retrieved.

Searching for <BY5PR10MB3746CDC7ACFA92EDF49C3F7FA7CF2@BY5PR10MB3746.namprd10.prod.outlook.com> in IsaiahL@854jpt.onmicrosoft.com...
<BY5PR10MB3746CDC7ACFA92EDF49C3F7FA7CF2@BY5PR10MB3746.namprd10.prod.outlook.com> not found in IsaiahL@854jpt.onmicrosoft.com.

Searching for <c34389f0-d4e5-4864-b70d-ba55bab08830@854jpt.onmicrosoft.com> in IsaiahL@854jpt.onmicrosoft.com...
<c34389f0-d4e5-4864-b70d-ba55bab08830@854jpt.onmicrosoft.com> not found in IsaiahL@854jpt.onmicrosoft.com.

Searching for <ce7744b8-765f-4e2f-b137-5f09c2e31605@854jpt.onmicrosoft.com> in IsaiahL@854jpt.onmicrosoft.com...
<ce7744b8-765f-4e2f-b137-5f09c2e31605@854jpt.onmicrosoft.com> not found in IsaiahL@854jpt.onmicrosoft.com.

Searching for <9dfca31f-f976-46b2-90b0-df9fbb9db50a@854jpt.onmicrosoft.com> in IsaiahL@854jpt.onmicrosoft.com...
<9dfca31f-f976-46b2-90b0-df9fbb9db50a@854jpt.onmicrosoft.com> not found in IsaiahL@854jpt.onmicrosoft.com.

Searching for <5fb45624-eba5-4c20-ba44-99b051161889@854jpt.onmicrosoft.com> in IsaiahL@854jpt.onmicrosoft.com...
Message found. Parsing metadata & attempting to retrieving message content...
Message message content retrieved.

Searching for <da56d96c-8bdf-4a60-a21c-26d10fef6a07@854jpt.onmicrosoft.com> in IsaiahL@854jpt.onmicrosoft.com...
<da56d96c-8bdf-4a60-a21c-26d10fef6a07@854jpt.onmicrosoft.com> not found in IsaiahL@854jpt.onmicrosoft.com.

Searching for <d31463a9-dd3a-4643-9bb2-f21b4a1327e5@854jpt.onmicrosoft.com> in IsaiahL@854jpt.onmicrosoft.com...
<d31463a9-dd3a-4643-9bb2-f21b4a1327e5@854jpt.onmicrosoft.com> not found in IsaiahL@854jpt.onmicrosoft.com.

Searching for <832cf089-17b2-4abd-a5da-415a370e0054@854jpt.onmicrosoft.com> in IsaiahL@854jpt.onmicrosoft.com...
<832cf089-17b2-4abd-a5da-415a370e0054@854jpt.onmicrosoft.com> not found in IsaiahL@854jpt.onmicrosoft.com.

Searching for <3b48bba2-2d97-4c4d-bcb4-3a7a96eb2123@854jpt.onmicrosoft.com> in IsaiahL@854jpt.onmicrosoft.com...
<3b48bba2-2d97-4c4d-bcb4-3a7a96eb2123@854jpt.onmicrosoft.com> not found in IsaiahL@854jpt.onmicrosoft.com.

Searching for <ba6c0611-a201-438a-89a9-43f3cdb5f76d@BN3PEPF0000B371.namprd21.prod.outlook.com> in IsaiahL@854jpt.onmicrosoft.com...
<ba6c0611-a201-438a-89a9-43f3cdb5f76d@BN3PEPF0000B371.namprd21.prod.outlook.com> not found in IsaiahL@854jpt.onmicrosoft.com.

Searching for <dc562fd6-29b1-4911-9796-a05ca634fef0@854jpt.onmicrosoft.com> in IsaiahL@854jpt.onmicrosoft.com...
<dc562fd6-29b1-4911-9796-a05ca634fef0@854jpt.onmicrosoft.com> not found in IsaiahL@854jpt.onmicrosoft.com.

Searching for <dc562fd6-29b1-4911-9796-a05ca634fef0@854jpt.onmicrosoft.com> in IsaiahL@854jpt.onmicrosoft.com...
<dc562fd6-29b1-4911-9796-a05ca634fef0@854jpt.onmicrosoft.com> not found in IsaiahL@854jpt.onmicrosoft.com.

Searching for <BY5PR10MB37463FDDD74C54B81F7E1387A7CF2@BY5PR10MB3746.namprd10.prod.outlook.com> in IsaiahL@854jpt.onmicrosoft.com...
<BY5PR10MB37463FDDD74C54B81F7E1387A7CF2@BY5PR10MB3746.namprd10.prod.outlook.com> not found in IsaiahL@854jpt.onmicrosoft.com.

Searching for <ed45d007-d316-492f-a265-09475d5d2f9a@854jpt.onmicrosoft.com> in IsaiahL@854jpt.onmicrosoft.com...
<ed45d007-d316-492f-a265-09475d5d2f9a@854jpt.onmicrosoft.com> not found in IsaiahL@854jpt.onmicrosoft.com.

Searching for <4f8ea0d9-73fa-419f-98c4-b98bec8cc268@854jpt.onmicrosoft.com> in IsaiahL@854jpt.onmicrosoft.com...
<4f8ea0d9-73fa-419f-98c4-b98bec8cc268@854jpt.onmicrosoft.com> not found in IsaiahL@854jpt.onmicrosoft.com.

Searching for <fd855e73-6520-4322-957e-b8ca1d433cad@854jpt.onmicrosoft.com> in IsaiahL@854jpt.onmicrosoft.com...
<fd855e73-6520-4322-957e-b8ca1d433cad@854jpt.onmicrosoft.com> not found in IsaiahL@854jpt.onmicrosoft.com.

Searching for <d6e5fef3-6e06-4066-ad5a-b3e01d13220c@854jpt.onmicrosoft.com> in IsaiahL@854jpt.onmicrosoft.com...
Message found. Parsing metadata & attempting to retrieving message content...
Message message content retrieved.

Searching for <8785474b-c073-4745-8d23-e64e8bdba359@854jpt.onmicrosoft.com> in IsaiahL@854jpt.onmicrosoft.com...
<8785474b-c073-4745-8d23-e64e8bdba359@854jpt.onmicrosoft.com> not found in IsaiahL@854jpt.onmicrosoft.com.

Searching for <070472c8-c203-4fbb-b570-7753c4a7e586@854jpt.onmicrosoft.com> in IsaiahL@854jpt.onmicrosoft.com...
<070472c8-c203-4fbb-b570-7753c4a7e586@854jpt.onmicrosoft.com> not found in IsaiahL@854jpt.onmicrosoft.com.

Searching for <d057e741-ae7f-463f-abe8-a9a2ab1e29ac@854jpt.onmicrosoft.com> in IsaiahL@854jpt.onmicrosoft.com...
Message found. Parsing metadata & attempting to retrieving message content...
Message message content retrieved.

Searching for <fa22c69f-c94b-4fa6-81f7-be48328f061c@854jpt.onmicrosoft.com> in IsaiahL@854jpt.onmicrosoft.com...
<fa22c69f-c94b-4fa6-81f7-be48328f061c@854jpt.onmicrosoft.com> not found in IsaiahL@854jpt.onmicrosoft.com.

Searching for <0dddd476-0968-458b-9566-47d1895ab012@BN3PEPF0000B371.namprd21.prod.outlook.com> in JohannaL@854jpt.onmicrosoft.com...
<0dddd476-0968-458b-9566-47d1895ab012@BN3PEPF0000B371.namprd21.prod.outlook.com> not found in JohannaL@854jpt.onmicrosoft.com.

Searching for <7dbf7de7-1d4e-4a65-868d-e42cb17b7351@MN1PEPF0000F0E3.namprd04.prod.outlook.com> in JohannaL@854jpt.onmicrosoft.com...
<7dbf7de7-1d4e-4a65-868d-e42cb17b7351@MN1PEPF0000F0E3.namprd04.prod.outlook.com> not found in JohannaL@854jpt.onmicrosoft.com.

Searching for <c7d763b3-b849-4f29-ae16-6d3de954e831@854jpt.onmicrosoft.com> in JohannaL@854jpt.onmicrosoft.com...
Message found. Parsing metadata & attempting to retrieving message content...
Message message content retrieved.

Searching for <e009bdbc-b8e8-4d74-bd24-f6efc41483f6@854jpt.onmicrosoft.com> in JohannaL@854jpt.onmicrosoft.com...
<e009bdbc-b8e8-4d74-bd24-f6efc41483f6@854jpt.onmicrosoft.com> not found in JohannaL@854jpt.onmicrosoft.com.

Searching for <8fe2b886-7eff-4258-9d90-7b497ce67e93@854jpt.onmicrosoft.com> in JohannaL@854jpt.onmicrosoft.com...
Message found. Parsing metadata & attempting to retrieving message content...
Message message content retrieved.

Searching for <5b22b6a3-fde1-43bf-a6c7-33fa82b671d9@854jpt.onmicrosoft.com> in JohannaL@854jpt.onmicrosoft.com...
<5b22b6a3-fde1-43bf-a6c7-33fa82b671d9@854jpt.onmicrosoft.com> not found in JohannaL@854jpt.onmicrosoft.com.

Searching for <7ed1b6bf-2b7d-43f6-ac0d-c259cbc4ba96@854jpt.onmicrosoft.com> in JohannaL@854jpt.onmicrosoft.com...
Message found. Parsing metadata & attempting to retrieving message content...
Message message content retrieved.

Searching for <a6f633b5-ed16-4d31-8616-519b69b32c7d@854jpt.onmicrosoft.com> in JohannaL@854jpt.onmicrosoft.com...
<a6f633b5-ed16-4d31-8616-519b69b32c7d@854jpt.onmicrosoft.com> not found in JohannaL@854jpt.onmicrosoft.com.

Searching for <4def848f-7dd9-4410-aa7a-003041712583@854jpt.onmicrosoft.com> in JohannaL@854jpt.onmicrosoft.com...
<4def848f-7dd9-4410-aa7a-003041712583@854jpt.onmicrosoft.com> not found in JohannaL@854jpt.onmicrosoft.com.

Searching for <477cb28e-1fd3-474e-aacf-c9c09c547363@854jpt.onmicrosoft.com> in JohannaL@854jpt.onmicrosoft.com...
Message found. Parsing metadata & attempting to retrieving message content...
Message message content retrieved.

Searching for <2e87a629-c2f4-4fc4-af41-f8f29bc9cc1b@854jpt.onmicrosoft.com> in JohannaL@854jpt.onmicrosoft.com...
Message found. Parsing metadata & attempting to retrieving message content...
Message message content retrieved.

Searching for <45fda60d-ef62-4dd7-89f5-2bd9261ffff2@854jpt.onmicrosoft.com> in JohannaL@854jpt.onmicrosoft.com...
Message found. Parsing metadata & attempting to retrieving message content...
Message message content retrieved.

Searching for <45fda60d-ef62-4dd7-89f5-2bd9261ffff2@854jpt.onmicrosoft.com> in JohannaL@854jpt.onmicrosoft.com...
Message found. Parsing metadata & attempting to retrieving message content...
Message message content retrieved.

Searching for <dc562fd6-29b1-4911-9796-a05ca634fef0@854jpt.onmicrosoft.com> in JohannaL@854jpt.onmicrosoft.com...
<dc562fd6-29b1-4911-9796-a05ca634fef0@854jpt.onmicrosoft.com> not found in JohannaL@854jpt.onmicrosoft.com.

Searching for <4f67c8e6-535a-43d4-b8a4-5cd6a7bcb994@854jpt.onmicrosoft.com> in JohannaL@854jpt.onmicrosoft.com...
<4f67c8e6-535a-43d4-b8a4-5cd6a7bcb994@854jpt.onmicrosoft.com> not found in JohannaL@854jpt.onmicrosoft.com.

Searching for <477cb28e-1fd3-474e-aacf-c9c09c547363@854jpt.onmicrosoft.com> in JohannaL@854jpt.onmicrosoft.com...
Message found. Parsing metadata & attempting to retrieving message content...
Message message content retrieved.

Searching for <05712de0-a22f-4471-8c0b-1a9c5627937d@854jpt.onmicrosoft.com> in JohannaL@854jpt.onmicrosoft.com...
<05712de0-a22f-4471-8c0b-1a9c5627937d@854jpt.onmicrosoft.com> not found in JohannaL@854jpt.onmicrosoft.com.

Searching for <9fb6d025-fbb7-45e9-a351-5368d67d225c@854jpt.onmicrosoft.com> in JohannaL@854jpt.onmicrosoft.com...
<9fb6d025-fbb7-45e9-a351-5368d67d225c@854jpt.onmicrosoft.com> not found in JohannaL@854jpt.onmicrosoft.com.

Searching for <8d822f3a-9e8f-4757-ac80-2f400c70a139@854jpt.onmicrosoft.com> in JohannaL@854jpt.onmicrosoft.com...
<8d822f3a-9e8f-4757-ac80-2f400c70a139@854jpt.onmicrosoft.com> not found in JohannaL@854jpt.onmicrosoft.com.

Searching for <9c77b403-12db-42c6-b8e8-ec5100720cab@854jpt.onmicrosoft.com> in JohannaL@854jpt.onmicrosoft.com...
<9c77b403-12db-42c6-b8e8-ec5100720cab@854jpt.onmicrosoft.com> not found in JohannaL@854jpt.onmicrosoft.com.

Searching for <d80de07c-9588-4d70-82e1-24210566ad83@854jpt.onmicrosoft.com> in JohannaL@854jpt.onmicrosoft.com...
<d80de07c-9588-4d70-82e1-24210566ad83@854jpt.onmicrosoft.com> not found in JohannaL@854jpt.onmicrosoft.com.

Searching for <9c888c6e-c7ea-4691-8917-1a6cf33c9e8c@854jpt.onmicrosoft.com> in JohannaL@854jpt.onmicrosoft.com...
<9c888c6e-c7ea-4691-8917-1a6cf33c9e8c@854jpt.onmicrosoft.com> not found in JohannaL@854jpt.onmicrosoft.com.

Searching for <a2ab3c98-a8d7-448c-b13d-d659e3cdd149@854jpt.onmicrosoft.com> in JohannaL@854jpt.onmicrosoft.com...
<a2ab3c98-a8d7-448c-b13d-d659e3cdd149@854jpt.onmicrosoft.com> not found in JohannaL@854jpt.onmicrosoft.com.

Searching for <0dda4e20-4659-4856-acd1-5c28622ea42a@854jpt.onmicrosoft.com> in JohannaL@854jpt.onmicrosoft.com...
<0dda4e20-4659-4856-acd1-5c28622ea42a@854jpt.onmicrosoft.com> not found in JohannaL@854jpt.onmicrosoft.com.

Searching for <709c7ff2-9902-42c2-b3fc-f850081baa78@854jpt.onmicrosoft.com> in JohannaL@854jpt.onmicrosoft.com...
<709c7ff2-9902-42c2-b3fc-f850081baa78@854jpt.onmicrosoft.com> not found in JohannaL@854jpt.onmicrosoft.com.

Searching for <73fac190-309d-4c26-be14-279f91581e32@854jpt.onmicrosoft.com> in JohannaL@854jpt.onmicrosoft.com...
<73fac190-309d-4c26-be14-279f91581e32@854jpt.onmicrosoft.com> not found in JohannaL@854jpt.onmicrosoft.com.

Searching for <8fe2b886-7eff-4258-9d90-7b497ce67e93@854jpt.onmicrosoft.com> in JohannaL@854jpt.onmicrosoft.com...
Message found. Parsing metadata & attempting to retrieving message content...
Message message content retrieved.

Searching for <2377068c-9d63-44e3-a2a6-708f5aed8204@854jpt.onmicrosoft.com> in JohannaL@854jpt.onmicrosoft.com...
Message found. Parsing metadata & attempting to retrieving message content...
Message message content retrieved.

Searching for <7405f919-5796-431d-a0d8-2a671c543905@854jpt.onmicrosoft.com> in JohannaL@854jpt.onmicrosoft.com...
Message found. Parsing metadata & attempting to retrieving message content...
Message message content retrieved.

Searching for <2e87a629-c2f4-4fc4-af41-f8f29bc9cc1b@854jpt.onmicrosoft.com> in JohannaL@854jpt.onmicrosoft.com...
Message found. Parsing metadata & attempting to retrieving message content...
Message message content retrieved.

Searching for <ac1723d3-6359-4021-ae5a-fc08febd9fdb@854jpt.onmicrosoft.com> in JohannaL@854jpt.onmicrosoft.com...
Message found. Parsing metadata & attempting to retrieving message content...
Message message content retrieved.

Searching for <2eb53355-095a-4b91-a87d-e5cb2520f59d@854jpt.onmicrosoft.com> in JohannaL@854jpt.onmicrosoft.com...
Message found. Parsing metadata & attempting to retrieving message content...
Message message content retrieved.

Searching for <cd74de49-232f-49d6-aac1-3d31025def48@854jpt.onmicrosoft.com> in JohannaL@854jpt.onmicrosoft.com...
Message found. Parsing metadata & attempting to retrieving message content...
Message message content retrieved.

Searching for <7405f919-5796-431d-a0d8-2a671c543905@854jpt.onmicrosoft.com> in JohannaL@854jpt.onmicrosoft.com...
Message found. Parsing metadata & attempting to retrieving message content...
Message message content retrieved.

Searching for <2377068c-9d63-44e3-a2a6-708f5aed8204@854jpt.onmicrosoft.com> in JohannaL@854jpt.onmicrosoft.com...
Message found. Parsing metadata & attempting to retrieving message content...
Message message content retrieved.

Searching for <2e87a629-c2f4-4fc4-af41-f8f29bc9cc1b@854jpt.onmicrosoft.com> in JohannaL@854jpt.onmicrosoft.com...
Message found. Parsing metadata & attempting to retrieving message content...
Message message content retrieved.

Searching for <BY5PR10MB3746E1F0FD0539E21C052071A7CF2@BY5PR10MB3746.namprd10.prod.outlook.com> in JohannaL@854jpt.onmicrosoft.com...
<BY5PR10MB3746E1F0FD0539E21C052071A7CF2@BY5PR10MB3746.namprd10.prod.outlook.com> not found in JohannaL@854jpt.onmicrosoft.com.

Searching for <ae34161f-f8a6-4be2-8558-8d2b6c401ca3@MN1PEPF0000F0E3.namprd04.prod.outlook.com> in JohannaL@854jpt.onmicrosoft.com...
<ae34161f-f8a6-4be2-8558-8d2b6c401ca3@MN1PEPF0000F0E3.namprd04.prod.outlook.com> not found in JohannaL@854jpt.onmicrosoft.com.

Searching for <c7d763b3-b849-4f29-ae16-6d3de954e831@854jpt.onmicrosoft.com> in JohannaL@854jpt.onmicrosoft.com...
Message found. Parsing metadata & attempting to retrieving message content...
Message message content retrieved.

Searching for <0d96379d-d2d5-4e52-b323-3829231229ea@854jpt.onmicrosoft.com> in JohannaL@854jpt.onmicrosoft.com...
<0d96379d-d2d5-4e52-b323-3829231229ea@854jpt.onmicrosoft.com> not found in JohannaL@854jpt.onmicrosoft.com.

Searching for <d9dda4b9-f6c8-459c-a337-aea02ef775a3@854jpt.onmicrosoft.com> in JohannaL@854jpt.onmicrosoft.com...
<d9dda4b9-f6c8-459c-a337-aea02ef775a3@854jpt.onmicrosoft.com> not found in JohannaL@854jpt.onmicrosoft.com.

Searching for <1df67f41-130a-4137-b0be-0a8f07e84631@854jpt.onmicrosoft.com> in JohannaL@854jpt.onmicrosoft.com...
<1df67f41-130a-4137-b0be-0a8f07e84631@854jpt.onmicrosoft.com> not found in JohannaL@854jpt.onmicrosoft.com.

Searching for <467dc11e-ca38-496d-9f7f-4d55812afa64@854jpt.onmicrosoft.com> in JohannaL@854jpt.onmicrosoft.com...
<467dc11e-ca38-496d-9f7f-4d55812afa64@854jpt.onmicrosoft.com> not found in JohannaL@854jpt.onmicrosoft.com.

Searching for <85496e96-33f0-4709-8410-55b3e99d403f@854jpt.onmicrosoft.com> in JohannaL@854jpt.onmicrosoft.com...
<85496e96-33f0-4709-8410-55b3e99d403f@854jpt.onmicrosoft.com> not found in JohannaL@854jpt.onmicrosoft.com.

Searching for <3121cb0d-054e-4acb-92a7-c133833aef29@854jpt.onmicrosoft.com> in JohannaL@854jpt.onmicrosoft.com...
<3121cb0d-054e-4acb-92a7-c133833aef29@854jpt.onmicrosoft.com> not found in JohannaL@854jpt.onmicrosoft.com.

Searching for <0b63639a-b028-4bc7-ad24-ae17acd3fcb7@854jpt.onmicrosoft.com> in JohannaL@854jpt.onmicrosoft.com...
<0b63639a-b028-4bc7-ad24-ae17acd3fcb7@854jpt.onmicrosoft.com> not found in JohannaL@854jpt.onmicrosoft.com.

Searching for <4990c53c-4140-41bf-a461-7f8b1cf8f690@854jpt.onmicrosoft.com> in JohannaL@854jpt.onmicrosoft.com...
<4990c53c-4140-41bf-a461-7f8b1cf8f690@854jpt.onmicrosoft.com> not found in JohannaL@854jpt.onmicrosoft.com.

Searching for <b8fc7c22-857b-4e72-ba6a-dc44998d67d7@854jpt.onmicrosoft.com> in JohannaL@854jpt.onmicrosoft.com...
Message found. Parsing metadata & attempting to retrieving message content...
Message message content retrieved.

Searching for <c2c2ab9e-3b37-446e-9f18-b1b5f06e313b@854jpt.onmicrosoft.com> in JohannaL@854jpt.onmicrosoft.com...
Message found. Parsing metadata & attempting to retrieving message content...
Message message content retrieved.

Searching for <BY5PR10MB3746CDC7ACFA92EDF49C3F7FA7CF2@BY5PR10MB3746.namprd10.prod.outlook.com> in JohannaL@854jpt.onmicrosoft.com...
<BY5PR10MB3746CDC7ACFA92EDF49C3F7FA7CF2@BY5PR10MB3746.namprd10.prod.outlook.com> not found in JohannaL@854jpt.onmicrosoft.com.

Searching for <c34389f0-d4e5-4864-b70d-ba55bab08830@854jpt.onmicrosoft.com> in JohannaL@854jpt.onmicrosoft.com...
Message found. Parsing metadata & attempting to retrieving message content...
Message message content retrieved.

Searching for <ce7744b8-765f-4e2f-b137-5f09c2e31605@854jpt.onmicrosoft.com> in JohannaL@854jpt.onmicrosoft.com...
<ce7744b8-765f-4e2f-b137-5f09c2e31605@854jpt.onmicrosoft.com> not found in JohannaL@854jpt.onmicrosoft.com.

Searching for <9dfca31f-f976-46b2-90b0-df9fbb9db50a@854jpt.onmicrosoft.com> in JohannaL@854jpt.onmicrosoft.com...
Message found. Parsing metadata & attempting to retrieving message content...
Message message content retrieved.

Searching for <5fb45624-eba5-4c20-ba44-99b051161889@854jpt.onmicrosoft.com> in JohannaL@854jpt.onmicrosoft.com...
<5fb45624-eba5-4c20-ba44-99b051161889@854jpt.onmicrosoft.com> not found in JohannaL@854jpt.onmicrosoft.com.

Searching for <da56d96c-8bdf-4a60-a21c-26d10fef6a07@854jpt.onmicrosoft.com> in JohannaL@854jpt.onmicrosoft.com...
<da56d96c-8bdf-4a60-a21c-26d10fef6a07@854jpt.onmicrosoft.com> not found in JohannaL@854jpt.onmicrosoft.com.

Searching for <d31463a9-dd3a-4643-9bb2-f21b4a1327e5@854jpt.onmicrosoft.com> in JohannaL@854jpt.onmicrosoft.com...
<d31463a9-dd3a-4643-9bb2-f21b4a1327e5@854jpt.onmicrosoft.com> not found in JohannaL@854jpt.onmicrosoft.com.

Searching for <832cf089-17b2-4abd-a5da-415a370e0054@854jpt.onmicrosoft.com> in JohannaL@854jpt.onmicrosoft.com...
<832cf089-17b2-4abd-a5da-415a370e0054@854jpt.onmicrosoft.com> not found in JohannaL@854jpt.onmicrosoft.com.

Searching for <3b48bba2-2d97-4c4d-bcb4-3a7a96eb2123@854jpt.onmicrosoft.com> in JohannaL@854jpt.onmicrosoft.com...
<3b48bba2-2d97-4c4d-bcb4-3a7a96eb2123@854jpt.onmicrosoft.com> not found in JohannaL@854jpt.onmicrosoft.com.

Searching for <ba6c0611-a201-438a-89a9-43f3cdb5f76d@BN3PEPF0000B371.namprd21.prod.outlook.com> in JohannaL@854jpt.onmicrosoft.com...
<ba6c0611-a201-438a-89a9-43f3cdb5f76d@BN3PEPF0000B371.namprd21.prod.outlook.com> not found in JohannaL@854jpt.onmicrosoft.com.

Searching for <dc562fd6-29b1-4911-9796-a05ca634fef0@854jpt.onmicrosoft.com> in JohannaL@854jpt.onmicrosoft.com...
<dc562fd6-29b1-4911-9796-a05ca634fef0@854jpt.onmicrosoft.com> not found in JohannaL@854jpt.onmicrosoft.com.

Searching for <dc562fd6-29b1-4911-9796-a05ca634fef0@854jpt.onmicrosoft.com> in JohannaL@854jpt.onmicrosoft.com...
<dc562fd6-29b1-4911-9796-a05ca634fef0@854jpt.onmicrosoft.com> not found in JohannaL@854jpt.onmicrosoft.com.

Searching for <BY5PR10MB37463FDDD74C54B81F7E1387A7CF2@BY5PR10MB3746.namprd10.prod.outlook.com> in JohannaL@854jpt.onmicrosoft.com...
<BY5PR10MB37463FDDD74C54B81F7E1387A7CF2@BY5PR10MB3746.namprd10.prod.outlook.com> not found in JohannaL@854jpt.onmicrosoft.com.

Searching for <ed45d007-d316-492f-a265-09475d5d2f9a@854jpt.onmicrosoft.com> in JohannaL@854jpt.onmicrosoft.com...
<ed45d007-d316-492f-a265-09475d5d2f9a@854jpt.onmicrosoft.com> not found in JohannaL@854jpt.onmicrosoft.com.

Searching for <4f8ea0d9-73fa-419f-98c4-b98bec8cc268@854jpt.onmicrosoft.com> in JohannaL@854jpt.onmicrosoft.com...
<4f8ea0d9-73fa-419f-98c4-b98bec8cc268@854jpt.onmicrosoft.com> not found in JohannaL@854jpt.onmicrosoft.com.

Searching for <fd855e73-6520-4322-957e-b8ca1d433cad@854jpt.onmicrosoft.com> in JohannaL@854jpt.onmicrosoft.com...
<fd855e73-6520-4322-957e-b8ca1d433cad@854jpt.onmicrosoft.com> not found in JohannaL@854jpt.onmicrosoft.com.

Searching for <d6e5fef3-6e06-4066-ad5a-b3e01d13220c@854jpt.onmicrosoft.com> in JohannaL@854jpt.onmicrosoft.com...
Message found. Parsing metadata & attempting to retrieving message content...
Message message content retrieved.

Searching for <8785474b-c073-4745-8d23-e64e8bdba359@854jpt.onmicrosoft.com> in JohannaL@854jpt.onmicrosoft.com...
<8785474b-c073-4745-8d23-e64e8bdba359@854jpt.onmicrosoft.com> not found in JohannaL@854jpt.onmicrosoft.com.

Searching for <070472c8-c203-4fbb-b570-7753c4a7e586@854jpt.onmicrosoft.com> in JohannaL@854jpt.onmicrosoft.com...
<070472c8-c203-4fbb-b570-7753c4a7e586@854jpt.onmicrosoft.com> not found in JohannaL@854jpt.onmicrosoft.com.

Searching for <d057e741-ae7f-463f-abe8-a9a2ab1e29ac@854jpt.onmicrosoft.com> in JohannaL@854jpt.onmicrosoft.com...
<d057e741-ae7f-463f-abe8-a9a2ab1e29ac@854jpt.onmicrosoft.com> not found in JohannaL@854jpt.onmicrosoft.com.

Searching for <fa22c69f-c94b-4fa6-81f7-be48328f061c@854jpt.onmicrosoft.com> in JohannaL@854jpt.onmicrosoft.com...
<fa22c69f-c94b-4fa6-81f7-be48328f061c@854jpt.onmicrosoft.com> not found in JohannaL@854jpt.onmicrosoft.com.

Searching for <0dddd476-0968-458b-9566-47d1895ab012@BN3PEPF0000B371.namprd21.prod.outlook.com> in JoniS@854jpt.onmicrosoft.com...
<0dddd476-0968-458b-9566-47d1895ab012@BN3PEPF0000B371.namprd21.prod.outlook.com> not found in JoniS@854jpt.onmicrosoft.com.

Searching for <7dbf7de7-1d4e-4a65-868d-e42cb17b7351@MN1PEPF0000F0E3.namprd04.prod.outlook.com> in JoniS@854jpt.onmicrosoft.com...
<7dbf7de7-1d4e-4a65-868d-e42cb17b7351@MN1PEPF0000F0E3.namprd04.prod.outlook.com> not found in JoniS@854jpt.onmicrosoft.com.

Searching for <c7d763b3-b849-4f29-ae16-6d3de954e831@854jpt.onmicrosoft.com> in JoniS@854jpt.onmicrosoft.com...
Message found. Parsing metadata & attempting to retrieving message content...
Message message content retrieved.

Searching for <e009bdbc-b8e8-4d74-bd24-f6efc41483f6@854jpt.onmicrosoft.com> in JoniS@854jpt.onmicrosoft.com...
<e009bdbc-b8e8-4d74-bd24-f6efc41483f6@854jpt.onmicrosoft.com> not found in JoniS@854jpt.onmicrosoft.com.

Searching for <8fe2b886-7eff-4258-9d90-7b497ce67e93@854jpt.onmicrosoft.com> in JoniS@854jpt.onmicrosoft.com...
<8fe2b886-7eff-4258-9d90-7b497ce67e93@854jpt.onmicrosoft.com> not found in JoniS@854jpt.onmicrosoft.com.

Searching for <5b22b6a3-fde1-43bf-a6c7-33fa82b671d9@854jpt.onmicrosoft.com> in JoniS@854jpt.onmicrosoft.com...
<5b22b6a3-fde1-43bf-a6c7-33fa82b671d9@854jpt.onmicrosoft.com> not found in JoniS@854jpt.onmicrosoft.com.

Searching for <7ed1b6bf-2b7d-43f6-ac0d-c259cbc4ba96@854jpt.onmicrosoft.com> in JoniS@854jpt.onmicrosoft.com...
<7ed1b6bf-2b7d-43f6-ac0d-c259cbc4ba96@854jpt.onmicrosoft.com> not found in JoniS@854jpt.onmicrosoft.com.

Searching for <a6f633b5-ed16-4d31-8616-519b69b32c7d@854jpt.onmicrosoft.com> in JoniS@854jpt.onmicrosoft.com...
<a6f633b5-ed16-4d31-8616-519b69b32c7d@854jpt.onmicrosoft.com> not found in JoniS@854jpt.onmicrosoft.com.

Searching for <4def848f-7dd9-4410-aa7a-003041712583@854jpt.onmicrosoft.com> in JoniS@854jpt.onmicrosoft.com...
<4def848f-7dd9-4410-aa7a-003041712583@854jpt.onmicrosoft.com> not found in JoniS@854jpt.onmicrosoft.com.

Searching for <477cb28e-1fd3-474e-aacf-c9c09c547363@854jpt.onmicrosoft.com> in JoniS@854jpt.onmicrosoft.com...
Message found. Parsing metadata & attempting to retrieving message content...
Message message content retrieved.

Searching for <2e87a629-c2f4-4fc4-af41-f8f29bc9cc1b@854jpt.onmicrosoft.com> in JoniS@854jpt.onmicrosoft.com...
Message found. Parsing metadata & attempting to retrieving message content...
Message message content retrieved.

Searching for <45fda60d-ef62-4dd7-89f5-2bd9261ffff2@854jpt.onmicrosoft.com> in JoniS@854jpt.onmicrosoft.com...
<45fda60d-ef62-4dd7-89f5-2bd9261ffff2@854jpt.onmicrosoft.com> not found in JoniS@854jpt.onmicrosoft.com.

Searching for <45fda60d-ef62-4dd7-89f5-2bd9261ffff2@854jpt.onmicrosoft.com> in JoniS@854jpt.onmicrosoft.com...
<45fda60d-ef62-4dd7-89f5-2bd9261ffff2@854jpt.onmicrosoft.com> not found in JoniS@854jpt.onmicrosoft.com.

Searching for <dc562fd6-29b1-4911-9796-a05ca634fef0@854jpt.onmicrosoft.com> in JoniS@854jpt.onmicrosoft.com...
<dc562fd6-29b1-4911-9796-a05ca634fef0@854jpt.onmicrosoft.com> not found in JoniS@854jpt.onmicrosoft.com.

Searching for <4f67c8e6-535a-43d4-b8a4-5cd6a7bcb994@854jpt.onmicrosoft.com> in JoniS@854jpt.onmicrosoft.com...
Message found. Parsing metadata & attempting to retrieving message content...
Message message content retrieved.

Searching for <477cb28e-1fd3-474e-aacf-c9c09c547363@854jpt.onmicrosoft.com> in JoniS@854jpt.onmicrosoft.com...
Message found. Parsing metadata & attempting to retrieving message content...
Message message content retrieved.

Searching for <05712de0-a22f-4471-8c0b-1a9c5627937d@854jpt.onmicrosoft.com> in JoniS@854jpt.onmicrosoft.com...
Message found. Parsing metadata & attempting to retrieving message content...
Message message content retrieved.

Searching for <9fb6d025-fbb7-45e9-a351-5368d67d225c@854jpt.onmicrosoft.com> in JoniS@854jpt.onmicrosoft.com...
<9fb6d025-fbb7-45e9-a351-5368d67d225c@854jpt.onmicrosoft.com> not found in JoniS@854jpt.onmicrosoft.com.

Searching for <8d822f3a-9e8f-4757-ac80-2f400c70a139@854jpt.onmicrosoft.com> in JoniS@854jpt.onmicrosoft.com...
<8d822f3a-9e8f-4757-ac80-2f400c70a139@854jpt.onmicrosoft.com> not found in JoniS@854jpt.onmicrosoft.com.

Searching for <9c77b403-12db-42c6-b8e8-ec5100720cab@854jpt.onmicrosoft.com> in JoniS@854jpt.onmicrosoft.com...
Message found. Parsing metadata & attempting to retrieving message content...
Message message content retrieved.

Searching for <d80de07c-9588-4d70-82e1-24210566ad83@854jpt.onmicrosoft.com> in JoniS@854jpt.onmicrosoft.com...
<d80de07c-9588-4d70-82e1-24210566ad83@854jpt.onmicrosoft.com> not found in JoniS@854jpt.onmicrosoft.com.

Searching for <9c888c6e-c7ea-4691-8917-1a6cf33c9e8c@854jpt.onmicrosoft.com> in JoniS@854jpt.onmicrosoft.com...
<9c888c6e-c7ea-4691-8917-1a6cf33c9e8c@854jpt.onmicrosoft.com> not found in JoniS@854jpt.onmicrosoft.com.

Searching for <a2ab3c98-a8d7-448c-b13d-d659e3cdd149@854jpt.onmicrosoft.com> in JoniS@854jpt.onmicrosoft.com...
<a2ab3c98-a8d7-448c-b13d-d659e3cdd149@854jpt.onmicrosoft.com> not found in JoniS@854jpt.onmicrosoft.com.

Searching for <0dda4e20-4659-4856-acd1-5c28622ea42a@854jpt.onmicrosoft.com> in JoniS@854jpt.onmicrosoft.com...
<0dda4e20-4659-4856-acd1-5c28622ea42a@854jpt.onmicrosoft.com> not found in JoniS@854jpt.onmicrosoft.com.

Searching for <709c7ff2-9902-42c2-b3fc-f850081baa78@854jpt.onmicrosoft.com> in JoniS@854jpt.onmicrosoft.com...
<709c7ff2-9902-42c2-b3fc-f850081baa78@854jpt.onmicrosoft.com> not found in JoniS@854jpt.onmicrosoft.com.

Searching for <73fac190-309d-4c26-be14-279f91581e32@854jpt.onmicrosoft.com> in JoniS@854jpt.onmicrosoft.com...
<73fac190-309d-4c26-be14-279f91581e32@854jpt.onmicrosoft.com> not found in JoniS@854jpt.onmicrosoft.com.

Searching for <8fe2b886-7eff-4258-9d90-7b497ce67e93@854jpt.onmicrosoft.com> in JoniS@854jpt.onmicrosoft.com...
<8fe2b886-7eff-4258-9d90-7b497ce67e93@854jpt.onmicrosoft.com> not found in JoniS@854jpt.onmicrosoft.com.

Searching for <2377068c-9d63-44e3-a2a6-708f5aed8204@854jpt.onmicrosoft.com> in JoniS@854jpt.onmicrosoft.com...
Message found. Parsing metadata & attempting to retrieving message content...
Message message content retrieved.

Searching for <7405f919-5796-431d-a0d8-2a671c543905@854jpt.onmicrosoft.com> in JoniS@854jpt.onmicrosoft.com...
Message found. Parsing metadata & attempting to retrieving message content...
Message message content retrieved.

Searching for <2e87a629-c2f4-4fc4-af41-f8f29bc9cc1b@854jpt.onmicrosoft.com> in JoniS@854jpt.onmicrosoft.com...
Message found. Parsing metadata & attempting to retrieving message content...
Message message content retrieved.

Searching for <ac1723d3-6359-4021-ae5a-fc08febd9fdb@854jpt.onmicrosoft.com> in JoniS@854jpt.onmicrosoft.com...
Message found. Parsing metadata & attempting to retrieving message content...
Message message content retrieved.

Searching for <2eb53355-095a-4b91-a87d-e5cb2520f59d@854jpt.onmicrosoft.com> in JoniS@854jpt.onmicrosoft.com...
Message found. Parsing metadata & attempting to retrieving message content...
Message message content retrieved.

Searching for <cd74de49-232f-49d6-aac1-3d31025def48@854jpt.onmicrosoft.com> in JoniS@854jpt.onmicrosoft.com...
Message found. Parsing metadata & attempting to retrieving message content...
Message message content retrieved.

Searching for <7405f919-5796-431d-a0d8-2a671c543905@854jpt.onmicrosoft.com> in JoniS@854jpt.onmicrosoft.com...
Message found. Parsing metadata & attempting to retrieving message content...
Message message content retrieved.

Searching for <2377068c-9d63-44e3-a2a6-708f5aed8204@854jpt.onmicrosoft.com> in JoniS@854jpt.onmicrosoft.com...
Message found. Parsing metadata & attempting to retrieving message content...
Message message content retrieved.

Searching for <2e87a629-c2f4-4fc4-af41-f8f29bc9cc1b@854jpt.onmicrosoft.com> in JoniS@854jpt.onmicrosoft.com...
Message found. Parsing metadata & attempting to retrieving message content...
Message message content retrieved.

Searching for <BY5PR10MB3746E1F0FD0539E21C052071A7CF2@BY5PR10MB3746.namprd10.prod.outlook.com> in JoniS@854jpt.onmicrosoft.com...
<BY5PR10MB3746E1F0FD0539E21C052071A7CF2@BY5PR10MB3746.namprd10.prod.outlook.com> not found in JoniS@854jpt.onmicrosoft.com.

Searching for <ae34161f-f8a6-4be2-8558-8d2b6c401ca3@MN1PEPF0000F0E3.namprd04.prod.outlook.com> in JoniS@854jpt.onmicrosoft.com...
<ae34161f-f8a6-4be2-8558-8d2b6c401ca3@MN1PEPF0000F0E3.namprd04.prod.outlook.com> not found in JoniS@854jpt.onmicrosoft.com.

Searching for <c7d763b3-b849-4f29-ae16-6d3de954e831@854jpt.onmicrosoft.com> in JoniS@854jpt.onmicrosoft.com...
Message found. Parsing metadata & attempting to retrieving message content...
Message message content retrieved.

Searching for <0d96379d-d2d5-4e52-b323-3829231229ea@854jpt.onmicrosoft.com> in JoniS@854jpt.onmicrosoft.com...
<0d96379d-d2d5-4e52-b323-3829231229ea@854jpt.onmicrosoft.com> not found in JoniS@854jpt.onmicrosoft.com.

Searching for <d9dda4b9-f6c8-459c-a337-aea02ef775a3@854jpt.onmicrosoft.com> in JoniS@854jpt.onmicrosoft.com...
Message found. Parsing metadata & attempting to retrieving message content...
Message message content retrieved.

Searching for <1df67f41-130a-4137-b0be-0a8f07e84631@854jpt.onmicrosoft.com> in JoniS@854jpt.onmicrosoft.com...
Message found. Parsing metadata & attempting to retrieving message content...
Message message content retrieved.

Searching for <467dc11e-ca38-496d-9f7f-4d55812afa64@854jpt.onmicrosoft.com> in JoniS@854jpt.onmicrosoft.com...
<467dc11e-ca38-496d-9f7f-4d55812afa64@854jpt.onmicrosoft.com> not found in JoniS@854jpt.onmicrosoft.com.

Searching for <85496e96-33f0-4709-8410-55b3e99d403f@854jpt.onmicrosoft.com> in JoniS@854jpt.onmicrosoft.com...
<85496e96-33f0-4709-8410-55b3e99d403f@854jpt.onmicrosoft.com> not found in JoniS@854jpt.onmicrosoft.com.

Searching for <3121cb0d-054e-4acb-92a7-c133833aef29@854jpt.onmicrosoft.com> in JoniS@854jpt.onmicrosoft.com...
<3121cb0d-054e-4acb-92a7-c133833aef29@854jpt.onmicrosoft.com> not found in JoniS@854jpt.onmicrosoft.com.

Searching for <0b63639a-b028-4bc7-ad24-ae17acd3fcb7@854jpt.onmicrosoft.com> in JoniS@854jpt.onmicrosoft.com...
<0b63639a-b028-4bc7-ad24-ae17acd3fcb7@854jpt.onmicrosoft.com> not found in JoniS@854jpt.onmicrosoft.com.

Searching for <4990c53c-4140-41bf-a461-7f8b1cf8f690@854jpt.onmicrosoft.com> in JoniS@854jpt.onmicrosoft.com...
<4990c53c-4140-41bf-a461-7f8b1cf8f690@854jpt.onmicrosoft.com> not found in JoniS@854jpt.onmicrosoft.com.

Searching for <b8fc7c22-857b-4e72-ba6a-dc44998d67d7@854jpt.onmicrosoft.com> in JoniS@854jpt.onmicrosoft.com...
Message found. Parsing metadata & attempting to retrieving message content...
Message message content retrieved.

Searching for <c2c2ab9e-3b37-446e-9f18-b1b5f06e313b@854jpt.onmicrosoft.com> in JoniS@854jpt.onmicrosoft.com...
Message found. Parsing metadata & attempting to retrieving message content...
Message message content retrieved.

Searching for <BY5PR10MB3746CDC7ACFA92EDF49C3F7FA7CF2@BY5PR10MB3746.namprd10.prod.outlook.com> in JoniS@854jpt.onmicrosoft.com...
<BY5PR10MB3746CDC7ACFA92EDF49C3F7FA7CF2@BY5PR10MB3746.namprd10.prod.outlook.com> not found in JoniS@854jpt.onmicrosoft.com.

Searching for <c34389f0-d4e5-4864-b70d-ba55bab08830@854jpt.onmicrosoft.com> in JoniS@854jpt.onmicrosoft.com...
<c34389f0-d4e5-4864-b70d-ba55bab08830@854jpt.onmicrosoft.com> not found in JoniS@854jpt.onmicrosoft.com.

Searching for <ce7744b8-765f-4e2f-b137-5f09c2e31605@854jpt.onmicrosoft.com> in JoniS@854jpt.onmicrosoft.com...
<ce7744b8-765f-4e2f-b137-5f09c2e31605@854jpt.onmicrosoft.com> not found in JoniS@854jpt.onmicrosoft.com.

Searching for <9dfca31f-f976-46b2-90b0-df9fbb9db50a@854jpt.onmicrosoft.com> in JoniS@854jpt.onmicrosoft.com...
<9dfca31f-f976-46b2-90b0-df9fbb9db50a@854jpt.onmicrosoft.com> not found in JoniS@854jpt.onmicrosoft.com.

Searching for <5fb45624-eba5-4c20-ba44-99b051161889@854jpt.onmicrosoft.com> in JoniS@854jpt.onmicrosoft.com...
<5fb45624-eba5-4c20-ba44-99b051161889@854jpt.onmicrosoft.com> not found in JoniS@854jpt.onmicrosoft.com.

Searching for <da56d96c-8bdf-4a60-a21c-26d10fef6a07@854jpt.onmicrosoft.com> in JoniS@854jpt.onmicrosoft.com...
<da56d96c-8bdf-4a60-a21c-26d10fef6a07@854jpt.onmicrosoft.com> not found in JoniS@854jpt.onmicrosoft.com.

Searching for <d31463a9-dd3a-4643-9bb2-f21b4a1327e5@854jpt.onmicrosoft.com> in JoniS@854jpt.onmicrosoft.com...
Message found. Parsing metadata & attempting to retrieving message content...
Message message content retrieved.

Searching for <832cf089-17b2-4abd-a5da-415a370e0054@854jpt.onmicrosoft.com> in JoniS@854jpt.onmicrosoft.com...
<832cf089-17b2-4abd-a5da-415a370e0054@854jpt.onmicrosoft.com> not found in JoniS@854jpt.onmicrosoft.com.

Searching for <3b48bba2-2d97-4c4d-bcb4-3a7a96eb2123@854jpt.onmicrosoft.com> in JoniS@854jpt.onmicrosoft.com...
<3b48bba2-2d97-4c4d-bcb4-3a7a96eb2123@854jpt.onmicrosoft.com> not found in JoniS@854jpt.onmicrosoft.com.

Searching for <ba6c0611-a201-438a-89a9-43f3cdb5f76d@BN3PEPF0000B371.namprd21.prod.outlook.com> in JoniS@854jpt.onmicrosoft.com...
<ba6c0611-a201-438a-89a9-43f3cdb5f76d@BN3PEPF0000B371.namprd21.prod.outlook.com> not found in JoniS@854jpt.onmicrosoft.com.

Searching for <dc562fd6-29b1-4911-9796-a05ca634fef0@854jpt.onmicrosoft.com> in JoniS@854jpt.onmicrosoft.com...
<dc562fd6-29b1-4911-9796-a05ca634fef0@854jpt.onmicrosoft.com> not found in JoniS@854jpt.onmicrosoft.com.

Searching for <dc562fd6-29b1-4911-9796-a05ca634fef0@854jpt.onmicrosoft.com> in JoniS@854jpt.onmicrosoft.com...
<dc562fd6-29b1-4911-9796-a05ca634fef0@854jpt.onmicrosoft.com> not found in JoniS@854jpt.onmicrosoft.com.

Searching for <BY5PR10MB37463FDDD74C54B81F7E1387A7CF2@BY5PR10MB3746.namprd10.prod.outlook.com> in JoniS@854jpt.onmicrosoft.com...
<BY5PR10MB37463FDDD74C54B81F7E1387A7CF2@BY5PR10MB3746.namprd10.prod.outlook.com> not found in JoniS@854jpt.onmicrosoft.com.

Searching for <ed45d007-d316-492f-a265-09475d5d2f9a@854jpt.onmicrosoft.com> in JoniS@854jpt.onmicrosoft.com...
<ed45d007-d316-492f-a265-09475d5d2f9a@854jpt.onmicrosoft.com> not found in JoniS@854jpt.onmicrosoft.com.

Searching for <4f8ea0d9-73fa-419f-98c4-b98bec8cc268@854jpt.onmicrosoft.com> in JoniS@854jpt.onmicrosoft.com...
<4f8ea0d9-73fa-419f-98c4-b98bec8cc268@854jpt.onmicrosoft.com> not found in JoniS@854jpt.onmicrosoft.com.

Searching for <fd855e73-6520-4322-957e-b8ca1d433cad@854jpt.onmicrosoft.com> in JoniS@854jpt.onmicrosoft.com...
<fd855e73-6520-4322-957e-b8ca1d433cad@854jpt.onmicrosoft.com> not found in JoniS@854jpt.onmicrosoft.com.

Searching for <d6e5fef3-6e06-4066-ad5a-b3e01d13220c@854jpt.onmicrosoft.com> in JoniS@854jpt.onmicrosoft.com...
Message found. Parsing metadata & attempting to retrieving message content...
Message message content retrieved.

Searching for <8785474b-c073-4745-8d23-e64e8bdba359@854jpt.onmicrosoft.com> in JoniS@854jpt.onmicrosoft.com...
<8785474b-c073-4745-8d23-e64e8bdba359@854jpt.onmicrosoft.com> not found in JoniS@854jpt.onmicrosoft.com.

Searching for <070472c8-c203-4fbb-b570-7753c4a7e586@854jpt.onmicrosoft.com> in JoniS@854jpt.onmicrosoft.com...
<070472c8-c203-4fbb-b570-7753c4a7e586@854jpt.onmicrosoft.com> not found in JoniS@854jpt.onmicrosoft.com.

Searching for <d057e741-ae7f-463f-abe8-a9a2ab1e29ac@854jpt.onmicrosoft.com> in JoniS@854jpt.onmicrosoft.com...
<d057e741-ae7f-463f-abe8-a9a2ab1e29ac@854jpt.onmicrosoft.com> not found in JoniS@854jpt.onmicrosoft.com.

Searching for <fa22c69f-c94b-4fa6-81f7-be48328f061c@854jpt.onmicrosoft.com> in JoniS@854jpt.onmicrosoft.com...
<fa22c69f-c94b-4fa6-81f7-be48328f061c@854jpt.onmicrosoft.com> not found in JoniS@854jpt.onmicrosoft.com.

Searching for <0dddd476-0968-458b-9566-47d1895ab012@BN3PEPF0000B371.namprd21.prod.outlook.com> in LeeG@854jpt.onmicrosoft.com...
<0dddd476-0968-458b-9566-47d1895ab012@BN3PEPF0000B371.namprd21.prod.outlook.com> not found in LeeG@854jpt.onmicrosoft.com.

Searching for <7dbf7de7-1d4e-4a65-868d-e42cb17b7351@MN1PEPF0000F0E3.namprd04.prod.outlook.com> in LeeG@854jpt.onmicrosoft.com...
<7dbf7de7-1d4e-4a65-868d-e42cb17b7351@MN1PEPF0000F0E3.namprd04.prod.outlook.com> not found in LeeG@854jpt.onmicrosoft.com.

Searching for <c7d763b3-b849-4f29-ae16-6d3de954e831@854jpt.onmicrosoft.com> in LeeG@854jpt.onmicrosoft.com...
Message found. Parsing metadata & attempting to retrieving message content...
Message message content retrieved.

Searching for <e009bdbc-b8e8-4d74-bd24-f6efc41483f6@854jpt.onmicrosoft.com> in LeeG@854jpt.onmicrosoft.com...
Message found. Parsing metadata & attempting to retrieving message content...
Message message content retrieved.

Searching for <8fe2b886-7eff-4258-9d90-7b497ce67e93@854jpt.onmicrosoft.com> in LeeG@854jpt.onmicrosoft.com...
<8fe2b886-7eff-4258-9d90-7b497ce67e93@854jpt.onmicrosoft.com> not found in LeeG@854jpt.onmicrosoft.com.

Searching for <5b22b6a3-fde1-43bf-a6c7-33fa82b671d9@854jpt.onmicrosoft.com> in LeeG@854jpt.onmicrosoft.com...
<5b22b6a3-fde1-43bf-a6c7-33fa82b671d9@854jpt.onmicrosoft.com> not found in LeeG@854jpt.onmicrosoft.com.

Searching for <7ed1b6bf-2b7d-43f6-ac0d-c259cbc4ba96@854jpt.onmicrosoft.com> in LeeG@854jpt.onmicrosoft.com...
<7ed1b6bf-2b7d-43f6-ac0d-c259cbc4ba96@854jpt.onmicrosoft.com> not found in LeeG@854jpt.onmicrosoft.com.

Searching for <a6f633b5-ed16-4d31-8616-519b69b32c7d@854jpt.onmicrosoft.com> in LeeG@854jpt.onmicrosoft.com...
<a6f633b5-ed16-4d31-8616-519b69b32c7d@854jpt.onmicrosoft.com> not found in LeeG@854jpt.onmicrosoft.com.

Searching for <4def848f-7dd9-4410-aa7a-003041712583@854jpt.onmicrosoft.com> in LeeG@854jpt.onmicrosoft.com...
<4def848f-7dd9-4410-aa7a-003041712583@854jpt.onmicrosoft.com> not found in LeeG@854jpt.onmicrosoft.com.

Searching for <477cb28e-1fd3-474e-aacf-c9c09c547363@854jpt.onmicrosoft.com> in LeeG@854jpt.onmicrosoft.com...
Message found. Parsing metadata & attempting to retrieving message content...
Message message content retrieved.

Searching for <2e87a629-c2f4-4fc4-af41-f8f29bc9cc1b@854jpt.onmicrosoft.com> in LeeG@854jpt.onmicrosoft.com...
Message found. Parsing metadata & attempting to retrieving message content...
Message message content retrieved.

Searching for <45fda60d-ef62-4dd7-89f5-2bd9261ffff2@854jpt.onmicrosoft.com> in LeeG@854jpt.onmicrosoft.com...
<45fda60d-ef62-4dd7-89f5-2bd9261ffff2@854jpt.onmicrosoft.com> not found in LeeG@854jpt.onmicrosoft.com.

Searching for <45fda60d-ef62-4dd7-89f5-2bd9261ffff2@854jpt.onmicrosoft.com> in LeeG@854jpt.onmicrosoft.com...
<45fda60d-ef62-4dd7-89f5-2bd9261ffff2@854jpt.onmicrosoft.com> not found in LeeG@854jpt.onmicrosoft.com.

Searching for <dc562fd6-29b1-4911-9796-a05ca634fef0@854jpt.onmicrosoft.com> in LeeG@854jpt.onmicrosoft.com...
<dc562fd6-29b1-4911-9796-a05ca634fef0@854jpt.onmicrosoft.com> not found in LeeG@854jpt.onmicrosoft.com.

Searching for <4f67c8e6-535a-43d4-b8a4-5cd6a7bcb994@854jpt.onmicrosoft.com> in LeeG@854jpt.onmicrosoft.com...
Message found. Parsing metadata & attempting to retrieving message content...
Message message content retrieved.

Searching for <477cb28e-1fd3-474e-aacf-c9c09c547363@854jpt.onmicrosoft.com> in LeeG@854jpt.onmicrosoft.com...
Message found. Parsing metadata & attempting to retrieving message content...
Message message content retrieved.

Searching for <05712de0-a22f-4471-8c0b-1a9c5627937d@854jpt.onmicrosoft.com> in LeeG@854jpt.onmicrosoft.com...
<05712de0-a22f-4471-8c0b-1a9c5627937d@854jpt.onmicrosoft.com> not found in LeeG@854jpt.onmicrosoft.com.

Searching for <9fb6d025-fbb7-45e9-a351-5368d67d225c@854jpt.onmicrosoft.com> in LeeG@854jpt.onmicrosoft.com...
<9fb6d025-fbb7-45e9-a351-5368d67d225c@854jpt.onmicrosoft.com> not found in LeeG@854jpt.onmicrosoft.com.

Searching for <8d822f3a-9e8f-4757-ac80-2f400c70a139@854jpt.onmicrosoft.com> in LeeG@854jpt.onmicrosoft.com...
<8d822f3a-9e8f-4757-ac80-2f400c70a139@854jpt.onmicrosoft.com> not found in LeeG@854jpt.onmicrosoft.com.

Searching for <9c77b403-12db-42c6-b8e8-ec5100720cab@854jpt.onmicrosoft.com> in LeeG@854jpt.onmicrosoft.com...
<9c77b403-12db-42c6-b8e8-ec5100720cab@854jpt.onmicrosoft.com> not found in LeeG@854jpt.onmicrosoft.com.

Searching for <d80de07c-9588-4d70-82e1-24210566ad83@854jpt.onmicrosoft.com> in LeeG@854jpt.onmicrosoft.com...
<d80de07c-9588-4d70-82e1-24210566ad83@854jpt.onmicrosoft.com> not found in LeeG@854jpt.onmicrosoft.com.

Searching for <9c888c6e-c7ea-4691-8917-1a6cf33c9e8c@854jpt.onmicrosoft.com> in LeeG@854jpt.onmicrosoft.com...
<9c888c6e-c7ea-4691-8917-1a6cf33c9e8c@854jpt.onmicrosoft.com> not found in LeeG@854jpt.onmicrosoft.com.

Searching for <a2ab3c98-a8d7-448c-b13d-d659e3cdd149@854jpt.onmicrosoft.com> in LeeG@854jpt.onmicrosoft.com...
<a2ab3c98-a8d7-448c-b13d-d659e3cdd149@854jpt.onmicrosoft.com> not found in LeeG@854jpt.onmicrosoft.com.

Searching for <0dda4e20-4659-4856-acd1-5c28622ea42a@854jpt.onmicrosoft.com> in LeeG@854jpt.onmicrosoft.com...
Message found. Parsing metadata & attempting to retrieving message content...
Message message content retrieved.

Searching for <709c7ff2-9902-42c2-b3fc-f850081baa78@854jpt.onmicrosoft.com> in LeeG@854jpt.onmicrosoft.com...
<709c7ff2-9902-42c2-b3fc-f850081baa78@854jpt.onmicrosoft.com> not found in LeeG@854jpt.onmicrosoft.com.

Searching for <73fac190-309d-4c26-be14-279f91581e32@854jpt.onmicrosoft.com> in LeeG@854jpt.onmicrosoft.com...
<73fac190-309d-4c26-be14-279f91581e32@854jpt.onmicrosoft.com> not found in LeeG@854jpt.onmicrosoft.com.

Searching for <8fe2b886-7eff-4258-9d90-7b497ce67e93@854jpt.onmicrosoft.com> in LeeG@854jpt.onmicrosoft.com...
<8fe2b886-7eff-4258-9d90-7b497ce67e93@854jpt.onmicrosoft.com> not found in LeeG@854jpt.onmicrosoft.com.

Searching for <2377068c-9d63-44e3-a2a6-708f5aed8204@854jpt.onmicrosoft.com> in LeeG@854jpt.onmicrosoft.com...
Message found. Parsing metadata & attempting to retrieving message content...
Message message content retrieved.

Searching for <7405f919-5796-431d-a0d8-2a671c543905@854jpt.onmicrosoft.com> in LeeG@854jpt.onmicrosoft.com...
Message found. Parsing metadata & attempting to retrieving message content...
Message message content retrieved.

Searching for <2e87a629-c2f4-4fc4-af41-f8f29bc9cc1b@854jpt.onmicrosoft.com> in LeeG@854jpt.onmicrosoft.com...
Message found. Parsing metadata & attempting to retrieving message content...
Message message content retrieved.

Searching for <ac1723d3-6359-4021-ae5a-fc08febd9fdb@854jpt.onmicrosoft.com> in LeeG@854jpt.onmicrosoft.com...
Message found. Parsing metadata & attempting to retrieving message content...
Message message content retrieved.

Searching for <2eb53355-095a-4b91-a87d-e5cb2520f59d@854jpt.onmicrosoft.com> in LeeG@854jpt.onmicrosoft.com...
Message found. Parsing metadata & attempting to retrieving message content...
Message message content retrieved.

Searching for <cd74de49-232f-49d6-aac1-3d31025def48@854jpt.onmicrosoft.com> in LeeG@854jpt.onmicrosoft.com...
Message found. Parsing metadata & attempting to retrieving message content...
Message message content retrieved.

Searching for <7405f919-5796-431d-a0d8-2a671c543905@854jpt.onmicrosoft.com> in LeeG@854jpt.onmicrosoft.com...
Message found. Parsing metadata & attempting to retrieving message content...
Message message content retrieved.

Searching for <2377068c-9d63-44e3-a2a6-708f5aed8204@854jpt.onmicrosoft.com> in LeeG@854jpt.onmicrosoft.com...
Message found. Parsing metadata & attempting to retrieving message content...
Message message content retrieved.

Searching for <2e87a629-c2f4-4fc4-af41-f8f29bc9cc1b@854jpt.onmicrosoft.com> in LeeG@854jpt.onmicrosoft.com...
Message found. Parsing metadata & attempting to retrieving message content...
Message message content retrieved.

Searching for <BY5PR10MB3746E1F0FD0539E21C052071A7CF2@BY5PR10MB3746.namprd10.prod.outlook.com> in LeeG@854jpt.onmicrosoft.com...
<BY5PR10MB3746E1F0FD0539E21C052071A7CF2@BY5PR10MB3746.namprd10.prod.outlook.com> not found in LeeG@854jpt.onmicrosoft.com.

Searching for <ae34161f-f8a6-4be2-8558-8d2b6c401ca3@MN1PEPF0000F0E3.namprd04.prod.outlook.com> in LeeG@854jpt.onmicrosoft.com...
<ae34161f-f8a6-4be2-8558-8d2b6c401ca3@MN1PEPF0000F0E3.namprd04.prod.outlook.com> not found in LeeG@854jpt.onmicrosoft.com.

Searching for <c7d763b3-b849-4f29-ae16-6d3de954e831@854jpt.onmicrosoft.com> in LeeG@854jpt.onmicrosoft.com...
Message found. Parsing metadata & attempting to retrieving message content...
Message message content retrieved.

Searching for <0d96379d-d2d5-4e52-b323-3829231229ea@854jpt.onmicrosoft.com> in LeeG@854jpt.onmicrosoft.com...
<0d96379d-d2d5-4e52-b323-3829231229ea@854jpt.onmicrosoft.com> not found in LeeG@854jpt.onmicrosoft.com.

Searching for <d9dda4b9-f6c8-459c-a337-aea02ef775a3@854jpt.onmicrosoft.com> in LeeG@854jpt.onmicrosoft.com...
Message found. Parsing metadata & attempting to retrieving message content...
Message message content retrieved.

Searching for <1df67f41-130a-4137-b0be-0a8f07e84631@854jpt.onmicrosoft.com> in LeeG@854jpt.onmicrosoft.com...
<1df67f41-130a-4137-b0be-0a8f07e84631@854jpt.onmicrosoft.com> not found in LeeG@854jpt.onmicrosoft.com.

Searching for <467dc11e-ca38-496d-9f7f-4d55812afa64@854jpt.onmicrosoft.com> in LeeG@854jpt.onmicrosoft.com...
<467dc11e-ca38-496d-9f7f-4d55812afa64@854jpt.onmicrosoft.com> not found in LeeG@854jpt.onmicrosoft.com.

Searching for <85496e96-33f0-4709-8410-55b3e99d403f@854jpt.onmicrosoft.com> in LeeG@854jpt.onmicrosoft.com...
<85496e96-33f0-4709-8410-55b3e99d403f@854jpt.onmicrosoft.com> not found in LeeG@854jpt.onmicrosoft.com.

Searching for <3121cb0d-054e-4acb-92a7-c133833aef29@854jpt.onmicrosoft.com> in LeeG@854jpt.onmicrosoft.com...
<3121cb0d-054e-4acb-92a7-c133833aef29@854jpt.onmicrosoft.com> not found in LeeG@854jpt.onmicrosoft.com.

Searching for <0b63639a-b028-4bc7-ad24-ae17acd3fcb7@854jpt.onmicrosoft.com> in LeeG@854jpt.onmicrosoft.com...
<0b63639a-b028-4bc7-ad24-ae17acd3fcb7@854jpt.onmicrosoft.com> not found in LeeG@854jpt.onmicrosoft.com.

Searching for <4990c53c-4140-41bf-a461-7f8b1cf8f690@854jpt.onmicrosoft.com> in LeeG@854jpt.onmicrosoft.com...
<4990c53c-4140-41bf-a461-7f8b1cf8f690@854jpt.onmicrosoft.com> not found in LeeG@854jpt.onmicrosoft.com.

Searching for <b8fc7c22-857b-4e72-ba6a-dc44998d67d7@854jpt.onmicrosoft.com> in LeeG@854jpt.onmicrosoft.com...
Message found. Parsing metadata & attempting to retrieving message content...
Message message content retrieved.

Searching for <c2c2ab9e-3b37-446e-9f18-b1b5f06e313b@854jpt.onmicrosoft.com> in LeeG@854jpt.onmicrosoft.com...
Message found. Parsing metadata & attempting to retrieving message content...
Message message content retrieved.

Searching for <BY5PR10MB3746CDC7ACFA92EDF49C3F7FA7CF2@BY5PR10MB3746.namprd10.prod.outlook.com> in LeeG@854jpt.onmicrosoft.com...
<BY5PR10MB3746CDC7ACFA92EDF49C3F7FA7CF2@BY5PR10MB3746.namprd10.prod.outlook.com> not found in LeeG@854jpt.onmicrosoft.com.

Searching for <c34389f0-d4e5-4864-b70d-ba55bab08830@854jpt.onmicrosoft.com> in LeeG@854jpt.onmicrosoft.com...
<c34389f0-d4e5-4864-b70d-ba55bab08830@854jpt.onmicrosoft.com> not found in LeeG@854jpt.onmicrosoft.com.

Searching for <ce7744b8-765f-4e2f-b137-5f09c2e31605@854jpt.onmicrosoft.com> in LeeG@854jpt.onmicrosoft.com...
<ce7744b8-765f-4e2f-b137-5f09c2e31605@854jpt.onmicrosoft.com> not found in LeeG@854jpt.onmicrosoft.com.

Searching for <9dfca31f-f976-46b2-90b0-df9fbb9db50a@854jpt.onmicrosoft.com> in LeeG@854jpt.onmicrosoft.com...
<9dfca31f-f976-46b2-90b0-df9fbb9db50a@854jpt.onmicrosoft.com> not found in LeeG@854jpt.onmicrosoft.com.

Searching for <5fb45624-eba5-4c20-ba44-99b051161889@854jpt.onmicrosoft.com> in LeeG@854jpt.onmicrosoft.com...
<5fb45624-eba5-4c20-ba44-99b051161889@854jpt.onmicrosoft.com> not found in LeeG@854jpt.onmicrosoft.com.

Searching for <da56d96c-8bdf-4a60-a21c-26d10fef6a07@854jpt.onmicrosoft.com> in LeeG@854jpt.onmicrosoft.com...
<da56d96c-8bdf-4a60-a21c-26d10fef6a07@854jpt.onmicrosoft.com> not found in LeeG@854jpt.onmicrosoft.com.

Searching for <d31463a9-dd3a-4643-9bb2-f21b4a1327e5@854jpt.onmicrosoft.com> in LeeG@854jpt.onmicrosoft.com...
<d31463a9-dd3a-4643-9bb2-f21b4a1327e5@854jpt.onmicrosoft.com> not found in LeeG@854jpt.onmicrosoft.com.

Searching for <832cf089-17b2-4abd-a5da-415a370e0054@854jpt.onmicrosoft.com> in LeeG@854jpt.onmicrosoft.com...
<832cf089-17b2-4abd-a5da-415a370e0054@854jpt.onmicrosoft.com> not found in LeeG@854jpt.onmicrosoft.com.

Searching for <3b48bba2-2d97-4c4d-bcb4-3a7a96eb2123@854jpt.onmicrosoft.com> in LeeG@854jpt.onmicrosoft.com...
<3b48bba2-2d97-4c4d-bcb4-3a7a96eb2123@854jpt.onmicrosoft.com> not found in LeeG@854jpt.onmicrosoft.com.

Searching for <ba6c0611-a201-438a-89a9-43f3cdb5f76d@BN3PEPF0000B371.namprd21.prod.outlook.com> in LeeG@854jpt.onmicrosoft.com...
<ba6c0611-a201-438a-89a9-43f3cdb5f76d@BN3PEPF0000B371.namprd21.prod.outlook.com> not found in LeeG@854jpt.onmicrosoft.com.

Searching for <dc562fd6-29b1-4911-9796-a05ca634fef0@854jpt.onmicrosoft.com> in LeeG@854jpt.onmicrosoft.com...
<dc562fd6-29b1-4911-9796-a05ca634fef0@854jpt.onmicrosoft.com> not found in LeeG@854jpt.onmicrosoft.com.

Searching for <dc562fd6-29b1-4911-9796-a05ca634fef0@854jpt.onmicrosoft.com> in LeeG@854jpt.onmicrosoft.com...
<dc562fd6-29b1-4911-9796-a05ca634fef0@854jpt.onmicrosoft.com> not found in LeeG@854jpt.onmicrosoft.com.

Searching for <BY5PR10MB37463FDDD74C54B81F7E1387A7CF2@BY5PR10MB3746.namprd10.prod.outlook.com> in LeeG@854jpt.onmicrosoft.com...
<BY5PR10MB37463FDDD74C54B81F7E1387A7CF2@BY5PR10MB3746.namprd10.prod.outlook.com> not found in LeeG@854jpt.onmicrosoft.com.

Searching for <ed45d007-d316-492f-a265-09475d5d2f9a@854jpt.onmicrosoft.com> in LeeG@854jpt.onmicrosoft.com...
<ed45d007-d316-492f-a265-09475d5d2f9a@854jpt.onmicrosoft.com> not found in LeeG@854jpt.onmicrosoft.com.

Searching for <4f8ea0d9-73fa-419f-98c4-b98bec8cc268@854jpt.onmicrosoft.com> in LeeG@854jpt.onmicrosoft.com...
<4f8ea0d9-73fa-419f-98c4-b98bec8cc268@854jpt.onmicrosoft.com> not found in LeeG@854jpt.onmicrosoft.com.

Searching for <fd855e73-6520-4322-957e-b8ca1d433cad@854jpt.onmicrosoft.com> in LeeG@854jpt.onmicrosoft.com...
<fd855e73-6520-4322-957e-b8ca1d433cad@854jpt.onmicrosoft.com> not found in LeeG@854jpt.onmicrosoft.com.

Searching for <d6e5fef3-6e06-4066-ad5a-b3e01d13220c@854jpt.onmicrosoft.com> in LeeG@854jpt.onmicrosoft.com...
Message found. Parsing metadata & attempting to retrieving message content...
Message message content retrieved.

Searching for <8785474b-c073-4745-8d23-e64e8bdba359@854jpt.onmicrosoft.com> in LeeG@854jpt.onmicrosoft.com...
<8785474b-c073-4745-8d23-e64e8bdba359@854jpt.onmicrosoft.com> not found in LeeG@854jpt.onmicrosoft.com.

Searching for <070472c8-c203-4fbb-b570-7753c4a7e586@854jpt.onmicrosoft.com> in LeeG@854jpt.onmicrosoft.com...
<070472c8-c203-4fbb-b570-7753c4a7e586@854jpt.onmicrosoft.com> not found in LeeG@854jpt.onmicrosoft.com.

Searching for <d057e741-ae7f-463f-abe8-a9a2ab1e29ac@854jpt.onmicrosoft.com> in LeeG@854jpt.onmicrosoft.com...
<d057e741-ae7f-463f-abe8-a9a2ab1e29ac@854jpt.onmicrosoft.com> not found in LeeG@854jpt.onmicrosoft.com.

Searching for <fa22c69f-c94b-4fa6-81f7-be48328f061c@854jpt.onmicrosoft.com> in LeeG@854jpt.onmicrosoft.com...
<fa22c69f-c94b-4fa6-81f7-be48328f061c@854jpt.onmicrosoft.com> not found in LeeG@854jpt.onmicrosoft.com.

Searching for <0dddd476-0968-458b-9566-47d1895ab012@BN3PEPF0000B371.namprd21.prod.outlook.com> in LidiaH@854jpt.onmicrosoft.com...
<0dddd476-0968-458b-9566-47d1895ab012@BN3PEPF0000B371.namprd21.prod.outlook.com> not found in LidiaH@854jpt.onmicrosoft.com.

Searching for <7dbf7de7-1d4e-4a65-868d-e42cb17b7351@MN1PEPF0000F0E3.namprd04.prod.outlook.com> in LidiaH@854jpt.onmicrosoft.com...
<7dbf7de7-1d4e-4a65-868d-e42cb17b7351@MN1PEPF0000F0E3.namprd04.prod.outlook.com> not found in LidiaH@854jpt.onmicrosoft.com.

Searching for <c7d763b3-b849-4f29-ae16-6d3de954e831@854jpt.onmicrosoft.com> in LidiaH@854jpt.onmicrosoft.com...
Message found. Parsing metadata & attempting to retrieving message content...
Message message content retrieved.

Searching for <e009bdbc-b8e8-4d74-bd24-f6efc41483f6@854jpt.onmicrosoft.com> in LidiaH@854jpt.onmicrosoft.com...
<e009bdbc-b8e8-4d74-bd24-f6efc41483f6@854jpt.onmicrosoft.com> not found in LidiaH@854jpt.onmicrosoft.com.

Searching for <8fe2b886-7eff-4258-9d90-7b497ce67e93@854jpt.onmicrosoft.com> in LidiaH@854jpt.onmicrosoft.com...
<8fe2b886-7eff-4258-9d90-7b497ce67e93@854jpt.onmicrosoft.com> not found in LidiaH@854jpt.onmicrosoft.com.

Searching for <5b22b6a3-fde1-43bf-a6c7-33fa82b671d9@854jpt.onmicrosoft.com> in LidiaH@854jpt.onmicrosoft.com...
<5b22b6a3-fde1-43bf-a6c7-33fa82b671d9@854jpt.onmicrosoft.com> not found in LidiaH@854jpt.onmicrosoft.com.

Searching for <7ed1b6bf-2b7d-43f6-ac0d-c259cbc4ba96@854jpt.onmicrosoft.com> in LidiaH@854jpt.onmicrosoft.com...
<7ed1b6bf-2b7d-43f6-ac0d-c259cbc4ba96@854jpt.onmicrosoft.com> not found in LidiaH@854jpt.onmicrosoft.com.

Searching for <a6f633b5-ed16-4d31-8616-519b69b32c7d@854jpt.onmicrosoft.com> in LidiaH@854jpt.onmicrosoft.com...
<a6f633b5-ed16-4d31-8616-519b69b32c7d@854jpt.onmicrosoft.com> not found in LidiaH@854jpt.onmicrosoft.com.

Searching for <4def848f-7dd9-4410-aa7a-003041712583@854jpt.onmicrosoft.com> in LidiaH@854jpt.onmicrosoft.com...
<4def848f-7dd9-4410-aa7a-003041712583@854jpt.onmicrosoft.com> not found in LidiaH@854jpt.onmicrosoft.com.

Searching for <477cb28e-1fd3-474e-aacf-c9c09c547363@854jpt.onmicrosoft.com> in LidiaH@854jpt.onmicrosoft.com...
Message found. Parsing metadata & attempting to retrieving message content...
Message message content retrieved.

Searching for <2e87a629-c2f4-4fc4-af41-f8f29bc9cc1b@854jpt.onmicrosoft.com> in LidiaH@854jpt.onmicrosoft.com...
Message found. Parsing metadata & attempting to retrieving message content...
Message message content retrieved.

Searching for <45fda60d-ef62-4dd7-89f5-2bd9261ffff2@854jpt.onmicrosoft.com> in LidiaH@854jpt.onmicrosoft.com...
<45fda60d-ef62-4dd7-89f5-2bd9261ffff2@854jpt.onmicrosoft.com> not found in LidiaH@854jpt.onmicrosoft.com.

Searching for <45fda60d-ef62-4dd7-89f5-2bd9261ffff2@854jpt.onmicrosoft.com> in LidiaH@854jpt.onmicrosoft.com...
<45fda60d-ef62-4dd7-89f5-2bd9261ffff2@854jpt.onmicrosoft.com> not found in LidiaH@854jpt.onmicrosoft.com.

Searching for <dc562fd6-29b1-4911-9796-a05ca634fef0@854jpt.onmicrosoft.com> in LidiaH@854jpt.onmicrosoft.com...
<dc562fd6-29b1-4911-9796-a05ca634fef0@854jpt.onmicrosoft.com> not found in LidiaH@854jpt.onmicrosoft.com.

Searching for <4f67c8e6-535a-43d4-b8a4-5cd6a7bcb994@854jpt.onmicrosoft.com> in LidiaH@854jpt.onmicrosoft.com...
Message found. Parsing metadata & attempting to retrieving message content...
Message message content retrieved.

Searching for <477cb28e-1fd3-474e-aacf-c9c09c547363@854jpt.onmicrosoft.com> in LidiaH@854jpt.onmicrosoft.com...
Message found. Parsing metadata & attempting to retrieving message content...
Message message content retrieved.

Searching for <05712de0-a22f-4471-8c0b-1a9c5627937d@854jpt.onmicrosoft.com> in LidiaH@854jpt.onmicrosoft.com...
<05712de0-a22f-4471-8c0b-1a9c5627937d@854jpt.onmicrosoft.com> not found in LidiaH@854jpt.onmicrosoft.com.

Searching for <9fb6d025-fbb7-45e9-a351-5368d67d225c@854jpt.onmicrosoft.com> in LidiaH@854jpt.onmicrosoft.com...
<9fb6d025-fbb7-45e9-a351-5368d67d225c@854jpt.onmicrosoft.com> not found in LidiaH@854jpt.onmicrosoft.com.

Searching for <8d822f3a-9e8f-4757-ac80-2f400c70a139@854jpt.onmicrosoft.com> in LidiaH@854jpt.onmicrosoft.com...
<8d822f3a-9e8f-4757-ac80-2f400c70a139@854jpt.onmicrosoft.com> not found in LidiaH@854jpt.onmicrosoft.com.

Searching for <9c77b403-12db-42c6-b8e8-ec5100720cab@854jpt.onmicrosoft.com> in LidiaH@854jpt.onmicrosoft.com...
<9c77b403-12db-42c6-b8e8-ec5100720cab@854jpt.onmicrosoft.com> not found in LidiaH@854jpt.onmicrosoft.com.

Searching for <d80de07c-9588-4d70-82e1-24210566ad83@854jpt.onmicrosoft.com> in LidiaH@854jpt.onmicrosoft.com...
<d80de07c-9588-4d70-82e1-24210566ad83@854jpt.onmicrosoft.com> not found in LidiaH@854jpt.onmicrosoft.com.

Searching for <9c888c6e-c7ea-4691-8917-1a6cf33c9e8c@854jpt.onmicrosoft.com> in LidiaH@854jpt.onmicrosoft.com...
<9c888c6e-c7ea-4691-8917-1a6cf33c9e8c@854jpt.onmicrosoft.com> not found in LidiaH@854jpt.onmicrosoft.com.

Searching for <a2ab3c98-a8d7-448c-b13d-d659e3cdd149@854jpt.onmicrosoft.com> in LidiaH@854jpt.onmicrosoft.com...
<a2ab3c98-a8d7-448c-b13d-d659e3cdd149@854jpt.onmicrosoft.com> not found in LidiaH@854jpt.onmicrosoft.com.

Searching for <0dda4e20-4659-4856-acd1-5c28622ea42a@854jpt.onmicrosoft.com> in LidiaH@854jpt.onmicrosoft.com...
<0dda4e20-4659-4856-acd1-5c28622ea42a@854jpt.onmicrosoft.com> not found in LidiaH@854jpt.onmicrosoft.com.

Searching for <709c7ff2-9902-42c2-b3fc-f850081baa78@854jpt.onmicrosoft.com> in LidiaH@854jpt.onmicrosoft.com...
<709c7ff2-9902-42c2-b3fc-f850081baa78@854jpt.onmicrosoft.com> not found in LidiaH@854jpt.onmicrosoft.com.

Searching for <73fac190-309d-4c26-be14-279f91581e32@854jpt.onmicrosoft.com> in LidiaH@854jpt.onmicrosoft.com...
<73fac190-309d-4c26-be14-279f91581e32@854jpt.onmicrosoft.com> not found in LidiaH@854jpt.onmicrosoft.com.

Searching for <8fe2b886-7eff-4258-9d90-7b497ce67e93@854jpt.onmicrosoft.com> in LidiaH@854jpt.onmicrosoft.com...
<8fe2b886-7eff-4258-9d90-7b497ce67e93@854jpt.onmicrosoft.com> not found in LidiaH@854jpt.onmicrosoft.com.

Searching for <2377068c-9d63-44e3-a2a6-708f5aed8204@854jpt.onmicrosoft.com> in LidiaH@854jpt.onmicrosoft.com...
Message found. Parsing metadata & attempting to retrieving message content...
Message message content retrieved.

Searching for <7405f919-5796-431d-a0d8-2a671c543905@854jpt.onmicrosoft.com> in LidiaH@854jpt.onmicrosoft.com...
Message found. Parsing metadata & attempting to retrieving message content...
Message message content retrieved.

Searching for <2e87a629-c2f4-4fc4-af41-f8f29bc9cc1b@854jpt.onmicrosoft.com> in LidiaH@854jpt.onmicrosoft.com...
Message found. Parsing metadata & attempting to retrieving message content...
Message message content retrieved.

Searching for <ac1723d3-6359-4021-ae5a-fc08febd9fdb@854jpt.onmicrosoft.com> in LidiaH@854jpt.onmicrosoft.com...
Message found. Parsing metadata & attempting to retrieving message content...
Message message content retrieved.

Searching for <2eb53355-095a-4b91-a87d-e5cb2520f59d@854jpt.onmicrosoft.com> in LidiaH@854jpt.onmicrosoft.com...
Message found. Parsing metadata & attempting to retrieving message content...
Message message content retrieved.

Searching for <cd74de49-232f-49d6-aac1-3d31025def48@854jpt.onmicrosoft.com> in LidiaH@854jpt.onmicrosoft.com...
Message found. Parsing metadata & attempting to retrieving message content...
Message message content retrieved.

Searching for <7405f919-5796-431d-a0d8-2a671c543905@854jpt.onmicrosoft.com> in LidiaH@854jpt.onmicrosoft.com...
Message found. Parsing metadata & attempting to retrieving message content...
Message message content retrieved.

Searching for <2377068c-9d63-44e3-a2a6-708f5aed8204@854jpt.onmicrosoft.com> in LidiaH@854jpt.onmicrosoft.com...
Message found. Parsing metadata & attempting to retrieving message content...
Message message content retrieved.

Searching for <2e87a629-c2f4-4fc4-af41-f8f29bc9cc1b@854jpt.onmicrosoft.com> in LidiaH@854jpt.onmicrosoft.com...
Message found. Parsing metadata & attempting to retrieving message content...
Message message content retrieved.

Searching for <BY5PR10MB3746E1F0FD0539E21C052071A7CF2@BY5PR10MB3746.namprd10.prod.outlook.com> in LidiaH@854jpt.onmicrosoft.com...
<BY5PR10MB3746E1F0FD0539E21C052071A7CF2@BY5PR10MB3746.namprd10.prod.outlook.com> not found in LidiaH@854jpt.onmicrosoft.com.

Searching for <ae34161f-f8a6-4be2-8558-8d2b6c401ca3@MN1PEPF0000F0E3.namprd04.prod.outlook.com> in LidiaH@854jpt.onmicrosoft.com...
<ae34161f-f8a6-4be2-8558-8d2b6c401ca3@MN1PEPF0000F0E3.namprd04.prod.outlook.com> not found in LidiaH@854jpt.onmicrosoft.com.

Searching for <c7d763b3-b849-4f29-ae16-6d3de954e831@854jpt.onmicrosoft.com> in LidiaH@854jpt.onmicrosoft.com...
Message found. Parsing metadata & attempting to retrieving message content...
Message message content retrieved.

Searching for <0d96379d-d2d5-4e52-b323-3829231229ea@854jpt.onmicrosoft.com> in LidiaH@854jpt.onmicrosoft.com...
<0d96379d-d2d5-4e52-b323-3829231229ea@854jpt.onmicrosoft.com> not found in LidiaH@854jpt.onmicrosoft.com.

Searching for <d9dda4b9-f6c8-459c-a337-aea02ef775a3@854jpt.onmicrosoft.com> in LidiaH@854jpt.onmicrosoft.com...
<d9dda4b9-f6c8-459c-a337-aea02ef775a3@854jpt.onmicrosoft.com> not found in LidiaH@854jpt.onmicrosoft.com.

Searching for <1df67f41-130a-4137-b0be-0a8f07e84631@854jpt.onmicrosoft.com> in LidiaH@854jpt.onmicrosoft.com...
<1df67f41-130a-4137-b0be-0a8f07e84631@854jpt.onmicrosoft.com> not found in LidiaH@854jpt.onmicrosoft.com.

Searching for <467dc11e-ca38-496d-9f7f-4d55812afa64@854jpt.onmicrosoft.com> in LidiaH@854jpt.onmicrosoft.com...
<467dc11e-ca38-496d-9f7f-4d55812afa64@854jpt.onmicrosoft.com> not found in LidiaH@854jpt.onmicrosoft.com.

Searching for <85496e96-33f0-4709-8410-55b3e99d403f@854jpt.onmicrosoft.com> in LidiaH@854jpt.onmicrosoft.com...
<85496e96-33f0-4709-8410-55b3e99d403f@854jpt.onmicrosoft.com> not found in LidiaH@854jpt.onmicrosoft.com.

Searching for <3121cb0d-054e-4acb-92a7-c133833aef29@854jpt.onmicrosoft.com> in LidiaH@854jpt.onmicrosoft.com...
<3121cb0d-054e-4acb-92a7-c133833aef29@854jpt.onmicrosoft.com> not found in LidiaH@854jpt.onmicrosoft.com.

Searching for <0b63639a-b028-4bc7-ad24-ae17acd3fcb7@854jpt.onmicrosoft.com> in LidiaH@854jpt.onmicrosoft.com...
<0b63639a-b028-4bc7-ad24-ae17acd3fcb7@854jpt.onmicrosoft.com> not found in LidiaH@854jpt.onmicrosoft.com.

Searching for <4990c53c-4140-41bf-a461-7f8b1cf8f690@854jpt.onmicrosoft.com> in LidiaH@854jpt.onmicrosoft.com...
<4990c53c-4140-41bf-a461-7f8b1cf8f690@854jpt.onmicrosoft.com> not found in LidiaH@854jpt.onmicrosoft.com.

Searching for <b8fc7c22-857b-4e72-ba6a-dc44998d67d7@854jpt.onmicrosoft.com> in LidiaH@854jpt.onmicrosoft.com...
Message found. Parsing metadata & attempting to retrieving message content...
Message message content retrieved.

Searching for <c2c2ab9e-3b37-446e-9f18-b1b5f06e313b@854jpt.onmicrosoft.com> in LidiaH@854jpt.onmicrosoft.com...
Message found. Parsing metadata & attempting to retrieving message content...
Message message content retrieved.

Searching for <BY5PR10MB3746CDC7ACFA92EDF49C3F7FA7CF2@BY5PR10MB3746.namprd10.prod.outlook.com> in LidiaH@854jpt.onmicrosoft.com...
<BY5PR10MB3746CDC7ACFA92EDF49C3F7FA7CF2@BY5PR10MB3746.namprd10.prod.outlook.com> not found in LidiaH@854jpt.onmicrosoft.com.

Searching for <c34389f0-d4e5-4864-b70d-ba55bab08830@854jpt.onmicrosoft.com> in LidiaH@854jpt.onmicrosoft.com...
<c34389f0-d4e5-4864-b70d-ba55bab08830@854jpt.onmicrosoft.com> not found in LidiaH@854jpt.onmicrosoft.com.

Searching for <ce7744b8-765f-4e2f-b137-5f09c2e31605@854jpt.onmicrosoft.com> in LidiaH@854jpt.onmicrosoft.com...
<ce7744b8-765f-4e2f-b137-5f09c2e31605@854jpt.onmicrosoft.com> not found in LidiaH@854jpt.onmicrosoft.com.

Searching for <9dfca31f-f976-46b2-90b0-df9fbb9db50a@854jpt.onmicrosoft.com> in LidiaH@854jpt.onmicrosoft.com...
<9dfca31f-f976-46b2-90b0-df9fbb9db50a@854jpt.onmicrosoft.com> not found in LidiaH@854jpt.onmicrosoft.com.

Searching for <5fb45624-eba5-4c20-ba44-99b051161889@854jpt.onmicrosoft.com> in LidiaH@854jpt.onmicrosoft.com...
<5fb45624-eba5-4c20-ba44-99b051161889@854jpt.onmicrosoft.com> not found in LidiaH@854jpt.onmicrosoft.com.

Searching for <da56d96c-8bdf-4a60-a21c-26d10fef6a07@854jpt.onmicrosoft.com> in LidiaH@854jpt.onmicrosoft.com...
<da56d96c-8bdf-4a60-a21c-26d10fef6a07@854jpt.onmicrosoft.com> not found in LidiaH@854jpt.onmicrosoft.com.

Searching for <d31463a9-dd3a-4643-9bb2-f21b4a1327e5@854jpt.onmicrosoft.com> in LidiaH@854jpt.onmicrosoft.com...
<d31463a9-dd3a-4643-9bb2-f21b4a1327e5@854jpt.onmicrosoft.com> not found in LidiaH@854jpt.onmicrosoft.com.

Searching for <832cf089-17b2-4abd-a5da-415a370e0054@854jpt.onmicrosoft.com> in LidiaH@854jpt.onmicrosoft.com...
<832cf089-17b2-4abd-a5da-415a370e0054@854jpt.onmicrosoft.com> not found in LidiaH@854jpt.onmicrosoft.com.

Searching for <3b48bba2-2d97-4c4d-bcb4-3a7a96eb2123@854jpt.onmicrosoft.com> in LidiaH@854jpt.onmicrosoft.com...
<3b48bba2-2d97-4c4d-bcb4-3a7a96eb2123@854jpt.onmicrosoft.com> not found in LidiaH@854jpt.onmicrosoft.com.

Searching for <ba6c0611-a201-438a-89a9-43f3cdb5f76d@BN3PEPF0000B371.namprd21.prod.outlook.com> in LidiaH@854jpt.onmicrosoft.com...
<ba6c0611-a201-438a-89a9-43f3cdb5f76d@BN3PEPF0000B371.namprd21.prod.outlook.com> not found in LidiaH@854jpt.onmicrosoft.com.

Searching for <dc562fd6-29b1-4911-9796-a05ca634fef0@854jpt.onmicrosoft.com> in LidiaH@854jpt.onmicrosoft.com...
<dc562fd6-29b1-4911-9796-a05ca634fef0@854jpt.onmicrosoft.com> not found in LidiaH@854jpt.onmicrosoft.com.

Searching for <dc562fd6-29b1-4911-9796-a05ca634fef0@854jpt.onmicrosoft.com> in LidiaH@854jpt.onmicrosoft.com...
<dc562fd6-29b1-4911-9796-a05ca634fef0@854jpt.onmicrosoft.com> not found in LidiaH@854jpt.onmicrosoft.com.

Searching for <BY5PR10MB37463FDDD74C54B81F7E1387A7CF2@BY5PR10MB3746.namprd10.prod.outlook.com> in LidiaH@854jpt.onmicrosoft.com...
<BY5PR10MB37463FDDD74C54B81F7E1387A7CF2@BY5PR10MB3746.namprd10.prod.outlook.com> not found in LidiaH@854jpt.onmicrosoft.com.

Searching for <ed45d007-d316-492f-a265-09475d5d2f9a@854jpt.onmicrosoft.com> in LidiaH@854jpt.onmicrosoft.com...
<ed45d007-d316-492f-a265-09475d5d2f9a@854jpt.onmicrosoft.com> not found in LidiaH@854jpt.onmicrosoft.com.

Searching for <4f8ea0d9-73fa-419f-98c4-b98bec8cc268@854jpt.onmicrosoft.com> in LidiaH@854jpt.onmicrosoft.com...
<4f8ea0d9-73fa-419f-98c4-b98bec8cc268@854jpt.onmicrosoft.com> not found in LidiaH@854jpt.onmicrosoft.com.

Searching for <fd855e73-6520-4322-957e-b8ca1d433cad@854jpt.onmicrosoft.com> in LidiaH@854jpt.onmicrosoft.com...
<fd855e73-6520-4322-957e-b8ca1d433cad@854jpt.onmicrosoft.com> not found in LidiaH@854jpt.onmicrosoft.com.

Searching for <d6e5fef3-6e06-4066-ad5a-b3e01d13220c@854jpt.onmicrosoft.com> in LidiaH@854jpt.onmicrosoft.com...
Message found. Parsing metadata & attempting to retrieving message content...
Message message content retrieved.

Searching for <8785474b-c073-4745-8d23-e64e8bdba359@854jpt.onmicrosoft.com> in LidiaH@854jpt.onmicrosoft.com...
<8785474b-c073-4745-8d23-e64e8bdba359@854jpt.onmicrosoft.com> not found in LidiaH@854jpt.onmicrosoft.com.

Searching for <070472c8-c203-4fbb-b570-7753c4a7e586@854jpt.onmicrosoft.com> in LidiaH@854jpt.onmicrosoft.com...
<070472c8-c203-4fbb-b570-7753c4a7e586@854jpt.onmicrosoft.com> not found in LidiaH@854jpt.onmicrosoft.com.

Searching for <d057e741-ae7f-463f-abe8-a9a2ab1e29ac@854jpt.onmicrosoft.com> in LidiaH@854jpt.onmicrosoft.com...
<d057e741-ae7f-463f-abe8-a9a2ab1e29ac@854jpt.onmicrosoft.com> not found in LidiaH@854jpt.onmicrosoft.com.

Searching for <fa22c69f-c94b-4fa6-81f7-be48328f061c@854jpt.onmicrosoft.com> in LidiaH@854jpt.onmicrosoft.com...
<fa22c69f-c94b-4fa6-81f7-be48328f061c@854jpt.onmicrosoft.com> not found in LidiaH@854jpt.onmicrosoft.com.

Searching for <0dddd476-0968-458b-9566-47d1895ab012@BN3PEPF0000B371.namprd21.prod.outlook.com> in LynneR@854jpt.onmicrosoft.com...
<0dddd476-0968-458b-9566-47d1895ab012@BN3PEPF0000B371.namprd21.prod.outlook.com> not found in LynneR@854jpt.onmicrosoft.com.

Searching for <7dbf7de7-1d4e-4a65-868d-e42cb17b7351@MN1PEPF0000F0E3.namprd04.prod.outlook.com> in LynneR@854jpt.onmicrosoft.com...
<7dbf7de7-1d4e-4a65-868d-e42cb17b7351@MN1PEPF0000F0E3.namprd04.prod.outlook.com> not found in LynneR@854jpt.onmicrosoft.com.

Searching for <c7d763b3-b849-4f29-ae16-6d3de954e831@854jpt.onmicrosoft.com> in LynneR@854jpt.onmicrosoft.com...
Message found. Parsing metadata & attempting to retrieving message content...
Message message content retrieved.

Searching for <e009bdbc-b8e8-4d74-bd24-f6efc41483f6@854jpt.onmicrosoft.com> in LynneR@854jpt.onmicrosoft.com...
<e009bdbc-b8e8-4d74-bd24-f6efc41483f6@854jpt.onmicrosoft.com> not found in LynneR@854jpt.onmicrosoft.com.

Searching for <8fe2b886-7eff-4258-9d90-7b497ce67e93@854jpt.onmicrosoft.com> in LynneR@854jpt.onmicrosoft.com...
<8fe2b886-7eff-4258-9d90-7b497ce67e93@854jpt.onmicrosoft.com> not found in LynneR@854jpt.onmicrosoft.com.

Searching for <5b22b6a3-fde1-43bf-a6c7-33fa82b671d9@854jpt.onmicrosoft.com> in LynneR@854jpt.onmicrosoft.com...
<5b22b6a3-fde1-43bf-a6c7-33fa82b671d9@854jpt.onmicrosoft.com> not found in LynneR@854jpt.onmicrosoft.com.

Searching for <7ed1b6bf-2b7d-43f6-ac0d-c259cbc4ba96@854jpt.onmicrosoft.com> in LynneR@854jpt.onmicrosoft.com...
<7ed1b6bf-2b7d-43f6-ac0d-c259cbc4ba96@854jpt.onmicrosoft.com> not found in LynneR@854jpt.onmicrosoft.com.

Searching for <a6f633b5-ed16-4d31-8616-519b69b32c7d@854jpt.onmicrosoft.com> in LynneR@854jpt.onmicrosoft.com...
<a6f633b5-ed16-4d31-8616-519b69b32c7d@854jpt.onmicrosoft.com> not found in LynneR@854jpt.onmicrosoft.com.

Searching for <4def848f-7dd9-4410-aa7a-003041712583@854jpt.onmicrosoft.com> in LynneR@854jpt.onmicrosoft.com...
<4def848f-7dd9-4410-aa7a-003041712583@854jpt.onmicrosoft.com> not found in LynneR@854jpt.onmicrosoft.com.

Searching for <477cb28e-1fd3-474e-aacf-c9c09c547363@854jpt.onmicrosoft.com> in LynneR@854jpt.onmicrosoft.com...
Message found. Parsing metadata & attempting to retrieving message content...
Message message content retrieved.

Searching for <2e87a629-c2f4-4fc4-af41-f8f29bc9cc1b@854jpt.onmicrosoft.com> in LynneR@854jpt.onmicrosoft.com...
Message found. Parsing metadata & attempting to retrieving message content...
Message message content retrieved.

Searching for <45fda60d-ef62-4dd7-89f5-2bd9261ffff2@854jpt.onmicrosoft.com> in LynneR@854jpt.onmicrosoft.com...
<45fda60d-ef62-4dd7-89f5-2bd9261ffff2@854jpt.onmicrosoft.com> not found in LynneR@854jpt.onmicrosoft.com.

Searching for <45fda60d-ef62-4dd7-89f5-2bd9261ffff2@854jpt.onmicrosoft.com> in LynneR@854jpt.onmicrosoft.com...
<45fda60d-ef62-4dd7-89f5-2bd9261ffff2@854jpt.onmicrosoft.com> not found in LynneR@854jpt.onmicrosoft.com.

Searching for <dc562fd6-29b1-4911-9796-a05ca634fef0@854jpt.onmicrosoft.com> in LynneR@854jpt.onmicrosoft.com...
<dc562fd6-29b1-4911-9796-a05ca634fef0@854jpt.onmicrosoft.com> not found in LynneR@854jpt.onmicrosoft.com.

Searching for <4f67c8e6-535a-43d4-b8a4-5cd6a7bcb994@854jpt.onmicrosoft.com> in LynneR@854jpt.onmicrosoft.com...
<4f67c8e6-535a-43d4-b8a4-5cd6a7bcb994@854jpt.onmicrosoft.com> not found in LynneR@854jpt.onmicrosoft.com.

Searching for <477cb28e-1fd3-474e-aacf-c9c09c547363@854jpt.onmicrosoft.com> in LynneR@854jpt.onmicrosoft.com...
Message found. Parsing metadata & attempting to retrieving message content...
Message message content retrieved.

Searching for <05712de0-a22f-4471-8c0b-1a9c5627937d@854jpt.onmicrosoft.com> in LynneR@854jpt.onmicrosoft.com...
<05712de0-a22f-4471-8c0b-1a9c5627937d@854jpt.onmicrosoft.com> not found in LynneR@854jpt.onmicrosoft.com.

Searching for <9fb6d025-fbb7-45e9-a351-5368d67d225c@854jpt.onmicrosoft.com> in LynneR@854jpt.onmicrosoft.com...
<9fb6d025-fbb7-45e9-a351-5368d67d225c@854jpt.onmicrosoft.com> not found in LynneR@854jpt.onmicrosoft.com.

Searching for <8d822f3a-9e8f-4757-ac80-2f400c70a139@854jpt.onmicrosoft.com> in LynneR@854jpt.onmicrosoft.com...
<8d822f3a-9e8f-4757-ac80-2f400c70a139@854jpt.onmicrosoft.com> not found in LynneR@854jpt.onmicrosoft.com.

Searching for <9c77b403-12db-42c6-b8e8-ec5100720cab@854jpt.onmicrosoft.com> in LynneR@854jpt.onmicrosoft.com...
<9c77b403-12db-42c6-b8e8-ec5100720cab@854jpt.onmicrosoft.com> not found in LynneR@854jpt.onmicrosoft.com.

Searching for <d80de07c-9588-4d70-82e1-24210566ad83@854jpt.onmicrosoft.com> in LynneR@854jpt.onmicrosoft.com...
<d80de07c-9588-4d70-82e1-24210566ad83@854jpt.onmicrosoft.com> not found in LynneR@854jpt.onmicrosoft.com.

Searching for <9c888c6e-c7ea-4691-8917-1a6cf33c9e8c@854jpt.onmicrosoft.com> in LynneR@854jpt.onmicrosoft.com...
<9c888c6e-c7ea-4691-8917-1a6cf33c9e8c@854jpt.onmicrosoft.com> not found in LynneR@854jpt.onmicrosoft.com.

Searching for <a2ab3c98-a8d7-448c-b13d-d659e3cdd149@854jpt.onmicrosoft.com> in LynneR@854jpt.onmicrosoft.com...
<a2ab3c98-a8d7-448c-b13d-d659e3cdd149@854jpt.onmicrosoft.com> not found in LynneR@854jpt.onmicrosoft.com.

Searching for <0dda4e20-4659-4856-acd1-5c28622ea42a@854jpt.onmicrosoft.com> in LynneR@854jpt.onmicrosoft.com...
<0dda4e20-4659-4856-acd1-5c28622ea42a@854jpt.onmicrosoft.com> not found in LynneR@854jpt.onmicrosoft.com.

Searching for <709c7ff2-9902-42c2-b3fc-f850081baa78@854jpt.onmicrosoft.com> in LynneR@854jpt.onmicrosoft.com...
<709c7ff2-9902-42c2-b3fc-f850081baa78@854jpt.onmicrosoft.com> not found in LynneR@854jpt.onmicrosoft.com.

Searching for <73fac190-309d-4c26-be14-279f91581e32@854jpt.onmicrosoft.com> in LynneR@854jpt.onmicrosoft.com...
<73fac190-309d-4c26-be14-279f91581e32@854jpt.onmicrosoft.com> not found in LynneR@854jpt.onmicrosoft.com.

Searching for <8fe2b886-7eff-4258-9d90-7b497ce67e93@854jpt.onmicrosoft.com> in LynneR@854jpt.onmicrosoft.com...
<8fe2b886-7eff-4258-9d90-7b497ce67e93@854jpt.onmicrosoft.com> not found in LynneR@854jpt.onmicrosoft.com.

Searching for <2377068c-9d63-44e3-a2a6-708f5aed8204@854jpt.onmicrosoft.com> in LynneR@854jpt.onmicrosoft.com...
Message found. Parsing metadata & attempting to retrieving message content...
Message message content retrieved.

Searching for <7405f919-5796-431d-a0d8-2a671c543905@854jpt.onmicrosoft.com> in LynneR@854jpt.onmicrosoft.com...
Message found. Parsing metadata & attempting to retrieving message content...
Message message content retrieved.

Searching for <2e87a629-c2f4-4fc4-af41-f8f29bc9cc1b@854jpt.onmicrosoft.com> in LynneR@854jpt.onmicrosoft.com...
Message found. Parsing metadata & attempting to retrieving message content...
Message message content retrieved.

Searching for <ac1723d3-6359-4021-ae5a-fc08febd9fdb@854jpt.onmicrosoft.com> in LynneR@854jpt.onmicrosoft.com...
Message found. Parsing metadata & attempting to retrieving message content...
Message message content retrieved.

Searching for <2eb53355-095a-4b91-a87d-e5cb2520f59d@854jpt.onmicrosoft.com> in LynneR@854jpt.onmicrosoft.com...
Message found. Parsing metadata & attempting to retrieving message content...
Message message content retrieved.

Searching for <cd74de49-232f-49d6-aac1-3d31025def48@854jpt.onmicrosoft.com> in LynneR@854jpt.onmicrosoft.com...
Message found. Parsing metadata & attempting to retrieving message content...
Message message content retrieved.

Searching for <7405f919-5796-431d-a0d8-2a671c543905@854jpt.onmicrosoft.com> in LynneR@854jpt.onmicrosoft.com...
Message found. Parsing metadata & attempting to retrieving message content...
Message message content retrieved.

Searching for <2377068c-9d63-44e3-a2a6-708f5aed8204@854jpt.onmicrosoft.com> in LynneR@854jpt.onmicrosoft.com...
Message found. Parsing metadata & attempting to retrieving message content...
Message message content retrieved.

Searching for <2e87a629-c2f4-4fc4-af41-f8f29bc9cc1b@854jpt.onmicrosoft.com> in LynneR@854jpt.onmicrosoft.com...
Message found. Parsing metadata & attempting to retrieving message content...
Message message content retrieved.

Searching for <BY5PR10MB3746E1F0FD0539E21C052071A7CF2@BY5PR10MB3746.namprd10.prod.outlook.com> in LynneR@854jpt.onmicrosoft.com...
<BY5PR10MB3746E1F0FD0539E21C052071A7CF2@BY5PR10MB3746.namprd10.prod.outlook.com> not found in LynneR@854jpt.onmicrosoft.com.

Searching for <ae34161f-f8a6-4be2-8558-8d2b6c401ca3@MN1PEPF0000F0E3.namprd04.prod.outlook.com> in LynneR@854jpt.onmicrosoft.com...
<ae34161f-f8a6-4be2-8558-8d2b6c401ca3@MN1PEPF0000F0E3.namprd04.prod.outlook.com> not found in LynneR@854jpt.onmicrosoft.com.

Searching for <c7d763b3-b849-4f29-ae16-6d3de954e831@854jpt.onmicrosoft.com> in LynneR@854jpt.onmicrosoft.com...
Message found. Parsing metadata & attempting to retrieving message content...
Message message content retrieved.

Searching for <0d96379d-d2d5-4e52-b323-3829231229ea@854jpt.onmicrosoft.com> in LynneR@854jpt.onmicrosoft.com...
<0d96379d-d2d5-4e52-b323-3829231229ea@854jpt.onmicrosoft.com> not found in LynneR@854jpt.onmicrosoft.com.

Searching for <d9dda4b9-f6c8-459c-a337-aea02ef775a3@854jpt.onmicrosoft.com> in LynneR@854jpt.onmicrosoft.com...
<d9dda4b9-f6c8-459c-a337-aea02ef775a3@854jpt.onmicrosoft.com> not found in LynneR@854jpt.onmicrosoft.com.

Searching for <1df67f41-130a-4137-b0be-0a8f07e84631@854jpt.onmicrosoft.com> in LynneR@854jpt.onmicrosoft.com...
<1df67f41-130a-4137-b0be-0a8f07e84631@854jpt.onmicrosoft.com> not found in LynneR@854jpt.onmicrosoft.com.

Searching for <467dc11e-ca38-496d-9f7f-4d55812afa64@854jpt.onmicrosoft.com> in LynneR@854jpt.onmicrosoft.com...
<467dc11e-ca38-496d-9f7f-4d55812afa64@854jpt.onmicrosoft.com> not found in LynneR@854jpt.onmicrosoft.com.

Searching for <85496e96-33f0-4709-8410-55b3e99d403f@854jpt.onmicrosoft.com> in LynneR@854jpt.onmicrosoft.com...
<85496e96-33f0-4709-8410-55b3e99d403f@854jpt.onmicrosoft.com> not found in LynneR@854jpt.onmicrosoft.com.

Searching for <3121cb0d-054e-4acb-92a7-c133833aef29@854jpt.onmicrosoft.com> in LynneR@854jpt.onmicrosoft.com...
<3121cb0d-054e-4acb-92a7-c133833aef29@854jpt.onmicrosoft.com> not found in LynneR@854jpt.onmicrosoft.com.

Searching for <0b63639a-b028-4bc7-ad24-ae17acd3fcb7@854jpt.onmicrosoft.com> in LynneR@854jpt.onmicrosoft.com...
<0b63639a-b028-4bc7-ad24-ae17acd3fcb7@854jpt.onmicrosoft.com> not found in LynneR@854jpt.onmicrosoft.com.

Searching for <4990c53c-4140-41bf-a461-7f8b1cf8f690@854jpt.onmicrosoft.com> in LynneR@854jpt.onmicrosoft.com...
<4990c53c-4140-41bf-a461-7f8b1cf8f690@854jpt.onmicrosoft.com> not found in LynneR@854jpt.onmicrosoft.com.

Searching for <b8fc7c22-857b-4e72-ba6a-dc44998d67d7@854jpt.onmicrosoft.com> in LynneR@854jpt.onmicrosoft.com...
Message found. Parsing metadata & attempting to retrieving message content...
Message message content retrieved.

Searching for <c2c2ab9e-3b37-446e-9f18-b1b5f06e313b@854jpt.onmicrosoft.com> in LynneR@854jpt.onmicrosoft.com...
Message found. Parsing metadata & attempting to retrieving message content...
Message message content retrieved.

Searching for <BY5PR10MB3746CDC7ACFA92EDF49C3F7FA7CF2@BY5PR10MB3746.namprd10.prod.outlook.com> in LynneR@854jpt.onmicrosoft.com...
<BY5PR10MB3746CDC7ACFA92EDF49C3F7FA7CF2@BY5PR10MB3746.namprd10.prod.outlook.com> not found in LynneR@854jpt.onmicrosoft.com.

Searching for <c34389f0-d4e5-4864-b70d-ba55bab08830@854jpt.onmicrosoft.com> in LynneR@854jpt.onmicrosoft.com...
<c34389f0-d4e5-4864-b70d-ba55bab08830@854jpt.onmicrosoft.com> not found in LynneR@854jpt.onmicrosoft.com.

Searching for <ce7744b8-765f-4e2f-b137-5f09c2e31605@854jpt.onmicrosoft.com> in LynneR@854jpt.onmicrosoft.com...
<ce7744b8-765f-4e2f-b137-5f09c2e31605@854jpt.onmicrosoft.com> not found in LynneR@854jpt.onmicrosoft.com.

Searching for <9dfca31f-f976-46b2-90b0-df9fbb9db50a@854jpt.onmicrosoft.com> in LynneR@854jpt.onmicrosoft.com...
<9dfca31f-f976-46b2-90b0-df9fbb9db50a@854jpt.onmicrosoft.com> not found in LynneR@854jpt.onmicrosoft.com.

Searching for <5fb45624-eba5-4c20-ba44-99b051161889@854jpt.onmicrosoft.com> in LynneR@854jpt.onmicrosoft.com...
<5fb45624-eba5-4c20-ba44-99b051161889@854jpt.onmicrosoft.com> not found in LynneR@854jpt.onmicrosoft.com.

Searching for <da56d96c-8bdf-4a60-a21c-26d10fef6a07@854jpt.onmicrosoft.com> in LynneR@854jpt.onmicrosoft.com...
<da56d96c-8bdf-4a60-a21c-26d10fef6a07@854jpt.onmicrosoft.com> not found in LynneR@854jpt.onmicrosoft.com.

Searching for <d31463a9-dd3a-4643-9bb2-f21b4a1327e5@854jpt.onmicrosoft.com> in LynneR@854jpt.onmicrosoft.com...
<d31463a9-dd3a-4643-9bb2-f21b4a1327e5@854jpt.onmicrosoft.com> not found in LynneR@854jpt.onmicrosoft.com.

Searching for <832cf089-17b2-4abd-a5da-415a370e0054@854jpt.onmicrosoft.com> in LynneR@854jpt.onmicrosoft.com...
<832cf089-17b2-4abd-a5da-415a370e0054@854jpt.onmicrosoft.com> not found in LynneR@854jpt.onmicrosoft.com.

Searching for <3b48bba2-2d97-4c4d-bcb4-3a7a96eb2123@854jpt.onmicrosoft.com> in LynneR@854jpt.onmicrosoft.com...
<3b48bba2-2d97-4c4d-bcb4-3a7a96eb2123@854jpt.onmicrosoft.com> not found in LynneR@854jpt.onmicrosoft.com.

Searching for <ba6c0611-a201-438a-89a9-43f3cdb5f76d@BN3PEPF0000B371.namprd21.prod.outlook.com> in LynneR@854jpt.onmicrosoft.com...
<ba6c0611-a201-438a-89a9-43f3cdb5f76d@BN3PEPF0000B371.namprd21.prod.outlook.com> not found in LynneR@854jpt.onmicrosoft.com.

Searching for <dc562fd6-29b1-4911-9796-a05ca634fef0@854jpt.onmicrosoft.com> in LynneR@854jpt.onmicrosoft.com...
<dc562fd6-29b1-4911-9796-a05ca634fef0@854jpt.onmicrosoft.com> not found in LynneR@854jpt.onmicrosoft.com.

Searching for <dc562fd6-29b1-4911-9796-a05ca634fef0@854jpt.onmicrosoft.com> in LynneR@854jpt.onmicrosoft.com...
<dc562fd6-29b1-4911-9796-a05ca634fef0@854jpt.onmicrosoft.com> not found in LynneR@854jpt.onmicrosoft.com.

Searching for <BY5PR10MB37463FDDD74C54B81F7E1387A7CF2@BY5PR10MB3746.namprd10.prod.outlook.com> in LynneR@854jpt.onmicrosoft.com...
<BY5PR10MB37463FDDD74C54B81F7E1387A7CF2@BY5PR10MB3746.namprd10.prod.outlook.com> not found in LynneR@854jpt.onmicrosoft.com.

Searching for <ed45d007-d316-492f-a265-09475d5d2f9a@854jpt.onmicrosoft.com> in LynneR@854jpt.onmicrosoft.com...
<ed45d007-d316-492f-a265-09475d5d2f9a@854jpt.onmicrosoft.com> not found in LynneR@854jpt.onmicrosoft.com.

Searching for <4f8ea0d9-73fa-419f-98c4-b98bec8cc268@854jpt.onmicrosoft.com> in LynneR@854jpt.onmicrosoft.com...
<4f8ea0d9-73fa-419f-98c4-b98bec8cc268@854jpt.onmicrosoft.com> not found in LynneR@854jpt.onmicrosoft.com.

Searching for <fd855e73-6520-4322-957e-b8ca1d433cad@854jpt.onmicrosoft.com> in LynneR@854jpt.onmicrosoft.com...
<fd855e73-6520-4322-957e-b8ca1d433cad@854jpt.onmicrosoft.com> not found in LynneR@854jpt.onmicrosoft.com.

Searching for <d6e5fef3-6e06-4066-ad5a-b3e01d13220c@854jpt.onmicrosoft.com> in LynneR@854jpt.onmicrosoft.com...
Message found. Parsing metadata & attempting to retrieving message content...
Message message content retrieved.

Searching for <8785474b-c073-4745-8d23-e64e8bdba359@854jpt.onmicrosoft.com> in LynneR@854jpt.onmicrosoft.com...
<8785474b-c073-4745-8d23-e64e8bdba359@854jpt.onmicrosoft.com> not found in LynneR@854jpt.onmicrosoft.com.

Searching for <070472c8-c203-4fbb-b570-7753c4a7e586@854jpt.onmicrosoft.com> in LynneR@854jpt.onmicrosoft.com...
<070472c8-c203-4fbb-b570-7753c4a7e586@854jpt.onmicrosoft.com> not found in LynneR@854jpt.onmicrosoft.com.

Searching for <d057e741-ae7f-463f-abe8-a9a2ab1e29ac@854jpt.onmicrosoft.com> in LynneR@854jpt.onmicrosoft.com...
<d057e741-ae7f-463f-abe8-a9a2ab1e29ac@854jpt.onmicrosoft.com> not found in LynneR@854jpt.onmicrosoft.com.

Searching for <fa22c69f-c94b-4fa6-81f7-be48328f061c@854jpt.onmicrosoft.com> in LynneR@854jpt.onmicrosoft.com...
<fa22c69f-c94b-4fa6-81f7-be48328f061c@854jpt.onmicrosoft.com> not found in LynneR@854jpt.onmicrosoft.com.

Searching for <0dddd476-0968-458b-9566-47d1895ab012@BN3PEPF0000B371.namprd21.prod.outlook.com> in MeganB@854jpt.onmicrosoft.com...
<0dddd476-0968-458b-9566-47d1895ab012@BN3PEPF0000B371.namprd21.prod.outlook.com> not found in MeganB@854jpt.onmicrosoft.com.

Searching for <7dbf7de7-1d4e-4a65-868d-e42cb17b7351@MN1PEPF0000F0E3.namprd04.prod.outlook.com> in MeganB@854jpt.onmicrosoft.com...
<7dbf7de7-1d4e-4a65-868d-e42cb17b7351@MN1PEPF0000F0E3.namprd04.prod.outlook.com> not found in MeganB@854jpt.onmicrosoft.com.

Searching for <c7d763b3-b849-4f29-ae16-6d3de954e831@854jpt.onmicrosoft.com> in MeganB@854jpt.onmicrosoft.com...
Message found. Parsing metadata & attempting to retrieving message content...
Message message content retrieved.

Searching for <e009bdbc-b8e8-4d74-bd24-f6efc41483f6@854jpt.onmicrosoft.com> in MeganB@854jpt.onmicrosoft.com...
<e009bdbc-b8e8-4d74-bd24-f6efc41483f6@854jpt.onmicrosoft.com> not found in MeganB@854jpt.onmicrosoft.com.

Searching for <8fe2b886-7eff-4258-9d90-7b497ce67e93@854jpt.onmicrosoft.com> in MeganB@854jpt.onmicrosoft.com...
Message found. Parsing metadata & attempting to retrieving message content...
Message message content retrieved.

Searching for <5b22b6a3-fde1-43bf-a6c7-33fa82b671d9@854jpt.onmicrosoft.com> in MeganB@854jpt.onmicrosoft.com...
<5b22b6a3-fde1-43bf-a6c7-33fa82b671d9@854jpt.onmicrosoft.com> not found in MeganB@854jpt.onmicrosoft.com.

Searching for <7ed1b6bf-2b7d-43f6-ac0d-c259cbc4ba96@854jpt.onmicrosoft.com> in MeganB@854jpt.onmicrosoft.com...
<7ed1b6bf-2b7d-43f6-ac0d-c259cbc4ba96@854jpt.onmicrosoft.com> not found in MeganB@854jpt.onmicrosoft.com.

Searching for <a6f633b5-ed16-4d31-8616-519b69b32c7d@854jpt.onmicrosoft.com> in MeganB@854jpt.onmicrosoft.com...
<a6f633b5-ed16-4d31-8616-519b69b32c7d@854jpt.onmicrosoft.com> not found in MeganB@854jpt.onmicrosoft.com.

Searching for <4def848f-7dd9-4410-aa7a-003041712583@854jpt.onmicrosoft.com> in MeganB@854jpt.onmicrosoft.com...
<4def848f-7dd9-4410-aa7a-003041712583@854jpt.onmicrosoft.com> not found in MeganB@854jpt.onmicrosoft.com.

Searching for <477cb28e-1fd3-474e-aacf-c9c09c547363@854jpt.onmicrosoft.com> in MeganB@854jpt.onmicrosoft.com...
Message found. Parsing metadata & attempting to retrieving message content...
Message message content retrieved.

Searching for <2e87a629-c2f4-4fc4-af41-f8f29bc9cc1b@854jpt.onmicrosoft.com> in MeganB@854jpt.onmicrosoft.com...
Message found. Parsing metadata & attempting to retrieving message content...
Message message content retrieved.

Searching for <45fda60d-ef62-4dd7-89f5-2bd9261ffff2@854jpt.onmicrosoft.com> in MeganB@854jpt.onmicrosoft.com...
<45fda60d-ef62-4dd7-89f5-2bd9261ffff2@854jpt.onmicrosoft.com> not found in MeganB@854jpt.onmicrosoft.com.

Searching for <45fda60d-ef62-4dd7-89f5-2bd9261ffff2@854jpt.onmicrosoft.com> in MeganB@854jpt.onmicrosoft.com...
<45fda60d-ef62-4dd7-89f5-2bd9261ffff2@854jpt.onmicrosoft.com> not found in MeganB@854jpt.onmicrosoft.com.

Searching for <dc562fd6-29b1-4911-9796-a05ca634fef0@854jpt.onmicrosoft.com> in MeganB@854jpt.onmicrosoft.com...
<dc562fd6-29b1-4911-9796-a05ca634fef0@854jpt.onmicrosoft.com> not found in MeganB@854jpt.onmicrosoft.com.

Searching for <4f67c8e6-535a-43d4-b8a4-5cd6a7bcb994@854jpt.onmicrosoft.com> in MeganB@854jpt.onmicrosoft.com...
Message found. Parsing metadata & attempting to retrieving message content...
Message message content retrieved.

Searching for <477cb28e-1fd3-474e-aacf-c9c09c547363@854jpt.onmicrosoft.com> in MeganB@854jpt.onmicrosoft.com...
Message found. Parsing metadata & attempting to retrieving message content...
Message message content retrieved.

Searching for <05712de0-a22f-4471-8c0b-1a9c5627937d@854jpt.onmicrosoft.com> in MeganB@854jpt.onmicrosoft.com...
<05712de0-a22f-4471-8c0b-1a9c5627937d@854jpt.onmicrosoft.com> not found in MeganB@854jpt.onmicrosoft.com.

Searching for <9fb6d025-fbb7-45e9-a351-5368d67d225c@854jpt.onmicrosoft.com> in MeganB@854jpt.onmicrosoft.com...
<9fb6d025-fbb7-45e9-a351-5368d67d225c@854jpt.onmicrosoft.com> not found in MeganB@854jpt.onmicrosoft.com.

Searching for <8d822f3a-9e8f-4757-ac80-2f400c70a139@854jpt.onmicrosoft.com> in MeganB@854jpt.onmicrosoft.com...
<8d822f3a-9e8f-4757-ac80-2f400c70a139@854jpt.onmicrosoft.com> not found in MeganB@854jpt.onmicrosoft.com.

Searching for <9c77b403-12db-42c6-b8e8-ec5100720cab@854jpt.onmicrosoft.com> in MeganB@854jpt.onmicrosoft.com...
<9c77b403-12db-42c6-b8e8-ec5100720cab@854jpt.onmicrosoft.com> not found in MeganB@854jpt.onmicrosoft.com.

Searching for <d80de07c-9588-4d70-82e1-24210566ad83@854jpt.onmicrosoft.com> in MeganB@854jpt.onmicrosoft.com...
<d80de07c-9588-4d70-82e1-24210566ad83@854jpt.onmicrosoft.com> not found in MeganB@854jpt.onmicrosoft.com.

Searching for <9c888c6e-c7ea-4691-8917-1a6cf33c9e8c@854jpt.onmicrosoft.com> in MeganB@854jpt.onmicrosoft.com...
<9c888c6e-c7ea-4691-8917-1a6cf33c9e8c@854jpt.onmicrosoft.com> not found in MeganB@854jpt.onmicrosoft.com.

Searching for <a2ab3c98-a8d7-448c-b13d-d659e3cdd149@854jpt.onmicrosoft.com> in MeganB@854jpt.onmicrosoft.com...
<a2ab3c98-a8d7-448c-b13d-d659e3cdd149@854jpt.onmicrosoft.com> not found in MeganB@854jpt.onmicrosoft.com.

Searching for <0dda4e20-4659-4856-acd1-5c28622ea42a@854jpt.onmicrosoft.com> in MeganB@854jpt.onmicrosoft.com...
<0dda4e20-4659-4856-acd1-5c28622ea42a@854jpt.onmicrosoft.com> not found in MeganB@854jpt.onmicrosoft.com.

Searching for <709c7ff2-9902-42c2-b3fc-f850081baa78@854jpt.onmicrosoft.com> in MeganB@854jpt.onmicrosoft.com...
<709c7ff2-9902-42c2-b3fc-f850081baa78@854jpt.onmicrosoft.com> not found in MeganB@854jpt.onmicrosoft.com.

Searching for <73fac190-309d-4c26-be14-279f91581e32@854jpt.onmicrosoft.com> in MeganB@854jpt.onmicrosoft.com...
<73fac190-309d-4c26-be14-279f91581e32@854jpt.onmicrosoft.com> not found in MeganB@854jpt.onmicrosoft.com.

Searching for <8fe2b886-7eff-4258-9d90-7b497ce67e93@854jpt.onmicrosoft.com> in MeganB@854jpt.onmicrosoft.com...
Message found. Parsing metadata & attempting to retrieving message content...
Message message content retrieved.

Searching for <2377068c-9d63-44e3-a2a6-708f5aed8204@854jpt.onmicrosoft.com> in MeganB@854jpt.onmicrosoft.com...
Message found. Parsing metadata & attempting to retrieving message content...
Message message content retrieved.

Searching for <7405f919-5796-431d-a0d8-2a671c543905@854jpt.onmicrosoft.com> in MeganB@854jpt.onmicrosoft.com...
Message found. Parsing metadata & attempting to retrieving message content...
Message message content retrieved.

Searching for <2e87a629-c2f4-4fc4-af41-f8f29bc9cc1b@854jpt.onmicrosoft.com> in MeganB@854jpt.onmicrosoft.com...
Message found. Parsing metadata & attempting to retrieving message content...
Message message content retrieved.

Searching for <ac1723d3-6359-4021-ae5a-fc08febd9fdb@854jpt.onmicrosoft.com> in MeganB@854jpt.onmicrosoft.com...
Message found. Parsing metadata & attempting to retrieving message content...
Message message content retrieved.

Searching for <2eb53355-095a-4b91-a87d-e5cb2520f59d@854jpt.onmicrosoft.com> in MeganB@854jpt.onmicrosoft.com...
Message found. Parsing metadata & attempting to retrieving message content...
Message message content retrieved.

Searching for <cd74de49-232f-49d6-aac1-3d31025def48@854jpt.onmicrosoft.com> in MeganB@854jpt.onmicrosoft.com...
Message found. Parsing metadata & attempting to retrieving message content...
Message message content retrieved.

Searching for <7405f919-5796-431d-a0d8-2a671c543905@854jpt.onmicrosoft.com> in MeganB@854jpt.onmicrosoft.com...
Message found. Parsing metadata & attempting to retrieving message content...
Message message content retrieved.

Searching for <2377068c-9d63-44e3-a2a6-708f5aed8204@854jpt.onmicrosoft.com> in MeganB@854jpt.onmicrosoft.com...
Message found. Parsing metadata & attempting to retrieving message content...
Message message content retrieved.

Searching for <2e87a629-c2f4-4fc4-af41-f8f29bc9cc1b@854jpt.onmicrosoft.com> in MeganB@854jpt.onmicrosoft.com...
Message found. Parsing metadata & attempting to retrieving message content...
Message message content retrieved.

Searching for <BY5PR10MB3746E1F0FD0539E21C052071A7CF2@BY5PR10MB3746.namprd10.prod.outlook.com> in MeganB@854jpt.onmicrosoft.com...
<BY5PR10MB3746E1F0FD0539E21C052071A7CF2@BY5PR10MB3746.namprd10.prod.outlook.com> not found in MeganB@854jpt.onmicrosoft.com.

Searching for <ae34161f-f8a6-4be2-8558-8d2b6c401ca3@MN1PEPF0000F0E3.namprd04.prod.outlook.com> in MeganB@854jpt.onmicrosoft.com...
<ae34161f-f8a6-4be2-8558-8d2b6c401ca3@MN1PEPF0000F0E3.namprd04.prod.outlook.com> not found in MeganB@854jpt.onmicrosoft.com.

Searching for <c7d763b3-b849-4f29-ae16-6d3de954e831@854jpt.onmicrosoft.com> in MeganB@854jpt.onmicrosoft.com...
Message found. Parsing metadata & attempting to retrieving message content...
Message message content retrieved.

Searching for <0d96379d-d2d5-4e52-b323-3829231229ea@854jpt.onmicrosoft.com> in MeganB@854jpt.onmicrosoft.com...
<0d96379d-d2d5-4e52-b323-3829231229ea@854jpt.onmicrosoft.com> not found in MeganB@854jpt.onmicrosoft.com.

Searching for <d9dda4b9-f6c8-459c-a337-aea02ef775a3@854jpt.onmicrosoft.com> in MeganB@854jpt.onmicrosoft.com...
<d9dda4b9-f6c8-459c-a337-aea02ef775a3@854jpt.onmicrosoft.com> not found in MeganB@854jpt.onmicrosoft.com.

Searching for <1df67f41-130a-4137-b0be-0a8f07e84631@854jpt.onmicrosoft.com> in MeganB@854jpt.onmicrosoft.com...
<1df67f41-130a-4137-b0be-0a8f07e84631@854jpt.onmicrosoft.com> not found in MeganB@854jpt.onmicrosoft.com.

Searching for <467dc11e-ca38-496d-9f7f-4d55812afa64@854jpt.onmicrosoft.com> in MeganB@854jpt.onmicrosoft.com...
<467dc11e-ca38-496d-9f7f-4d55812afa64@854jpt.onmicrosoft.com> not found in MeganB@854jpt.onmicrosoft.com.

Searching for <85496e96-33f0-4709-8410-55b3e99d403f@854jpt.onmicrosoft.com> in MeganB@854jpt.onmicrosoft.com...
<85496e96-33f0-4709-8410-55b3e99d403f@854jpt.onmicrosoft.com> not found in MeganB@854jpt.onmicrosoft.com.

Searching for <3121cb0d-054e-4acb-92a7-c133833aef29@854jpt.onmicrosoft.com> in MeganB@854jpt.onmicrosoft.com...
<3121cb0d-054e-4acb-92a7-c133833aef29@854jpt.onmicrosoft.com> not found in MeganB@854jpt.onmicrosoft.com.

Searching for <0b63639a-b028-4bc7-ad24-ae17acd3fcb7@854jpt.onmicrosoft.com> in MeganB@854jpt.onmicrosoft.com...
Message found. Parsing metadata & attempting to retrieving message content...
Message message content retrieved.

Searching for <4990c53c-4140-41bf-a461-7f8b1cf8f690@854jpt.onmicrosoft.com> in MeganB@854jpt.onmicrosoft.com...
<4990c53c-4140-41bf-a461-7f8b1cf8f690@854jpt.onmicrosoft.com> not found in MeganB@854jpt.onmicrosoft.com.

Searching for <b8fc7c22-857b-4e72-ba6a-dc44998d67d7@854jpt.onmicrosoft.com> in MeganB@854jpt.onmicrosoft.com...
Message found. Parsing metadata & attempting to retrieving message content...
Message message content retrieved.

Searching for <c2c2ab9e-3b37-446e-9f18-b1b5f06e313b@854jpt.onmicrosoft.com> in MeganB@854jpt.onmicrosoft.com...
Message found. Parsing metadata & attempting to retrieving message content...
Message message content retrieved.

Searching for <BY5PR10MB3746CDC7ACFA92EDF49C3F7FA7CF2@BY5PR10MB3746.namprd10.prod.outlook.com> in MeganB@854jpt.onmicrosoft.com...
<BY5PR10MB3746CDC7ACFA92EDF49C3F7FA7CF2@BY5PR10MB3746.namprd10.prod.outlook.com> not found in MeganB@854jpt.onmicrosoft.com.

Searching for <c34389f0-d4e5-4864-b70d-ba55bab08830@854jpt.onmicrosoft.com> in MeganB@854jpt.onmicrosoft.com...
Message found. Parsing metadata & attempting to retrieving message content...
Message message content retrieved.

Searching for <ce7744b8-765f-4e2f-b137-5f09c2e31605@854jpt.onmicrosoft.com> in MeganB@854jpt.onmicrosoft.com...
<ce7744b8-765f-4e2f-b137-5f09c2e31605@854jpt.onmicrosoft.com> not found in MeganB@854jpt.onmicrosoft.com.

Searching for <9dfca31f-f976-46b2-90b0-df9fbb9db50a@854jpt.onmicrosoft.com> in MeganB@854jpt.onmicrosoft.com...
<9dfca31f-f976-46b2-90b0-df9fbb9db50a@854jpt.onmicrosoft.com> not found in MeganB@854jpt.onmicrosoft.com.

Searching for <5fb45624-eba5-4c20-ba44-99b051161889@854jpt.onmicrosoft.com> in MeganB@854jpt.onmicrosoft.com...
<5fb45624-eba5-4c20-ba44-99b051161889@854jpt.onmicrosoft.com> not found in MeganB@854jpt.onmicrosoft.com.

Searching for <da56d96c-8bdf-4a60-a21c-26d10fef6a07@854jpt.onmicrosoft.com> in MeganB@854jpt.onmicrosoft.com...
<da56d96c-8bdf-4a60-a21c-26d10fef6a07@854jpt.onmicrosoft.com> not found in MeganB@854jpt.onmicrosoft.com.

Searching for <d31463a9-dd3a-4643-9bb2-f21b4a1327e5@854jpt.onmicrosoft.com> in MeganB@854jpt.onmicrosoft.com...
<d31463a9-dd3a-4643-9bb2-f21b4a1327e5@854jpt.onmicrosoft.com> not found in MeganB@854jpt.onmicrosoft.com.

Searching for <832cf089-17b2-4abd-a5da-415a370e0054@854jpt.onmicrosoft.com> in MeganB@854jpt.onmicrosoft.com...
<832cf089-17b2-4abd-a5da-415a370e0054@854jpt.onmicrosoft.com> not found in MeganB@854jpt.onmicrosoft.com.

Searching for <3b48bba2-2d97-4c4d-bcb4-3a7a96eb2123@854jpt.onmicrosoft.com> in MeganB@854jpt.onmicrosoft.com...
<3b48bba2-2d97-4c4d-bcb4-3a7a96eb2123@854jpt.onmicrosoft.com> not found in MeganB@854jpt.onmicrosoft.com.

Searching for <ba6c0611-a201-438a-89a9-43f3cdb5f76d@BN3PEPF0000B371.namprd21.prod.outlook.com> in MeganB@854jpt.onmicrosoft.com...
<ba6c0611-a201-438a-89a9-43f3cdb5f76d@BN3PEPF0000B371.namprd21.prod.outlook.com> not found in MeganB@854jpt.onmicrosoft.com.

Searching for <dc562fd6-29b1-4911-9796-a05ca634fef0@854jpt.onmicrosoft.com> in MeganB@854jpt.onmicrosoft.com...
<dc562fd6-29b1-4911-9796-a05ca634fef0@854jpt.onmicrosoft.com> not found in MeganB@854jpt.onmicrosoft.com.

Searching for <dc562fd6-29b1-4911-9796-a05ca634fef0@854jpt.onmicrosoft.com> in MeganB@854jpt.onmicrosoft.com...
<dc562fd6-29b1-4911-9796-a05ca634fef0@854jpt.onmicrosoft.com> not found in MeganB@854jpt.onmicrosoft.com.

Searching for <BY5PR10MB37463FDDD74C54B81F7E1387A7CF2@BY5PR10MB3746.namprd10.prod.outlook.com> in MeganB@854jpt.onmicrosoft.com...
<BY5PR10MB37463FDDD74C54B81F7E1387A7CF2@BY5PR10MB3746.namprd10.prod.outlook.com> not found in MeganB@854jpt.onmicrosoft.com.

Searching for <ed45d007-d316-492f-a265-09475d5d2f9a@854jpt.onmicrosoft.com> in MeganB@854jpt.onmicrosoft.com...
<ed45d007-d316-492f-a265-09475d5d2f9a@854jpt.onmicrosoft.com> not found in MeganB@854jpt.onmicrosoft.com.

Searching for <4f8ea0d9-73fa-419f-98c4-b98bec8cc268@854jpt.onmicrosoft.com> in MeganB@854jpt.onmicrosoft.com...
<4f8ea0d9-73fa-419f-98c4-b98bec8cc268@854jpt.onmicrosoft.com> not found in MeganB@854jpt.onmicrosoft.com.

Searching for <fd855e73-6520-4322-957e-b8ca1d433cad@854jpt.onmicrosoft.com> in MeganB@854jpt.onmicrosoft.com...
<fd855e73-6520-4322-957e-b8ca1d433cad@854jpt.onmicrosoft.com> not found in MeganB@854jpt.onmicrosoft.com.

Searching for <d6e5fef3-6e06-4066-ad5a-b3e01d13220c@854jpt.onmicrosoft.com> in MeganB@854jpt.onmicrosoft.com...
Message found. Parsing metadata & attempting to retrieving message content...
Message message content retrieved.

Searching for <8785474b-c073-4745-8d23-e64e8bdba359@854jpt.onmicrosoft.com> in MeganB@854jpt.onmicrosoft.com...
<8785474b-c073-4745-8d23-e64e8bdba359@854jpt.onmicrosoft.com> not found in MeganB@854jpt.onmicrosoft.com.

Searching for <070472c8-c203-4fbb-b570-7753c4a7e586@854jpt.onmicrosoft.com> in MeganB@854jpt.onmicrosoft.com...
<070472c8-c203-4fbb-b570-7753c4a7e586@854jpt.onmicrosoft.com> not found in MeganB@854jpt.onmicrosoft.com.

Searching for <d057e741-ae7f-463f-abe8-a9a2ab1e29ac@854jpt.onmicrosoft.com> in MeganB@854jpt.onmicrosoft.com...
<d057e741-ae7f-463f-abe8-a9a2ab1e29ac@854jpt.onmicrosoft.com> not found in MeganB@854jpt.onmicrosoft.com.

Searching for <fa22c69f-c94b-4fa6-81f7-be48328f061c@854jpt.onmicrosoft.com> in MeganB@854jpt.onmicrosoft.com...
<fa22c69f-c94b-4fa6-81f7-be48328f061c@854jpt.onmicrosoft.com> not found in MeganB@854jpt.onmicrosoft.com.

Searching for <0dddd476-0968-458b-9566-47d1895ab012@BN3PEPF0000B371.namprd21.prod.outlook.com> in MiriamG@854jpt.onmicrosoft.com...
<0dddd476-0968-458b-9566-47d1895ab012@BN3PEPF0000B371.namprd21.prod.outlook.com> not found in MiriamG@854jpt.onmicrosoft.com.

Searching for <7dbf7de7-1d4e-4a65-868d-e42cb17b7351@MN1PEPF0000F0E3.namprd04.prod.outlook.com> in MiriamG@854jpt.onmicrosoft.com...
<7dbf7de7-1d4e-4a65-868d-e42cb17b7351@MN1PEPF0000F0E3.namprd04.prod.outlook.com> not found in MiriamG@854jpt.onmicrosoft.com.

Searching for <c7d763b3-b849-4f29-ae16-6d3de954e831@854jpt.onmicrosoft.com> in MiriamG@854jpt.onmicrosoft.com...
Message found. Parsing metadata & attempting to retrieving message content...
Message message content retrieved.

Searching for <e009bdbc-b8e8-4d74-bd24-f6efc41483f6@854jpt.onmicrosoft.com> in MiriamG@854jpt.onmicrosoft.com...
<e009bdbc-b8e8-4d74-bd24-f6efc41483f6@854jpt.onmicrosoft.com> not found in MiriamG@854jpt.onmicrosoft.com.

Searching for <8fe2b886-7eff-4258-9d90-7b497ce67e93@854jpt.onmicrosoft.com> in MiriamG@854jpt.onmicrosoft.com...
<8fe2b886-7eff-4258-9d90-7b497ce67e93@854jpt.onmicrosoft.com> not found in MiriamG@854jpt.onmicrosoft.com.

Searching for <5b22b6a3-fde1-43bf-a6c7-33fa82b671d9@854jpt.onmicrosoft.com> in MiriamG@854jpt.onmicrosoft.com...
<5b22b6a3-fde1-43bf-a6c7-33fa82b671d9@854jpt.onmicrosoft.com> not found in MiriamG@854jpt.onmicrosoft.com.

Searching for <7ed1b6bf-2b7d-43f6-ac0d-c259cbc4ba96@854jpt.onmicrosoft.com> in MiriamG@854jpt.onmicrosoft.com...
<7ed1b6bf-2b7d-43f6-ac0d-c259cbc4ba96@854jpt.onmicrosoft.com> not found in MiriamG@854jpt.onmicrosoft.com.

Searching for <a6f633b5-ed16-4d31-8616-519b69b32c7d@854jpt.onmicrosoft.com> in MiriamG@854jpt.onmicrosoft.com...
<a6f633b5-ed16-4d31-8616-519b69b32c7d@854jpt.onmicrosoft.com> not found in MiriamG@854jpt.onmicrosoft.com.

Searching for <4def848f-7dd9-4410-aa7a-003041712583@854jpt.onmicrosoft.com> in MiriamG@854jpt.onmicrosoft.com...
<4def848f-7dd9-4410-aa7a-003041712583@854jpt.onmicrosoft.com> not found in MiriamG@854jpt.onmicrosoft.com.

Searching for <477cb28e-1fd3-474e-aacf-c9c09c547363@854jpt.onmicrosoft.com> in MiriamG@854jpt.onmicrosoft.com...
Message found. Parsing metadata & attempting to retrieving message content...
Message message content retrieved.

Searching for <2e87a629-c2f4-4fc4-af41-f8f29bc9cc1b@854jpt.onmicrosoft.com> in MiriamG@854jpt.onmicrosoft.com...
Message found. Parsing metadata & attempting to retrieving message content...
Message message content retrieved.

Searching for <45fda60d-ef62-4dd7-89f5-2bd9261ffff2@854jpt.onmicrosoft.com> in MiriamG@854jpt.onmicrosoft.com...
<45fda60d-ef62-4dd7-89f5-2bd9261ffff2@854jpt.onmicrosoft.com> not found in MiriamG@854jpt.onmicrosoft.com.

Searching for <45fda60d-ef62-4dd7-89f5-2bd9261ffff2@854jpt.onmicrosoft.com> in MiriamG@854jpt.onmicrosoft.com...
<45fda60d-ef62-4dd7-89f5-2bd9261ffff2@854jpt.onmicrosoft.com> not found in MiriamG@854jpt.onmicrosoft.com.

Searching for <dc562fd6-29b1-4911-9796-a05ca634fef0@854jpt.onmicrosoft.com> in MiriamG@854jpt.onmicrosoft.com...
<dc562fd6-29b1-4911-9796-a05ca634fef0@854jpt.onmicrosoft.com> not found in MiriamG@854jpt.onmicrosoft.com.

Searching for <4f67c8e6-535a-43d4-b8a4-5cd6a7bcb994@854jpt.onmicrosoft.com> in MiriamG@854jpt.onmicrosoft.com...
<4f67c8e6-535a-43d4-b8a4-5cd6a7bcb994@854jpt.onmicrosoft.com> not found in MiriamG@854jpt.onmicrosoft.com.

Searching for <477cb28e-1fd3-474e-aacf-c9c09c547363@854jpt.onmicrosoft.com> in MiriamG@854jpt.onmicrosoft.com...
Message found. Parsing metadata & attempting to retrieving message content...
Message message content retrieved.

Searching for <05712de0-a22f-4471-8c0b-1a9c5627937d@854jpt.onmicrosoft.com> in MiriamG@854jpt.onmicrosoft.com...
<05712de0-a22f-4471-8c0b-1a9c5627937d@854jpt.onmicrosoft.com> not found in MiriamG@854jpt.onmicrosoft.com.

Searching for <9fb6d025-fbb7-45e9-a351-5368d67d225c@854jpt.onmicrosoft.com> in MiriamG@854jpt.onmicrosoft.com...
<9fb6d025-fbb7-45e9-a351-5368d67d225c@854jpt.onmicrosoft.com> not found in MiriamG@854jpt.onmicrosoft.com.

Searching for <8d822f3a-9e8f-4757-ac80-2f400c70a139@854jpt.onmicrosoft.com> in MiriamG@854jpt.onmicrosoft.com...
<8d822f3a-9e8f-4757-ac80-2f400c70a139@854jpt.onmicrosoft.com> not found in MiriamG@854jpt.onmicrosoft.com.

Searching for <9c77b403-12db-42c6-b8e8-ec5100720cab@854jpt.onmicrosoft.com> in MiriamG@854jpt.onmicrosoft.com...
<9c77b403-12db-42c6-b8e8-ec5100720cab@854jpt.onmicrosoft.com> not found in MiriamG@854jpt.onmicrosoft.com.

Searching for <d80de07c-9588-4d70-82e1-24210566ad83@854jpt.onmicrosoft.com> in MiriamG@854jpt.onmicrosoft.com...
<d80de07c-9588-4d70-82e1-24210566ad83@854jpt.onmicrosoft.com> not found in MiriamG@854jpt.onmicrosoft.com.

Searching for <9c888c6e-c7ea-4691-8917-1a6cf33c9e8c@854jpt.onmicrosoft.com> in MiriamG@854jpt.onmicrosoft.com...
<9c888c6e-c7ea-4691-8917-1a6cf33c9e8c@854jpt.onmicrosoft.com> not found in MiriamG@854jpt.onmicrosoft.com.

Searching for <a2ab3c98-a8d7-448c-b13d-d659e3cdd149@854jpt.onmicrosoft.com> in MiriamG@854jpt.onmicrosoft.com...
<a2ab3c98-a8d7-448c-b13d-d659e3cdd149@854jpt.onmicrosoft.com> not found in MiriamG@854jpt.onmicrosoft.com.

Searching for <0dda4e20-4659-4856-acd1-5c28622ea42a@854jpt.onmicrosoft.com> in MiriamG@854jpt.onmicrosoft.com...
<0dda4e20-4659-4856-acd1-5c28622ea42a@854jpt.onmicrosoft.com> not found in MiriamG@854jpt.onmicrosoft.com.

Searching for <709c7ff2-9902-42c2-b3fc-f850081baa78@854jpt.onmicrosoft.com> in MiriamG@854jpt.onmicrosoft.com...
<709c7ff2-9902-42c2-b3fc-f850081baa78@854jpt.onmicrosoft.com> not found in MiriamG@854jpt.onmicrosoft.com.

Searching for <73fac190-309d-4c26-be14-279f91581e32@854jpt.onmicrosoft.com> in MiriamG@854jpt.onmicrosoft.com...
<73fac190-309d-4c26-be14-279f91581e32@854jpt.onmicrosoft.com> not found in MiriamG@854jpt.onmicrosoft.com.

Searching for <8fe2b886-7eff-4258-9d90-7b497ce67e93@854jpt.onmicrosoft.com> in MiriamG@854jpt.onmicrosoft.com...
<8fe2b886-7eff-4258-9d90-7b497ce67e93@854jpt.onmicrosoft.com> not found in MiriamG@854jpt.onmicrosoft.com.

Searching for <2377068c-9d63-44e3-a2a6-708f5aed8204@854jpt.onmicrosoft.com> in MiriamG@854jpt.onmicrosoft.com...
Message found. Parsing metadata & attempting to retrieving message content...
Message message content retrieved.

Searching for <7405f919-5796-431d-a0d8-2a671c543905@854jpt.onmicrosoft.com> in MiriamG@854jpt.onmicrosoft.com...
Message found. Parsing metadata & attempting to retrieving message content...
Message message content retrieved.

Searching for <2e87a629-c2f4-4fc4-af41-f8f29bc9cc1b@854jpt.onmicrosoft.com> in MiriamG@854jpt.onmicrosoft.com...
Message found. Parsing metadata & attempting to retrieving message content...
Message message content retrieved.

Searching for <ac1723d3-6359-4021-ae5a-fc08febd9fdb@854jpt.onmicrosoft.com> in MiriamG@854jpt.onmicrosoft.com...
Message found. Parsing metadata & attempting to retrieving message content...
Message message content retrieved.

Searching for <2eb53355-095a-4b91-a87d-e5cb2520f59d@854jpt.onmicrosoft.com> in MiriamG@854jpt.onmicrosoft.com...
Message found. Parsing metadata & attempting to retrieving message content...
Message message content retrieved.

Searching for <cd74de49-232f-49d6-aac1-3d31025def48@854jpt.onmicrosoft.com> in MiriamG@854jpt.onmicrosoft.com...
Message found. Parsing metadata & attempting to retrieving message content...
Message message content retrieved.

Searching for <7405f919-5796-431d-a0d8-2a671c543905@854jpt.onmicrosoft.com> in MiriamG@854jpt.onmicrosoft.com...
Message found. Parsing metadata & attempting to retrieving message content...
Message message content retrieved.

Searching for <2377068c-9d63-44e3-a2a6-708f5aed8204@854jpt.onmicrosoft.com> in MiriamG@854jpt.onmicrosoft.com...
Message found. Parsing metadata & attempting to retrieving message content...
Message message content retrieved.

Searching for <2e87a629-c2f4-4fc4-af41-f8f29bc9cc1b@854jpt.onmicrosoft.com> in MiriamG@854jpt.onmicrosoft.com...
Message found. Parsing metadata & attempting to retrieving message content...
Message message content retrieved.

Searching for <BY5PR10MB3746E1F0FD0539E21C052071A7CF2@BY5PR10MB3746.namprd10.prod.outlook.com> in MiriamG@854jpt.onmicrosoft.com...
<BY5PR10MB3746E1F0FD0539E21C052071A7CF2@BY5PR10MB3746.namprd10.prod.outlook.com> not found in MiriamG@854jpt.onmicrosoft.com.

Searching for <ae34161f-f8a6-4be2-8558-8d2b6c401ca3@MN1PEPF0000F0E3.namprd04.prod.outlook.com> in MiriamG@854jpt.onmicrosoft.com...
<ae34161f-f8a6-4be2-8558-8d2b6c401ca3@MN1PEPF0000F0E3.namprd04.prod.outlook.com> not found in MiriamG@854jpt.onmicrosoft.com.

Searching for <c7d763b3-b849-4f29-ae16-6d3de954e831@854jpt.onmicrosoft.com> in MiriamG@854jpt.onmicrosoft.com...
Message found. Parsing metadata & attempting to retrieving message content...
Message message content retrieved.

Searching for <0d96379d-d2d5-4e52-b323-3829231229ea@854jpt.onmicrosoft.com> in MiriamG@854jpt.onmicrosoft.com...
<0d96379d-d2d5-4e52-b323-3829231229ea@854jpt.onmicrosoft.com> not found in MiriamG@854jpt.onmicrosoft.com.

Searching for <d9dda4b9-f6c8-459c-a337-aea02ef775a3@854jpt.onmicrosoft.com> in MiriamG@854jpt.onmicrosoft.com...
<d9dda4b9-f6c8-459c-a337-aea02ef775a3@854jpt.onmicrosoft.com> not found in MiriamG@854jpt.onmicrosoft.com.

Searching for <1df67f41-130a-4137-b0be-0a8f07e84631@854jpt.onmicrosoft.com> in MiriamG@854jpt.onmicrosoft.com...
<1df67f41-130a-4137-b0be-0a8f07e84631@854jpt.onmicrosoft.com> not found in MiriamG@854jpt.onmicrosoft.com.

Searching for <467dc11e-ca38-496d-9f7f-4d55812afa64@854jpt.onmicrosoft.com> in MiriamG@854jpt.onmicrosoft.com...
<467dc11e-ca38-496d-9f7f-4d55812afa64@854jpt.onmicrosoft.com> not found in MiriamG@854jpt.onmicrosoft.com.

Searching for <85496e96-33f0-4709-8410-55b3e99d403f@854jpt.onmicrosoft.com> in MiriamG@854jpt.onmicrosoft.com...
<85496e96-33f0-4709-8410-55b3e99d403f@854jpt.onmicrosoft.com> not found in MiriamG@854jpt.onmicrosoft.com.

Searching for <3121cb0d-054e-4acb-92a7-c133833aef29@854jpt.onmicrosoft.com> in MiriamG@854jpt.onmicrosoft.com...
<3121cb0d-054e-4acb-92a7-c133833aef29@854jpt.onmicrosoft.com> not found in MiriamG@854jpt.onmicrosoft.com.

Searching for <0b63639a-b028-4bc7-ad24-ae17acd3fcb7@854jpt.onmicrosoft.com> in MiriamG@854jpt.onmicrosoft.com...
<0b63639a-b028-4bc7-ad24-ae17acd3fcb7@854jpt.onmicrosoft.com> not found in MiriamG@854jpt.onmicrosoft.com.

Searching for <4990c53c-4140-41bf-a461-7f8b1cf8f690@854jpt.onmicrosoft.com> in MiriamG@854jpt.onmicrosoft.com...
<4990c53c-4140-41bf-a461-7f8b1cf8f690@854jpt.onmicrosoft.com> not found in MiriamG@854jpt.onmicrosoft.com.

Searching for <b8fc7c22-857b-4e72-ba6a-dc44998d67d7@854jpt.onmicrosoft.com> in MiriamG@854jpt.onmicrosoft.com...
Message found. Parsing metadata & attempting to retrieving message content...
Message message content retrieved.

Searching for <c2c2ab9e-3b37-446e-9f18-b1b5f06e313b@854jpt.onmicrosoft.com> in MiriamG@854jpt.onmicrosoft.com...
Message found. Parsing metadata & attempting to retrieving message content...
Message message content retrieved.

Searching for <BY5PR10MB3746CDC7ACFA92EDF49C3F7FA7CF2@BY5PR10MB3746.namprd10.prod.outlook.com> in MiriamG@854jpt.onmicrosoft.com...
<BY5PR10MB3746CDC7ACFA92EDF49C3F7FA7CF2@BY5PR10MB3746.namprd10.prod.outlook.com> not found in MiriamG@854jpt.onmicrosoft.com.

Searching for <c34389f0-d4e5-4864-b70d-ba55bab08830@854jpt.onmicrosoft.com> in MiriamG@854jpt.onmicrosoft.com...
<c34389f0-d4e5-4864-b70d-ba55bab08830@854jpt.onmicrosoft.com> not found in MiriamG@854jpt.onmicrosoft.com.

Searching for <ce7744b8-765f-4e2f-b137-5f09c2e31605@854jpt.onmicrosoft.com> in MiriamG@854jpt.onmicrosoft.com...
<ce7744b8-765f-4e2f-b137-5f09c2e31605@854jpt.onmicrosoft.com> not found in MiriamG@854jpt.onmicrosoft.com.

Searching for <9dfca31f-f976-46b2-90b0-df9fbb9db50a@854jpt.onmicrosoft.com> in MiriamG@854jpt.onmicrosoft.com...
<9dfca31f-f976-46b2-90b0-df9fbb9db50a@854jpt.onmicrosoft.com> not found in MiriamG@854jpt.onmicrosoft.com.

Searching for <5fb45624-eba5-4c20-ba44-99b051161889@854jpt.onmicrosoft.com> in MiriamG@854jpt.onmicrosoft.com...
<5fb45624-eba5-4c20-ba44-99b051161889@854jpt.onmicrosoft.com> not found in MiriamG@854jpt.onmicrosoft.com.

Searching for <da56d96c-8bdf-4a60-a21c-26d10fef6a07@854jpt.onmicrosoft.com> in MiriamG@854jpt.onmicrosoft.com...
Message found. Parsing metadata & attempting to retrieving message content...
Message message content retrieved.

Searching for <d31463a9-dd3a-4643-9bb2-f21b4a1327e5@854jpt.onmicrosoft.com> in MiriamG@854jpt.onmicrosoft.com...
<d31463a9-dd3a-4643-9bb2-f21b4a1327e5@854jpt.onmicrosoft.com> not found in MiriamG@854jpt.onmicrosoft.com.

Searching for <832cf089-17b2-4abd-a5da-415a370e0054@854jpt.onmicrosoft.com> in MiriamG@854jpt.onmicrosoft.com...
<832cf089-17b2-4abd-a5da-415a370e0054@854jpt.onmicrosoft.com> not found in MiriamG@854jpt.onmicrosoft.com.

Searching for <3b48bba2-2d97-4c4d-bcb4-3a7a96eb2123@854jpt.onmicrosoft.com> in MiriamG@854jpt.onmicrosoft.com...
<3b48bba2-2d97-4c4d-bcb4-3a7a96eb2123@854jpt.onmicrosoft.com> not found in MiriamG@854jpt.onmicrosoft.com.

Searching for <ba6c0611-a201-438a-89a9-43f3cdb5f76d@BN3PEPF0000B371.namprd21.prod.outlook.com> in MiriamG@854jpt.onmicrosoft.com...
<ba6c0611-a201-438a-89a9-43f3cdb5f76d@BN3PEPF0000B371.namprd21.prod.outlook.com> not found in MiriamG@854jpt.onmicrosoft.com.

Searching for <dc562fd6-29b1-4911-9796-a05ca634fef0@854jpt.onmicrosoft.com> in MiriamG@854jpt.onmicrosoft.com...
<dc562fd6-29b1-4911-9796-a05ca634fef0@854jpt.onmicrosoft.com> not found in MiriamG@854jpt.onmicrosoft.com.

Searching for <dc562fd6-29b1-4911-9796-a05ca634fef0@854jpt.onmicrosoft.com> in MiriamG@854jpt.onmicrosoft.com...
<dc562fd6-29b1-4911-9796-a05ca634fef0@854jpt.onmicrosoft.com> not found in MiriamG@854jpt.onmicrosoft.com.

Searching for <BY5PR10MB37463FDDD74C54B81F7E1387A7CF2@BY5PR10MB3746.namprd10.prod.outlook.com> in MiriamG@854jpt.onmicrosoft.com...
<BY5PR10MB37463FDDD74C54B81F7E1387A7CF2@BY5PR10MB3746.namprd10.prod.outlook.com> not found in MiriamG@854jpt.onmicrosoft.com.

Searching for <ed45d007-d316-492f-a265-09475d5d2f9a@854jpt.onmicrosoft.com> in MiriamG@854jpt.onmicrosoft.com...
<ed45d007-d316-492f-a265-09475d5d2f9a@854jpt.onmicrosoft.com> not found in MiriamG@854jpt.onmicrosoft.com.

Searching for <4f8ea0d9-73fa-419f-98c4-b98bec8cc268@854jpt.onmicrosoft.com> in MiriamG@854jpt.onmicrosoft.com...
<4f8ea0d9-73fa-419f-98c4-b98bec8cc268@854jpt.onmicrosoft.com> not found in MiriamG@854jpt.onmicrosoft.com.

Searching for <fd855e73-6520-4322-957e-b8ca1d433cad@854jpt.onmicrosoft.com> in MiriamG@854jpt.onmicrosoft.com...
<fd855e73-6520-4322-957e-b8ca1d433cad@854jpt.onmicrosoft.com> not found in MiriamG@854jpt.onmicrosoft.com.

Searching for <d6e5fef3-6e06-4066-ad5a-b3e01d13220c@854jpt.onmicrosoft.com> in MiriamG@854jpt.onmicrosoft.com...
Message found. Parsing metadata & attempting to retrieving message content...
Message message content retrieved.

Searching for <8785474b-c073-4745-8d23-e64e8bdba359@854jpt.onmicrosoft.com> in MiriamG@854jpt.onmicrosoft.com...
Message found. Parsing metadata & attempting to retrieving message content...
Message message content retrieved.

Searching for <070472c8-c203-4fbb-b570-7753c4a7e586@854jpt.onmicrosoft.com> in MiriamG@854jpt.onmicrosoft.com...
Message found. Parsing metadata & attempting to retrieving message content...
Message message content retrieved.

Searching for <d057e741-ae7f-463f-abe8-a9a2ab1e29ac@854jpt.onmicrosoft.com> in MiriamG@854jpt.onmicrosoft.com...
<d057e741-ae7f-463f-abe8-a9a2ab1e29ac@854jpt.onmicrosoft.com> not found in MiriamG@854jpt.onmicrosoft.com.

Searching for <fa22c69f-c94b-4fa6-81f7-be48328f061c@854jpt.onmicrosoft.com> in MiriamG@854jpt.onmicrosoft.com...
<fa22c69f-c94b-4fa6-81f7-be48328f061c@854jpt.onmicrosoft.com> not found in MiriamG@854jpt.onmicrosoft.com.

Searching for <0dddd476-0968-458b-9566-47d1895ab012@BN3PEPF0000B371.namprd21.prod.outlook.com> in NestorW@854jpt.onmicrosoft.com...
<0dddd476-0968-458b-9566-47d1895ab012@BN3PEPF0000B371.namprd21.prod.outlook.com> not found in NestorW@854jpt.onmicrosoft.com.

Searching for <7dbf7de7-1d4e-4a65-868d-e42cb17b7351@MN1PEPF0000F0E3.namprd04.prod.outlook.com> in NestorW@854jpt.onmicrosoft.com...
<7dbf7de7-1d4e-4a65-868d-e42cb17b7351@MN1PEPF0000F0E3.namprd04.prod.outlook.com> not found in NestorW@854jpt.onmicrosoft.com.

Searching for <c7d763b3-b849-4f29-ae16-6d3de954e831@854jpt.onmicrosoft.com> in NestorW@854jpt.onmicrosoft.com...
Message found. Parsing metadata & attempting to retrieving message content...
Message message content retrieved.

Searching for <e009bdbc-b8e8-4d74-bd24-f6efc41483f6@854jpt.onmicrosoft.com> in NestorW@854jpt.onmicrosoft.com...
<e009bdbc-b8e8-4d74-bd24-f6efc41483f6@854jpt.onmicrosoft.com> not found in NestorW@854jpt.onmicrosoft.com.

Searching for <8fe2b886-7eff-4258-9d90-7b497ce67e93@854jpt.onmicrosoft.com> in NestorW@854jpt.onmicrosoft.com...
<8fe2b886-7eff-4258-9d90-7b497ce67e93@854jpt.onmicrosoft.com> not found in NestorW@854jpt.onmicrosoft.com.

Searching for <5b22b6a3-fde1-43bf-a6c7-33fa82b671d9@854jpt.onmicrosoft.com> in NestorW@854jpt.onmicrosoft.com...
<5b22b6a3-fde1-43bf-a6c7-33fa82b671d9@854jpt.onmicrosoft.com> not found in NestorW@854jpt.onmicrosoft.com.

Searching for <7ed1b6bf-2b7d-43f6-ac0d-c259cbc4ba96@854jpt.onmicrosoft.com> in NestorW@854jpt.onmicrosoft.com...
<7ed1b6bf-2b7d-43f6-ac0d-c259cbc4ba96@854jpt.onmicrosoft.com> not found in NestorW@854jpt.onmicrosoft.com.

Searching for <a6f633b5-ed16-4d31-8616-519b69b32c7d@854jpt.onmicrosoft.com> in NestorW@854jpt.onmicrosoft.com...
<a6f633b5-ed16-4d31-8616-519b69b32c7d@854jpt.onmicrosoft.com> not found in NestorW@854jpt.onmicrosoft.com.

Searching for <4def848f-7dd9-4410-aa7a-003041712583@854jpt.onmicrosoft.com> in NestorW@854jpt.onmicrosoft.com...
<4def848f-7dd9-4410-aa7a-003041712583@854jpt.onmicrosoft.com> not found in NestorW@854jpt.onmicrosoft.com.

Searching for <477cb28e-1fd3-474e-aacf-c9c09c547363@854jpt.onmicrosoft.com> in NestorW@854jpt.onmicrosoft.com...
Message found. Parsing metadata & attempting to retrieving message content...
Message message content retrieved.

Searching for <2e87a629-c2f4-4fc4-af41-f8f29bc9cc1b@854jpt.onmicrosoft.com> in NestorW@854jpt.onmicrosoft.com...
Message found. Parsing metadata & attempting to retrieving message content...
Message message content retrieved.

Searching for <45fda60d-ef62-4dd7-89f5-2bd9261ffff2@854jpt.onmicrosoft.com> in NestorW@854jpt.onmicrosoft.com...
<45fda60d-ef62-4dd7-89f5-2bd9261ffff2@854jpt.onmicrosoft.com> not found in NestorW@854jpt.onmicrosoft.com.

Searching for <45fda60d-ef62-4dd7-89f5-2bd9261ffff2@854jpt.onmicrosoft.com> in NestorW@854jpt.onmicrosoft.com...
<45fda60d-ef62-4dd7-89f5-2bd9261ffff2@854jpt.onmicrosoft.com> not found in NestorW@854jpt.onmicrosoft.com.

Searching for <dc562fd6-29b1-4911-9796-a05ca634fef0@854jpt.onmicrosoft.com> in NestorW@854jpt.onmicrosoft.com...
<dc562fd6-29b1-4911-9796-a05ca634fef0@854jpt.onmicrosoft.com> not found in NestorW@854jpt.onmicrosoft.com.

Searching for <4f67c8e6-535a-43d4-b8a4-5cd6a7bcb994@854jpt.onmicrosoft.com> in NestorW@854jpt.onmicrosoft.com...
Message found. Parsing metadata & attempting to retrieving message content...
Message message content retrieved.

Searching for <477cb28e-1fd3-474e-aacf-c9c09c547363@854jpt.onmicrosoft.com> in NestorW@854jpt.onmicrosoft.com...
Message found. Parsing metadata & attempting to retrieving message content...
Message message content retrieved.

Searching for <05712de0-a22f-4471-8c0b-1a9c5627937d@854jpt.onmicrosoft.com> in NestorW@854jpt.onmicrosoft.com...
<05712de0-a22f-4471-8c0b-1a9c5627937d@854jpt.onmicrosoft.com> not found in NestorW@854jpt.onmicrosoft.com.

Searching for <9fb6d025-fbb7-45e9-a351-5368d67d225c@854jpt.onmicrosoft.com> in NestorW@854jpt.onmicrosoft.com...
<9fb6d025-fbb7-45e9-a351-5368d67d225c@854jpt.onmicrosoft.com> not found in NestorW@854jpt.onmicrosoft.com.

Searching for <8d822f3a-9e8f-4757-ac80-2f400c70a139@854jpt.onmicrosoft.com> in NestorW@854jpt.onmicrosoft.com...
Message found. Parsing metadata & attempting to retrieving message content...
Message message content retrieved.

Searching for <9c77b403-12db-42c6-b8e8-ec5100720cab@854jpt.onmicrosoft.com> in NestorW@854jpt.onmicrosoft.com...
<9c77b403-12db-42c6-b8e8-ec5100720cab@854jpt.onmicrosoft.com> not found in NestorW@854jpt.onmicrosoft.com.

Searching for <d80de07c-9588-4d70-82e1-24210566ad83@854jpt.onmicrosoft.com> in NestorW@854jpt.onmicrosoft.com...
Message found. Parsing metadata & attempting to retrieving message content...
Message message content retrieved.

Searching for <9c888c6e-c7ea-4691-8917-1a6cf33c9e8c@854jpt.onmicrosoft.com> in NestorW@854jpt.onmicrosoft.com...
Message found. Parsing metadata & attempting to retrieving message content...
Message message content retrieved.

Searching for <a2ab3c98-a8d7-448c-b13d-d659e3cdd149@854jpt.onmicrosoft.com> in NestorW@854jpt.onmicrosoft.com...
<a2ab3c98-a8d7-448c-b13d-d659e3cdd149@854jpt.onmicrosoft.com> not found in NestorW@854jpt.onmicrosoft.com.

Searching for <0dda4e20-4659-4856-acd1-5c28622ea42a@854jpt.onmicrosoft.com> in NestorW@854jpt.onmicrosoft.com...
<0dda4e20-4659-4856-acd1-5c28622ea42a@854jpt.onmicrosoft.com> not found in NestorW@854jpt.onmicrosoft.com.

Searching for <709c7ff2-9902-42c2-b3fc-f850081baa78@854jpt.onmicrosoft.com> in NestorW@854jpt.onmicrosoft.com...
Message found. Parsing metadata & attempting to retrieving message content...
Message message content retrieved.

Searching for <73fac190-309d-4c26-be14-279f91581e32@854jpt.onmicrosoft.com> in NestorW@854jpt.onmicrosoft.com...
Message found. Parsing metadata & attempting to retrieving message content...
Message message content retrieved.

Searching for <8fe2b886-7eff-4258-9d90-7b497ce67e93@854jpt.onmicrosoft.com> in NestorW@854jpt.onmicrosoft.com...
<8fe2b886-7eff-4258-9d90-7b497ce67e93@854jpt.onmicrosoft.com> not found in NestorW@854jpt.onmicrosoft.com.

Searching for <2377068c-9d63-44e3-a2a6-708f5aed8204@854jpt.onmicrosoft.com> in NestorW@854jpt.onmicrosoft.com...
Message found. Parsing metadata & attempting to retrieving message content...
Message message content retrieved.

Searching for <7405f919-5796-431d-a0d8-2a671c543905@854jpt.onmicrosoft.com> in NestorW@854jpt.onmicrosoft.com...
Message found. Parsing metadata & attempting to retrieving message content...
Message message content retrieved.

Searching for <2e87a629-c2f4-4fc4-af41-f8f29bc9cc1b@854jpt.onmicrosoft.com> in NestorW@854jpt.onmicrosoft.com...
Message found. Parsing metadata & attempting to retrieving message content...
Message message content retrieved.

Searching for <ac1723d3-6359-4021-ae5a-fc08febd9fdb@854jpt.onmicrosoft.com> in NestorW@854jpt.onmicrosoft.com...
Message found. Parsing metadata & attempting to retrieving message content...
Message message content retrieved.

Searching for <2eb53355-095a-4b91-a87d-e5cb2520f59d@854jpt.onmicrosoft.com> in NestorW@854jpt.onmicrosoft.com...
Message found. Parsing metadata & attempting to retrieving message content...
Message message content retrieved.

Searching for <cd74de49-232f-49d6-aac1-3d31025def48@854jpt.onmicrosoft.com> in NestorW@854jpt.onmicrosoft.com...
Message found. Parsing metadata & attempting to retrieving message content...
Message message content retrieved.

Searching for <7405f919-5796-431d-a0d8-2a671c543905@854jpt.onmicrosoft.com> in NestorW@854jpt.onmicrosoft.com...
Message found. Parsing metadata & attempting to retrieving message content...
Message message content retrieved.

Searching for <2377068c-9d63-44e3-a2a6-708f5aed8204@854jpt.onmicrosoft.com> in NestorW@854jpt.onmicrosoft.com...
Message found. Parsing metadata & attempting to retrieving message content...
Message message content retrieved.

Searching for <2e87a629-c2f4-4fc4-af41-f8f29bc9cc1b@854jpt.onmicrosoft.com> in NestorW@854jpt.onmicrosoft.com...
Message found. Parsing metadata & attempting to retrieving message content...
Message message content retrieved.

Searching for <BY5PR10MB3746E1F0FD0539E21C052071A7CF2@BY5PR10MB3746.namprd10.prod.outlook.com> in NestorW@854jpt.onmicrosoft.com...
<BY5PR10MB3746E1F0FD0539E21C052071A7CF2@BY5PR10MB3746.namprd10.prod.outlook.com> not found in NestorW@854jpt.onmicrosoft.com.

Searching for <ae34161f-f8a6-4be2-8558-8d2b6c401ca3@MN1PEPF0000F0E3.namprd04.prod.outlook.com> in NestorW@854jpt.onmicrosoft.com...
<ae34161f-f8a6-4be2-8558-8d2b6c401ca3@MN1PEPF0000F0E3.namprd04.prod.outlook.com> not found in NestorW@854jpt.onmicrosoft.com.

Searching for <c7d763b3-b849-4f29-ae16-6d3de954e831@854jpt.onmicrosoft.com> in NestorW@854jpt.onmicrosoft.com...
Message found. Parsing metadata & attempting to retrieving message content...
Message message content retrieved.

Searching for <0d96379d-d2d5-4e52-b323-3829231229ea@854jpt.onmicrosoft.com> in NestorW@854jpt.onmicrosoft.com...
Message found. Parsing metadata & attempting to retrieving message content...
Message message content retrieved.

Searching for <d9dda4b9-f6c8-459c-a337-aea02ef775a3@854jpt.onmicrosoft.com> in NestorW@854jpt.onmicrosoft.com...
<d9dda4b9-f6c8-459c-a337-aea02ef775a3@854jpt.onmicrosoft.com> not found in NestorW@854jpt.onmicrosoft.com.

Searching for <1df67f41-130a-4137-b0be-0a8f07e84631@854jpt.onmicrosoft.com> in NestorW@854jpt.onmicrosoft.com...
<1df67f41-130a-4137-b0be-0a8f07e84631@854jpt.onmicrosoft.com> not found in NestorW@854jpt.onmicrosoft.com.

Searching for <467dc11e-ca38-496d-9f7f-4d55812afa64@854jpt.onmicrosoft.com> in NestorW@854jpt.onmicrosoft.com...
Message found. Parsing metadata & attempting to retrieving message content...
Message message content retrieved.

Searching for <85496e96-33f0-4709-8410-55b3e99d403f@854jpt.onmicrosoft.com> in NestorW@854jpt.onmicrosoft.com...
Message found. Parsing metadata & attempting to retrieving message content...
Message message content retrieved.

Searching for <3121cb0d-054e-4acb-92a7-c133833aef29@854jpt.onmicrosoft.com> in NestorW@854jpt.onmicrosoft.com...
<3121cb0d-054e-4acb-92a7-c133833aef29@854jpt.onmicrosoft.com> not found in NestorW@854jpt.onmicrosoft.com.

Searching for <0b63639a-b028-4bc7-ad24-ae17acd3fcb7@854jpt.onmicrosoft.com> in NestorW@854jpt.onmicrosoft.com...
<0b63639a-b028-4bc7-ad24-ae17acd3fcb7@854jpt.onmicrosoft.com> not found in NestorW@854jpt.onmicrosoft.com.

Searching for <4990c53c-4140-41bf-a461-7f8b1cf8f690@854jpt.onmicrosoft.com> in NestorW@854jpt.onmicrosoft.com...
Message found. Parsing metadata & attempting to retrieving message content...
Message message content retrieved.

Searching for <b8fc7c22-857b-4e72-ba6a-dc44998d67d7@854jpt.onmicrosoft.com> in NestorW@854jpt.onmicrosoft.com...
Message found. Parsing metadata & attempting to retrieving message content...
Message message content retrieved.

Searching for <c2c2ab9e-3b37-446e-9f18-b1b5f06e313b@854jpt.onmicrosoft.com> in NestorW@854jpt.onmicrosoft.com...
Message found. Parsing metadata & attempting to retrieving message content...
Message message content retrieved.

Searching for <BY5PR10MB3746CDC7ACFA92EDF49C3F7FA7CF2@BY5PR10MB3746.namprd10.prod.outlook.com> in NestorW@854jpt.onmicrosoft.com...
<BY5PR10MB3746CDC7ACFA92EDF49C3F7FA7CF2@BY5PR10MB3746.namprd10.prod.outlook.com> not found in NestorW@854jpt.onmicrosoft.com.

Searching for <c34389f0-d4e5-4864-b70d-ba55bab08830@854jpt.onmicrosoft.com> in NestorW@854jpt.onmicrosoft.com...
<c34389f0-d4e5-4864-b70d-ba55bab08830@854jpt.onmicrosoft.com> not found in NestorW@854jpt.onmicrosoft.com.

Searching for <ce7744b8-765f-4e2f-b137-5f09c2e31605@854jpt.onmicrosoft.com> in NestorW@854jpt.onmicrosoft.com...
<ce7744b8-765f-4e2f-b137-5f09c2e31605@854jpt.onmicrosoft.com> not found in NestorW@854jpt.onmicrosoft.com.

Searching for <9dfca31f-f976-46b2-90b0-df9fbb9db50a@854jpt.onmicrosoft.com> in NestorW@854jpt.onmicrosoft.com...
<9dfca31f-f976-46b2-90b0-df9fbb9db50a@854jpt.onmicrosoft.com> not found in NestorW@854jpt.onmicrosoft.com.

Searching for <5fb45624-eba5-4c20-ba44-99b051161889@854jpt.onmicrosoft.com> in NestorW@854jpt.onmicrosoft.com...
<5fb45624-eba5-4c20-ba44-99b051161889@854jpt.onmicrosoft.com> not found in NestorW@854jpt.onmicrosoft.com.

Searching for <da56d96c-8bdf-4a60-a21c-26d10fef6a07@854jpt.onmicrosoft.com> in NestorW@854jpt.onmicrosoft.com...
<da56d96c-8bdf-4a60-a21c-26d10fef6a07@854jpt.onmicrosoft.com> not found in NestorW@854jpt.onmicrosoft.com.

Searching for <d31463a9-dd3a-4643-9bb2-f21b4a1327e5@854jpt.onmicrosoft.com> in NestorW@854jpt.onmicrosoft.com...
<d31463a9-dd3a-4643-9bb2-f21b4a1327e5@854jpt.onmicrosoft.com> not found in NestorW@854jpt.onmicrosoft.com.

Searching for <832cf089-17b2-4abd-a5da-415a370e0054@854jpt.onmicrosoft.com> in NestorW@854jpt.onmicrosoft.com...
<832cf089-17b2-4abd-a5da-415a370e0054@854jpt.onmicrosoft.com> not found in NestorW@854jpt.onmicrosoft.com.

Searching for <3b48bba2-2d97-4c4d-bcb4-3a7a96eb2123@854jpt.onmicrosoft.com> in NestorW@854jpt.onmicrosoft.com...
Message found. Parsing metadata & attempting to retrieving message content...
Message message content retrieved.

Searching for <ba6c0611-a201-438a-89a9-43f3cdb5f76d@BN3PEPF0000B371.namprd21.prod.outlook.com> in NestorW@854jpt.onmicrosoft.com...
<ba6c0611-a201-438a-89a9-43f3cdb5f76d@BN3PEPF0000B371.namprd21.prod.outlook.com> not found in NestorW@854jpt.onmicrosoft.com.

Searching for <dc562fd6-29b1-4911-9796-a05ca634fef0@854jpt.onmicrosoft.com> in NestorW@854jpt.onmicrosoft.com...
<dc562fd6-29b1-4911-9796-a05ca634fef0@854jpt.onmicrosoft.com> not found in NestorW@854jpt.onmicrosoft.com.

Searching for <dc562fd6-29b1-4911-9796-a05ca634fef0@854jpt.onmicrosoft.com> in NestorW@854jpt.onmicrosoft.com...
<dc562fd6-29b1-4911-9796-a05ca634fef0@854jpt.onmicrosoft.com> not found in NestorW@854jpt.onmicrosoft.com.

Searching for <BY5PR10MB37463FDDD74C54B81F7E1387A7CF2@BY5PR10MB3746.namprd10.prod.outlook.com> in NestorW@854jpt.onmicrosoft.com...
<BY5PR10MB37463FDDD74C54B81F7E1387A7CF2@BY5PR10MB3746.namprd10.prod.outlook.com> not found in NestorW@854jpt.onmicrosoft.com.

Searching for <ed45d007-d316-492f-a265-09475d5d2f9a@854jpt.onmicrosoft.com> in NestorW@854jpt.onmicrosoft.com...
<ed45d007-d316-492f-a265-09475d5d2f9a@854jpt.onmicrosoft.com> not found in NestorW@854jpt.onmicrosoft.com.

Searching for <4f8ea0d9-73fa-419f-98c4-b98bec8cc268@854jpt.onmicrosoft.com> in NestorW@854jpt.onmicrosoft.com...
Message found. Parsing metadata & attempting to retrieving message content...
Message message content retrieved.

Searching for <fd855e73-6520-4322-957e-b8ca1d433cad@854jpt.onmicrosoft.com> in NestorW@854jpt.onmicrosoft.com...
Message found. Parsing metadata & attempting to retrieving message content...
Message message content retrieved.

Searching for <d6e5fef3-6e06-4066-ad5a-b3e01d13220c@854jpt.onmicrosoft.com> in NestorW@854jpt.onmicrosoft.com...
Message found. Parsing metadata & attempting to retrieving message content...
Message message content retrieved.

Searching for <8785474b-c073-4745-8d23-e64e8bdba359@854jpt.onmicrosoft.com> in NestorW@854jpt.onmicrosoft.com...
<8785474b-c073-4745-8d23-e64e8bdba359@854jpt.onmicrosoft.com> not found in NestorW@854jpt.onmicrosoft.com.

Searching for <070472c8-c203-4fbb-b570-7753c4a7e586@854jpt.onmicrosoft.com> in NestorW@854jpt.onmicrosoft.com...
<070472c8-c203-4fbb-b570-7753c4a7e586@854jpt.onmicrosoft.com> not found in NestorW@854jpt.onmicrosoft.com.

Searching for <d057e741-ae7f-463f-abe8-a9a2ab1e29ac@854jpt.onmicrosoft.com> in NestorW@854jpt.onmicrosoft.com...
Message found. Parsing metadata & attempting to retrieving message content...
Message message content retrieved.

Searching for <fa22c69f-c94b-4fa6-81f7-be48328f061c@854jpt.onmicrosoft.com> in NestorW@854jpt.onmicrosoft.com...
Message found. Parsing metadata & attempting to retrieving message content...
Message message content retrieved.

Searching for <0dddd476-0968-458b-9566-47d1895ab012@BN3PEPF0000B371.namprd21.prod.outlook.com> in PattiF@854jpt.onmicrosoft.com...
<0dddd476-0968-458b-9566-47d1895ab012@BN3PEPF0000B371.namprd21.prod.outlook.com> not found in PattiF@854jpt.onmicrosoft.com.

Searching for <7dbf7de7-1d4e-4a65-868d-e42cb17b7351@MN1PEPF0000F0E3.namprd04.prod.outlook.com> in PattiF@854jpt.onmicrosoft.com...
<7dbf7de7-1d4e-4a65-868d-e42cb17b7351@MN1PEPF0000F0E3.namprd04.prod.outlook.com> not found in PattiF@854jpt.onmicrosoft.com.

Searching for <c7d763b3-b849-4f29-ae16-6d3de954e831@854jpt.onmicrosoft.com> in PattiF@854jpt.onmicrosoft.com...
Message found. Parsing metadata & attempting to retrieving message content...
Message message content retrieved.

Searching for <e009bdbc-b8e8-4d74-bd24-f6efc41483f6@854jpt.onmicrosoft.com> in PattiF@854jpt.onmicrosoft.com...
<e009bdbc-b8e8-4d74-bd24-f6efc41483f6@854jpt.onmicrosoft.com> not found in PattiF@854jpt.onmicrosoft.com.

Searching for <8fe2b886-7eff-4258-9d90-7b497ce67e93@854jpt.onmicrosoft.com> in PattiF@854jpt.onmicrosoft.com...
<8fe2b886-7eff-4258-9d90-7b497ce67e93@854jpt.onmicrosoft.com> not found in PattiF@854jpt.onmicrosoft.com.

Searching for <5b22b6a3-fde1-43bf-a6c7-33fa82b671d9@854jpt.onmicrosoft.com> in PattiF@854jpt.onmicrosoft.com...
<5b22b6a3-fde1-43bf-a6c7-33fa82b671d9@854jpt.onmicrosoft.com> not found in PattiF@854jpt.onmicrosoft.com.

Searching for <7ed1b6bf-2b7d-43f6-ac0d-c259cbc4ba96@854jpt.onmicrosoft.com> in PattiF@854jpt.onmicrosoft.com...
<7ed1b6bf-2b7d-43f6-ac0d-c259cbc4ba96@854jpt.onmicrosoft.com> not found in PattiF@854jpt.onmicrosoft.com.

Searching for <a6f633b5-ed16-4d31-8616-519b69b32c7d@854jpt.onmicrosoft.com> in PattiF@854jpt.onmicrosoft.com...
<a6f633b5-ed16-4d31-8616-519b69b32c7d@854jpt.onmicrosoft.com> not found in PattiF@854jpt.onmicrosoft.com.

Searching for <4def848f-7dd9-4410-aa7a-003041712583@854jpt.onmicrosoft.com> in PattiF@854jpt.onmicrosoft.com...
<4def848f-7dd9-4410-aa7a-003041712583@854jpt.onmicrosoft.com> not found in PattiF@854jpt.onmicrosoft.com.

Searching for <477cb28e-1fd3-474e-aacf-c9c09c547363@854jpt.onmicrosoft.com> in PattiF@854jpt.onmicrosoft.com...
Message found. Parsing metadata & attempting to retrieving message content...
Message message content retrieved.

Searching for <2e87a629-c2f4-4fc4-af41-f8f29bc9cc1b@854jpt.onmicrosoft.com> in PattiF@854jpt.onmicrosoft.com...
Message found. Parsing metadata & attempting to retrieving message content...
Message message content retrieved.

Searching for <45fda60d-ef62-4dd7-89f5-2bd9261ffff2@854jpt.onmicrosoft.com> in PattiF@854jpt.onmicrosoft.com...
Message found. Parsing metadata & attempting to retrieving message content...
Message message content retrieved.

Searching for <45fda60d-ef62-4dd7-89f5-2bd9261ffff2@854jpt.onmicrosoft.com> in PattiF@854jpt.onmicrosoft.com...
Message found. Parsing metadata & attempting to retrieving message content...
Message message content retrieved.

Searching for <dc562fd6-29b1-4911-9796-a05ca634fef0@854jpt.onmicrosoft.com> in PattiF@854jpt.onmicrosoft.com...
Message found. Parsing metadata & attempting to retrieving message content...
Message message content retrieved.

Searching for <4f67c8e6-535a-43d4-b8a4-5cd6a7bcb994@854jpt.onmicrosoft.com> in PattiF@854jpt.onmicrosoft.com...
Message found. Parsing metadata & attempting to retrieving message content...
Message message content retrieved.

Searching for <477cb28e-1fd3-474e-aacf-c9c09c547363@854jpt.onmicrosoft.com> in PattiF@854jpt.onmicrosoft.com...
Message found. Parsing metadata & attempting to retrieving message content...
Message message content retrieved.

Searching for <05712de0-a22f-4471-8c0b-1a9c5627937d@854jpt.onmicrosoft.com> in PattiF@854jpt.onmicrosoft.com...
Message found. Parsing metadata & attempting to retrieving message content...
Message message content retrieved.

Searching for <9fb6d025-fbb7-45e9-a351-5368d67d225c@854jpt.onmicrosoft.com> in PattiF@854jpt.onmicrosoft.com...
Message found. Parsing metadata & attempting to retrieving message content...
Message message content retrieved.

Searching for <8d822f3a-9e8f-4757-ac80-2f400c70a139@854jpt.onmicrosoft.com> in PattiF@854jpt.onmicrosoft.com...
Message found. Parsing metadata & attempting to retrieving message content...
Message message content retrieved.

Searching for <9c77b403-12db-42c6-b8e8-ec5100720cab@854jpt.onmicrosoft.com> in PattiF@854jpt.onmicrosoft.com...
Message found. Parsing metadata & attempting to retrieving message content...
Message message content retrieved.

Searching for <d80de07c-9588-4d70-82e1-24210566ad83@854jpt.onmicrosoft.com> in PattiF@854jpt.onmicrosoft.com...
Message found. Parsing metadata & attempting to retrieving message content...
Message message content retrieved.

Searching for <9c888c6e-c7ea-4691-8917-1a6cf33c9e8c@854jpt.onmicrosoft.com> in PattiF@854jpt.onmicrosoft.com...
Message found. Parsing metadata & attempting to retrieving message content...
Message message content retrieved.

Searching for <a2ab3c98-a8d7-448c-b13d-d659e3cdd149@854jpt.onmicrosoft.com> in PattiF@854jpt.onmicrosoft.com...
Message found. Parsing metadata & attempting to retrieving message content...
Message message content retrieved.

Searching for <0dda4e20-4659-4856-acd1-5c28622ea42a@854jpt.onmicrosoft.com> in PattiF@854jpt.onmicrosoft.com...
Message found. Parsing metadata & attempting to retrieving message content...
Message message content retrieved.

Searching for <709c7ff2-9902-42c2-b3fc-f850081baa78@854jpt.onmicrosoft.com> in PattiF@854jpt.onmicrosoft.com...
Message found. Parsing metadata & attempting to retrieving message content...
Message message content retrieved.

Searching for <73fac190-309d-4c26-be14-279f91581e32@854jpt.onmicrosoft.com> in PattiF@854jpt.onmicrosoft.com...
Message found. Parsing metadata & attempting to retrieving message content...
Message message content retrieved.

Searching for <8fe2b886-7eff-4258-9d90-7b497ce67e93@854jpt.onmicrosoft.com> in PattiF@854jpt.onmicrosoft.com...
<8fe2b886-7eff-4258-9d90-7b497ce67e93@854jpt.onmicrosoft.com> not found in PattiF@854jpt.onmicrosoft.com.

Searching for <2377068c-9d63-44e3-a2a6-708f5aed8204@854jpt.onmicrosoft.com> in PattiF@854jpt.onmicrosoft.com...
Message found. Parsing metadata & attempting to retrieving message content...
Message message content retrieved.

Searching for <7405f919-5796-431d-a0d8-2a671c543905@854jpt.onmicrosoft.com> in PattiF@854jpt.onmicrosoft.com...
Message found. Parsing metadata & attempting to retrieving message content...
Message message content retrieved.

Searching for <2e87a629-c2f4-4fc4-af41-f8f29bc9cc1b@854jpt.onmicrosoft.com> in PattiF@854jpt.onmicrosoft.com...
Message found. Parsing metadata & attempting to retrieving message content...
Message message content retrieved.

Searching for <ac1723d3-6359-4021-ae5a-fc08febd9fdb@854jpt.onmicrosoft.com> in PattiF@854jpt.onmicrosoft.com...
Message found. Parsing metadata & attempting to retrieving message content...
Message message content retrieved.

Searching for <2eb53355-095a-4b91-a87d-e5cb2520f59d@854jpt.onmicrosoft.com> in PattiF@854jpt.onmicrosoft.com...
Message found. Parsing metadata & attempting to retrieving message content...
Message message content retrieved.

Searching for <cd74de49-232f-49d6-aac1-3d31025def48@854jpt.onmicrosoft.com> in PattiF@854jpt.onmicrosoft.com...
Message found. Parsing metadata & attempting to retrieving message content...
Message message content retrieved.

Searching for <7405f919-5796-431d-a0d8-2a671c543905@854jpt.onmicrosoft.com> in PattiF@854jpt.onmicrosoft.com...
Message found. Parsing metadata & attempting to retrieving message content...
Message message content retrieved.

Searching for <2377068c-9d63-44e3-a2a6-708f5aed8204@854jpt.onmicrosoft.com> in PattiF@854jpt.onmicrosoft.com...
Message found. Parsing metadata & attempting to retrieving message content...
Message message content retrieved.

Searching for <2e87a629-c2f4-4fc4-af41-f8f29bc9cc1b@854jpt.onmicrosoft.com> in PattiF@854jpt.onmicrosoft.com...
Message found. Parsing metadata & attempting to retrieving message content...
Message message content retrieved.

Searching for <BY5PR10MB3746E1F0FD0539E21C052071A7CF2@BY5PR10MB3746.namprd10.prod.outlook.com> in PattiF@854jpt.onmicrosoft.com...
Message found. Parsing metadata & attempting to retrieving message content...
Message message content retrieved.

Searching for <ae34161f-f8a6-4be2-8558-8d2b6c401ca3@MN1PEPF0000F0E3.namprd04.prod.outlook.com> in PattiF@854jpt.onmicrosoft.com...
Message found. Parsing metadata & attempting to retrieving message content...
Message message content retrieved.

Searching for <c7d763b3-b849-4f29-ae16-6d3de954e831@854jpt.onmicrosoft.com> in PattiF@854jpt.onmicrosoft.com...
Message found. Parsing metadata & attempting to retrieving message content...
Message message content retrieved.

Searching for <0d96379d-d2d5-4e52-b323-3829231229ea@854jpt.onmicrosoft.com> in PattiF@854jpt.onmicrosoft.com...
Message found. Parsing metadata & attempting to retrieving message content...
Message message content retrieved.

Searching for <d9dda4b9-f6c8-459c-a337-aea02ef775a3@854jpt.onmicrosoft.com> in PattiF@854jpt.onmicrosoft.com...
Message found. Parsing metadata & attempting to retrieving message content...
Message message content retrieved.

Searching for <1df67f41-130a-4137-b0be-0a8f07e84631@854jpt.onmicrosoft.com> in PattiF@854jpt.onmicrosoft.com...
Message found. Parsing metadata & attempting to retrieving message content...
Message message content retrieved.

Searching for <467dc11e-ca38-496d-9f7f-4d55812afa64@854jpt.onmicrosoft.com> in PattiF@854jpt.onmicrosoft.com...
Message found. Parsing metadata & attempting to retrieving message content...
Message message content retrieved.

Searching for <85496e96-33f0-4709-8410-55b3e99d403f@854jpt.onmicrosoft.com> in PattiF@854jpt.onmicrosoft.com...
Message found. Parsing metadata & attempting to retrieving message content...
Message message content retrieved.

Searching for <3121cb0d-054e-4acb-92a7-c133833aef29@854jpt.onmicrosoft.com> in PattiF@854jpt.onmicrosoft.com...
Message found. Parsing metadata & attempting to retrieving message content...
Message message content retrieved.

Searching for <0b63639a-b028-4bc7-ad24-ae17acd3fcb7@854jpt.onmicrosoft.com> in PattiF@854jpt.onmicrosoft.com...
Message found. Parsing metadata & attempting to retrieving message content...
Message message content retrieved.

Searching for <4990c53c-4140-41bf-a461-7f8b1cf8f690@854jpt.onmicrosoft.com> in PattiF@854jpt.onmicrosoft.com...
Message found. Parsing metadata & attempting to retrieving message content...
Message message content retrieved.

Searching for <b8fc7c22-857b-4e72-ba6a-dc44998d67d7@854jpt.onmicrosoft.com> in PattiF@854jpt.onmicrosoft.com...
Message found. Parsing metadata & attempting to retrieving message content...
Message message content retrieved.

Searching for <c2c2ab9e-3b37-446e-9f18-b1b5f06e313b@854jpt.onmicrosoft.com> in PattiF@854jpt.onmicrosoft.com...
Message found. Parsing metadata & attempting to retrieving message content...
Message message content retrieved.

Searching for <BY5PR10MB3746CDC7ACFA92EDF49C3F7FA7CF2@BY5PR10MB3746.namprd10.prod.outlook.com> in PattiF@854jpt.onmicrosoft.com...
<BY5PR10MB3746CDC7ACFA92EDF49C3F7FA7CF2@BY5PR10MB3746.namprd10.prod.outlook.com> not found in PattiF@854jpt.onmicrosoft.com.

Searching for <c34389f0-d4e5-4864-b70d-ba55bab08830@854jpt.onmicrosoft.com> in PattiF@854jpt.onmicrosoft.com...
<c34389f0-d4e5-4864-b70d-ba55bab08830@854jpt.onmicrosoft.com> not found in PattiF@854jpt.onmicrosoft.com.

Searching for <ce7744b8-765f-4e2f-b137-5f09c2e31605@854jpt.onmicrosoft.com> in PattiF@854jpt.onmicrosoft.com...
<ce7744b8-765f-4e2f-b137-5f09c2e31605@854jpt.onmicrosoft.com> not found in PattiF@854jpt.onmicrosoft.com.

Searching for <9dfca31f-f976-46b2-90b0-df9fbb9db50a@854jpt.onmicrosoft.com> in PattiF@854jpt.onmicrosoft.com...
<9dfca31f-f976-46b2-90b0-df9fbb9db50a@854jpt.onmicrosoft.com> not found in PattiF@854jpt.onmicrosoft.com.

Searching for <5fb45624-eba5-4c20-ba44-99b051161889@854jpt.onmicrosoft.com> in PattiF@854jpt.onmicrosoft.com...
<5fb45624-eba5-4c20-ba44-99b051161889@854jpt.onmicrosoft.com> not found in PattiF@854jpt.onmicrosoft.com.

Searching for <da56d96c-8bdf-4a60-a21c-26d10fef6a07@854jpt.onmicrosoft.com> in PattiF@854jpt.onmicrosoft.com...
Message found. Parsing metadata & attempting to retrieving message content...
Message message content retrieved.

Searching for <d31463a9-dd3a-4643-9bb2-f21b4a1327e5@854jpt.onmicrosoft.com> in PattiF@854jpt.onmicrosoft.com...
Message found. Parsing metadata & attempting to retrieving message content...
Message message content retrieved.

Searching for <832cf089-17b2-4abd-a5da-415a370e0054@854jpt.onmicrosoft.com> in PattiF@854jpt.onmicrosoft.com...
Message found. Parsing metadata & attempting to retrieving message content...
Message message content retrieved.

Searching for <3b48bba2-2d97-4c4d-bcb4-3a7a96eb2123@854jpt.onmicrosoft.com> in PattiF@854jpt.onmicrosoft.com...
Message found. Parsing metadata & attempting to retrieving message content...
Message message content retrieved.

Searching for <ba6c0611-a201-438a-89a9-43f3cdb5f76d@BN3PEPF0000B371.namprd21.prod.outlook.com> in PattiF@854jpt.onmicrosoft.com...
<ba6c0611-a201-438a-89a9-43f3cdb5f76d@BN3PEPF0000B371.namprd21.prod.outlook.com> not found in PattiF@854jpt.onmicrosoft.com.

Searching for <dc562fd6-29b1-4911-9796-a05ca634fef0@854jpt.onmicrosoft.com> in PattiF@854jpt.onmicrosoft.com...
Message found. Parsing metadata & attempting to retrieving message content...
Message message content retrieved.

Searching for <dc562fd6-29b1-4911-9796-a05ca634fef0@854jpt.onmicrosoft.com> in PattiF@854jpt.onmicrosoft.com...
Message found. Parsing metadata & attempting to retrieving message content...
Message message content retrieved.

Searching for <BY5PR10MB37463FDDD74C54B81F7E1387A7CF2@BY5PR10MB3746.namprd10.prod.outlook.com> in PattiF@854jpt.onmicrosoft.com...
<BY5PR10MB37463FDDD74C54B81F7E1387A7CF2@BY5PR10MB3746.namprd10.prod.outlook.com> not found in PattiF@854jpt.onmicrosoft.com.

Searching for <ed45d007-d316-492f-a265-09475d5d2f9a@854jpt.onmicrosoft.com> in PattiF@854jpt.onmicrosoft.com...
Message found. Parsing metadata & attempting to retrieving message content...
Message message content retrieved.

Searching for <4f8ea0d9-73fa-419f-98c4-b98bec8cc268@854jpt.onmicrosoft.com> in PattiF@854jpt.onmicrosoft.com...
Message found. Parsing metadata & attempting to retrieving message content...
Message message content retrieved.

Searching for <fd855e73-6520-4322-957e-b8ca1d433cad@854jpt.onmicrosoft.com> in PattiF@854jpt.onmicrosoft.com...
Message found. Parsing metadata & attempting to retrieving message content...
Message message content retrieved.

Searching for <d6e5fef3-6e06-4066-ad5a-b3e01d13220c@854jpt.onmicrosoft.com> in PattiF@854jpt.onmicrosoft.com...
Message found. Parsing metadata & attempting to retrieving message content...
Message message content retrieved.

Searching for <8785474b-c073-4745-8d23-e64e8bdba359@854jpt.onmicrosoft.com> in PattiF@854jpt.onmicrosoft.com...
Message found. Parsing metadata & attempting to retrieving message content...
Message message content retrieved.

Searching for <070472c8-c203-4fbb-b570-7753c4a7e586@854jpt.onmicrosoft.com> in PattiF@854jpt.onmicrosoft.com...
Message found. Parsing metadata & attempting to retrieving message content...
Message message content retrieved.

Searching for <d057e741-ae7f-463f-abe8-a9a2ab1e29ac@854jpt.onmicrosoft.com> in PattiF@854jpt.onmicrosoft.com...
Message found. Parsing metadata & attempting to retrieving message content...
Message message content retrieved.

Searching for <fa22c69f-c94b-4fa6-81f7-be48328f061c@854jpt.onmicrosoft.com> in PattiF@854jpt.onmicrosoft.com...
Message found. Parsing metadata & attempting to retrieving message content...
Message message content retrieved.

Searching for <0dddd476-0968-458b-9566-47d1895ab012@BN3PEPF0000B371.namprd21.prod.outlook.com> in PradeepG@854jpt.onmicrosoft.com...
<0dddd476-0968-458b-9566-47d1895ab012@BN3PEPF0000B371.namprd21.prod.outlook.com> not found in PradeepG@854jpt.onmicrosoft.com.

Searching for <7dbf7de7-1d4e-4a65-868d-e42cb17b7351@MN1PEPF0000F0E3.namprd04.prod.outlook.com> in PradeepG@854jpt.onmicrosoft.com...
Message found. Parsing metadata & attempting to retrieving message content...
Message message content retrieved.

Searching for <c7d763b3-b849-4f29-ae16-6d3de954e831@854jpt.onmicrosoft.com> in PradeepG@854jpt.onmicrosoft.com...
Message found. Parsing metadata & attempting to retrieving message content...
Message message content retrieved.

Searching for <e009bdbc-b8e8-4d74-bd24-f6efc41483f6@854jpt.onmicrosoft.com> in PradeepG@854jpt.onmicrosoft.com...
Message found. Parsing metadata & attempting to retrieving message content...
Message message content retrieved.

Searching for <8fe2b886-7eff-4258-9d90-7b497ce67e93@854jpt.onmicrosoft.com> in PradeepG@854jpt.onmicrosoft.com...
Message found. Parsing metadata & attempting to retrieving message content...
Message message content retrieved.

Searching for <5b22b6a3-fde1-43bf-a6c7-33fa82b671d9@854jpt.onmicrosoft.com> in PradeepG@854jpt.onmicrosoft.com...
Message found. Parsing metadata & attempting to retrieving message content...
Message message content retrieved.

Searching for <7ed1b6bf-2b7d-43f6-ac0d-c259cbc4ba96@854jpt.onmicrosoft.com> in PradeepG@854jpt.onmicrosoft.com...
Message found. Parsing metadata & attempting to retrieving message content...
Message message content retrieved.

Searching for <a6f633b5-ed16-4d31-8616-519b69b32c7d@854jpt.onmicrosoft.com> in PradeepG@854jpt.onmicrosoft.com...
Message found. Parsing metadata & attempting to retrieving message content...
Message message content retrieved.

Searching for <4def848f-7dd9-4410-aa7a-003041712583@854jpt.onmicrosoft.com> in PradeepG@854jpt.onmicrosoft.com...
Message found. Parsing metadata & attempting to retrieving message content...
Message message content retrieved.

Searching for <477cb28e-1fd3-474e-aacf-c9c09c547363@854jpt.onmicrosoft.com> in PradeepG@854jpt.onmicrosoft.com...
Message found. Parsing metadata & attempting to retrieving message content...
Message message content retrieved.

Searching for <2e87a629-c2f4-4fc4-af41-f8f29bc9cc1b@854jpt.onmicrosoft.com> in PradeepG@854jpt.onmicrosoft.com...
Message found. Parsing metadata & attempting to retrieving message content...
Message message content retrieved.

Searching for <45fda60d-ef62-4dd7-89f5-2bd9261ffff2@854jpt.onmicrosoft.com> in PradeepG@854jpt.onmicrosoft.com...
<45fda60d-ef62-4dd7-89f5-2bd9261ffff2@854jpt.onmicrosoft.com> not found in PradeepG@854jpt.onmicrosoft.com.

Searching for <45fda60d-ef62-4dd7-89f5-2bd9261ffff2@854jpt.onmicrosoft.com> in PradeepG@854jpt.onmicrosoft.com...
<45fda60d-ef62-4dd7-89f5-2bd9261ffff2@854jpt.onmicrosoft.com> not found in PradeepG@854jpt.onmicrosoft.com.

Searching for <dc562fd6-29b1-4911-9796-a05ca634fef0@854jpt.onmicrosoft.com> in PradeepG@854jpt.onmicrosoft.com...
<dc562fd6-29b1-4911-9796-a05ca634fef0@854jpt.onmicrosoft.com> not found in PradeepG@854jpt.onmicrosoft.com.

Searching for <4f67c8e6-535a-43d4-b8a4-5cd6a7bcb994@854jpt.onmicrosoft.com> in PradeepG@854jpt.onmicrosoft.com...
<4f67c8e6-535a-43d4-b8a4-5cd6a7bcb994@854jpt.onmicrosoft.com> not found in PradeepG@854jpt.onmicrosoft.com.

Searching for <477cb28e-1fd3-474e-aacf-c9c09c547363@854jpt.onmicrosoft.com> in PradeepG@854jpt.onmicrosoft.com...
Message found. Parsing metadata & attempting to retrieving message content...
Message message content retrieved.

Searching for <05712de0-a22f-4471-8c0b-1a9c5627937d@854jpt.onmicrosoft.com> in PradeepG@854jpt.onmicrosoft.com...
<05712de0-a22f-4471-8c0b-1a9c5627937d@854jpt.onmicrosoft.com> not found in PradeepG@854jpt.onmicrosoft.com.

Searching for <9fb6d025-fbb7-45e9-a351-5368d67d225c@854jpt.onmicrosoft.com> in PradeepG@854jpt.onmicrosoft.com...
<9fb6d025-fbb7-45e9-a351-5368d67d225c@854jpt.onmicrosoft.com> not found in PradeepG@854jpt.onmicrosoft.com.

Searching for <8d822f3a-9e8f-4757-ac80-2f400c70a139@854jpt.onmicrosoft.com> in PradeepG@854jpt.onmicrosoft.com...
<8d822f3a-9e8f-4757-ac80-2f400c70a139@854jpt.onmicrosoft.com> not found in PradeepG@854jpt.onmicrosoft.com.

Searching for <9c77b403-12db-42c6-b8e8-ec5100720cab@854jpt.onmicrosoft.com> in PradeepG@854jpt.onmicrosoft.com...
<9c77b403-12db-42c6-b8e8-ec5100720cab@854jpt.onmicrosoft.com> not found in PradeepG@854jpt.onmicrosoft.com.

Searching for <d80de07c-9588-4d70-82e1-24210566ad83@854jpt.onmicrosoft.com> in PradeepG@854jpt.onmicrosoft.com...
<d80de07c-9588-4d70-82e1-24210566ad83@854jpt.onmicrosoft.com> not found in PradeepG@854jpt.onmicrosoft.com.

Searching for <9c888c6e-c7ea-4691-8917-1a6cf33c9e8c@854jpt.onmicrosoft.com> in PradeepG@854jpt.onmicrosoft.com...
<9c888c6e-c7ea-4691-8917-1a6cf33c9e8c@854jpt.onmicrosoft.com> not found in PradeepG@854jpt.onmicrosoft.com.

Searching for <a2ab3c98-a8d7-448c-b13d-d659e3cdd149@854jpt.onmicrosoft.com> in PradeepG@854jpt.onmicrosoft.com...
<a2ab3c98-a8d7-448c-b13d-d659e3cdd149@854jpt.onmicrosoft.com> not found in PradeepG@854jpt.onmicrosoft.com.

Searching for <0dda4e20-4659-4856-acd1-5c28622ea42a@854jpt.onmicrosoft.com> in PradeepG@854jpt.onmicrosoft.com...
<0dda4e20-4659-4856-acd1-5c28622ea42a@854jpt.onmicrosoft.com> not found in PradeepG@854jpt.onmicrosoft.com.

Searching for <709c7ff2-9902-42c2-b3fc-f850081baa78@854jpt.onmicrosoft.com> in PradeepG@854jpt.onmicrosoft.com...
<709c7ff2-9902-42c2-b3fc-f850081baa78@854jpt.onmicrosoft.com> not found in PradeepG@854jpt.onmicrosoft.com.

Searching for <73fac190-309d-4c26-be14-279f91581e32@854jpt.onmicrosoft.com> in PradeepG@854jpt.onmicrosoft.com...
<73fac190-309d-4c26-be14-279f91581e32@854jpt.onmicrosoft.com> not found in PradeepG@854jpt.onmicrosoft.com.

Searching for <8fe2b886-7eff-4258-9d90-7b497ce67e93@854jpt.onmicrosoft.com> in PradeepG@854jpt.onmicrosoft.com...
Message found. Parsing metadata & attempting to retrieving message content...
Message message content retrieved.

Searching for <2377068c-9d63-44e3-a2a6-708f5aed8204@854jpt.onmicrosoft.com> in PradeepG@854jpt.onmicrosoft.com...
Message found. Parsing metadata & attempting to retrieving message content...
Message message content retrieved.

Searching for <7405f919-5796-431d-a0d8-2a671c543905@854jpt.onmicrosoft.com> in PradeepG@854jpt.onmicrosoft.com...
Message found. Parsing metadata & attempting to retrieving message content...
Message message content retrieved.

Searching for <2e87a629-c2f4-4fc4-af41-f8f29bc9cc1b@854jpt.onmicrosoft.com> in PradeepG@854jpt.onmicrosoft.com...
Message found. Parsing metadata & attempting to retrieving message content...
Message message content retrieved.

Searching for <ac1723d3-6359-4021-ae5a-fc08febd9fdb@854jpt.onmicrosoft.com> in PradeepG@854jpt.onmicrosoft.com...
Message found. Parsing metadata & attempting to retrieving message content...
Message message content retrieved.

Searching for <2eb53355-095a-4b91-a87d-e5cb2520f59d@854jpt.onmicrosoft.com> in PradeepG@854jpt.onmicrosoft.com...
Message found. Parsing metadata & attempting to retrieving message content...
Message message content retrieved.

Searching for <cd74de49-232f-49d6-aac1-3d31025def48@854jpt.onmicrosoft.com> in PradeepG@854jpt.onmicrosoft.com...
Message found. Parsing metadata & attempting to retrieving message content...
Message message content retrieved.

Searching for <7405f919-5796-431d-a0d8-2a671c543905@854jpt.onmicrosoft.com> in PradeepG@854jpt.onmicrosoft.com...
Message found. Parsing metadata & attempting to retrieving message content...
Message message content retrieved.

Searching for <2377068c-9d63-44e3-a2a6-708f5aed8204@854jpt.onmicrosoft.com> in PradeepG@854jpt.onmicrosoft.com...
Message found. Parsing metadata & attempting to retrieving message content...
Message message content retrieved.

Searching for <2e87a629-c2f4-4fc4-af41-f8f29bc9cc1b@854jpt.onmicrosoft.com> in PradeepG@854jpt.onmicrosoft.com...
Message found. Parsing metadata & attempting to retrieving message content...
Message message content retrieved.

Searching for <BY5PR10MB3746E1F0FD0539E21C052071A7CF2@BY5PR10MB3746.namprd10.prod.outlook.com> in PradeepG@854jpt.onmicrosoft.com...
<BY5PR10MB3746E1F0FD0539E21C052071A7CF2@BY5PR10MB3746.namprd10.prod.outlook.com> not found in PradeepG@854jpt.onmicrosoft.com.

Searching for <ae34161f-f8a6-4be2-8558-8d2b6c401ca3@MN1PEPF0000F0E3.namprd04.prod.outlook.com> in PradeepG@854jpt.onmicrosoft.com...
<ae34161f-f8a6-4be2-8558-8d2b6c401ca3@MN1PEPF0000F0E3.namprd04.prod.outlook.com> not found in PradeepG@854jpt.onmicrosoft.com.

Searching for <c7d763b3-b849-4f29-ae16-6d3de954e831@854jpt.onmicrosoft.com> in PradeepG@854jpt.onmicrosoft.com...
Message found. Parsing metadata & attempting to retrieving message content...
Message message content retrieved.

Searching for <0d96379d-d2d5-4e52-b323-3829231229ea@854jpt.onmicrosoft.com> in PradeepG@854jpt.onmicrosoft.com...
<0d96379d-d2d5-4e52-b323-3829231229ea@854jpt.onmicrosoft.com> not found in PradeepG@854jpt.onmicrosoft.com.

Searching for <d9dda4b9-f6c8-459c-a337-aea02ef775a3@854jpt.onmicrosoft.com> in PradeepG@854jpt.onmicrosoft.com...
<d9dda4b9-f6c8-459c-a337-aea02ef775a3@854jpt.onmicrosoft.com> not found in PradeepG@854jpt.onmicrosoft.com.

Searching for <1df67f41-130a-4137-b0be-0a8f07e84631@854jpt.onmicrosoft.com> in PradeepG@854jpt.onmicrosoft.com...
<1df67f41-130a-4137-b0be-0a8f07e84631@854jpt.onmicrosoft.com> not found in PradeepG@854jpt.onmicrosoft.com.

Searching for <467dc11e-ca38-496d-9f7f-4d55812afa64@854jpt.onmicrosoft.com> in PradeepG@854jpt.onmicrosoft.com...
<467dc11e-ca38-496d-9f7f-4d55812afa64@854jpt.onmicrosoft.com> not found in PradeepG@854jpt.onmicrosoft.com.

Searching for <85496e96-33f0-4709-8410-55b3e99d403f@854jpt.onmicrosoft.com> in PradeepG@854jpt.onmicrosoft.com...
<85496e96-33f0-4709-8410-55b3e99d403f@854jpt.onmicrosoft.com> not found in PradeepG@854jpt.onmicrosoft.com.

Searching for <3121cb0d-054e-4acb-92a7-c133833aef29@854jpt.onmicrosoft.com> in PradeepG@854jpt.onmicrosoft.com...
<3121cb0d-054e-4acb-92a7-c133833aef29@854jpt.onmicrosoft.com> not found in PradeepG@854jpt.onmicrosoft.com.

Searching for <0b63639a-b028-4bc7-ad24-ae17acd3fcb7@854jpt.onmicrosoft.com> in PradeepG@854jpt.onmicrosoft.com...
<0b63639a-b028-4bc7-ad24-ae17acd3fcb7@854jpt.onmicrosoft.com> not found in PradeepG@854jpt.onmicrosoft.com.

Searching for <4990c53c-4140-41bf-a461-7f8b1cf8f690@854jpt.onmicrosoft.com> in PradeepG@854jpt.onmicrosoft.com...
<4990c53c-4140-41bf-a461-7f8b1cf8f690@854jpt.onmicrosoft.com> not found in PradeepG@854jpt.onmicrosoft.com.

Searching for <b8fc7c22-857b-4e72-ba6a-dc44998d67d7@854jpt.onmicrosoft.com> in PradeepG@854jpt.onmicrosoft.com...
Message found. Parsing metadata & attempting to retrieving message content...
Message message content retrieved.

Searching for <c2c2ab9e-3b37-446e-9f18-b1b5f06e313b@854jpt.onmicrosoft.com> in PradeepG@854jpt.onmicrosoft.com...
Message found. Parsing metadata & attempting to retrieving message content...
Message message content retrieved.

Searching for <BY5PR10MB3746CDC7ACFA92EDF49C3F7FA7CF2@BY5PR10MB3746.namprd10.prod.outlook.com> in PradeepG@854jpt.onmicrosoft.com...
<BY5PR10MB3746CDC7ACFA92EDF49C3F7FA7CF2@BY5PR10MB3746.namprd10.prod.outlook.com> not found in PradeepG@854jpt.onmicrosoft.com.

Searching for <c34389f0-d4e5-4864-b70d-ba55bab08830@854jpt.onmicrosoft.com> in PradeepG@854jpt.onmicrosoft.com...
Message found. Parsing metadata & attempting to retrieving message content...
Message message content retrieved.

Searching for <ce7744b8-765f-4e2f-b137-5f09c2e31605@854jpt.onmicrosoft.com> in PradeepG@854jpt.onmicrosoft.com...
Message found. Parsing metadata & attempting to retrieving message content...
Message message content retrieved.

Searching for <9dfca31f-f976-46b2-90b0-df9fbb9db50a@854jpt.onmicrosoft.com> in PradeepG@854jpt.onmicrosoft.com...
Message found. Parsing metadata & attempting to retrieving message content...
Message message content retrieved.

Searching for <5fb45624-eba5-4c20-ba44-99b051161889@854jpt.onmicrosoft.com> in PradeepG@854jpt.onmicrosoft.com...
Message found. Parsing metadata & attempting to retrieving message content...
Message message content retrieved.

Searching for <da56d96c-8bdf-4a60-a21c-26d10fef6a07@854jpt.onmicrosoft.com> in PradeepG@854jpt.onmicrosoft.com...
<da56d96c-8bdf-4a60-a21c-26d10fef6a07@854jpt.onmicrosoft.com> not found in PradeepG@854jpt.onmicrosoft.com.

Searching for <d31463a9-dd3a-4643-9bb2-f21b4a1327e5@854jpt.onmicrosoft.com> in PradeepG@854jpt.onmicrosoft.com...
<d31463a9-dd3a-4643-9bb2-f21b4a1327e5@854jpt.onmicrosoft.com> not found in PradeepG@854jpt.onmicrosoft.com.

Searching for <832cf089-17b2-4abd-a5da-415a370e0054@854jpt.onmicrosoft.com> in PradeepG@854jpt.onmicrosoft.com...
<832cf089-17b2-4abd-a5da-415a370e0054@854jpt.onmicrosoft.com> not found in PradeepG@854jpt.onmicrosoft.com.

Searching for <3b48bba2-2d97-4c4d-bcb4-3a7a96eb2123@854jpt.onmicrosoft.com> in PradeepG@854jpt.onmicrosoft.com...
<3b48bba2-2d97-4c4d-bcb4-3a7a96eb2123@854jpt.onmicrosoft.com> not found in PradeepG@854jpt.onmicrosoft.com.

Searching for <ba6c0611-a201-438a-89a9-43f3cdb5f76d@BN3PEPF0000B371.namprd21.prod.outlook.com> in PradeepG@854jpt.onmicrosoft.com...
<ba6c0611-a201-438a-89a9-43f3cdb5f76d@BN3PEPF0000B371.namprd21.prod.outlook.com> not found in PradeepG@854jpt.onmicrosoft.com.

Searching for <dc562fd6-29b1-4911-9796-a05ca634fef0@854jpt.onmicrosoft.com> in PradeepG@854jpt.onmicrosoft.com...
<dc562fd6-29b1-4911-9796-a05ca634fef0@854jpt.onmicrosoft.com> not found in PradeepG@854jpt.onmicrosoft.com.

Searching for <dc562fd6-29b1-4911-9796-a05ca634fef0@854jpt.onmicrosoft.com> in PradeepG@854jpt.onmicrosoft.com...
<dc562fd6-29b1-4911-9796-a05ca634fef0@854jpt.onmicrosoft.com> not found in PradeepG@854jpt.onmicrosoft.com.

Searching for <BY5PR10MB37463FDDD74C54B81F7E1387A7CF2@BY5PR10MB3746.namprd10.prod.outlook.com> in PradeepG@854jpt.onmicrosoft.com...
<BY5PR10MB37463FDDD74C54B81F7E1387A7CF2@BY5PR10MB3746.namprd10.prod.outlook.com> not found in PradeepG@854jpt.onmicrosoft.com.

Searching for <ed45d007-d316-492f-a265-09475d5d2f9a@854jpt.onmicrosoft.com> in PradeepG@854jpt.onmicrosoft.com...
<ed45d007-d316-492f-a265-09475d5d2f9a@854jpt.onmicrosoft.com> not found in PradeepG@854jpt.onmicrosoft.com.

Searching for <4f8ea0d9-73fa-419f-98c4-b98bec8cc268@854jpt.onmicrosoft.com> in PradeepG@854jpt.onmicrosoft.com...
<4f8ea0d9-73fa-419f-98c4-b98bec8cc268@854jpt.onmicrosoft.com> not found in PradeepG@854jpt.onmicrosoft.com.

Searching for <fd855e73-6520-4322-957e-b8ca1d433cad@854jpt.onmicrosoft.com> in PradeepG@854jpt.onmicrosoft.com...
<fd855e73-6520-4322-957e-b8ca1d433cad@854jpt.onmicrosoft.com> not found in PradeepG@854jpt.onmicrosoft.com.

Searching for <d6e5fef3-6e06-4066-ad5a-b3e01d13220c@854jpt.onmicrosoft.com> in PradeepG@854jpt.onmicrosoft.com...
Message found. Parsing metadata & attempting to retrieving message content...
Message message content retrieved.

Searching for <8785474b-c073-4745-8d23-e64e8bdba359@854jpt.onmicrosoft.com> in PradeepG@854jpt.onmicrosoft.com...
<8785474b-c073-4745-8d23-e64e8bdba359@854jpt.onmicrosoft.com> not found in PradeepG@854jpt.onmicrosoft.com.

Searching for <070472c8-c203-4fbb-b570-7753c4a7e586@854jpt.onmicrosoft.com> in PradeepG@854jpt.onmicrosoft.com...
<070472c8-c203-4fbb-b570-7753c4a7e586@854jpt.onmicrosoft.com> not found in PradeepG@854jpt.onmicrosoft.com.

Searching for <d057e741-ae7f-463f-abe8-a9a2ab1e29ac@854jpt.onmicrosoft.com> in PradeepG@854jpt.onmicrosoft.com...
<d057e741-ae7f-463f-abe8-a9a2ab1e29ac@854jpt.onmicrosoft.com> not found in PradeepG@854jpt.onmicrosoft.com.

Searching for <fa22c69f-c94b-4fa6-81f7-be48328f061c@854jpt.onmicrosoft.com> in PradeepG@854jpt.onmicrosoft.com...
<fa22c69f-c94b-4fa6-81f7-be48328f061c@854jpt.onmicrosoft.com> not found in PradeepG@854jpt.onmicrosoft.com.

 Message metadata index file is available at:
C:\Users\Bitpusher\Desktop\Incident Investigation Files\Scenario X\waverly - log collection\ALL_MessageIndex_20260731203806.csv
Search & retrieval of messages by ID complete.
Seconds elapsed for script execution: 267.0908033

Done! Check output path for results.

==================== RUN MANIFEST ====================
Script          : Search-MailboxMessage v5.1.0 - DEF CON edition - last updated 2026-07-31
Operator        : PROTEUS\Bitpusher
Computer        : PROTEUS
Tenant          : eb174bbc-fe94-4978-95b9-a616457dd489
Graph scopes    : Agreement.Read.All, Application.Read.All, Application.ReadWrite.All, AppRoleAssignment.ReadWrite.All, AuditLog.Read.All, AuditLogsQuery.Read.All, DelegatedPermissionGrant.Read.All, DelegatedPermissionGrant.ReadWrite.All, Directory.AccessAsUser.All, Directory.Read.All, Directory.ReadWrite.All, Domain.Read.All, Files.Read.All, Files.ReadWrite.All, Group.Read.All, Group.ReadWrite.All, GroupMember.Read.All, IdentityRiskEvent.Read.All, IdentityRiskyUser.Read.All, IdentityRiskyUser.ReadWrite.All, Mail.Read, Mail.Send, openid, Organization.Read.All, Organization.ReadWrite.All, Policy.Read.All, Policy.Read.ConditionalAccess, Policy.ReadWrite.ConditionalAccess, profile, Reports.Read.All, RoleManagement.Read.Directory, SecurityEvents.Read.All, SecurityEvents.ReadWrite.All, Sites.Read.All, Sites.ReadWrite.All, User.Read, User.Read.All, User.ReadWrite.All, UserAuthenticationMethod.Read.All, UserAuthenticationMethod.ReadWrite.All, email
Cred source     : MailAppInfo.json
UTC start       : 2026-08-01 03:38:06Z
UTC stop        : 2026-08-01 03:42:33Z
Elapsed seconds : 267.1
Output files (SHA256):
  5FBDDC34046AA091C127DE9A8E9A14F0A7C31DAAF6CC36DC8FB7B9178EC1A4BA  C:\Users\Bitpusher\Desktop\Incident Investigation Files\Scenario X\waverly - log collection\ALL_MessageIndex_20260731203806.csv
  643B6D87F8ED92102330EB55790171156DCB223EFB0B6AB6369140843B543FA3  C:\Users\Bitpusher\Desktop\Incident Investigation Files\Scenario X\waverly - log collection\Messages_20260731203806\AdeleV@854jpt.onmicrosoft.com_05712de0-a22f-4471-8c0b-1a9c5627937d@854jpt.onmicrosoft.com.eml
  B1FEFF0CC1C5B83BBB4ACED7119D33EF29C6A82846CCC646A1A43AAABABDF159  C:\Users\Bitpusher\Desktop\Incident Investigation Files\Scenario X\waverly - log collection\Messages_20260731203806\AdeleV@854jpt.onmicrosoft.com_2377068c-9d63-44e3-a2a6-708f5aed8204@854jpt.onmicrosoft.com.eml
  D6A5E673F99A5498EEBCDA0F234A9AC9523025986441687667E8899B0C69172E  C:\Users\Bitpusher\Desktop\Incident Investigation Files\Scenario X\waverly - log collection\Messages_20260731203806\AdeleV@854jpt.onmicrosoft.com_2e87a629-c2f4-4fc4-af41-f8f29bc9cc1b@854jpt.onmicrosoft.com.eml
  9297C3CDEE94A44F574E3DA8BA4837A8220ED915B50F69EEA9004FD60A03782E  C:\Users\Bitpusher\Desktop\Incident Investigation Files\Scenario X\waverly - log collection\Messages_20260731203806\AdeleV@854jpt.onmicrosoft.com_2eb53355-095a-4b91-a87d-e5cb2520f59d@854jpt.onmicrosoft.com.eml
  237204700075D8E66DDBC689B097B1C351DB496AEF209AFDC44E05F50F9E0C96  C:\Users\Bitpusher\Desktop\Incident Investigation Files\Scenario X\waverly - log collection\Messages_20260731203806\AdeleV@854jpt.onmicrosoft.com_3121cb0d-054e-4acb-92a7-c133833aef29@854jpt.onmicrosoft.com.eml
  35A9368F30CCB41388C5502113DC6A6C2A42ED4033CDA73378454EDED598A1A8  C:\Users\Bitpusher\Desktop\Incident Investigation Files\Scenario X\waverly - log collection\Messages_20260731203806\AdeleV@854jpt.onmicrosoft.com_45fda60d-ef62-4dd7-89f5-2bd9261ffff2@854jpt.onmicrosoft.com.eml
  18C0F2CAF4B9FDF76C392D230DEE5755E1A2FE9B14D3BD5E8BF47CE07A62A04E  C:\Users\Bitpusher\Desktop\Incident Investigation Files\Scenario X\waverly - log collection\Messages_20260731203806\AdeleV@854jpt.onmicrosoft.com_477cb28e-1fd3-474e-aacf-c9c09c547363@854jpt.onmicrosoft.com.eml
  4BE6E352864DCEC33D998CA71526451470195485574329B92B1FC6F4CCD7B646  C:\Users\Bitpusher\Desktop\Incident Investigation Files\Scenario X\waverly - log collection\Messages_20260731203806\AdeleV@854jpt.onmicrosoft.com_7405f919-5796-431d-a0d8-2a671c543905@854jpt.onmicrosoft.com.eml
  E9D521128949792E94A9A0CC21D08BEBBDFBD342ED486D659503E75E0EF81B40  C:\Users\Bitpusher\Desktop\Incident Investigation Files\Scenario X\waverly - log collection\Messages_20260731203806\AdeleV@854jpt.onmicrosoft.com_832cf089-17b2-4abd-a5da-415a370e0054@854jpt.onmicrosoft.com.eml
  0BB9A26DF646132B957826CCA25D9A5F4859D10C2FF2DFC12873CDD223A777BA  C:\Users\Bitpusher\Desktop\Incident Investigation Files\Scenario X\waverly - log collection\Messages_20260731203806\AdeleV@854jpt.onmicrosoft.com_9fb6d025-fbb7-45e9-a351-5368d67d225c@854jpt.onmicrosoft.com.eml
  78015DB8A7294D9511D8E2856D1D0ACB7E655862A7E6497041D05ED0F9E9052D  C:\Users\Bitpusher\Desktop\Incident Investigation Files\Scenario X\waverly - log collection\Messages_20260731203806\AdeleV@854jpt.onmicrosoft.com_a2ab3c98-a8d7-448c-b13d-d659e3cdd149@854jpt.onmicrosoft.com.eml
  4767F2B021BDF127FEFBE32E57FC0FC7F9574838600E32D47EE35C15B47E5D76  C:\Users\Bitpusher\Desktop\Incident Investigation Files\Scenario X\waverly - log collection\Messages_20260731203806\AdeleV@854jpt.onmicrosoft.com_ac1723d3-6359-4021-ae5a-fc08febd9fdb@854jpt.onmicrosoft.com.eml
  5B4A143DDFED4EECB6795BE957BBEC6AC552A197F3008D2493774907B0A1A85F  C:\Users\Bitpusher\Desktop\Incident Investigation Files\Scenario X\waverly - log collection\Messages_20260731203806\AdeleV@854jpt.onmicrosoft.com_b8fc7c22-857b-4e72-ba6a-dc44998d67d7@854jpt.onmicrosoft.com.eml
  78337DD10C16224AD9ED7114D843AFFDD906AE09A62295A9E5D22A256B57B265  C:\Users\Bitpusher\Desktop\Incident Investigation Files\Scenario X\waverly - log collection\Messages_20260731203806\AdeleV@854jpt.onmicrosoft.com_BY5PR10MB3746E1F0FD0539E21C052071A7CF2@BY5PR10MB3746.namprd10.prod.outlook.com.eml
  6D55ABEABE217F6FB41E4BBAC851A19A8001355D04236274D69B134F59924438  C:\Users\Bitpusher\Desktop\Incident Investigation Files\Scenario X\waverly - log collection\Messages_20260731203806\AdeleV@854jpt.onmicrosoft.com_c2c2ab9e-3b37-446e-9f18-b1b5f06e313b@854jpt.onmicrosoft.com.eml
  F9E2EA7D46E7C7B267593D214E65A5B61D082F02CC9F1F0EA077AB0A37CE1E20  C:\Users\Bitpusher\Desktop\Incident Investigation Files\Scenario X\waverly - log collection\Messages_20260731203806\AdeleV@854jpt.onmicrosoft.com_c7d763b3-b849-4f29-ae16-6d3de954e831@854jpt.onmicrosoft.com.eml
  69CAAE37BAF37807FC1A4646E01F445B9925CA072A1A162D6575C48859DA85A3  C:\Users\Bitpusher\Desktop\Incident Investigation Files\Scenario X\waverly - log collection\Messages_20260731203806\AdeleV@854jpt.onmicrosoft.com_cd74de49-232f-49d6-aac1-3d31025def48@854jpt.onmicrosoft.com.eml
  D6CF2C2ED67995C699FAC9B0AB836B2D72EAD7DCA27D169B7F651438200A104C  C:\Users\Bitpusher\Desktop\Incident Investigation Files\Scenario X\waverly - log collection\Messages_20260731203806\AdeleV@854jpt.onmicrosoft.com_d31463a9-dd3a-4643-9bb2-f21b4a1327e5@854jpt.onmicrosoft.com.eml
  5004FEF9B03066CE3149AD051314905E9097EB97CB1431313F0019360506354E  C:\Users\Bitpusher\Desktop\Incident Investigation Files\Scenario X\waverly - log collection\Messages_20260731203806\AdeleV@854jpt.onmicrosoft.com_d6e5fef3-6e06-4066-ad5a-b3e01d13220c@854jpt.onmicrosoft.com.eml
  CB2AE47BBAED1AA782CEB4CFF12511F5C562EFEB84C5F67749FD19FBD0AF4DB0  C:\Users\Bitpusher\Desktop\Incident Investigation Files\Scenario X\waverly - log collection\Messages_20260731203806\AdeleV@854jpt.onmicrosoft.com_dc562fd6-29b1-4911-9796-a05ca634fef0@854jpt.onmicrosoft.com.eml
  3915D07C6DAA2FAC8268138A0545070BF7E3E1880D7506BF889FC266FE823D59  C:\Users\Bitpusher\Desktop\Incident Investigation Files\Scenario X\waverly - log collection\Messages_20260731203806\AdeleV@854jpt.onmicrosoft.com_ed45d007-d316-492f-a265-09475d5d2f9a@854jpt.onmicrosoft.com.eml
  A0881375FEB8CF525621FE7C252C72753C4E9FE3EE5A9859B257D2D5435B08DD  C:\Users\Bitpusher\Desktop\Incident Investigation Files\Scenario X\waverly - log collection\Messages_20260731203806\AlexW@854jpt.onmicrosoft.com_0dda4e20-4659-4856-acd1-5c28622ea42a@854jpt.onmicrosoft.com.eml
  DBDF61E1142122ECACA510D1870A7003A8D8B4FEA9DE1104B0A5901556B2BDAD  C:\Users\Bitpusher\Desktop\Incident Investigation Files\Scenario X\waverly - log collection\Messages_20260731203806\AlexW@854jpt.onmicrosoft.com_2377068c-9d63-44e3-a2a6-708f5aed8204@854jpt.onmicrosoft.com.eml
  811AA0603B4035C823C2CBFADB67D4EFF9D99732149D77487B9CCE4AC67379BD  C:\Users\Bitpusher\Desktop\Incident Investigation Files\Scenario X\waverly - log collection\Messages_20260731203806\AlexW@854jpt.onmicrosoft.com_2e87a629-c2f4-4fc4-af41-f8f29bc9cc1b@854jpt.onmicrosoft.com.eml
  F0172B66976E83F6E1AE687A95C2E8F3C36AEB138E91A07D7DE5BCD157AD2588  C:\Users\Bitpusher\Desktop\Incident Investigation Files\Scenario X\waverly - log collection\Messages_20260731203806\AlexW@854jpt.onmicrosoft.com_2eb53355-095a-4b91-a87d-e5cb2520f59d@854jpt.onmicrosoft.com.eml
  7C53EE2B35599FF4C01CD62E261EEF8A6290FDF717654415D7198F8C78C50231  C:\Users\Bitpusher\Desktop\Incident Investigation Files\Scenario X\waverly - log collection\Messages_20260731203806\AlexW@854jpt.onmicrosoft.com_3b48bba2-2d97-4c4d-bcb4-3a7a96eb2123@854jpt.onmicrosoft.com.eml
  FF1D28E1F3CF474890AD9A94B51BCE2ACF67D050BCE22AA24CF411541D5F6DD8  C:\Users\Bitpusher\Desktop\Incident Investigation Files\Scenario X\waverly - log collection\Messages_20260731203806\AlexW@854jpt.onmicrosoft.com_477cb28e-1fd3-474e-aacf-c9c09c547363@854jpt.onmicrosoft.com.eml
  3D7537845637F923B5AD70CB664326427A20382C2736450244E9E1F80C163251  C:\Users\Bitpusher\Desktop\Incident Investigation Files\Scenario X\waverly - log collection\Messages_20260731203806\AlexW@854jpt.onmicrosoft.com_4def848f-7dd9-4410-aa7a-003041712583@854jpt.onmicrosoft.com.eml
  71FDE22FF7391B5AB50C355141E83F01F9A0A4761B20B00864045225279038D6  C:\Users\Bitpusher\Desktop\Incident Investigation Files\Scenario X\waverly - log collection\Messages_20260731203806\AlexW@854jpt.onmicrosoft.com_4f67c8e6-535a-43d4-b8a4-5cd6a7bcb994@854jpt.onmicrosoft.com.eml
  546A6B32FF0A8807B801DCDFC379BDF2FF6BB6CFCF325FC5DAB0690CC5FC6360  C:\Users\Bitpusher\Desktop\Incident Investigation Files\Scenario X\waverly - log collection\Messages_20260731203806\AlexW@854jpt.onmicrosoft.com_4f8ea0d9-73fa-419f-98c4-b98bec8cc268@854jpt.onmicrosoft.com.eml
  C499DF070D74ABC61299BE6477EE1B12D9228EC7A18BF924567E8289C50E8706  C:\Users\Bitpusher\Desktop\Incident Investigation Files\Scenario X\waverly - log collection\Messages_20260731203806\AlexW@854jpt.onmicrosoft.com_5b22b6a3-fde1-43bf-a6c7-33fa82b671d9@854jpt.onmicrosoft.com.eml
  32470C06602279F590542E14C53384598C1E76350FA99FEEEDBBE58C25D5D3B1  C:\Users\Bitpusher\Desktop\Incident Investigation Files\Scenario X\waverly - log collection\Messages_20260731203806\AlexW@854jpt.onmicrosoft.com_73fac190-309d-4c26-be14-279f91581e32@854jpt.onmicrosoft.com.eml
  E8A2C17155A3C490EE211D9F0BB00204D031D029F4B1BF129946BFDF9E2C548C  C:\Users\Bitpusher\Desktop\Incident Investigation Files\Scenario X\waverly - log collection\Messages_20260731203806\AlexW@854jpt.onmicrosoft.com_7405f919-5796-431d-a0d8-2a671c543905@854jpt.onmicrosoft.com.eml
  12D4DFEDAA41AEEBDA60EE09B0093920CFE2D2C0F3064988C7E6701563116004  C:\Users\Bitpusher\Desktop\Incident Investigation Files\Scenario X\waverly - log collection\Messages_20260731203806\AlexW@854jpt.onmicrosoft.com_7ed1b6bf-2b7d-43f6-ac0d-c259cbc4ba96@854jpt.onmicrosoft.com.eml
  31C6182D983DC8AB37367A2818A5D81A48D5BE6EB94188E1771A2FB96D8A64BB  C:\Users\Bitpusher\Desktop\Incident Investigation Files\Scenario X\waverly - log collection\Messages_20260731203806\AlexW@854jpt.onmicrosoft.com_8fe2b886-7eff-4258-9d90-7b497ce67e93@854jpt.onmicrosoft.com.eml
  5183F36D94AE51BEB19FD803CE81BC8AC1F96DEE103CE5B5DC737F6562D0F4A4  C:\Users\Bitpusher\Desktop\Incident Investigation Files\Scenario X\waverly - log collection\Messages_20260731203806\AlexW@854jpt.onmicrosoft.com_9dfca31f-f976-46b2-90b0-df9fbb9db50a@854jpt.onmicrosoft.com.eml
  D160F312BBB0157CE18C5CED8C87964BF9B8D5F2213F7F1575C036F0D5750C4C  C:\Users\Bitpusher\Desktop\Incident Investigation Files\Scenario X\waverly - log collection\Messages_20260731203806\AlexW@854jpt.onmicrosoft.com_ac1723d3-6359-4021-ae5a-fc08febd9fdb@854jpt.onmicrosoft.com.eml
  89B8263CB8D08E291F7A6AFD21D6FD169105C4AF480ED5BAD6A997244A9C80BF  C:\Users\Bitpusher\Desktop\Incident Investigation Files\Scenario X\waverly - log collection\Messages_20260731203806\AlexW@854jpt.onmicrosoft.com_b8fc7c22-857b-4e72-ba6a-dc44998d67d7@854jpt.onmicrosoft.com.eml
  6FC832C75823D85D9D2260A35AF4D5639D356E923F6F21B1FCFD1876E830975E  C:\Users\Bitpusher\Desktop\Incident Investigation Files\Scenario X\waverly - log collection\Messages_20260731203806\AlexW@854jpt.onmicrosoft.com_c2c2ab9e-3b37-446e-9f18-b1b5f06e313b@854jpt.onmicrosoft.com.eml
  A11EBE352D2B9CFEDB04AD809253B345DEFCF421B2C179B101BA4A8C7A3D13AF  C:\Users\Bitpusher\Desktop\Incident Investigation Files\Scenario X\waverly - log collection\Messages_20260731203806\AlexW@854jpt.onmicrosoft.com_c34389f0-d4e5-4864-b70d-ba55bab08830@854jpt.onmicrosoft.com.eml
  0CA4B20BE7653F72AC130B79AABD411E95C463BAE17B083ADFC11B06F3B70C65  C:\Users\Bitpusher\Desktop\Incident Investigation Files\Scenario X\waverly - log collection\Messages_20260731203806\AlexW@854jpt.onmicrosoft.com_c7d763b3-b849-4f29-ae16-6d3de954e831@854jpt.onmicrosoft.com.eml
  59BFBE2C6E6CD82E8A71D0A733819BFCF2532759670E59760C7954B968D98F22  C:\Users\Bitpusher\Desktop\Incident Investigation Files\Scenario X\waverly - log collection\Messages_20260731203806\AlexW@854jpt.onmicrosoft.com_cd74de49-232f-49d6-aac1-3d31025def48@854jpt.onmicrosoft.com.eml
  7E893E68778000988B71011B52BDCC896024B0D1A4175BBDF97EB6D55A54EC39  C:\Users\Bitpusher\Desktop\Incident Investigation Files\Scenario X\waverly - log collection\Messages_20260731203806\AlexW@854jpt.onmicrosoft.com_ce7744b8-765f-4e2f-b137-5f09c2e31605@854jpt.onmicrosoft.com.eml
  DC6198CB9ABBBC44636BC5E87F85566C9CBE5930E9DA446C93402ACDB64C50BE  C:\Users\Bitpusher\Desktop\Incident Investigation Files\Scenario X\waverly - log collection\Messages_20260731203806\AlexW@854jpt.onmicrosoft.com_d6e5fef3-6e06-4066-ad5a-b3e01d13220c@854jpt.onmicrosoft.com.eml
  778BAEC929C5B5B099322B95BA7BC98DCE8B0913B6C93E6ADBA2102FC36BE7C7  C:\Users\Bitpusher\Desktop\Incident Investigation Files\Scenario X\waverly - log collection\Messages_20260731203806\AlexW@854jpt.onmicrosoft.com_e009bdbc-b8e8-4d74-bd24-f6efc41483f6@854jpt.onmicrosoft.com.eml
  B6418CA90D6B54747A94A6E1EA04CB558E78037CFF94CCD2FF478ED38248AB74  C:\Users\Bitpusher\Desktop\Incident Investigation Files\Scenario X\waverly - log collection\Messages_20260731203806\AlexW@854jpt.onmicrosoft.com_fd855e73-6520-4322-957e-b8ca1d433cad@854jpt.onmicrosoft.com.eml
  D13F6D9315F8B2A70B602B0027A4781C69F343A2C6231A010E2AE8AEB8BA0761  C:\Users\Bitpusher\Desktop\Incident Investigation Files\Scenario X\waverly - log collection\Messages_20260731203806\DiegoS@854jpt.onmicrosoft.com_070472c8-c203-4fbb-b570-7753c4a7e586@854jpt.onmicrosoft.com.eml
  F7DE727EC9ED5DB1A315AE19F52E186FA954D69D3C6C80B86646B73561397380  C:\Users\Bitpusher\Desktop\Incident Investigation Files\Scenario X\waverly - log collection\Messages_20260731203806\DiegoS@854jpt.onmicrosoft.com_0d96379d-d2d5-4e52-b323-3829231229ea@854jpt.onmicrosoft.com.eml
  FF1B9A6BF7EF2C822522AF0E437A3A34FEFA181F2D508919ACCCDB3D97E7ECB5  C:\Users\Bitpusher\Desktop\Incident Investigation Files\Scenario X\waverly - log collection\Messages_20260731203806\DiegoS@854jpt.onmicrosoft.com_2377068c-9d63-44e3-a2a6-708f5aed8204@854jpt.onmicrosoft.com.eml
  D293ABE719082811D29DE476AF24B298158F466B191A39B5FBCF3F4675E69AFD  C:\Users\Bitpusher\Desktop\Incident Investigation Files\Scenario X\waverly - log collection\Messages_20260731203806\DiegoS@854jpt.onmicrosoft.com_2e87a629-c2f4-4fc4-af41-f8f29bc9cc1b@854jpt.onmicrosoft.com.eml
  31C28B2524FAF173A1AAF32DC6ED4104E96C5582A0942861A5789A06CAD5CF7E  C:\Users\Bitpusher\Desktop\Incident Investigation Files\Scenario X\waverly - log collection\Messages_20260731203806\DiegoS@854jpt.onmicrosoft.com_2eb53355-095a-4b91-a87d-e5cb2520f59d@854jpt.onmicrosoft.com.eml
  2278775783DC8AE7261FCAF9665DBB16752FDE548B6B69A0692C70950ED82653  C:\Users\Bitpusher\Desktop\Incident Investigation Files\Scenario X\waverly - log collection\Messages_20260731203806\DiegoS@854jpt.onmicrosoft.com_3b48bba2-2d97-4c4d-bcb4-3a7a96eb2123@854jpt.onmicrosoft.com.eml
  DE4A143834AD8B152832B2A7E8304DD76D755BA07162EB641F1DB039B64A6261  C:\Users\Bitpusher\Desktop\Incident Investigation Files\Scenario X\waverly - log collection\Messages_20260731203806\DiegoS@854jpt.onmicrosoft.com_477cb28e-1fd3-474e-aacf-c9c09c547363@854jpt.onmicrosoft.com.eml
  71C5FBDB1B33A50D928AD7FEFCEA8967954E06A1A43B2A9CE41CA21C40A4E1D7  C:\Users\Bitpusher\Desktop\Incident Investigation Files\Scenario X\waverly - log collection\Messages_20260731203806\DiegoS@854jpt.onmicrosoft.com_4990c53c-4140-41bf-a461-7f8b1cf8f690@854jpt.onmicrosoft.com.eml
  ECCE892205445234709C92E88D53B3E5E991DFF0D5D00A4138B9B63D0EFEADE8  C:\Users\Bitpusher\Desktop\Incident Investigation Files\Scenario X\waverly - log collection\Messages_20260731203806\DiegoS@854jpt.onmicrosoft.com_4f67c8e6-535a-43d4-b8a4-5cd6a7bcb994@854jpt.onmicrosoft.com.eml
  E04D569700641B28D55EAE693F5C08EDC92E6F75E4894133482208F2830EF9F9  C:\Users\Bitpusher\Desktop\Incident Investigation Files\Scenario X\waverly - log collection\Messages_20260731203806\DiegoS@854jpt.onmicrosoft.com_4f8ea0d9-73fa-419f-98c4-b98bec8cc268@854jpt.onmicrosoft.com.eml
  1C38F34AA39BDCEB7AFC62533868D8569A7031A369745922FFDA82F489A956FE  C:\Users\Bitpusher\Desktop\Incident Investigation Files\Scenario X\waverly - log collection\Messages_20260731203806\DiegoS@854jpt.onmicrosoft.com_709c7ff2-9902-42c2-b3fc-f850081baa78@854jpt.onmicrosoft.com.eml
  0DD900B3892CFFDA996D8C0CEDE1DE81E4F45077AD8E15C6772D1669EAB90499  C:\Users\Bitpusher\Desktop\Incident Investigation Files\Scenario X\waverly - log collection\Messages_20260731203806\DiegoS@854jpt.onmicrosoft.com_73fac190-309d-4c26-be14-279f91581e32@854jpt.onmicrosoft.com.eml
  D2250848DB22E31DA67F6717CB9341D3E8A8D6F53B2148361CC0F951790D7E2F  C:\Users\Bitpusher\Desktop\Incident Investigation Files\Scenario X\waverly - log collection\Messages_20260731203806\DiegoS@854jpt.onmicrosoft.com_7405f919-5796-431d-a0d8-2a671c543905@854jpt.onmicrosoft.com.eml
  DD757F2BE5A46A37F2D85582256B6B0C09237E113211FAA685BEA5FDAFCF1D78  C:\Users\Bitpusher\Desktop\Incident Investigation Files\Scenario X\waverly - log collection\Messages_20260731203806\DiegoS@854jpt.onmicrosoft.com_8785474b-c073-4745-8d23-e64e8bdba359@854jpt.onmicrosoft.com.eml
  A5481F0AE67785701D1BD618F710E5A8ECBACC6C30F97D49DEA3A8D03A28BBE2  C:\Users\Bitpusher\Desktop\Incident Investigation Files\Scenario X\waverly - log collection\Messages_20260731203806\DiegoS@854jpt.onmicrosoft.com_8d822f3a-9e8f-4757-ac80-2f400c70a139@854jpt.onmicrosoft.com.eml
  E5AF254410D27AC10DFC97190CACCD473603E618235E9653CD6C1D936E785AC6  C:\Users\Bitpusher\Desktop\Incident Investigation Files\Scenario X\waverly - log collection\Messages_20260731203806\DiegoS@854jpt.onmicrosoft.com_ac1723d3-6359-4021-ae5a-fc08febd9fdb@854jpt.onmicrosoft.com.eml
  87C39F9D4EF3A75029B13957E39838A48F5D11A555C1C6267B758B8E7C533C7E  C:\Users\Bitpusher\Desktop\Incident Investigation Files\Scenario X\waverly - log collection\Messages_20260731203806\DiegoS@854jpt.onmicrosoft.com_b8fc7c22-857b-4e72-ba6a-dc44998d67d7@854jpt.onmicrosoft.com.eml
  1F91966DF4F73CFD6925B95C168C842835C094180B760A59B5EA3657DD3FD8B4  C:\Users\Bitpusher\Desktop\Incident Investigation Files\Scenario X\waverly - log collection\Messages_20260731203806\DiegoS@854jpt.onmicrosoft.com_c2c2ab9e-3b37-446e-9f18-b1b5f06e313b@854jpt.onmicrosoft.com.eml
  0904A7A72FFCBBCE5CFD17523C550380F465DD4DD643E6BBFE98A967286B4D2C  C:\Users\Bitpusher\Desktop\Incident Investigation Files\Scenario X\waverly - log collection\Messages_20260731203806\DiegoS@854jpt.onmicrosoft.com_c7d763b3-b849-4f29-ae16-6d3de954e831@854jpt.onmicrosoft.com.eml
  423B0FAF7985E93867FE45DCBEE8C006DA0320DBD6915EE6FF2CDE4623124FA9  C:\Users\Bitpusher\Desktop\Incident Investigation Files\Scenario X\waverly - log collection\Messages_20260731203806\DiegoS@854jpt.onmicrosoft.com_cd74de49-232f-49d6-aac1-3d31025def48@854jpt.onmicrosoft.com.eml
  E9D417FE8DDAFE893E428147A310D3CF3636ECBEE78A68D1E590253F6CA3535E  C:\Users\Bitpusher\Desktop\Incident Investigation Files\Scenario X\waverly - log collection\Messages_20260731203806\DiegoS@854jpt.onmicrosoft.com_d6e5fef3-6e06-4066-ad5a-b3e01d13220c@854jpt.onmicrosoft.com.eml
  706075D1A08263D42941875AF71DCF017912CB57A60894BADA609EB10A98FC97  C:\Users\Bitpusher\Desktop\Incident Investigation Files\Scenario X\waverly - log collection\Messages_20260731203806\DiegoS@854jpt.onmicrosoft.com_da56d96c-8bdf-4a60-a21c-26d10fef6a07@854jpt.onmicrosoft.com.eml
  5E563DE39DEEF551AC7C585E0ED67128FD21D6779654455BF432E21D6EB60ACD  C:\Users\Bitpusher\Desktop\Incident Investigation Files\Scenario X\waverly - log collection\Messages_20260731203806\DiegoS@854jpt.onmicrosoft.com_fa22c69f-c94b-4fa6-81f7-be48328f061c@854jpt.onmicrosoft.com.eml
  549BF901A100DCA2F98A45722DF047C76F155CD397EBA663DDADAC5BC38F5996  C:\Users\Bitpusher\Desktop\Incident Investigation Files\Scenario X\waverly - log collection\Messages_20260731203806\DiegoS@854jpt.onmicrosoft.com_fd855e73-6520-4322-957e-b8ca1d433cad@854jpt.onmicrosoft.com.eml
  0D528054EABC9F80FC95A429BCC5A91650011C0558A1EB72B81DD66D00E4A179  C:\Users\Bitpusher\Desktop\Incident Investigation Files\Scenario X\waverly - log collection\Messages_20260731203806\GradyA@854jpt.onmicrosoft.com_0b63639a-b028-4bc7-ad24-ae17acd3fcb7@854jpt.onmicrosoft.com.eml
  B4F426B75694BE2A9CBEDD20AA543CE23F8813F13B415BA9363BDA3959133A3B  C:\Users\Bitpusher\Desktop\Incident Investigation Files\Scenario X\waverly - log collection\Messages_20260731203806\GradyA@854jpt.onmicrosoft.com_0d96379d-d2d5-4e52-b323-3829231229ea@854jpt.onmicrosoft.com.eml
  31805860F58EC3DA53DCCF96650A4FAF24BA869D38BF4A4CFDC807198FD0AE82  C:\Users\Bitpusher\Desktop\Incident Investigation Files\Scenario X\waverly - log collection\Messages_20260731203806\GradyA@854jpt.onmicrosoft.com_1df67f41-130a-4137-b0be-0a8f07e84631@854jpt.onmicrosoft.com.eml
  7A300F742EF5092D597E185988121B1BEBDC68C56759FE5F13B647BCDD097FAF  C:\Users\Bitpusher\Desktop\Incident Investigation Files\Scenario X\waverly - log collection\Messages_20260731203806\GradyA@854jpt.onmicrosoft.com_2377068c-9d63-44e3-a2a6-708f5aed8204@854jpt.onmicrosoft.com.eml
  88949BA8725B464ED1735C3B9B69A318C5C47C0196529B684FF617F720363B74  C:\Users\Bitpusher\Desktop\Incident Investigation Files\Scenario X\waverly - log collection\Messages_20260731203806\GradyA@854jpt.onmicrosoft.com_2e87a629-c2f4-4fc4-af41-f8f29bc9cc1b@854jpt.onmicrosoft.com.eml
  920588D097B727000ED6827712ACDCF2F340EBD4FF9EE34CD99F1144CCF99C27  C:\Users\Bitpusher\Desktop\Incident Investigation Files\Scenario X\waverly - log collection\Messages_20260731203806\GradyA@854jpt.onmicrosoft.com_2eb53355-095a-4b91-a87d-e5cb2520f59d@854jpt.onmicrosoft.com.eml
  08F9D2426CEB32854D8BAEED5EB870DCA3E90A6A2F8B6E314AC03A85C49D0232  C:\Users\Bitpusher\Desktop\Incident Investigation Files\Scenario X\waverly - log collection\Messages_20260731203806\GradyA@854jpt.onmicrosoft.com_3121cb0d-054e-4acb-92a7-c133833aef29@854jpt.onmicrosoft.com.eml
  339A51E47C4C1E64FEE5A372F510DEEF104DC49ABD1F1E3F93BE524D833D07B8  C:\Users\Bitpusher\Desktop\Incident Investigation Files\Scenario X\waverly - log collection\Messages_20260731203806\GradyA@854jpt.onmicrosoft.com_477cb28e-1fd3-474e-aacf-c9c09c547363@854jpt.onmicrosoft.com.eml
  4A133929C9463F93914D41D595DE53CA9802392110CA2040B22CFAF8B75CDE41  C:\Users\Bitpusher\Desktop\Incident Investigation Files\Scenario X\waverly - log collection\Messages_20260731203806\GradyA@854jpt.onmicrosoft.com_4990c53c-4140-41bf-a461-7f8b1cf8f690@854jpt.onmicrosoft.com.eml
  06880EE744A0F636175A45655917ABAAC60D8E09D17BA853C96E4A9EE9B7CF5D  C:\Users\Bitpusher\Desktop\Incident Investigation Files\Scenario X\waverly - log collection\Messages_20260731203806\GradyA@854jpt.onmicrosoft.com_4f67c8e6-535a-43d4-b8a4-5cd6a7bcb994@854jpt.onmicrosoft.com.eml
  838E903DAF04CDA02E45C25F64E376B4B1CB5EAD4DD9DF48E7473BD34EE328B8  C:\Users\Bitpusher\Desktop\Incident Investigation Files\Scenario X\waverly - log collection\Messages_20260731203806\GradyA@854jpt.onmicrosoft.com_709c7ff2-9902-42c2-b3fc-f850081baa78@854jpt.onmicrosoft.com.eml
  28A5D66E8CB5A66870AFD63042B992BE2F46F9C7613EE50AF45EBDCB64C83CD0  C:\Users\Bitpusher\Desktop\Incident Investigation Files\Scenario X\waverly - log collection\Messages_20260731203806\GradyA@854jpt.onmicrosoft.com_7405f919-5796-431d-a0d8-2a671c543905@854jpt.onmicrosoft.com.eml
  4B9B8A7F67FD6FAFDC2CE4F5433AE97E076229F28A348BD9BF248967695FA65C  C:\Users\Bitpusher\Desktop\Incident Investigation Files\Scenario X\waverly - log collection\Messages_20260731203806\GradyA@854jpt.onmicrosoft.com_832cf089-17b2-4abd-a5da-415a370e0054@854jpt.onmicrosoft.com.eml
  F125A18EC488E758651ACB0D493707121E355D6FF5E99AB412FC3A3084CCC497  C:\Users\Bitpusher\Desktop\Incident Investigation Files\Scenario X\waverly - log collection\Messages_20260731203806\GradyA@854jpt.onmicrosoft.com_8d822f3a-9e8f-4757-ac80-2f400c70a139@854jpt.onmicrosoft.com.eml
  C3FDBCF176976BDD4B5F028E51D0F6AE4E8E5F8B96F550EF80E3A1EF127B6748  C:\Users\Bitpusher\Desktop\Incident Investigation Files\Scenario X\waverly - log collection\Messages_20260731203806\GradyA@854jpt.onmicrosoft.com_9c77b403-12db-42c6-b8e8-ec5100720cab@854jpt.onmicrosoft.com.eml
  F1629E1434F0F0225D4832380EB30F42A4285D37A8CF76BB2C3487ED45DAD33B  C:\Users\Bitpusher\Desktop\Incident Investigation Files\Scenario X\waverly - log collection\Messages_20260731203806\GradyA@854jpt.onmicrosoft.com_9fb6d025-fbb7-45e9-a351-5368d67d225c@854jpt.onmicrosoft.com.eml
  C3B9D19BED6C21CB6AE97795D3F22FEFB8B7CBCF960CBD7AE0AED73AB488D728  C:\Users\Bitpusher\Desktop\Incident Investigation Files\Scenario X\waverly - log collection\Messages_20260731203806\GradyA@854jpt.onmicrosoft.com_a2ab3c98-a8d7-448c-b13d-d659e3cdd149@854jpt.onmicrosoft.com.eml
  2907A54EF6B0F2460344C84253E1A8D218F10E93678A431DE8452B49CA932070  C:\Users\Bitpusher\Desktop\Incident Investigation Files\Scenario X\waverly - log collection\Messages_20260731203806\GradyA@854jpt.onmicrosoft.com_ac1723d3-6359-4021-ae5a-fc08febd9fdb@854jpt.onmicrosoft.com.eml
  D3DCC54DCB8A11D425C5A31A19FD48E9C927A97D3C07C6BDA37BEA5DD4EDD4DA  C:\Users\Bitpusher\Desktop\Incident Investigation Files\Scenario X\waverly - log collection\Messages_20260731203806\GradyA@854jpt.onmicrosoft.com_b8fc7c22-857b-4e72-ba6a-dc44998d67d7@854jpt.onmicrosoft.com b8fc7c22-857b-4e72-ba6a-dc44998d67d7@854jpt.onmicrosoft.com.eml
  3643A39DF1E634816DC07A52560B7C1467AFB43FEBC145BBCB3D4FF7DB7FB443  C:\Users\Bitpusher\Desktop\Incident Investigation Files\Scenario X\waverly - log collection\Messages_20260731203806\GradyA@854jpt.onmicrosoft.com_c2c2ab9e-3b37-446e-9f18-b1b5f06e313b@854jpt.onmicrosoft.com.eml
  F243F6E9BD9C63FFC4F1CCF528BDB30A67476BB2CE499A5A7DF0177ED3AD7995  C:\Users\Bitpusher\Desktop\Incident Investigation Files\Scenario X\waverly - log collection\Messages_20260731203806\GradyA@854jpt.onmicrosoft.com_c7d763b3-b849-4f29-ae16-6d3de954e831@854jpt.onmicrosoft.com.eml
  5560CB2E7034B8EF337BAF6768F8CA4126C00A905FB019F59B88C7314AC0D75F  C:\Users\Bitpusher\Desktop\Incident Investigation Files\Scenario X\waverly - log collection\Messages_20260731203806\GradyA@854jpt.onmicrosoft.com_cd74de49-232f-49d6-aac1-3d31025def48@854jpt.onmicrosoft.com.eml
  61DAA37973F094CFD17FD804D2632EF8BC1894C30D735405763121A3316F8537  C:\Users\Bitpusher\Desktop\Incident Investigation Files\Scenario X\waverly - log collection\Messages_20260731203806\GradyA@854jpt.onmicrosoft.com_d6e5fef3-6e06-4066-ad5a-b3e01d13220c@854jpt.onmicrosoft.com.eml
  D91FA39F137449CC5E398538C2E1407AF410D7ED66B476EDB1188191E00A3FEE  C:\Users\Bitpusher\Desktop\Incident Investigation Files\Scenario X\waverly - log collection\Messages_20260731203806\GradyA@854jpt.onmicrosoft.com_d9dda4b9-f6c8-459c-a337-aea02ef775a3@854jpt.onmicrosoft.com.eml
  CDFEDFE0CDE1C420D42285D64049E4427592F39E0D3C45852CA28E41ACD4C13E  C:\Users\Bitpusher\Desktop\Incident Investigation Files\Scenario X\waverly - log collection\Messages_20260731203806\GradyA@854jpt.onmicrosoft.com_ed45d007-d316-492f-a265-09475d5d2f9a@854jpt.onmicrosoft.com.eml
  98880B0260009EDF6FD0A0151CC370E6E97D43CD39B41C931AB41AE0E668004C  C:\Users\Bitpusher\Desktop\Incident Investigation Files\Scenario X\waverly - log collection\Messages_20260731203806\GradyA@854jpt.onmicrosoft.com_fa22c69f-c94b-4fa6-81f7-be48328f061c@854jpt.onmicrosoft.com.eml
  64A2DFFEE51B6931DD0E3691CBB8B638EE8052A286F02791740BFC5489B67F16  C:\Users\Bitpusher\Desktop\Incident Investigation Files\Scenario X\waverly - log collection\Messages_20260731203806\HenriettaM@854jpt.onmicrosoft.com_2377068c-9d63-44e3-a2a6-708f5aed8204@854jpt.onmicrosoft.com.eml
  7409790B9AD79428B705E0DFED7798DE335A555AA89A4992B181A7C18753033E  C:\Users\Bitpusher\Desktop\Incident Investigation Files\Scenario X\waverly - log collection\Messages_20260731203806\HenriettaM@854jpt.onmicrosoft.com_2e87a629-c2f4-4fc4-af41-f8f29bc9cc1b@854jpt.onmicrosoft.com.eml
  391BB4429DD6E637664A13F1835606AB63C6BD12DA7CEA38635F389701B3E6C2  C:\Users\Bitpusher\Desktop\Incident Investigation Files\Scenario X\waverly - log collection\Messages_20260731203806\HenriettaM@854jpt.onmicrosoft.com_2eb53355-095a-4b91-a87d-e5cb2520f59d@854jpt.onmicrosoft.com.eml
  6A4301F70A6686C39B4DF4D35AB9E5F2DE601C6B20E787A47280BBFA5E9EC1AB  C:\Users\Bitpusher\Desktop\Incident Investigation Files\Scenario X\waverly - log collection\Messages_20260731203806\HenriettaM@854jpt.onmicrosoft.com_477cb28e-1fd3-474e-aacf-c9c09c547363@854jpt.onmicrosoft.com.eml
  864813C54EEE17632C7032A846D783C8F8070496D602B6C88D6137C889F968C7  C:\Users\Bitpusher\Desktop\Incident Investigation Files\Scenario X\waverly - log collection\Messages_20260731203806\HenriettaM@854jpt.onmicrosoft.com_4def848f-7dd9-4410-aa7a-003041712583@854jpt.onmicrosoft.com.eml
  F7E68BEB366EE0054CF0919C763EBFC8530201848393A9AD65A84F3C941311A2  C:\Users\Bitpusher\Desktop\Incident Investigation Files\Scenario X\waverly - log collection\Messages_20260731203806\HenriettaM@854jpt.onmicrosoft.com_4f67c8e6-535a-43d4-b8a4-5cd6a7bcb994@854jpt.onmicrosoft.com.eml
  C985911EE36612B13BC23CF33A184BC9D4CBED1EECCDF029C0FA7C5091B5605F  C:\Users\Bitpusher\Desktop\Incident Investigation Files\Scenario X\waverly - log collection\Messages_20260731203806\HenriettaM@854jpt.onmicrosoft.com_5b22b6a3-fde1-43bf-a6c7-33fa82b671d9@854jpt.onmicrosoft.com.eml
  233284BC80F46DA113994B13365B85B3DAB0A6FF4D13A8CD0522A45249499D7C  C:\Users\Bitpusher\Desktop\Incident Investigation Files\Scenario X\waverly - log collection\Messages_20260731203806\HenriettaM@854jpt.onmicrosoft.com_7405f919-5796-431d-a0d8-2a671c543905@854jpt.onmicrosoft.com.eml
  46E6EAC2CE2F341830AC132AE6C1186DE911596897FF7C66E1D7FCA5EA14E9EF  C:\Users\Bitpusher\Desktop\Incident Investigation Files\Scenario X\waverly - log collection\Messages_20260731203806\HenriettaM@854jpt.onmicrosoft.com_ac1723d3-6359-4021-ae5a-fc08febd9fdb@854jpt.onmicrosoft.com.eml
  87FCD31058D9C6E9AAFD377B3C7FDEABED70DADF878049721725F024F82E2F3E  C:\Users\Bitpusher\Desktop\Incident Investigation Files\Scenario X\waverly - log collection\Messages_20260731203806\HenriettaM@854jpt.onmicrosoft.com_b8fc7c22-857b-4e72-ba6a-dc44998d67d7@854jpt.onmicrosoft.com.eml
  5920A7E3B4BC5BC448A86157D729D169C4EF5F362918A8A921EC8D093D64BDEE  C:\Users\Bitpusher\Desktop\Incident Investigation Files\Scenario X\waverly - log collection\Messages_20260731203806\HenriettaM@854jpt.onmicrosoft.com_c2c2ab9e-3b37-446e-9f18-b1b5f06e313b@854jpt.onmicrosoft.com.eml
  D2C05824ABD1843036C7F7BFBDE6A9541E51B9DC1CB277996D0A79B5BEF0E04A  C:\Users\Bitpusher\Desktop\Incident Investigation Files\Scenario X\waverly - log collection\Messages_20260731203806\HenriettaM@854jpt.onmicrosoft.com_c7d763b3-b849-4f29-ae16-6d3de954e831@854jpt.onmicrosoft.com.eml
  FBB052033C44972F746E75C4594D6A74E3BEF57A0C9BAE1CF99CE4235AE1B4EB  C:\Users\Bitpusher\Desktop\Incident Investigation Files\Scenario X\waverly - log collection\Messages_20260731203806\HenriettaM@854jpt.onmicrosoft.com_cd74de49-232f-49d6-aac1-3d31025def48@854jpt.onmicrosoft.com.eml
  DFBBE9F4F1B66A8A6E9FC558854B1548DACCEF82A04D3EC4A25A427BD71CA9FC  C:\Users\Bitpusher\Desktop\Incident Investigation Files\Scenario X\waverly - log collection\Messages_20260731203806\HenriettaM@854jpt.onmicrosoft.com_ce7744b8-765f-4e2f-b137-5f09c2e31605@854jpt.onmicrosoft.com.eml
  2A2604C1E8A21869D5F8516C58F09A2B834EF7339015B6087E2957D2C5840296  C:\Users\Bitpusher\Desktop\Incident Investigation Files\Scenario X\waverly - log collection\Messages_20260731203806\HenriettaM@854jpt.onmicrosoft.com_d6e5fef3-6e06-4066-ad5a-b3e01d13220c@854jpt.onmicrosoft.com.eml
  EC136540072F59AEAD58B7B1B2C447F93B9F48406DFC15E0748BF02D3DB9C6FC  C:\Users\Bitpusher\Desktop\Incident Investigation Files\Scenario X\waverly - log collection\Messages_20260731203806\IsaiahL@854jpt.onmicrosoft.com_2377068c-9d63-44e3-a2a6-708f5aed8204@854jpt.onmicrosoft.com.eml
  D37E8C249E7F314E3FBBC92DB169C5FB15B4DA11C1FB240B89EB9512CC7C35BF  C:\Users\Bitpusher\Desktop\Incident Investigation Files\Scenario X\waverly - log collection\Messages_20260731203806\IsaiahL@854jpt.onmicrosoft.com_2e87a629-c2f4-4fc4-af41-f8f29bc9cc1b@854jpt.onmicrosoft.com.eml
  30876A299C5E12D7F0FEB32DF3D1AAD3D6D8FF5320F2FD658D7F8691C3939C86  C:\Users\Bitpusher\Desktop\Incident Investigation Files\Scenario X\waverly - log collection\Messages_20260731203806\IsaiahL@854jpt.onmicrosoft.com_2eb53355-095a-4b91-a87d-e5cb2520f59d@854jpt.onmicrosoft.com.eml
  2333810684A0F83850171733CEAA1348101B666E8CDCB8F4374C9E7C9B9282C6  C:\Users\Bitpusher\Desktop\Incident Investigation Files\Scenario X\waverly - log collection\Messages_20260731203806\IsaiahL@854jpt.onmicrosoft.com_467dc11e-ca38-496d-9f7f-4d55812afa64@854jpt.onmicrosoft.com.eml
  ABEB0A0BE9BEA85FA1BC00772BDBF4444C68264B90B48FBBD23EE7DD9315FBB2  C:\Users\Bitpusher\Desktop\Incident Investigation Files\Scenario X\waverly - log collection\Messages_20260731203806\IsaiahL@854jpt.onmicrosoft.com_477cb28e-1fd3-474e-aacf-c9c09c547363@854jpt.onmicrosoft.com.eml
  DE7EA8D5781E57DE5013CEDD807B149F18A715549B18154AAE849198DFFA7F95  C:\Users\Bitpusher\Desktop\Incident Investigation Files\Scenario X\waverly - log collection\Messages_20260731203806\IsaiahL@854jpt.onmicrosoft.com_4f67c8e6-535a-43d4-b8a4-5cd6a7bcb994@854jpt.onmicrosoft.com.eml
  D98E80499E504E9DFE7BBBE6F2396EFCE1E43BB5C5739F914C5D6C8583544673  C:\Users\Bitpusher\Desktop\Incident Investigation Files\Scenario X\waverly - log collection\Messages_20260731203806\IsaiahL@854jpt.onmicrosoft.com_5fb45624-eba5-4c20-ba44-99b051161889@854jpt.onmicrosoft.com.eml
  C2D1C26FBC3E4F7CF6848428681269EC0E67693119C5CCE4F1549DD26530250C  C:\Users\Bitpusher\Desktop\Incident Investigation Files\Scenario X\waverly - log collection\Messages_20260731203806\IsaiahL@854jpt.onmicrosoft.com_7405f919-5796-431d-a0d8-2a671c543905@854jpt.onmicrosoft.com.eml
  C0E536D4EA635FA10B83EEF6A1F2D9DB1A29DECE9F51956515AC7E60682035ED  C:\Users\Bitpusher\Desktop\Incident Investigation Files\Scenario X\waverly - log collection\Messages_20260731203806\IsaiahL@854jpt.onmicrosoft.com_85496e96-33f0-4709-8410-55b3e99d403f@854jpt.onmicrosoft.com.eml
  EB644C31EF9DF32BC6CAF2B2DC020558AD258C8DAF1DD8B06D7861FF3C0771AD  C:\Users\Bitpusher\Desktop\Incident Investigation Files\Scenario X\waverly - log collection\Messages_20260731203806\IsaiahL@854jpt.onmicrosoft.com_9c888c6e-c7ea-4691-8917-1a6cf33c9e8c@854jpt.onmicrosoft.com.eml
  01E462FAA4A63ABF411DA8F75082469656563E9B47017E567846A129715517D3  C:\Users\Bitpusher\Desktop\Incident Investigation Files\Scenario X\waverly - log collection\Messages_20260731203806\IsaiahL@854jpt.onmicrosoft.com_a6f633b5-ed16-4d31-8616-519b69b32c7d@854jpt.onmicrosoft.com.eml
  65C3C3E2DCB07FF67FDC63719E9AAB7F6A1055DAD995123BF98409702C21A38C  C:\Users\Bitpusher\Desktop\Incident Investigation Files\Scenario X\waverly - log collection\Messages_20260731203806\IsaiahL@854jpt.onmicrosoft.com_ac1723d3-6359-4021-ae5a-fc08febd9fdb@854jpt.onmicrosoft.com.eml
  5E00429548AE545215A88A3E05ABAEFADA5339910052C7B09074204DA31D2E70  C:\Users\Bitpusher\Desktop\Incident Investigation Files\Scenario X\waverly - log collection\Messages_20260731203806\IsaiahL@854jpt.onmicrosoft.com_b8fc7c22-857b-4e72-ba6a-dc44998d67d7@854jpt.onmicrosoft.com.eml
  8FDE732BE36D4B67A8AEF7D897F69AD861EBCE176FB506E239FE3B41D74313DD  C:\Users\Bitpusher\Desktop\Incident Investigation Files\Scenario X\waverly - log collection\Messages_20260731203806\IsaiahL@854jpt.onmicrosoft.com_c2c2ab9e-3b37-446e-9f18-b1b5f06e313b@854jpt.onmicrosoft.com.eml
  5AB30DDCA6FC931936A487CF891F44B97731D0679EB4265D709931AA19340436  C:\Users\Bitpusher\Desktop\Incident Investigation Files\Scenario X\waverly - log collection\Messages_20260731203806\IsaiahL@854jpt.onmicrosoft.com_c7d763b3-b849-4f29-ae16-6d3de954e831@854jpt.onmicrosoft.com.eml
  9BF78CF542FC8C652BD66FD5FF703DD0D2A6E61E257F6D49A49BF692A0502232  C:\Users\Bitpusher\Desktop\Incident Investigation Files\Scenario X\waverly - log collection\Messages_20260731203806\IsaiahL@854jpt.onmicrosoft.com_cd74de49-232f-49d6-aac1-3d31025def48@854jpt.onmicrosoft.com.eml
  865D9D08F072BABDA6C3207984EFFDBF62D3E3FDC8DF33E227D321BC0E323B78  C:\Users\Bitpusher\Desktop\Incident Investigation Files\Scenario X\waverly - log collection\Messages_20260731203806\IsaiahL@854jpt.onmicrosoft.com_d057e741-ae7f-463f-abe8-a9a2ab1e29ac@854jpt.onmicrosoft.com.eml
  3CA7922381885A4E4A9491779BA6696348D43AD22219E45244ADF670A00D03FD  C:\Users\Bitpusher\Desktop\Incident Investigation Files\Scenario X\waverly - log collection\Messages_20260731203806\IsaiahL@854jpt.onmicrosoft.com_d6e5fef3-6e06-4066-ad5a-b3e01d13220c@854jpt.onmicrosoft.com.eml
  5A67A3AB6A3E5EC7F64407DB58B5D247B576B41A4261C6B1DB0CC81A284485B0  C:\Users\Bitpusher\Desktop\Incident Investigation Files\Scenario X\waverly - log collection\Messages_20260731203806\IsaiahL@854jpt.onmicrosoft.com_d80de07c-9588-4d70-82e1-24210566ad83@854jpt.onmicrosoft.com.eml
  5133D7AC9A835E312F732830646C719F822760285319205AC50D54F9E3CA6F50  C:\Users\Bitpusher\Desktop\Incident Investigation Files\Scenario X\waverly - log collection\Messages_20260731203806\JohannaL@854jpt.onmicrosoft.com_2377068c-9d63-44e3-a2a6-708f5aed8204@854jpt.onmicrosoft.com.eml
  78D3A697A27C6C1FC0CB374D8DC5AA415A58631EE72C77CE26DEE121B0AF0505  C:\Users\Bitpusher\Desktop\Incident Investigation Files\Scenario X\waverly - log collection\Messages_20260731203806\JohannaL@854jpt.onmicrosoft.com_2e87a629-c2f4-4fc4-af41-f8f29bc9cc1b@854jpt.onmicrosoft.com.eml
  6A5FABF0E638D5AB657AD3E0AA0C47A66E6D1FA1C62393D721EB45699FC2ACA9  C:\Users\Bitpusher\Desktop\Incident Investigation Files\Scenario X\waverly - log collection\Messages_20260731203806\JohannaL@854jpt.onmicrosoft.com_2eb53355-095a-4b91-a87d-e5cb2520f59d@854jpt.onmicrosoft.com.eml
  A5F3CD25F60150DDA005AFB79ED94A5E454B2163A21699F814EE50BC4CE4163C  C:\Users\Bitpusher\Desktop\Incident Investigation Files\Scenario X\waverly - log collection\Messages_20260731203806\JohannaL@854jpt.onmicrosoft.com_45fda60d-ef62-4dd7-89f5-2bd9261ffff2@854jpt.onmicrosoft.com.eml
  6DA4BD288C007D237822685977E87A99309092F611B7D3A34ED991C82AE469B4  C:\Users\Bitpusher\Desktop\Incident Investigation Files\Scenario X\waverly - log collection\Messages_20260731203806\JohannaL@854jpt.onmicrosoft.com_477cb28e-1fd3-474e-aacf-c9c09c547363@854jpt.onmicrosoft.com.eml
  08961DAAFC58D2BD9C2AFCC4183E5763F7A369B4CED49DBBB1E053E9C947A2A1  C:\Users\Bitpusher\Desktop\Incident Investigation Files\Scenario X\waverly - log collection\Messages_20260731203806\JohannaL@854jpt.onmicrosoft.com_7405f919-5796-431d-a0d8-2a671c543905@854jpt.onmicrosoft.com.eml
  88801ECBCC02674CB3E103F758085780B25D1FA08610848CA3C97012089548F5  C:\Users\Bitpusher\Desktop\Incident Investigation Files\Scenario X\waverly - log collection\Messages_20260731203806\JohannaL@854jpt.onmicrosoft.com_7ed1b6bf-2b7d-43f6-ac0d-c259cbc4ba96@854jpt.onmicrosoft.com.eml
  4A185C0F7FDCFAC9880E1DD038AC03C1342B77E042F9EF55ADD865A05B0F22AA  C:\Users\Bitpusher\Desktop\Incident Investigation Files\Scenario X\waverly - log collection\Messages_20260731203806\JohannaL@854jpt.onmicrosoft.com_8fe2b886-7eff-4258-9d90-7b497ce67e93@854jpt.onmicrosoft.com.eml
  283A4621D239382CCF584442E9666105E1F8F95A2E179F079FA871137C4B4306  C:\Users\Bitpusher\Desktop\Incident Investigation Files\Scenario X\waverly - log collection\Messages_20260731203806\JohannaL@854jpt.onmicrosoft.com_9dfca31f-f976-46b2-90b0-df9fbb9db50a@854jpt.onmicrosoft.com.eml
  D869051A204FF35A2167D18059D26D9094BD416CD2275FC3C73D593C1CF02BF3  C:\Users\Bitpusher\Desktop\Incident Investigation Files\Scenario X\waverly - log collection\Messages_20260731203806\JohannaL@854jpt.onmicrosoft.com_ac1723d3-6359-4021-ae5a-fc08febd9fdb@854jpt.onmicrosoft.com.eml
  6DEB5880302619366882C740E3428BB558EF9EFC7758609EDE00AAB9EE555A60  C:\Users\Bitpusher\Desktop\Incident Investigation Files\Scenario X\waverly - log collection\Messages_20260731203806\JohannaL@854jpt.onmicrosoft.com_b8fc7c22-857b-4e72-ba6a-dc44998d67d7@854jpt.onmicrosoft.com.eml
  DA61A8E86DAD6CAC9EF40968D73AB259CBE4E2D056A48744AB5F83647B0E2A4B  C:\Users\Bitpusher\Desktop\Incident Investigation Files\Scenario X\waverly - log collection\Messages_20260731203806\JohannaL@854jpt.onmicrosoft.com_c2c2ab9e-3b37-446e-9f18-b1b5f06e313b@854jpt.onmicrosoft.com.eml
  7203A46CA0A0935E0D6C260DABCA00DAFC03EA8A3A55729A62FCBB463D6269A5  C:\Users\Bitpusher\Desktop\Incident Investigation Files\Scenario X\waverly - log collection\Messages_20260731203806\JohannaL@854jpt.onmicrosoft.com_c34389f0-d4e5-4864-b70d-ba55bab08830@854jpt.onmicrosoft.com.eml
  C4777072AE53F527526DE381EAD42EDB13E2B2404973389A8EB5679FE20BC838  C:\Users\Bitpusher\Desktop\Incident Investigation Files\Scenario X\waverly - log collection\Messages_20260731203806\JohannaL@854jpt.onmicrosoft.com_c7d763b3-b849-4f29-ae16-6d3de954e831@854jpt.onmicrosoft.com.eml
  81310FFB9F316DCF985579DD25A48E381C62ADBE69DABA6726CD94B513A2C151  C:\Users\Bitpusher\Desktop\Incident Investigation Files\Scenario X\waverly - log collection\Messages_20260731203806\JohannaL@854jpt.onmicrosoft.com_cd74de49-232f-49d6-aac1-3d31025def48@854jpt.onmicrosoft.com.eml
  A692860392A53BE165BEE29D87AEA734B0EF74482CA2A86C8D1597EA1AD6012E  C:\Users\Bitpusher\Desktop\Incident Investigation Files\Scenario X\waverly - log collection\Messages_20260731203806\JohannaL@854jpt.onmicrosoft.com_d6e5fef3-6e06-4066-ad5a-b3e01d13220c@854jpt.onmicrosoft.com.eml
  8179CED3DFB352EA8ABEEC5C4D8B2B161721A1AF95359876A91DFD761F02801B  C:\Users\Bitpusher\Desktop\Incident Investigation Files\Scenario X\waverly - log collection\Messages_20260731203806\JoniS@854jpt.onmicrosoft.com_05712de0-a22f-4471-8c0b-1a9c5627937d@854jpt.onmicrosoft.com.eml
  06EDB1BCD522CBE1AF36A9C8C45AE7465ED4B780FEE0AEE3AD6B4DF76F2A1970  C:\Users\Bitpusher\Desktop\Incident Investigation Files\Scenario X\waverly - log collection\Messages_20260731203806\JoniS@854jpt.onmicrosoft.com_1df67f41-130a-4137-b0be-0a8f07e84631@854jpt.onmicrosoft.com.eml
  A7F741FE369E2895EC4F087555559783AD6E49DCC71FDA342DA9BA00FB49F420  C:\Users\Bitpusher\Desktop\Incident Investigation Files\Scenario X\waverly - log collection\Messages_20260731203806\JoniS@854jpt.onmicrosoft.com_2377068c-9d63-44e3-a2a6-708f5aed8204@854jpt.onmicrosoft.com.eml
  A8F1581DEEC67E0A7CB710568EE21F903EEDFDD5AE7FBE3A3FA344196C0AEAF8  C:\Users\Bitpusher\Desktop\Incident Investigation Files\Scenario X\waverly - log collection\Messages_20260731203806\JoniS@854jpt.onmicrosoft.com_2e87a629-c2f4-4fc4-af41-f8f29bc9cc1b@854jpt.onmicrosoft.com.eml
  E416B0E3718250EFF0B2D62ACA890ED449E9790A9C07B65A7CF2011DD9EEADE1  C:\Users\Bitpusher\Desktop\Incident Investigation Files\Scenario X\waverly - log collection\Messages_20260731203806\JoniS@854jpt.onmicrosoft.com_2eb53355-095a-4b91-a87d-e5cb2520f59d@854jpt.onmicrosoft.com.eml
  20F3488EFDB3C1E3B99906199467425A9FD85C3BCB23632292D29AF87FEE8B34  C:\Users\Bitpusher\Desktop\Incident Investigation Files\Scenario X\waverly - log collection\Messages_20260731203806\JoniS@854jpt.onmicrosoft.com_477cb28e-1fd3-474e-aacf-c9c09c547363@854jpt.onmicrosoft.com.eml
  1B64E0CA00499AD3A8867675A03E033C86D5D7A10BFEBB54DF131E835F757650  C:\Users\Bitpusher\Desktop\Incident Investigation Files\Scenario X\waverly - log collection\Messages_20260731203806\JoniS@854jpt.onmicrosoft.com_4f67c8e6-535a-43d4-b8a4-5cd6a7bcb994@854jpt.onmicrosoft.com.eml
  F3E4AAC299A2D12FA3E66E9A06D8B937AA12059683813B5F054FBF625D89DDCE  C:\Users\Bitpusher\Desktop\Incident Investigation Files\Scenario X\waverly - log collection\Messages_20260731203806\JoniS@854jpt.onmicrosoft.com_7405f919-5796-431d-a0d8-2a671c543905@854jpt.onmicrosoft.com.eml
  C9047437BA0CF0CD107F21D4F9F7C913102EF65C3CF195B93465E3861424B722  C:\Users\Bitpusher\Desktop\Incident Investigation Files\Scenario X\waverly - log collection\Messages_20260731203806\JoniS@854jpt.onmicrosoft.com_9c77b403-12db-42c6-b8e8-ec5100720cab@854jpt.onmicrosoft.com.eml
  884B0DC06193521F48799AAD07A0EBD887A15454E3222C256082F53A79A08304  C:\Users\Bitpusher\Desktop\Incident Investigation Files\Scenario X\waverly - log collection\Messages_20260731203806\JoniS@854jpt.onmicrosoft.com_ac1723d3-6359-4021-ae5a-fc08febd9fdb@854jpt.onmicrosoft.com.eml
  43BEDFB224DD766EB68E32A06484A536AE2288CEA4E56B8A7A6DC7521C446CA5  C:\Users\Bitpusher\Desktop\Incident Investigation Files\Scenario X\waverly - log collection\Messages_20260731203806\JoniS@854jpt.onmicrosoft.com_b8fc7c22-857b-4e72-ba6a-dc44998d67d7@854jpt.onmicrosoft.com.eml
  1410D2FAB0831ACF1533566A69A89ECE01BB0583D92654ECF5BB1655F78C9448  C:\Users\Bitpusher\Desktop\Incident Investigation Files\Scenario X\waverly - log collection\Messages_20260731203806\JoniS@854jpt.onmicrosoft.com_c2c2ab9e-3b37-446e-9f18-b1b5f06e313b@854jpt.onmicrosoft.com.eml
  4D73309B4E145EF0C8C779757764DDC0E0581BA0051D315A897159C755D6AA43  C:\Users\Bitpusher\Desktop\Incident Investigation Files\Scenario X\waverly - log collection\Messages_20260731203806\JoniS@854jpt.onmicrosoft.com_c7d763b3-b849-4f29-ae16-6d3de954e831@854jpt.onmicrosoft.com.eml
  076C237C0B9E8F9AFF09932C7B1378E5A8A4CCDC5C7A27E21BA395A165EDC7BD  C:\Users\Bitpusher\Desktop\Incident Investigation Files\Scenario X\waverly - log collection\Messages_20260731203806\JoniS@854jpt.onmicrosoft.com_cd74de49-232f-49d6-aac1-3d31025def48@854jpt.onmicrosoft.com.eml
  8329E810F425624B2685C6D713806F00E4264D052A7E02F8749FA9694058441E  C:\Users\Bitpusher\Desktop\Incident Investigation Files\Scenario X\waverly - log collection\Messages_20260731203806\JoniS@854jpt.onmicrosoft.com_d31463a9-dd3a-4643-9bb2-f21b4a1327e5@854jpt.onmicrosoft.com.eml
  B3D8B1D40441BE6F016EBFDA15C3B3F25F4983409E71823FAA46422E15AFEFC8  C:\Users\Bitpusher\Desktop\Incident Investigation Files\Scenario X\waverly - log collection\Messages_20260731203806\JoniS@854jpt.onmicrosoft.com_d6e5fef3-6e06-4066-ad5a-b3e01d13220c@854jpt.onmicrosoft.com.eml
  BF0716831E7A87F524263846C7F9C7479552EED3D92BFBF0C41EEBE40375C9EA  C:\Users\Bitpusher\Desktop\Incident Investigation Files\Scenario X\waverly - log collection\Messages_20260731203806\JoniS@854jpt.onmicrosoft.com_d9dda4b9-f6c8-459c-a337-aea02ef775a3@854jpt.onmicrosoft.com.eml
  8E9A466D432D15D94F0A254190202A0B65DD7EBE498CB6B37A3819B012E5F38E  C:\Users\Bitpusher\Desktop\Incident Investigation Files\Scenario X\waverly - log collection\Messages_20260731203806\LeeG@854jpt.onmicrosoft.com_0dda4e20-4659-4856-acd1-5c28622ea42a@854jpt.onmicrosoft.com.eml
  3BEBBEF8214BCFC528C594CA1CF4C71198BD0E8E6DCE17ACB561144FCA046552  C:\Users\Bitpusher\Desktop\Incident Investigation Files\Scenario X\waverly - log collection\Messages_20260731203806\LeeG@854jpt.onmicrosoft.com_2377068c-9d63-44e3-a2a6-708f5aed8204@854jpt.onmicrosoft.com.eml
  D7D13A11A199C3194146CDC04E7C3E95907F6BB1A11282A8F3A2B3A9F06D9F09  C:\Users\Bitpusher\Desktop\Incident Investigation Files\Scenario X\waverly - log collection\Messages_20260731203806\LeeG@854jpt.onmicrosoft.com_2e87a629-c2f4-4fc4-af41-f8f29bc9cc1b@854jpt.onmicrosoft.com.eml
  292BD7E13284828C724C096157FF8E5702E63F5881C831872CE73D69011C9893  C:\Users\Bitpusher\Desktop\Incident Investigation Files\Scenario X\waverly - log collection\Messages_20260731203806\LeeG@854jpt.onmicrosoft.com_2eb53355-095a-4b91-a87d-e5cb2520f59d@854jpt.onmicrosoft.com.eml
  C0C7BEC8738D9ACB74738CA23491BAC7E61DE473B0E8E48E3ECA252222B324C1  C:\Users\Bitpusher\Desktop\Incident Investigation Files\Scenario X\waverly - log collection\Messages_20260731203806\LeeG@854jpt.onmicrosoft.com_477cb28e-1fd3-474e-aacf-c9c09c547363@854jpt.onmicrosoft.com.eml
  C32F8377B7283FC3299B14ED70766E7F555BA6A607BEE041E5AFA7274E146FEB  C:\Users\Bitpusher\Desktop\Incident Investigation Files\Scenario X\waverly - log collection\Messages_20260731203806\LeeG@854jpt.onmicrosoft.com_4f67c8e6-535a-43d4-b8a4-5cd6a7bcb994@854jpt.onmicrosoft.com.eml
  8B0969209A64A5BCB468D20997CD80A70E60A4B47D6B72CD4295BCD4BE9E8155  C:\Users\Bitpusher\Desktop\Incident Investigation Files\Scenario X\waverly - log collection\Messages_20260731203806\LeeG@854jpt.onmicrosoft.com_7405f919-5796-431d-a0d8-2a671c543905@854jpt.onmicrosoft.com.eml
  ECEC65B3A7126AC0303EAB31C6BB3E3E4489A2B4632D4E86FE6B799EF529AB65  C:\Users\Bitpusher\Desktop\Incident Investigation Files\Scenario X\waverly - log collection\Messages_20260731203806\LeeG@854jpt.onmicrosoft.com_ac1723d3-6359-4021-ae5a-fc08febd9fdb@854jpt.onmicrosoft.com.eml
  5C81E29ADAA6FF588263661E89C2F80BEF08F63B0C90E357D317BA0AA61E7C64  C:\Users\Bitpusher\Desktop\Incident Investigation Files\Scenario X\waverly - log collection\Messages_20260731203806\LeeG@854jpt.onmicrosoft.com_b8fc7c22-857b-4e72-ba6a-dc44998d67d7@854jpt.onmicrosoft.com.eml
  B7C4F20E27188313D4FC25394670335A0B0340A2634B72690A335EB9511EDD73  C:\Users\Bitpusher\Desktop\Incident Investigation Files\Scenario X\waverly - log collection\Messages_20260731203806\LeeG@854jpt.onmicrosoft.com_c2c2ab9e-3b37-446e-9f18-b1b5f06e313b@854jpt.onmicrosoft.com.eml
  F0BAB7474672C38042594EB25247FB9476953B19D17E0BC01555977238A89568  C:\Users\Bitpusher\Desktop\Incident Investigation Files\Scenario X\waverly - log collection\Messages_20260731203806\LeeG@854jpt.onmicrosoft.com_c7d763b3-b849-4f29-ae16-6d3de954e831@854jpt.onmicrosoft.com.eml
  AC2FB800F8A042E7B0FBE05786AEFB3A9E3972A68B5C0303E61AC19BB2AE2BF0  C:\Users\Bitpusher\Desktop\Incident Investigation Files\Scenario X\waverly - log collection\Messages_20260731203806\LeeG@854jpt.onmicrosoft.com_cd74de49-232f-49d6-aac1-3d31025def48@854jpt.onmicrosoft.com.eml
  FD54D830CF31894F0BA74287BA703912EC830908F5DA09923F27CFC9FA58CD8C  C:\Users\Bitpusher\Desktop\Incident Investigation Files\Scenario X\waverly - log collection\Messages_20260731203806\LeeG@854jpt.onmicrosoft.com_d6e5fef3-6e06-4066-ad5a-b3e01d13220c@854jpt.onmicrosoft.com.eml
  24DBABEEDE504E5134FE68BE984A384ACC97915006F22BF18E45F89D2A7C38F5  C:\Users\Bitpusher\Desktop\Incident Investigation Files\Scenario X\waverly - log collection\Messages_20260731203806\LeeG@854jpt.onmicrosoft.com_d9dda4b9-f6c8-459c-a337-aea02ef775a3@854jpt.onmicrosoft.com.eml
  20E0A17D89421FA78D1F7487AD2B2ABA84B05AE7565C87A884C87DE92CACB64B  C:\Users\Bitpusher\Desktop\Incident Investigation Files\Scenario X\waverly - log collection\Messages_20260731203806\LeeG@854jpt.onmicrosoft.com_e009bdbc-b8e8-4d74-bd24-f6efc41483f6@854jpt.onmicrosoft.com.eml
  0C4A5142DDB88FA8C23E402F6DAF3A739E1D8F115A815CF993E54A719508019B  C:\Users\Bitpusher\Desktop\Incident Investigation Files\Scenario X\waverly - log collection\Messages_20260731203806\LidiaH@854jpt.onmicrosoft.com_2377068c-9d63-44e3-a2a6-708f5aed8204@854jpt.onmicrosoft.com.eml
  59AF39F366FE61FA73F590F288D554661872FF42FFD61BA3576AE94458417AB7  C:\Users\Bitpusher\Desktop\Incident Investigation Files\Scenario X\waverly - log collection\Messages_20260731203806\LidiaH@854jpt.onmicrosoft.com_2e87a629-c2f4-4fc4-af41-f8f29bc9cc1b@854jpt.onmicrosoft.com.eml
  3837C96B9E8F7326B2815C109B8C7EFF91819D304A1E1B8BF01692469122BF5D  C:\Users\Bitpusher\Desktop\Incident Investigation Files\Scenario X\waverly - log collection\Messages_20260731203806\LidiaH@854jpt.onmicrosoft.com_2eb53355-095a-4b91-a87d-e5cb2520f59d@854jpt.onmicrosoft.com.eml
  EF61EC41EBFDF8D49CC71BE67DFE5F546392E367053A83FA9EF1754162DE7CB3  C:\Users\Bitpusher\Desktop\Incident Investigation Files\Scenario X\waverly - log collection\Messages_20260731203806\LidiaH@854jpt.onmicrosoft.com_477cb28e-1fd3-474e-aacf-c9c09c547363@854jpt.onmicrosoft.com.eml
  181ED72E6362B34870BA6F3F518315B0F7059D4B89794CFC8F60351D09610900  C:\Users\Bitpusher\Desktop\Incident Investigation Files\Scenario X\waverly - log collection\Messages_20260731203806\LidiaH@854jpt.onmicrosoft.com_4f67c8e6-535a-43d4-b8a4-5cd6a7bcb994@854jpt.onmicrosoft.com.eml
  C45BC83E3992524258BFF8B8D0C6DB57C25E58319ED92E0DB8726DC9DC428D12  C:\Users\Bitpusher\Desktop\Incident Investigation Files\Scenario X\waverly - log collection\Messages_20260731203806\LidiaH@854jpt.onmicrosoft.com_7405f919-5796-431d-a0d8-2a671c543905@854jpt.onmicrosoft.com.eml
  DE3CE1DA1D513CAA7DC6CDB6FD06CEA9F3D325A0469C333417169D22C0100B06  C:\Users\Bitpusher\Desktop\Incident Investigation Files\Scenario X\waverly - log collection\Messages_20260731203806\LidiaH@854jpt.onmicrosoft.com_ac1723d3-6359-4021-ae5a-fc08febd9fdb@854jpt.onmicrosoft.com.eml
  262A90D99BBB2FF74B15FBF19BA77B17FCBD38DDAD0F33BE5F495A69462995E2  C:\Users\Bitpusher\Desktop\Incident Investigation Files\Scenario X\waverly - log collection\Messages_20260731203806\LidiaH@854jpt.onmicrosoft.com_b8fc7c22-857b-4e72-ba6a-dc44998d67d7@854jpt.onmicrosoft.com.eml
  C725B9996F332EB6EC4BE23D8A8E6BD018D8A02DCEDFB5DF94D3F94872BE7C8B  C:\Users\Bitpusher\Desktop\Incident Investigation Files\Scenario X\waverly - log collection\Messages_20260731203806\LidiaH@854jpt.onmicrosoft.com_c2c2ab9e-3b37-446e-9f18-b1b5f06e313b@854jpt.onmicrosoft.com.eml
  ADD47F5101CD0D800AED888F1398ABCB67F9BDB6B7B60A5765BB2D7CAC5BFA5E  C:\Users\Bitpusher\Desktop\Incident Investigation Files\Scenario X\waverly - log collection\Messages_20260731203806\LidiaH@854jpt.onmicrosoft.com_c7d763b3-b849-4f29-ae16-6d3de954e831@854jpt.onmicrosoft.com.eml
  9B37C8FB6CF0DA04A537FA935C4F746FB0B71DEC4577AA5A183752809FEE0ABF  C:\Users\Bitpusher\Desktop\Incident Investigation Files\Scenario X\waverly - log collection\Messages_20260731203806\LidiaH@854jpt.onmicrosoft.com_cd74de49-232f-49d6-aac1-3d31025def48@854jpt.onmicrosoft.com.eml
  2907C4BC6496DF02C71DE6C67875CC06F6C01298F1EDFA09A1154E749602147F  C:\Users\Bitpusher\Desktop\Incident Investigation Files\Scenario X\waverly - log collection\Messages_20260731203806\LidiaH@854jpt.onmicrosoft.com_d6e5fef3-6e06-4066-ad5a-b3e01d13220c@854jpt.onmicrosoft.com.eml
  CDB6072A17D009A2AD2AEEF490F4F64561E7F72F2EB66C8F959FC3D4A7FE2077  C:\Users\Bitpusher\Desktop\Incident Investigation Files\Scenario X\waverly - log collection\Messages_20260731203806\LynneR@854jpt.onmicrosoft.com_2377068c-9d63-44e3-a2a6-708f5aed8204@854jpt.onmicrosoft.com.eml
  EE050BB70C2D9545531289DD376323797186C2028EAA70C33FA98FDCE13CE733  C:\Users\Bitpusher\Desktop\Incident Investigation Files\Scenario X\waverly - log collection\Messages_20260731203806\LynneR@854jpt.onmicrosoft.com_2e87a629-c2f4-4fc4-af41-f8f29bc9cc1b@854jpt.onmicrosoft.com.eml
  EA565A7173D664F5F2A33D00B15A98BADC3D7024FCFDD12CD70609873499EEE8  C:\Users\Bitpusher\Desktop\Incident Investigation Files\Scenario X\waverly - log collection\Messages_20260731203806\LynneR@854jpt.onmicrosoft.com_2eb53355-095a-4b91-a87d-e5cb2520f59d@854jpt.onmicrosoft.com.eml
  48A2DE25DB157FC88C1AB446D450AD5F9FDE15AAF7B4213E0072B89156735822  C:\Users\Bitpusher\Desktop\Incident Investigation Files\Scenario X\waverly - log collection\Messages_20260731203806\LynneR@854jpt.onmicrosoft.com_477cb28e-1fd3-474e-aacf-c9c09c547363@854jpt.onmicrosoft.com.eml
  62272C1E5E468620317BEA93C6B64DA9160EA1B5E0DCFDDB6CEE677522350DD2  C:\Users\Bitpusher\Desktop\Incident Investigation Files\Scenario X\waverly - log collection\Messages_20260731203806\LynneR@854jpt.onmicrosoft.com_7405f919-5796-431d-a0d8-2a671c543905@854jpt.onmicrosoft.com.eml
  5036501905818ED9B8069FA22DDCEE8A3C7370B75F135760FB9B7A81714F47B1  C:\Users\Bitpusher\Desktop\Incident Investigation Files\Scenario X\waverly - log collection\Messages_20260731203806\LynneR@854jpt.onmicrosoft.com_ac1723d3-6359-4021-ae5a-fc08febd9fdb@854jpt.onmicrosoft.com.eml
  4A7A3F1FA080C5C19F7615C6B9C34E156CA9C199F9F67C799F5E3B3C5BF90AA7  C:\Users\Bitpusher\Desktop\Incident Investigation Files\Scenario X\waverly - log collection\Messages_20260731203806\LynneR@854jpt.onmicrosoft.com_b8fc7c22-857b-4e72-ba6a-dc44998d67d7@854jpt.onmicrosoft.com.eml
  6C8E681DCB23ED04A99A4916D857D56581C3B44A8C754E1D7A4F42205DBF8328  C:\Users\Bitpusher\Desktop\Incident Investigation Files\Scenario X\waverly - log collection\Messages_20260731203806\LynneR@854jpt.onmicrosoft.com_c2c2ab9e-3b37-446e-9f18-b1b5f06e313b@854jpt.onmicrosoft.com.eml
  063E7BAACC4A40625A72D97FD5618E4E145609E5329C743479D26E969D3A5813  C:\Users\Bitpusher\Desktop\Incident Investigation Files\Scenario X\waverly - log collection\Messages_20260731203806\LynneR@854jpt.onmicrosoft.com_c7d763b3-b849-4f29-ae16-6d3de954e831@854jpt.onmicrosoft.com.eml
  43E3632D2D1E9249671B564E75B79D7A7F24D6D4D867C9E54FC3C70087B2210E  C:\Users\Bitpusher\Desktop\Incident Investigation Files\Scenario X\waverly - log collection\Messages_20260731203806\LynneR@854jpt.onmicrosoft.com_cd74de49-232f-49d6-aac1-3d31025def48@854jpt.onmicrosoft.com.eml
  794AC5BE5F2398588AEC323FFF179F742B1BE6CC5327586E9D57A2F2DC65D4C0  C:\Users\Bitpusher\Desktop\Incident Investigation Files\Scenario X\waverly - log collection\Messages_20260731203806\LynneR@854jpt.onmicrosoft.com_d6e5fef3-6e06-4066-ad5a-b3e01d13220c@854jpt.onmicrosoft.com.eml
  FAE3E779ACE5FB5E304DDF2D178941B7E6D573F01AF95212C1697064E34A2204  C:\Users\Bitpusher\Desktop\Incident Investigation Files\Scenario X\waverly - log collection\Messages_20260731203806\MeganB@854jpt.onmicrosoft.com_0b63639a-b028-4bc7-ad24-ae17acd3fcb7@854jpt.onmicrosoft.com.eml
  C9E391D9AF490C822D4D0313E9FC37E9C3F0C041AB6687F196D0F8B1D0573D90  C:\Users\Bitpusher\Desktop\Incident Investigation Files\Scenario X\waverly - log collection\Messages_20260731203806\MeganB@854jpt.onmicrosoft.com_2377068c-9d63-44e3-a2a6-708f5aed8204@854jpt.onmicrosoft.com.eml
  BEC3CA7287AEFC958E782CAF67950184BA81CDCC216D07F46667B45C07D18F7D  C:\Users\Bitpusher\Desktop\Incident Investigation Files\Scenario X\waverly - log collection\Messages_20260731203806\MeganB@854jpt.onmicrosoft.com_2e87a629-c2f4-4fc4-af41-f8f29bc9cc1b@854jpt.onmicrosoft.com.eml
  AFC524F0340B4C753D77FF7FAE3320CFF375FAA716ACD81545B07CEF34FB44B3  C:\Users\Bitpusher\Desktop\Incident Investigation Files\Scenario X\waverly - log collection\Messages_20260731203806\MeganB@854jpt.onmicrosoft.com_2eb53355-095a-4b91-a87d-e5cb2520f59d@854jpt.onmicrosoft.com.eml
  1788EFC3D2DA88B648BB54A48AF297D198FB151F800C9B1D98F424201D292304  C:\Users\Bitpusher\Desktop\Incident Investigation Files\Scenario X\waverly - log collection\Messages_20260731203806\MeganB@854jpt.onmicrosoft.com_477cb28e-1fd3-474e-aacf-c9c09c547363@854jpt.onmicrosoft.com.eml
  0475780660BC6765907020046BCD0A21F5C734EA5947DC3E850D4FD829F6027A  C:\Users\Bitpusher\Desktop\Incident Investigation Files\Scenario X\waverly - log collection\Messages_20260731203806\MeganB@854jpt.onmicrosoft.com_4f67c8e6-535a-43d4-b8a4-5cd6a7bcb994@854jpt.onmicrosoft.com.eml
  9CC0E69A3F8E54C49AED8FDF159688330F854C3DCEB2F56CC53594D8570DC005  C:\Users\Bitpusher\Desktop\Incident Investigation Files\Scenario X\waverly - log collection\Messages_20260731203806\MeganB@854jpt.onmicrosoft.com_7405f919-5796-431d-a0d8-2a671c543905@854jpt.onmicrosoft.com.eml
  2285B77A54618074B2606923C620771BDB3F3E3B48DA243D169DB71FB2851433  C:\Users\Bitpusher\Desktop\Incident Investigation Files\Scenario X\waverly - log collection\Messages_20260731203806\MeganB@854jpt.onmicrosoft.com_8fe2b886-7eff-4258-9d90-7b497ce67e93@854jpt.onmicrosoft.com.eml
  7299B745E3E4FE77C34EE9DAE6A0B2B0BA626781C9E88E74EDD717FD64BF4F34  C:\Users\Bitpusher\Desktop\Incident Investigation Files\Scenario X\waverly - log collection\Messages_20260731203806\MeganB@854jpt.onmicrosoft.com_ac1723d3-6359-4021-ae5a-fc08febd9fdb@854jpt.onmicrosoft.com.eml
  0A7D2FC6B9FEDA5DFD1C1688B817942EDB82FD69E9D872EC6827B92F89E099A2  C:\Users\Bitpusher\Desktop\Incident Investigation Files\Scenario X\waverly - log collection\Messages_20260731203806\MeganB@854jpt.onmicrosoft.com_b8fc7c22-857b-4e72-ba6a-dc44998d67d7@854jpt.onmicrosoft.com.eml
  4950E1133DA771C4A8FADE4D586DD95BCA54591F5C8645E33980ED165E86D638  C:\Users\Bitpusher\Desktop\Incident Investigation Files\Scenario X\waverly - log collection\Messages_20260731203806\MeganB@854jpt.onmicrosoft.com_c2c2ab9e-3b37-446e-9f18-b1b5f06e313b@854jpt.onmicrosoft.com.eml
  9300B10BCD364A1998611FCFEAFE988AD01C6B725D4CAC68E50C392F50D36651  C:\Users\Bitpusher\Desktop\Incident Investigation Files\Scenario X\waverly - log collection\Messages_20260731203806\MeganB@854jpt.onmicrosoft.com_c34389f0-d4e5-4864-b70d-ba55bab08830@854jpt.onmicrosoft.com.eml
  0B26C033AF1C40F5DAD71688C7AA7774D14179B0BD8E357D866BC8CFCDE7A884  C:\Users\Bitpusher\Desktop\Incident Investigation Files\Scenario X\waverly - log collection\Messages_20260731203806\MeganB@854jpt.onmicrosoft.com_c7d763b3-b849-4f29-ae16-6d3de954e831@854jpt.onmicrosoft.com.eml
  388D220CBCAD4F21F77F85DB61BED5C1EF50581CF89F6049C9AB0EE4ADA407EC  C:\Users\Bitpusher\Desktop\Incident Investigation Files\Scenario X\waverly - log collection\Messages_20260731203806\MeganB@854jpt.onmicrosoft.com_cd74de49-232f-49d6-aac1-3d31025def48@854jpt.onmicrosoft.com.eml
  3B7E4E206803CDBB0998B934A39C393B51F6F0E73D352E33AA25D4F9840F829B  C:\Users\Bitpusher\Desktop\Incident Investigation Files\Scenario X\waverly - log collection\Messages_20260731203806\MeganB@854jpt.onmicrosoft.com_d6e5fef3-6e06-4066-ad5a-b3e01d13220c@854jpt.onmicrosoft.com.eml
  C149DB984169BDFB77FE7A2C114A265494178B09D02132FB56F117D0477F2328  C:\Users\Bitpusher\Desktop\Incident Investigation Files\Scenario X\waverly - log collection\Messages_20260731203806\MiriamG@854jpt.onmicrosoft.com_070472c8-c203-4fbb-b570-7753c4a7e586@854jpt.onmicrosoft.com.eml
  CA7FEB6B7BF9BFD14FC17DC352B34E28D427C3DC92DF74CAFA534744DC0AD807  C:\Users\Bitpusher\Desktop\Incident Investigation Files\Scenario X\waverly - log collection\Messages_20260731203806\MiriamG@854jpt.onmicrosoft.com_2377068c-9d63-44e3-a2a6-708f5aed8204@854jpt.onmicrosoft.com.eml
  374D5E4159248B139564106AE09428AB171DAB38959D63D501892B683EB7886D  C:\Users\Bitpusher\Desktop\Incident Investigation Files\Scenario X\waverly - log collection\Messages_20260731203806\MiriamG@854jpt.onmicrosoft.com_2e87a629-c2f4-4fc4-af41-f8f29bc9cc1b@854jpt.onmicrosoft.com.eml
  522423D931F64BC9044A41F93AE999FA701CC6403B97D35A1844AA6504E86D67  C:\Users\Bitpusher\Desktop\Incident Investigation Files\Scenario X\waverly - log collection\Messages_20260731203806\MiriamG@854jpt.onmicrosoft.com_2eb53355-095a-4b91-a87d-e5cb2520f59d@854jpt.onmicrosoft.com.eml
  5C742D3C169EAD08BD10C15ECA437BFF04CB9E292077D7378347097EC953CB6B  C:\Users\Bitpusher\Desktop\Incident Investigation Files\Scenario X\waverly - log collection\Messages_20260731203806\MiriamG@854jpt.onmicrosoft.com_477cb28e-1fd3-474e-aacf-c9c09c547363@854jpt.onmicrosoft.com.eml
  7574E2E40DDE7C9769BAB5C5A223B009F52B438385EE487FE3A0C3BAE72D3D80  C:\Users\Bitpusher\Desktop\Incident Investigation Files\Scenario X\waverly - log collection\Messages_20260731203806\MiriamG@854jpt.onmicrosoft.com_7405f919-5796-431d-a0d8-2a671c543905@854jpt.onmicrosoft.com.eml
  B8825E70EC95B4AD37C29CBB43172025F539499F478B20262AD5B61848144A47  C:\Users\Bitpusher\Desktop\Incident Investigation Files\Scenario X\waverly - log collection\Messages_20260731203806\MiriamG@854jpt.onmicrosoft.com_8785474b-c073-4745-8d23-e64e8bdba359@854jpt.onmicrosoft.com.eml
  FC3DC0A3434158CE648801167BBD470470C92F44EE5E1C9BA574528CD7DC1638  C:\Users\Bitpusher\Desktop\Incident Investigation Files\Scenario X\waverly - log collection\Messages_20260731203806\MiriamG@854jpt.onmicrosoft.com_ac1723d3-6359-4021-ae5a-fc08febd9fdb@854jpt.onmicrosoft.com.eml
  DB0F9F8589E374B5AD824A937F23357988853BF3E1F3AAB64D32A0B936ADF225  C:\Users\Bitpusher\Desktop\Incident Investigation Files\Scenario X\waverly - log collection\Messages_20260731203806\MiriamG@854jpt.onmicrosoft.com_b8fc7c22-857b-4e72-ba6a-dc44998d67d7@854jpt.onmicrosoft.com.eml
  AB65F21017CF2C9949047FC28A7A6383A21162E0381A518E6A9522D6D3E470E7  C:\Users\Bitpusher\Desktop\Incident Investigation Files\Scenario X\waverly - log collection\Messages_20260731203806\MiriamG@854jpt.onmicrosoft.com_c2c2ab9e-3b37-446e-9f18-b1b5f06e313b@854jpt.onmicrosoft.com.eml
  3872366659A0020143F958B725F0D19A3C9BE6E254267D7E4F9E7FC3CFC5E420  C:\Users\Bitpusher\Desktop\Incident Investigation Files\Scenario X\waverly - log collection\Messages_20260731203806\MiriamG@854jpt.onmicrosoft.com_c7d763b3-b849-4f29-ae16-6d3de954e831@854jpt.onmicrosoft.com.eml
  0F44F88B244BF16DF29E5BD1670B693D2349D20DBBB324DE4BFF279FBD13ED2C  C:\Users\Bitpusher\Desktop\Incident Investigation Files\Scenario X\waverly - log collection\Messages_20260731203806\MiriamG@854jpt.onmicrosoft.com_cd74de49-232f-49d6-aac1-3d31025def48@854jpt.onmicrosoft.com.eml
  A5A51095DA14A68DFD02A6BBB7462DFE5A6F0F22DEA22B05A01573E69C6E2536  C:\Users\Bitpusher\Desktop\Incident Investigation Files\Scenario X\waverly - log collection\Messages_20260731203806\MiriamG@854jpt.onmicrosoft.com_d6e5fef3-6e06-4066-ad5a-b3e01d13220c@854jpt.onmicrosoft.com.eml
  35D30EEEFD18284D743B50220D6468A429D8FB518D1C1FE4224B023E8BBA4F63  C:\Users\Bitpusher\Desktop\Incident Investigation Files\Scenario X\waverly - log collection\Messages_20260731203806\MiriamG@854jpt.onmicrosoft.com_da56d96c-8bdf-4a60-a21c-26d10fef6a07@854jpt.onmicrosoft.com.eml
  182DEDCF4D71DB4E8CE9411C75D5CEF2E4059957BB99A6B28707E8BA4DFAD7BF  C:\Users\Bitpusher\Desktop\Incident Investigation Files\Scenario X\waverly - log collection\Messages_20260731203806\NestorW@854jpt.onmicrosoft.com_0d96379d-d2d5-4e52-b323-3829231229ea@854jpt.onmicrosoft.com.eml
  B3C43294782BDAA17E257ED123F88A1F401311E6E51A897579C238B91408F184  C:\Users\Bitpusher\Desktop\Incident Investigation Files\Scenario X\waverly - log collection\Messages_20260731203806\NestorW@854jpt.onmicrosoft.com_2377068c-9d63-44e3-a2a6-708f5aed8204@854jpt.onmicrosoft.com.eml
  61975A4072F0CA0D20A516285C160AD3200F3FAA39C190366ADBFCDCAEE4C389  C:\Users\Bitpusher\Desktop\Incident Investigation Files\Scenario X\waverly - log collection\Messages_20260731203806\NestorW@854jpt.onmicrosoft.com_2e87a629-c2f4-4fc4-af41-f8f29bc9cc1b@854jpt.onmicrosoft.com.eml
  226D825E9E14F081F7BE73AE6EEC168491D302B3346B248FB7AB053E0BA46D7F  C:\Users\Bitpusher\Desktop\Incident Investigation Files\Scenario X\waverly - log collection\Messages_20260731203806\NestorW@854jpt.onmicrosoft.com_2eb53355-095a-4b91-a87d-e5cb2520f59d@854jpt.onmicrosoft.com.eml
  B1CFDAD1D516CC9B1FFF2F6B48357935179FA18B49269D5C9B5F6481DBD06949  C:\Users\Bitpusher\Desktop\Incident Investigation Files\Scenario X\waverly - log collection\Messages_20260731203806\NestorW@854jpt.onmicrosoft.com_3b48bba2-2d97-4c4d-bcb4-3a7a96eb2123@854jpt.onmicrosoft.com.eml
  A6A272381B97CCB5FD00A50C45E6CE08F236BF6E91373856678EDB5DD2D45BEE  C:\Users\Bitpusher\Desktop\Incident Investigation Files\Scenario X\waverly - log collection\Messages_20260731203806\NestorW@854jpt.onmicrosoft.com_467dc11e-ca38-496d-9f7f-4d55812afa64@854jpt.onmicrosoft.com.eml
  611B14B8386484075755CEF9FE6F24D2587828D96383F07081C12092F6F14DE3  C:\Users\Bitpusher\Desktop\Incident Investigation Files\Scenario X\waverly - log collection\Messages_20260731203806\NestorW@854jpt.onmicrosoft.com_477cb28e-1fd3-474e-aacf-c9c09c547363@854jpt.onmicrosoft.com.eml
  B1216785067C66244203568BD08DB7DD2297F621128A296CD81D6DD53550AA4A  C:\Users\Bitpusher\Desktop\Incident Investigation Files\Scenario X\waverly - log collection\Messages_20260731203806\NestorW@854jpt.onmicrosoft.com_4990c53c-4140-41bf-a461-7f8b1cf8f690@854jpt.onmicrosoft.com.eml
  FD4C48F3984537DABA77B823390FA69453E3C7D200D5BD7425C6ED38716E4079  C:\Users\Bitpusher\Desktop\Incident Investigation Files\Scenario X\waverly - log collection\Messages_20260731203806\NestorW@854jpt.onmicrosoft.com_4f67c8e6-535a-43d4-b8a4-5cd6a7bcb994@854jpt.onmicrosoft.com.eml
  D52CD8C62D8426C648F0B7813E0B70EBC8A972A5493281E3346CA0FCE0F55C62  C:\Users\Bitpusher\Desktop\Incident Investigation Files\Scenario X\waverly - log collection\Messages_20260731203806\NestorW@854jpt.onmicrosoft.com_4f8ea0d9-73fa-419f-98c4-b98bec8cc268@854jpt.onmicrosoft.com.eml
  0C72119D1E5ECAA33B7F3EB6FD0349E641A0386CEFA5D34E50E21AA8CC339217  C:\Users\Bitpusher\Desktop\Incident Investigation Files\Scenario X\waverly - log collection\Messages_20260731203806\NestorW@854jpt.onmicrosoft.com_709c7ff2-9902-42c2-b3fc-f850081baa78@854jpt.onmicrosoft.com.eml
  93B37DB20EA0DDD6285BC4E783F8A3B5FE09833EC282CF9A3C5676DD5A50DF3A  C:\Users\Bitpusher\Desktop\Incident Investigation Files\Scenario X\waverly - log collection\Messages_20260731203806\NestorW@854jpt.onmicrosoft.com_73fac190-309d-4c26-be14-279f91581e32@854jpt.onmicrosoft.com.eml
  BCB6D7309A049C311984AEE1E694A1FE791CC9B54BE41A4CE7BFBD558969E4A2  C:\Users\Bitpusher\Desktop\Incident Investigation Files\Scenario X\waverly - log collection\Messages_20260731203806\NestorW@854jpt.onmicrosoft.com_7405f919-5796-431d-a0d8-2a671c543905@854jpt.onmicrosoft.com.eml
  FAF0F8C22A14698FE7F9E67A0BC55206093C68C4DF9A832CB1093044DF28CCA5  C:\Users\Bitpusher\Desktop\Incident Investigation Files\Scenario X\waverly - log collection\Messages_20260731203806\NestorW@854jpt.onmicrosoft.com_85496e96-33f0-4709-8410-55b3e99d403f@854jpt.onmicrosoft.com.eml
  B565121DD14084547A06B92E27DD9D6348D05E6D646D7562A973B02B4AC58B76  C:\Users\Bitpusher\Desktop\Incident Investigation Files\Scenario X\waverly - log collection\Messages_20260731203806\NestorW@854jpt.onmicrosoft.com_8d822f3a-9e8f-4757-ac80-2f400c70a139@854jpt.onmicrosoft.com.eml
  36314928C801D415E1D7913A712C99393AC7A431CD72B71773D1A9AE9FB09C6D  C:\Users\Bitpusher\Desktop\Incident Investigation Files\Scenario X\waverly - log collection\Messages_20260731203806\NestorW@854jpt.onmicrosoft.com_9c888c6e-c7ea-4691-8917-1a6cf33c9e8c@854jpt.onmicrosoft.com.eml
  0E7E79C97D341B2674255349B0C21B6EDC6CD1B8D510CB2C845291D33E86F329  C:\Users\Bitpusher\Desktop\Incident Investigation Files\Scenario X\waverly - log collection\Messages_20260731203806\NestorW@854jpt.onmicrosoft.com_ac1723d3-6359-4021-ae5a-fc08febd9fdb@854jpt.onmicrosoft.com.eml
  EBDDE646FFD6F353BA05AC5D16ADFE12E4CB62200EBD9A84C5949514FB60BEFC  C:\Users\Bitpusher\Desktop\Incident Investigation Files\Scenario X\waverly - log collection\Messages_20260731203806\NestorW@854jpt.onmicrosoft.com_b8fc7c22-857b-4e72-ba6a-dc44998d67d7@854jpt.onmicrosoft.com.eml
  3744E5F40FEFFD61129632D79EC80BE55D700700A47E40294F415E9A1DF49B1F  C:\Users\Bitpusher\Desktop\Incident Investigation Files\Scenario X\waverly - log collection\Messages_20260731203806\NestorW@854jpt.onmicrosoft.com_c2c2ab9e-3b37-446e-9f18-b1b5f06e313b@854jpt.onmicrosoft.com.eml
  27CC84E32B69859C493B24AFE2AD4449D1E5CF2B7648310083A0D0778D26C25E  C:\Users\Bitpusher\Desktop\Incident Investigation Files\Scenario X\waverly - log collection\Messages_20260731203806\NestorW@854jpt.onmicrosoft.com_c7d763b3-b849-4f29-ae16-6d3de954e831@854jpt.onmicrosoft.com.eml
  B1B9A1420589F437C642BF01E2DACE52B095CBEDD0C81DAA4DE453F364A25FC8  C:\Users\Bitpusher\Desktop\Incident Investigation Files\Scenario X\waverly - log collection\Messages_20260731203806\NestorW@854jpt.onmicrosoft.com_cd74de49-232f-49d6-aac1-3d31025def48@854jpt.onmicrosoft.com.eml
  892A269B83A3F459FE62816510C5340CC781681EEE748E7DDDBFE2918ED61274  C:\Users\Bitpusher\Desktop\Incident Investigation Files\Scenario X\waverly - log collection\Messages_20260731203806\NestorW@854jpt.onmicrosoft.com_d057e741-ae7f-463f-abe8-a9a2ab1e29ac@854jpt.onmicrosoft.com.eml
  4CAB26E63A4D5A69D4681DAE80694960F8C1F9271F639553D65BD9B426B2381F  C:\Users\Bitpusher\Desktop\Incident Investigation Files\Scenario X\waverly - log collection\Messages_20260731203806\NestorW@854jpt.onmicrosoft.com_d6e5fef3-6e06-4066-ad5a-b3e01d13220c@854jpt.onmicrosoft.com.eml
  824AF76369B7936706A0A32F58581D22E13C2ADEEA20FE193B6DEB9ACA54D5CF  C:\Users\Bitpusher\Desktop\Incident Investigation Files\Scenario X\waverly - log collection\Messages_20260731203806\NestorW@854jpt.onmicrosoft.com_d80de07c-9588-4d70-82e1-24210566ad83@854jpt.onmicrosoft.com.eml
  8F9B318D61DCA92EE8348E87ACD64EDB2E2E20EE31C20F47AC0709A6A2BF276D  C:\Users\Bitpusher\Desktop\Incident Investigation Files\Scenario X\waverly - log collection\Messages_20260731203806\NestorW@854jpt.onmicrosoft.com_fa22c69f-c94b-4fa6-81f7-be48328f061c@854jpt.onmicrosoft.com.eml
  0300311C6F2A602EB216860C9640087A3FA324851AA13C39178CD23B619DAEE5  C:\Users\Bitpusher\Desktop\Incident Investigation Files\Scenario X\waverly - log collection\Messages_20260731203806\NestorW@854jpt.onmicrosoft.com_fd855e73-6520-4322-957e-b8ca1d433cad@854jpt.onmicrosoft.com.eml
  60C1E3786B4A654A70D5945DF87FBF8546FCC3B09E3E9A7683E35FAB8C37F416  C:\Users\Bitpusher\Desktop\Incident Investigation Files\Scenario X\waverly - log collection\Messages_20260731203806\PattiF@854jpt.onmicrosoft.com_05712de0-a22f-4471-8c0b-1a9c5627937d@854jpt.onmicrosoft.com.eml
  DBE14B25C9C6255AF5DADC1AD9566E9BA68438854B6104F558F393E9B1D02702  C:\Users\Bitpusher\Desktop\Incident Investigation Files\Scenario X\waverly - log collection\Messages_20260731203806\PattiF@854jpt.onmicrosoft.com_070472c8-c203-4fbb-b570-7753c4a7e586@854jpt.onmicrosoft.com.eml
  7E7E090C435AC955AEDD20C7CFFFFC7A94EF03754585D5CB9903A1068D63A24E  C:\Users\Bitpusher\Desktop\Incident Investigation Files\Scenario X\waverly - log collection\Messages_20260731203806\PattiF@854jpt.onmicrosoft.com_0b63639a-b028-4bc7-ad24-ae17acd3fcb7@854jpt.onmicrosoft.com.eml
  251EBACA0BC68DE471AE031EFE0FF06EF9AD4F68067DA124A59C421B67BAD3CC  C:\Users\Bitpusher\Desktop\Incident Investigation Files\Scenario X\waverly - log collection\Messages_20260731203806\PattiF@854jpt.onmicrosoft.com_0d96379d-d2d5-4e52-b323-3829231229ea@854jpt.onmicrosoft.com.eml
  893B843551755CFA6125A39DF0A1297B136CE9DF9F984FA913B0D41E127A3BBD  C:\Users\Bitpusher\Desktop\Incident Investigation Files\Scenario X\waverly - log collection\Messages_20260731203806\PattiF@854jpt.onmicrosoft.com_0dda4e20-4659-4856-acd1-5c28622ea42a@854jpt.onmicrosoft.com.eml
  5D632AA71FB8FC91BECAEED0D802D410F0A4FFF3CFE02CF1E08CB31865CC60A3  C:\Users\Bitpusher\Desktop\Incident Investigation Files\Scenario X\waverly - log collection\Messages_20260731203806\PattiF@854jpt.onmicrosoft.com_1df67f41-130a-4137-b0be-0a8f07e84631@854jpt.onmicrosoft.com.eml
  A97EE579EB0AF29A47AA82BB24BBBC048750AF86F608589373BE3728A8A1AB4E  C:\Users\Bitpusher\Desktop\Incident Investigation Files\Scenario X\waverly - log collection\Messages_20260731203806\PattiF@854jpt.onmicrosoft.com_2377068c-9d63-44e3-a2a6-708f5aed8204@854jpt.onmicrosoft.com.eml
  91F37885DF0D46D8AAFCD048EAA0DD0DF765D943FB4A3E3D4E04FC657610A326  C:\Users\Bitpusher\Desktop\Incident Investigation Files\Scenario X\waverly - log collection\Messages_20260731203806\PattiF@854jpt.onmicrosoft.com_2e87a629-c2f4-4fc4-af41-f8f29bc9cc1b@854jpt.onmicrosoft.com.eml
  62D00FD72B925E0CCE8EB59B0BD256BC2145560B129FEE9F0861750BC6383873  C:\Users\Bitpusher\Desktop\Incident Investigation Files\Scenario X\waverly - log collection\Messages_20260731203806\PattiF@854jpt.onmicrosoft.com_2eb53355-095a-4b91-a87d-e5cb2520f59d@854jpt.onmicrosoft.com.eml
  7C0789FE653E12A00C6313BE20B58198895998716BC8EDD510D4A82F8C875298  C:\Users\Bitpusher\Desktop\Incident Investigation Files\Scenario X\waverly - log collection\Messages_20260731203806\PattiF@854jpt.onmicrosoft.com_3121cb0d-054e-4acb-92a7-c133833aef29@854jpt.onmicrosoft.com.eml
  0BCAB72A6EF1A683BF2ABB01E8F6DB0DF116A4F984ADBEB7C8287B23317A128A  C:\Users\Bitpusher\Desktop\Incident Investigation Files\Scenario X\waverly - log collection\Messages_20260731203806\PattiF@854jpt.onmicrosoft.com_3b48bba2-2d97-4c4d-bcb4-3a7a96eb2123@854jpt.onmicrosoft.com.eml
  1D14ED8A5D09EA9B0C23D2CFBB1A955C28DAB9FB9541B0350F9F782A8F71D01E  C:\Users\Bitpusher\Desktop\Incident Investigation Files\Scenario X\waverly - log collection\Messages_20260731203806\PattiF@854jpt.onmicrosoft.com_45fda60d-ef62-4dd7-89f5-2bd9261ffff2@854jpt.onmicrosoft.com.eml
  8FFDA422FF91C960CDE3D3D1B5527D29831D807B02C37AAFE4842D287ADED64B  C:\Users\Bitpusher\Desktop\Incident Investigation Files\Scenario X\waverly - log collection\Messages_20260731203806\PattiF@854jpt.onmicrosoft.com_467dc11e-ca38-496d-9f7f-4d55812afa64@854jpt.onmicrosoft.com.eml
  DF11EF260CFE0244691E6A7048A6EC01422915D00693CDBD63F9D2A5A0C7FBCD  C:\Users\Bitpusher\Desktop\Incident Investigation Files\Scenario X\waverly - log collection\Messages_20260731203806\PattiF@854jpt.onmicrosoft.com_477cb28e-1fd3-474e-aacf-c9c09c547363@854jpt.onmicrosoft.com.eml
  A5E102689A37F0CA257B52A77805D6E069F41BAB942D56F4481BC67E89DEA171  C:\Users\Bitpusher\Desktop\Incident Investigation Files\Scenario X\waverly - log collection\Messages_20260731203806\PattiF@854jpt.onmicrosoft.com_4990c53c-4140-41bf-a461-7f8b1cf8f690@854jpt.onmicrosoft.com.eml
  4B7A562E222FABD4E5AB751F7CB9468E09B92F09DECDB0C58429DEA17808C2F6  C:\Users\Bitpusher\Desktop\Incident Investigation Files\Scenario X\waverly - log collection\Messages_20260731203806\PattiF@854jpt.onmicrosoft.com_4f67c8e6-535a-43d4-b8a4-5cd6a7bcb994@854jpt.onmicrosoft.com.eml
  FD1C13CD3C89BC6D6FA2C0291860AA84ABC9BEB16B1DCB97DA3127C2707CFC66  C:\Users\Bitpusher\Desktop\Incident Investigation Files\Scenario X\waverly - log collection\Messages_20260731203806\PattiF@854jpt.onmicrosoft.com_4f8ea0d9-73fa-419f-98c4-b98bec8cc268@854jpt.onmicrosoft.com.eml
  49891446EBC3A034999B66D5742DE5E4555E283603F52B992D8272AEB9E88BB2  C:\Users\Bitpusher\Desktop\Incident Investigation Files\Scenario X\waverly - log collection\Messages_20260731203806\PattiF@854jpt.onmicrosoft.com_709c7ff2-9902-42c2-b3fc-f850081baa78@854jpt.onmicrosoft.com.eml
  F5776589AF9961358DB71D6B32AD4BE3BC4FB0C33F039510BBF691580053A077  C:\Users\Bitpusher\Desktop\Incident Investigation Files\Scenario X\waverly - log collection\Messages_20260731203806\PattiF@854jpt.onmicrosoft.com_73fac190-309d-4c26-be14-279f91581e32@854jpt.onmicrosoft.com.eml
  C761C234AE3287AAE1263AE6CD4C3D2BB020596147161641B8EF5AB24ADB62D3  C:\Users\Bitpusher\Desktop\Incident Investigation Files\Scenario X\waverly - log collection\Messages_20260731203806\PattiF@854jpt.onmicrosoft.com_7405f919-5796-431d-a0d8-2a671c543905@854jpt.onmicrosoft.com.eml
  73F89243935AA9611078694FFADA423D708D02D24FFCB15ACED1279528561EB8  C:\Users\Bitpusher\Desktop\Incident Investigation Files\Scenario X\waverly - log collection\Messages_20260731203806\PattiF@854jpt.onmicrosoft.com_832cf089-17b2-4abd-a5da-415a370e0054@854jpt.onmicrosoft.com.eml
  16983AC26E9351CEC08F5B5465C537C7D8CBF840EF5627EEFBD771B9F539BBDE  C:\Users\Bitpusher\Desktop\Incident Investigation Files\Scenario X\waverly - log collection\Messages_20260731203806\PattiF@854jpt.onmicrosoft.com_85496e96-33f0-4709-8410-55b3e99d403f@854jpt.onmicrosoft.com.eml
  76EFA58FB53430AD2742EF2EEE19B33E42BA6E5344F1D36FD124A4ECD1D39BD7  C:\Users\Bitpusher\Desktop\Incident Investigation Files\Scenario X\waverly - log collection\Messages_20260731203806\PattiF@854jpt.onmicrosoft.com_8785474b-c073-4745-8d23-e64e8bdba359@854jpt.onmicrosoft.com.eml
  7157E79DA9F3694AF02E07E9CE05A1CD611D5F17FF594DE587E868ED7AFBA9B1  C:\Users\Bitpusher\Desktop\Incident Investigation Files\Scenario X\waverly - log collection\Messages_20260731203806\PattiF@854jpt.onmicrosoft.com_8d822f3a-9e8f-4757-ac80-2f400c70a139@854jpt.onmicrosoft.com.eml
  5DD65BE04BE1D51A46C7F64C1CD89752F6852FF8AD83E086CB8DFF8692494711  C:\Users\Bitpusher\Desktop\Incident Investigation Files\Scenario X\waverly - log collection\Messages_20260731203806\PattiF@854jpt.onmicrosoft.com_9c77b403-12db-42c6-b8e8-ec5100720cab@854jpt.onmicrosoft.com.eml
  CE6DFB6DDE0A00978CB24A1EB7152DC80DB2F3B87736447DDDF62B847DBE5ACE  C:\Users\Bitpusher\Desktop\Incident Investigation Files\Scenario X\waverly - log collection\Messages_20260731203806\PattiF@854jpt.onmicrosoft.com_9c888c6e-c7ea-4691-8917-1a6cf33c9e8c@854jpt.onmicrosoft.com.eml
  B461871A79FF925F62E02FDEEB2076B4D634719F15A176FCB7BD604D06A834EA  C:\Users\Bitpusher\Desktop\Incident Investigation Files\Scenario X\waverly - log collection\Messages_20260731203806\PattiF@854jpt.onmicrosoft.com_9fb6d025-fbb7-45e9-a351-5368d67d225c@854jpt.onmicrosoft.com.eml
  3BF7D30D8021D260C9F5C046C5A7B73F083CA072B87BC4F32014630829C7497D  C:\Users\Bitpusher\Desktop\Incident Investigation Files\Scenario X\waverly - log collection\Messages_20260731203806\PattiF@854jpt.onmicrosoft.com_a2ab3c98-a8d7-448c-b13d-d659e3cdd149@854jpt.onmicrosoft.com.eml
  0E6E154AC7A12919FC1B20C2C1EF7DB4FC8CB7DF9F0CFD50F9B431E27AEA4EED  C:\Users\Bitpusher\Desktop\Incident Investigation Files\Scenario X\waverly - log collection\Messages_20260731203806\PattiF@854jpt.onmicrosoft.com_ac1723d3-6359-4021-ae5a-fc08febd9fdb@854jpt.onmicrosoft.com.eml
  43467343094517F2F882571D2A14EB770B9C68534C5DDE488F4E4243AD152503  C:\Users\Bitpusher\Desktop\Incident Investigation Files\Scenario X\waverly - log collection\Messages_20260731203806\PattiF@854jpt.onmicrosoft.com_ae34161f-f8a6-4be2-8558-8d2b6c401ca3@MN1PEPF0000F0E3.namprd04.prod.outlook.com.eml
  30FBB703D215BFAF1762DC250C283D935C6A60BE069830BE007194F6232186A5  C:\Users\Bitpusher\Desktop\Incident Investigation Files\Scenario X\waverly - log collection\Messages_20260731203806\PattiF@854jpt.onmicrosoft.com_b8fc7c22-857b-4e72-ba6a-dc44998d67d7@854jpt.onmicrosoft.com.eml
  09F3FFE14002EEF1867FEE2385BBAE31031055D8B544E5198D31CAD40C998205  C:\Users\Bitpusher\Desktop\Incident Investigation Files\Scenario X\waverly - log collection\Messages_20260731203806\PattiF@854jpt.onmicrosoft.com_BY5PR10MB3746E1F0FD0539E21C052071A7CF2@BY5PR10MB3746.namprd10.prod.outlook.com.eml
  6F6F153199E8C18991FFAE8D47618B060388BC634618E11B90CB5A1098FDD33F  C:\Users\Bitpusher\Desktop\Incident Investigation Files\Scenario X\waverly - log collection\Messages_20260731203806\PattiF@854jpt.onmicrosoft.com_c2c2ab9e-3b37-446e-9f18-b1b5f06e313b@854jpt.onmicrosoft.com.eml
  A8AC445907F96F03581B565D9A0E0595C9D79C3AD2A34D4E074E0716FA61AB93  C:\Users\Bitpusher\Desktop\Incident Investigation Files\Scenario X\waverly - log collection\Messages_20260731203806\PattiF@854jpt.onmicrosoft.com_c7d763b3-b849-4f29-ae16-6d3de954e831@854jpt.onmicrosoft.com.eml
  574A259E49E7F187E81E8918AD6C81EE97B065EF2C50B2FB9ECEDF937CFD5607  C:\Users\Bitpusher\Desktop\Incident Investigation Files\Scenario X\waverly - log collection\Messages_20260731203806\PattiF@854jpt.onmicrosoft.com_cd74de49-232f-49d6-aac1-3d31025def48@854jpt.onmicrosoft.com.eml
  0CA880E34DEFA4587618E162BB374F6BC6353AA159CC8B1F3F1988BDF33ED867  C:\Users\Bitpusher\Desktop\Incident Investigation Files\Scenario X\waverly - log collection\Messages_20260731203806\PattiF@854jpt.onmicrosoft.com_d057e741-ae7f-463f-abe8-a9a2ab1e29ac@854jpt.onmicrosoft.com.eml
  BDC409D1538B4BBE364D00493B531E6273FC98DF73EA9AD2DBFC3EE9D81F8627  C:\Users\Bitpusher\Desktop\Incident Investigation Files\Scenario X\waverly - log collection\Messages_20260731203806\PattiF@854jpt.onmicrosoft.com_d31463a9-dd3a-4643-9bb2-f21b4a1327e5@854jpt.onmicrosoft.com.eml
  71D4AC207351DC980A221E51531FD32FE2B376B94F9C8DC63239375703F659BD  C:\Users\Bitpusher\Desktop\Incident Investigation Files\Scenario X\waverly - log collection\Messages_20260731203806\PattiF@854jpt.onmicrosoft.com_d6e5fef3-6e06-4066-ad5a-b3e01d13220c@854jpt.onmicrosoft.com.eml
  3255118EDBBCA119DEAA127A0F810C3A75CFA2D3A9CDF47C4029ADC0CFC3CA80  C:\Users\Bitpusher\Desktop\Incident Investigation Files\Scenario X\waverly - log collection\Messages_20260731203806\PattiF@854jpt.onmicrosoft.com_d80de07c-9588-4d70-82e1-24210566ad83@854jpt.onmicrosoft.com.eml
  ABA6CC143FB02615FEE742046060CB79A70A30D058B81545E4072B1A1EEB3FDA  C:\Users\Bitpusher\Desktop\Incident Investigation Files\Scenario X\waverly - log collection\Messages_20260731203806\PattiF@854jpt.onmicrosoft.com_d9dda4b9-f6c8-459c-a337-aea02ef775a3@854jpt.onmicrosoft.com.eml
  634013E17ACA5211951D88CAF580551A1D363C6205BDBBC7F1466E45CABD6B0E  C:\Users\Bitpusher\Desktop\Incident Investigation Files\Scenario X\waverly - log collection\Messages_20260731203806\PattiF@854jpt.onmicrosoft.com_da56d96c-8bdf-4a60-a21c-26d10fef6a07@854jpt.onmicrosoft.com.eml
  64F28E2053CAFCBEBBBBE4DE65FD0E17822E0BB2FA949F70DBF874F32AF8BD2D  C:\Users\Bitpusher\Desktop\Incident Investigation Files\Scenario X\waverly - log collection\Messages_20260731203806\PattiF@854jpt.onmicrosoft.com_dc562fd6-29b1-4911-9796-a05ca634fef0@854jpt.onmicrosoft.com.eml
  74111B67B9D2B05C078A12DAAB5FDCCFD9BBDA8F874E70EDA44CFB730D83CF89  C:\Users\Bitpusher\Desktop\Incident Investigation Files\Scenario X\waverly - log collection\Messages_20260731203806\PattiF@854jpt.onmicrosoft.com_ed45d007-d316-492f-a265-09475d5d2f9a@854jpt.onmicrosoft.com.eml
  B729336CDD82DEFCE18D56E5D9AE569253E8E282867DC4F410080BD58BF32A71  C:\Users\Bitpusher\Desktop\Incident Investigation Files\Scenario X\waverly - log collection\Messages_20260731203806\PattiF@854jpt.onmicrosoft.com_fa22c69f-c94b-4fa6-81f7-be48328f061c@854jpt.onmicrosoft.com.eml
  D927B72839C4E23790F7E0CDC2A3315FB9D88782E17E99F8D4F844D570F5B3DA  C:\Users\Bitpusher\Desktop\Incident Investigation Files\Scenario X\waverly - log collection\Messages_20260731203806\PattiF@854jpt.onmicrosoft.com_fd855e73-6520-4322-957e-b8ca1d433cad@854jpt.onmicrosoft.com.eml
  CAC8391DE007FC4629F88717A027D765882760003B604387C3017CBF8D590DDC  C:\Users\Bitpusher\Desktop\Incident Investigation Files\Scenario X\waverly - log collection\Messages_20260731203806\PradeepG@854jpt.onmicrosoft.com_2377068c-9d63-44e3-a2a6-708f5aed8204@854jpt.onmicrosoft.com.eml
  E9B7D180C7EAE8E2839AD866938E1C61CAC4AA4F58759F6581F296BDD7D977F1  C:\Users\Bitpusher\Desktop\Incident Investigation Files\Scenario X\waverly - log collection\Messages_20260731203806\PradeepG@854jpt.onmicrosoft.com_2e87a629-c2f4-4fc4-af41-f8f29bc9cc1b@854jpt.onmicrosoft.com.eml
  59FA22E185059494162B06EDCA5966FF1A469F738ED3CB64638CA2482A2CC0F6  C:\Users\Bitpusher\Desktop\Incident Investigation Files\Scenario X\waverly - log collection\Messages_20260731203806\PradeepG@854jpt.onmicrosoft.com_2eb53355-095a-4b91-a87d-e5cb2520f59d@854jpt.onmicrosoft.com.eml
  599FA7EA223879CD6268D82F7085480C090B88B717BFC1EA7D6D6C68C7407FCC  C:\Users\Bitpusher\Desktop\Incident Investigation Files\Scenario X\waverly - log collection\Messages_20260731203806\PradeepG@854jpt.onmicrosoft.com_477cb28e-1fd3-474e-aacf-c9c09c547363@854jpt.onmicrosoft.com.eml
  DCA6108A668257E9E6C9F224EC1C308296E14A3F2F6A9FA40B75E156FBD6F30A  C:\Users\Bitpusher\Desktop\Incident Investigation Files\Scenario X\waverly - log collection\Messages_20260731203806\PradeepG@854jpt.onmicrosoft.com_4def848f-7dd9-4410-aa7a-003041712583@854jpt.onmicrosoft.com.eml
  41EC885C9FB1812844788F37109A480B8CD77A3941A51BD5227332ADE1EE302A  C:\Users\Bitpusher\Desktop\Incident Investigation Files\Scenario X\waverly - log collection\Messages_20260731203806\PradeepG@854jpt.onmicrosoft.com_5b22b6a3-fde1-43bf-a6c7-33fa82b671d9@854jpt.onmicrosoft.com.eml
  4A012B6AD6E28E0F12B9FA659FEB43D21010141C7B3DE06B65691B7ECF55E901  C:\Users\Bitpusher\Desktop\Incident Investigation Files\Scenario X\waverly - log collection\Messages_20260731203806\PradeepG@854jpt.onmicrosoft.com_5fb45624-eba5-4c20-ba44-99b051161889@854jpt.onmicrosoft.com.eml
  9CE8893D19460777C59A57DAA9D3D01015D5DD0C7CC36EF4FDB81878EA9D0321  C:\Users\Bitpusher\Desktop\Incident Investigation Files\Scenario X\waverly - log collection\Messages_20260731203806\PradeepG@854jpt.onmicrosoft.com_7405f919-5796-431d-a0d8-2a671c543905@854jpt.onmicrosoft.com.eml
  97064EFCCC40C306B645DD8583839E5090C2646FCCC6058760FCD4D9C71AA27B  C:\Users\Bitpusher\Desktop\Incident Investigation Files\Scenario X\waverly - log collection\Messages_20260731203806\PradeepG@854jpt.onmicrosoft.com_7dbf7de7-1d4e-4a65-868d-e42cb17b7351@MN1PEPF0000F0E3.namprd04.prod.outlook.com.eml
  D87063D59F1822BE12549C2B154CD6170CEE88361DFA15CFFE08B49410EBB33C  C:\Users\Bitpusher\Desktop\Incident Investigation Files\Scenario X\waverly - log collection\Messages_20260731203806\PradeepG@854jpt.onmicrosoft.com_7ed1b6bf-2b7d-43f6-ac0d-c259cbc4ba96@854jpt.onmicrosoft.com.eml
  79C490EEDE2577042C40AAE6D07AA42BD6949B332CBD2B872E2A45F77C72683B  C:\Users\Bitpusher\Desktop\Incident Investigation Files\Scenario X\waverly - log collection\Messages_20260731203806\PradeepG@854jpt.onmicrosoft.com_8fe2b886-7eff-4258-9d90-7b497ce67e93@854jpt.onmicrosoft.com.eml
  212A123FDC615F51FBD49A629E4A933BAA3B83F831E8DE92960B0312B3B76D2D  C:\Users\Bitpusher\Desktop\Incident Investigation Files\Scenario X\waverly - log collection\Messages_20260731203806\PradeepG@854jpt.onmicrosoft.com_9dfca31f-f976-46b2-90b0-df9fbb9db50a@854jpt.onmicrosoft.com.eml
  A10C50A3D28E31870AD82A11CF30E7EB2AAE242767A00BD5643E3FF07E137859  C:\Users\Bitpusher\Desktop\Incident Investigation Files\Scenario X\waverly - log collection\Messages_20260731203806\PradeepG@854jpt.onmicrosoft.com_a6f633b5-ed16-4d31-8616-519b69b32c7d@854jpt.onmicrosoft.com.eml
  045881C6D4945590123D613E437879694A71BA75F6A08DD277A520712448AD21  C:\Users\Bitpusher\Desktop\Incident Investigation Files\Scenario X\waverly - log collection\Messages_20260731203806\PradeepG@854jpt.onmicrosoft.com_ac1723d3-6359-4021-ae5a-fc08febd9fdb@854jpt.onmicrosoft.com.eml
  1478D96AA284E60E23DD7E993ED0DB32A4C331A62DA492474D06A9D13870BE69  C:\Users\Bitpusher\Desktop\Incident Investigation Files\Scenario X\waverly - log collection\Messages_20260731203806\PradeepG@854jpt.onmicrosoft.com_b8fc7c22-857b-4e72-ba6a-dc44998d67d7@854jpt.onmicrosoft.com.eml
  F58E64CAD16ED7C99797AF326E1AC879D091DE6264337F7F51CC1C29072DFF37  C:\Users\Bitpusher\Desktop\Incident Investigation Files\Scenario X\waverly - log collection\Messages_20260731203806\PradeepG@854jpt.onmicrosoft.com_c2c2ab9e-3b37-446e-9f18-b1b5f06e313b@854jpt.onmicrosoft.com.eml
  FE8DFCB8C3BBA00DF7DF67BD6AFFF08A440705BDD5577EE875C6AE008659FA12  C:\Users\Bitpusher\Desktop\Incident Investigation Files\Scenario X\waverly - log collection\Messages_20260731203806\PradeepG@854jpt.onmicrosoft.com_c34389f0-d4e5-4864-b70d-ba55bab08830@854jpt.onmicrosoft.com.eml
  FCEDAF05531963DD9CC28874F395AD80C57C8E80418E717EAF762FA87D05F313  C:\Users\Bitpusher\Desktop\Incident Investigation Files\Scenario X\waverly - log collection\Messages_20260731203806\PradeepG@854jpt.onmicrosoft.com_c7d763b3-b849-4f29-ae16-6d3de954e831@854jpt.onmicrosoft.com.eml
  FCFBC76B28BFF1070D7B83B8B14B2F84473119CA45289A5C0C114959A2A28126  C:\Users\Bitpusher\Desktop\Incident Investigation Files\Scenario X\waverly - log collection\Messages_20260731203806\PradeepG@854jpt.onmicrosoft.com_cd74de49-232f-49d6-aac1-3d31025def48@854jpt.onmicrosoft.com.eml
  C777410919F9E496D29ACB4BA87FB195FBFE9F5C313539761FADE9B659BDE180  C:\Users\Bitpusher\Desktop\Incident Investigation Files\Scenario X\waverly - log collection\Messages_20260731203806\PradeepG@854jpt.onmicrosoft.com_ce7744b8-765f-4e2f-b137-5f09c2e31605@854jpt.onmicrosoft.com.eml
  C5E1EBBF7906568095779A77952421E65B254482B5E8B8F886BB1A5735722D6D  C:\Users\Bitpusher\Desktop\Incident Investigation Files\Scenario X\waverly - log collection\Messages_20260731203806\PradeepG@854jpt.onmicrosoft.com_d6e5fef3-6e06-4066-ad5a-b3e01d13220c@854jpt.onmicrosoft.com.eml
  7D0CC2AE240F1D211AEF85CC7CF7B8D070D15C6BBA9120FEDA1663D56E073A4D  C:\Users\Bitpusher\Desktop\Incident Investigation Files\Scenario X\waverly - log collection\Messages_20260731203806\PradeepG@854jpt.onmicrosoft.com_e009bdbc-b8e8-4d74-bd24-f6efc41483f6@854jpt.onmicrosoft.com.eml
=====================================================
