"RecordType","CreationDate","UserIds","Operations","AuditData","ResultIndex","ResultCount","Nicholas3","IsValid","ObjectState"
"AzureActiveDirectoryStsLogon","2025-12-17 18:53:00","bennett4@consolidatedmsgr.com","UserLoggedIn","{""CreationTime"":""2025-12-17T18:53:00"",""Id"":""81ce8f3f-4amanda-420c-8091-d8a3f7ad3c75"",""Operation"":""UserLoggedIn"",""OrganizationId"":""9fc57536-e8d3-4117-8537-fc27bc714352"",""RecordType"":15,""ResultStatus"":""Success"",""UserKey"":""16040d97-c0b3-43ad-8158-1c920732fd67"",""UserType"":0,""Version"":1,""Workload"":""AzureActiveDirectory"",""ClientIP"":""2a05:541:116:5e33:4aec:2433:45e1:ce28"",""ObjectId"":""4765445b-32c6-49b0-83e6-1d93765276ca"",""UserId"":""bennett4@consolidatedmsgr.com"",""AzureActiveDirectoryEventType"":1,""ExtendedProperties"":[{""Name"":""ResultStatusDetail"",""Value"":""Success""},{""Name"":""KeepMeSignedIn"",""Value"":""true""},{""Name"":""UserAgent"",""Value"":""axios\/1.13.2""},{""Name"":""RequestType"",""Value"":""SAS:ProcessAuth""}],""ModifiedProperties"":[],""Actor"":[{""ID"":""16040d97-c0b3-43ad-8158-1c920732fd67"",""Type"":0},{""ID"":""bennett4@consolidatedmsgr.com"",""Type"":5}],""ActorContextId"":""9fc57536-e8d3-4117-8537-fc27bc714352"",""ActorIpAddress"":""2a05:541:116:5e33:4aec:2433:45e1:ce28"",""InterSystemsId"":""02d03055-704d-46e2-8787-72addf63b989"",""IntraSystemId"":""81ce8f3f-4amanda-420c-8091-d8a3f7ad3c75"",""SupportTicketId"":"""",""Target"":[{""ID"":""4765445b-32c6-49b0-83e6-1d93765276ca"",""Type"":0}],""TargetContextId"":""9fc57536-e8d3-4117-8537-fc27bc714352"",""ApplicationId"":""4765445b-32c6-49b0-83e6-1d93765276ca"",""DeviceProperties"":[{""Name"":""BrowserType"",""Value"":""Other""},{""Name"":""SessionId"",""Value"":""deda489c-d060-42b4-8d67-58ebb6c194f9""}],""ErrorNumber"":""50140""}","1","214","81ce8f3f-4amanda-420c-8091-d8a3f7ad3c75","True","Unchanged"
"AzureActiveDirectoryStsLogon","2025-12-17 18:53:00","bennett4@consolidatedmsgr.com","UserLoggedIn","{""CreationTime"":""2025-12-17T18:53:00"",""Id"":""81ce8f3f-4amanda-420c-8091-d8a3f7ad3c75"",""Operation"":""UserLoggedIn"",""OrganizationId"":""9fc57536-e8d3-4117-8537-fc27bc714352"",""RecordType"":15,""ResultStatus"":""Success"",""UserKey"":""16040d97-c0b3-43ad-8158-1c920732fd67"",""UserType"":0,""Version"":1,""Workload"":""AzureActiveDirectory"",""ClientIP"":""2a05:541:116:5e33:4aec:2433:45e1:ce28"",""ObjectId"":""4765445b-32c6-49b0-83e6-1d93765276ca"",""UserId"":""bennett4@consolidatedmsgr.com"",""AzureActiveDirectoryEventType"":1,""ExtendedProperties"":[{""Name"":""ResultStatusDetail"",""Value"":""Success""},{""Name"":""KeepMeSignedIn"",""Value"":""true""},{""Name"":""UserAgent"",""Value"":""axios\/1.13.2""},{""Name"":""UserAuthenticationMethod"",""Value"":""16""},{""Name"":""RequestType"",""Value"":""SAS:ProcessAuth""}],""ModifiedProperties"":[],""Actor"":[{""ID"":""16040d97-c0b3-43ad-8158-1c920732fd67"",""Type"":0},{""ID"":""bennett4@consolidatedmsgr.com"",""Type"":5}],""ActorContextId"":""9fc57536-e8d3-4117-8537-fc27bc714352"",""ActorIpAddress"":""2a05:541:116:5e33:4aec:2433:45e1:ce28"",""InterSystemsId"":""02d03055-704d-46e2-8787-72addf63b989"",""IntraSystemId"":""81ce8f3f-4amanda-420c-8091-d8a3f7ad3c75"",""SupportTicketId"":"""",""Target"":[{""ID"":""4765445b-32c6-49b0-83e6-1d93765276ca"",""Type"":0}],""TargetContextId"":""9fc57536-e8d3-4117-8537-fc27bc714352"",""ApplicationId"":""4765445b-32c6-49b0-83e6-1d93765276ca"",""DeviceProperties"":[{""Name"":""BrowserType"",""Value"":""Other""},{""Name"":""SessionId"",""Value"":""deda489c-d060-42b4-8d67-58ebb6c194f9""}],""ErrorNumber"":""50140""}","2","214","81ce8f3f-4amanda-420c-8091-d8a3f7ad3c75","True","Unchanged"
"AzureActiveDirectoryStsLogon","2025-12-17 18:52:25","bennett4@consolidatedmsgr.com","UserLoginFailed","{""CreationTime"":""2025-12-17T18:52:25"",""Id"":""356e9ed8-8fc5-4212-8f09-fe2890b3978f"",""Operation"":""UserLoginFailed"",""OrganizationId"":""9fc57536-e8d3-4117-8537-fc27bc714352"",""RecordType"":15,""ResultStatus"":""Success"",""UserKey"":""16040d97-c0b3-43ad-8158-1c920732fd67"",""UserType"":0,""Version"":1,""Workload"":""AzureActiveDirectory"",""ClientIP"":""2a05:541:116:5e33:4aec:2433:45e1:ce28"",""ObjectId"":""4765445b-32c6-49b0-83e6-1d93765276ca"",""UserId"":""bennett4@consolidatedmsgr.com"",""AzureActiveDirectoryEventType"":1,""ExtendedProperties"":[{""Name"":""ResultStatusDetail"",""Value"":""Success""},{""Name"":""UserAgent"",""Value"":""axios\/1.13.2""},{""Name"":""UserAuthenticationMethod"",""Value"":""16""},{""Name"":""RequestType"",""Value"":""SAS:EndAuth""}],""ModifiedProperties"":[],""Actor"":[{""ID"":""16040d97-c0b3-43ad-8158-1c920732fd67"",""Type"":0},{""ID"":""bennett4@consolidatedmsgr.com"",""Type"":5}],""ActorContextId"":""9fc57536-e8d3-4117-8537-fc27bc714352"",""ActorIpAddress"":""2a05:541:116:5e33:4aec:2433:45e1:ce28"",""InterSystemsId"":""02d03055-704d-46e2-8787-72addf63b989"",""IntraSystemId"":""356e9ed8-8fc5-4212-8f09-fe2890b3978f"",""SupportTicketId"":"""",""Target"":[{""ID"":""4765445b-32c6-49b0-83e6-1d93765276ca"",""Type"":0}],""TargetContextId"":""9fc57536-e8d3-4117-8537-fc27bc714352"",""ApplicationId"":""4765445b-32c6-49b0-83e6-1d93765276ca"",""DeviceProperties"":[{""Name"":""BrowserType"",""Value"":""Other""},{""Name"":""SessionId"",""Value"":""deda489c-d060-42b4-8d67-58ebb6c194f9""}],""ErrorNumber"":""50074"",""LogonError"":""UserStrongAuthClientAuthNRequiredInterrupt""}","3","214","356e9ed8-8fc5-4212-8f09-fe2890b3978f","True","Unchanged"
"AzureActiveDirectoryStsLogon","2025-12-17 18:52:59","Not Available","UserLoggedIn","{""CreationTime"":""2025-12-17T18:52:59"",""Id"":""be079011-c3af-430f-823d-150447635877"",""Operation"":""UserLoggedIn"",""OrganizationId"":""9fc57536-e8d3-4117-8537-fc27bc714352"",""RecordType"":15,""ResultStatus"":""Success"",""UserKey"":""16040d97-c0b3-43ad-8158-1c920732fd67"",""UserType"":4,""Version"":1,""Workload"":""AzureActiveDirectory"",""ClientIP"":""2a05:541:116:5e33:4aec:2433:45e1:ce28"",""ObjectId"":""4765445b-32c6-49b0-83e6-1d93765276ca"",""UserId"":""Not Available"",""AzureActiveDirectoryEventType"":1,""ExtendedProperties"":[{""Name"":""ResultStatusDetail"",""Value"":""Success""},{""Name"":""UserAgent"",""Value"":""axios\/1.13.2""},{""Name"":""RequestType"",""Value"":""SAS:EndAuth""}],""ModifiedProperties"":[],""Actor"":[{""ID"":""16040d97-c0b3-43ad-8158-1c920732fd67"",""Type"":0}],""ActorContextId"":""9fc57536-e8d3-4117-8537-fc27bc714352"",""ActorIpAddress"":""2a05:541:116:5e33:4aec:2433:45e1:ce28"",""InterSystemsId"":""02d03055-704d-46e2-8787-72addf63b989"",""IntraSystemId"":""be079011-c3af-430f-823d-150447635877"",""SupportTicketId"":"""",""Target"":[{""ID"":""4765445b-32c6-49b0-83e6-1d93765276ca"",""Type"":0}],""TargetContextId"":""9fc57536-e8d3-4117-8537-fc27bc714352"",""ApplicationId"":""4765445b-32c6-49b0-83e6-1d93765276ca"",""DeviceProperties"":[{""Name"":""BrowserType"",""Value"":""Other""}],""ErrorNumber"":""0""}","4","214","be079011-c3af-430f-823d-150447635877","True","Unchanged"
"AzureActiveDirectoryStsLogon","2025-12-17 18:53:00","bennett4@consolidatedmsgr.com","UserLoggedIn","{""CreationTime"":""2025-12-17T18:53:00"",""Id"":""c59bc046-a41f-4d07-8257-beff86053b68"",""Operation"":""UserLoggedIn"",""OrganizationId"":""9fc57536-e8d3-4117-8537-fc27bc714352"",""RecordType"":15,""ResultStatus"":""Success"",""UserKey"":""16040d97-c0b3-43ad-8158-1c920732fd67"",""UserType"":0,""Version"":1,""Workload"":""AzureActiveDirectory"",""ClientIP"":""2a05:541:116:5e33:4aec:2433:45e1:ce28"",""ObjectId"":""4765445b-32c6-49b0-83e6-1d93765276ca"",""UserId"":""bennett4@consolidatedmsgr.com"",""AzureActiveDirectoryEventType"":1,""ExtendedProperties"":[{""Name"":""ResultStatusDetail"",""Value"":""Success""},{""Name"":""UserAgent"",""Value"":""axios\/1.13.2""},{""Name"":""RequestType"",""Value"":""Kmsi:kmsi""}],""ModifiedProperties"":[],""Actor"":[{""ID"":""16040d97-c0b3-43ad-8158-1c920732fd67"",""Type"":0},{""ID"":""bennett4@consolidatedmsgr.com"",""Type"":5}],""ActorContextId"":""9fc57536-e8d3-4117-8537-fc27bc714352"",""ActorIpAddress"":""2a05:541:116:5e33:4aec:2433:45e1:ce28"",""InterSystemsId"":""02d03055-704d-46e2-8787-72addf63b989"",""IntraSystemId"":""c59bc046-a41f-4d07-8257-beff86053b68"",""SupportTicketId"":"""",""Target"":[{""ID"":""4765445b-32c6-49b0-83e6-1d93765276ca"",""Type"":0}],""TargetContextId"":""9fc57536-e8d3-4117-8537-fc27bc714352"",""ApplicationId"":""4765445b-32c6-49b0-83e6-1d93765276ca"",""DeviceProperties"":[{""Name"":""BrowserType"",""Value"":""Other""},{""Name"":""SessionId"",""Value"":""deda489c-d060-42b4-8d67-58ebb6c194f9""}],""ErrorNumber"":""0""}","5","214","c59bc046-a41f-4d07-8257-beff86053b68","True","Unchanged"
"AzureActiveDirectoryStsLogon","2025-12-17 18:52:25","bennett4@consolidatedmsgr.com","UserLoginFailed","{""CreationTime"":""2025-12-17T18:52:25"",""Id"":""356e9ed8-8fc5-4212-8f09-fe2890b3978f"",""Operation"":""UserLoginFailed"",""OrganizationId"":""9fc57536-e8d3-4117-8537-fc27bc714352"",""RecordType"":15,""ResultStatus"":""Success"",""UserKey"":""16040d97-c0b3-43ad-8158-1c920732fd67"",""UserType"":0,""Version"":1,""Workload"":""AzureActiveDirectory"",""ClientIP"":""2a05:541:116:5e33:4aec:2433:45e1:ce28"",""ObjectId"":""4765445b-32c6-49b0-83e6-1d93765276ca"",""UserId"":""bennett4@consolidatedmsgr.com"",""AzureActiveDirectoryEventType"":1,""ExtendedProperties"":[{""Name"":""ResultStatusDetail"",""Value"":""Success""},{""Name"":""UserAgent"",""Value"":""axios\/1.13.2""},{""Name"":""UserAuthenticationMethod"",""Value"":""16""},{""Name"":""RequestType"",""Value"":""SAS:BeginAuth""}],""ModifiedProperties"":[],""Actor"":[{""ID"":""16040d97-c0b3-43ad-8158-1c920732fd67"",""Type"":0},{""ID"":""bennett4@consolidatedmsgr.com"",""Type"":5}],""ActorContextId"":""9fc57536-e8d3-4117-8537-fc27bc714352"",""ActorIpAddress"":""2a05:541:116:5e33:4aec:2433:45e1:ce28"",""InterSystemsId"":""02d03055-704d-46e2-8787-72addf63b989"",""IntraSystemId"":""356e9ed8-8fc5-4212-8f09-fe2890b3978f"",""SupportTicketId"":"""",""Target"":[{""ID"":""4765445b-32c6-49b0-83e6-1d93765276ca"",""Type"":0}],""TargetContextId"":""9fc57536-e8d3-4117-8537-fc27bc714352"",""ApplicationId"":""4765445b-32c6-49b0-83e6-1d93765276ca"",""DeviceProperties"":[{""Name"":""BrowserType"",""Value"":""Other""},{""Name"":""SessionId"",""Value"":""deda489c-d060-42b4-8d67-58ebb6c194f9""}],""ErrorNumber"":""50074"",""LogonError"":""UserStrongAuthClientAuthNRequiredInterrupt""}","6","214","356e9ed8-8fc5-4212-8f09-fe2890b3978f","True","Unchanged"
"AzureActiveDirectoryStsLogon","2025-12-17 18:52:25","bennett4@consolidatedmsgr.com","UserLoginFailed","{""CreationTime"":""2025-12-17T18:52:25"",""Id"":""356e9ed8-8fc5-4212-8f09-fe2890b3978f"",""Operation"":""UserLoginFailed"",""OrganizationId"":""9fc57536-e8d3-4117-8537-fc27bc714352"",""RecordType"":15,""ResultStatus"":""Success"",""UserKey"":""16040d97-c0b3-43ad-8158-1c920732fd67"",""UserType"":0,""Version"":1,""Workload"":""AzureActiveDirectory"",""ClientIP"":""2a05:541:116:5e33:4aec:2433:45e1:ce28"",""ObjectId"":""4765445b-32c6-49b0-83e6-1d93765276ca"",""UserId"":""bennett4@consolidatedmsgr.com"",""AzureActiveDirectoryEventType"":1,""ExtendedProperties"":[{""Name"":""ResultStatusDetail"",""Value"":""Success""},{""Name"":""UserAgent"",""Value"":""axios\/1.13.2""},{""Name"":""UserAuthenticationMethod"",""Value"":""16""},{""Name"":""RequestType"",""Value"":""Login:login""}],""ModifiedProperties"":[],""Actor"":[{""ID"":""16040d97-c0b3-43ad-8158-1c920732fd67"",""Type"":0},{""ID"":""bennett4@consolidatedmsgr.com"",""Type"":5}],""ActorContextId"":""9fc57536-e8d3-4117-8537-fc27bc714352"",""ActorIpAddress"":""2a05:541:116:5e33:4aec:2433:45e1:ce28"",""InterSystemsId"":""02d03055-704d-46e2-8787-72addf63b989"",""IntraSystemId"":""356e9ed8-8fc5-4212-8f09-fe2890b3978f"",""SupportTicketId"":"""",""Target"":[{""ID"":""4765445b-32c6-49b0-83e6-1d93765276ca"",""Type"":0}],""TargetContextId"":""9fc57536-e8d3-4117-8537-fc27bc714352"",""ApplicationId"":""4765445b-32c6-49b0-83e6-1d93765276ca"",""DeviceProperties"":[{""Name"":""BrowserType"",""Value"":""Other""},{""Name"":""SessionId"",""Value"":""deda489c-d060-42b4-8d67-58ebb6c194f9""}],""ErrorNumber"":""50074"",""LogonError"":""UserStrongAuthClientAuthNRequiredInterrupt""}","7","214","356e9ed8-8fc5-4212-8f09-fe2890b3978f","True","Unchanged"
"AzureActiveDirectoryStsLogon","2025-12-17 18:52:34","Not Available","UserLoginFailed","{""CreationTime"":""2025-12-17T18:52:34"",""Id"":""c3ee2bc3-50ae-46e2-84ee-a3a412da4c9c"",""Operation"":""UserLoginFailed"",""OrganizationId"":""9fc57536-e8d3-4117-8537-fc27bc714352"",""RecordType"":15,""ResultStatus"":""Success"",""UserKey"":""16040d97-c0b3-43ad-8158-1c920732fd67"",""UserType"":4,""Version"":1,""Workload"":""AzureActiveDirectory"",""ClientIP"":""2a05:541:116:5e33:4aec:2433:45e1:ce28"",""ObjectId"":""4765445b-32c6-49b0-83e6-1d93765276ca"",""UserId"":""Not Available"",""AzureActiveDirectoryEventType"":1,""ExtendedProperties"":[{""Name"":""ResultStatusDetail"",""Value"":""Success""},{""Name"":""UserAgent"",""Value"":""axios\/1.13.2""},{""Name"":""RequestType"",""Value"":""SAS:BeginAuth""}],""ModifiedProperties"":[],""Actor"":[{""ID"":""16040d97-c0b3-43ad-8158-1c920732fd67"",""Type"":0}],""ActorContextId"":""9fc57536-e8d3-4117-8537-fc27bc714352"",""ActorIpAddress"":""2a05:541:116:5e33:4aec:2433:45e1:ce28"",""InterSystemsId"":""02d03055-704d-46e2-8787-72addf63b989"",""IntraSystemId"":""c3ee2bc3-50ae-46e2-84ee-a3a412da4c9c"",""SupportTicketId"":"""",""Target"":[{""ID"":""4765445b-32c6-49b0-83e6-1d93765276ca"",""Type"":0}],""TargetContextId"":""9fc57536-e8d3-4117-8537-fc27bc714352"",""ApplicationId"":""4765445b-32c6-49b0-83e6-1d93765276ca"",""DeviceProperties"":[{""Name"":""BrowserType"",""Value"":""Other""}],""ErrorNumber"":""50074"",""LogonError"":""UserStrongAuthClientAuthNRequiredInterrupt""}","8","214","c3ee2bc3-50ae-46e2-84ee-a3a412da4c9c","True","Unchanged"
"AzureActiveDirectoryStsLogon","2025-12-17 18:52:34","Not Available","UserLoggedIn","{""CreationTime"":""2025-12-17T18:52:34"",""Id"":""c3ee2bc3-50ae-46e2-84ee-a3a412da4c9c"",""Operation"":""UserLoggedIn"",""OrganizationId"":""9fc57536-e8d3-4117-8537-fc27bc714352"",""RecordType"":15,""ResultStatus"":""Success"",""UserKey"":""16040d97-c0b3-43ad-8158-1c920732fd67"",""UserType"":4,""Version"":1,""Workload"":""AzureActiveDirectory"",""ClientIP"":""2a05:541:116:5e33:4aec:2433:45e1:ce28"",""ObjectId"":""4765445b-32c6-49b0-83e6-1d93765276ca"",""UserId"":""Not Available"",""AzureActiveDirectoryEventType"":1,""ExtendedProperties"":[{""Name"":""ResultStatusDetail"",""Value"":""Success""},{""Name"":""UserAgent"",""Value"":""axios\/1.13.2""},{""Name"":""RequestType"",""Value"":""SAS:BeginAuth""}],""ModifiedProperties"":[],""Actor"":[{""ID"":""16040d97-c0b3-43ad-8158-1c920732fd67"",""Type"":0}],""ActorContextId"":""9fc57536-e8d3-4117-8537-fc27bc714352"",""ActorIpAddress"":""2a05:541:116:5e33:4aec:2433:45e1:ce28"",""InterSystemsId"":""02d03055-704d-46e2-8787-72addf63b989"",""IntraSystemId"":""c3ee2bc3-50ae-46e2-84ee-a3a412da4c9c"",""SupportTicketId"":"""",""Target"":[{""ID"":""4765445b-32c6-49b0-83e6-1d93765276ca"",""Type"":0}],""TargetContextId"":""9fc57536-e8d3-4117-8537-fc27bc714352"",""ApplicationId"":""4765445b-32c6-49b0-83e6-1d93765276ca"",""DeviceProperties"":[{""Name"":""BrowserType"",""Value"":""Other""}],""ErrorNumber"":""0""}","9","214","c3ee2bc3-50ae-46e2-84ee-a3a412da4c9c","True","Unchanged"
"AzureActiveDirectoryStsLogon","2025-12-17 18:48:45","bennett4@consolidatedmsgr.com","UserLoggedIn","{""CreationTime"":""2025-12-17T18:48:45"",""Id"":""f5e0072f-4681-4611-816d-b17dd15a5737"",""Operation"":""UserLoggedIn"",""OrganizationId"":""9fc57536-e8d3-4117-8537-fc27bc714352"",""RecordType"":15,""ResultStatus"":""Success"",""UserKey"":""16040d97-c0b3-43ad-8158-1c920732fd67"",""UserType"":0,""Version"":1,""Workload"":""AzureActiveDirectory"",""ClientIP"":""2a05:541:116:d573:cf62:ebf1:5b13:efa2"",""ObjectId"":""4765445b-32c6-49b0-83e6-1d93765276ca"",""UserId"":""bennett4@consolidatedmsgr.com"",""AzureActiveDirectoryEventType"":1,""ExtendedProperties"":[{""Name"":""ResultStatusDetail"",""Value"":""Success""},{""Name"":""KeepMeSignedIn"",""Value"":""true""},{""Name"":""UserAgent"",""Value"":""axios\/1.13.2""},{""Name"":""UserAuthenticationMethod"",""Value"":""16""},{""Name"":""RequestType"",""Value"":""SAS:ProcessAuth""}],""ModifiedProperties"":[],""Actor"":[{""ID"":""16040d97-c0b3-43ad-8158-1c920732fd67"",""Type"":0},{""ID"":""bennett4@consolidatedmsgr.com"",""Type"":5}],""ActorContextId"":""9fc57536-e8d3-4117-8537-fc27bc714352"",""ActorIpAddress"":""2a05:541:116:d573:cf62:ebf1:5b13:efa2"",""InterSystemsId"":""2473fe8a-aa95-43f2-8576-6593e4d6b5aa"",""IntraSystemId"":""f5e0072f-4681-4611-816d-b17dd15a5737"",""SupportTicketId"":"""",""Target"":[{""ID"":""4765445b-32c6-49b0-83e6-1d93765276ca"",""Type"":0}],""TargetContextId"":""9fc57536-e8d3-4117-8537-fc27bc714352"",""ApplicationId"":""4765445b-32c6-49b0-83e6-1d93765276ca"",""DeviceProperties"":[{""Name"":""BrowserType"",""Value"":""Other""},{""Name"":""SessionId"",""Value"":""7e37e017-d69a-42b2-84b1-05bf87d522a7""}],""ErrorNumber"":""50140""}","10","214","f5e0072f-4681-4611-816d-b17dd15a5737","True","Unchanged"
"AzureActiveDirectoryStsLogon","2025-12-17 18:48:45","Not Available","UserLoggedIn","{""CreationTime"":""2025-12-17T18:48:45"",""Id"":""6ceb2b13-ee88-4c49-8983-4b289bfbca9e"",""Operation"":""UserLoggedIn"",""OrganizationId"":""9fc57536-e8d3-4117-8537-fc27bc714352"",""RecordType"":15,""ResultStatus"":""Success"",""UserKey"":""16040d97-c0b3-43ad-8158-1c920732fd67"",""UserType"":4,""Version"":1,""Workload"":""AzureActiveDirectory"",""ClientIP"":""2a05:541:116:d573:cf62:ebf1:5b13:efa2"",""ObjectId"":""4765445b-32c6-49b0-83e6-1d93765276ca"",""UserId"":""Not Available"",""AzureActiveDirectoryEventType"":1,""ExtendedProperties"":[{""Name"":""ResultStatusDetail"",""Value"":""Success""},{""Name"":""UserAgent"",""Value"":""axios\/1.13.2""},{""Name"":""RequestType"",""Value"":""SAS:EndAuth""}],""ModifiedProperties"":[],""Actor"":[{""ID"":""16040d97-c0b3-43ad-8158-1c920732fd67"",""Type"":0}],""ActorContextId"":""9fc57536-e8d3-4117-8537-fc27bc714352"",""ActorIpAddress"":""2a05:541:116:d573:cf62:ebf1:5b13:efa2"",""InterSystemsId"":""2473fe8a-aa95-43f2-8576-6593e4d6b5aa"",""IntraSystemId"":""6ceb2b13-ee88-4c49-8983-4b289bfbca9e"",""SupportTicketId"":"""",""Target"":[{""ID"":""4765445b-32c6-49b0-83e6-1d93765276ca"",""Type"":0}],""TargetContextId"":""9fc57536-e8d3-4117-8537-fc27bc714352"",""ApplicationId"":""4765445b-32c6-49b0-83e6-1d93765276ca"",""DeviceProperties"":[{""Name"":""BrowserType"",""Value"":""Other""}],""ErrorNumber"":""0""}","11","214","6ceb2b13-ee88-4c49-8983-4b289bfbca9e","True","Unchanged"
"AzureActiveDirectoryStsLogon","2025-12-17 18:48:46","bennett4@consolidatedmsgr.com","UserLoggedIn","{""CreationTime"":""2025-12-17T18:48:46"",""Id"":""201b8dab-2a52-4cfe-8de4-410dcb80db12"",""Operation"":""UserLoggedIn"",""OrganizationId"":""9fc57536-e8d3-4117-8537-fc27bc714352"",""RecordType"":15,""ResultStatus"":""Success"",""UserKey"":""16040d97-c0b3-43ad-8158-1c920732fd67"",""UserType"":0,""Version"":1,""Workload"":""AzureActiveDirectory"",""ClientIP"":""2a05:541:116:d573:cf62:ebf1:5b13:efa2"",""ObjectId"":""4765445b-32c6-49b0-83e6-1d93765276ca"",""UserId"":""bennett4@consolidatedmsgr.com"",""AzureActiveDirectoryEventType"":1,""ExtendedProperties"":[{""Name"":""ResultStatusDetail"",""Value"":""Success""},{""Name"":""UserAgent"",""Value"":""axios\/1.13.2""},{""Name"":""RequestType"",""Value"":""Kmsi:kmsi""}],""ModifiedProperties"":[],""Actor"":[{""ID"":""16040d97-c0b3-43ad-8158-1c920732fd67"",""Type"":0},{""ID"":""bennett4@consolidatedmsgr.com"",""Type"":5}],""ActorContextId"":""9fc57536-e8d3-4117-8537-fc27bc714352"",""ActorIpAddress"":""2a05:541:116:d573:cf62:ebf1:5b13:efa2"",""InterSystemsId"":""2473fe8a-aa95-43f2-8576-6593e4d6b5aa"",""IntraSystemId"":""201b8dab-2a52-4cfe-8de4-410dcb80db12"",""SupportTicketId"":"""",""Target"":[{""ID"":""4765445b-32c6-49b0-83e6-1d93765276ca"",""Type"":0}],""TargetContextId"":""9fc57536-e8d3-4117-8537-fc27bc714352"",""ApplicationId"":""4765445b-32c6-49b0-83e6-1d93765276ca"",""DeviceProperties"":[{""Name"":""BrowserType"",""Value"":""Other""},{""Name"":""SessionId"",""Value"":""7e37e017-d69a-42b2-84b1-05bf87d522a7""}],""ErrorNumber"":""0""}","12","214","201b8dab-2a52-4cfe-8de4-410dcb80db12","True","Unchanged"
"AzureActiveDirectoryStsLogon","2025-12-17 18:33:18","Not Available","UserLoggedIn","{""CreationTime"":""2025-12-17T18:33:18"",""Id"":""9511a26b-4ad4-426a-886a-456e66eae7e7"",""Operation"":""UserLoggedIn"",""OrganizationId"":""9fc57536-e8d3-4117-8537-fc27bc714352"",""RecordType"":15,""ResultStatus"":""Success"",""UserKey"":""16040d97-c0b3-43ad-8158-1c920732fd67"",""UserType"":4,""Version"":1,""Workload"":""AzureActiveDirectory"",""ClientIP"":""2a05:541:116:c8f:59a2:44ad:532f:ee3d"",""ObjectId"":""4765445b-32c6-49b0-83e6-1d93765276ca"",""UserId"":""Not Available"",""AzureActiveDirectoryEventType"":1,""ExtendedProperties"":[{""Name"":""ResultStatusDetail"",""Value"":""Success""},{""Name"":""UserAgent"",""Value"":""axios\/1.13.2""},{""Name"":""RequestType"",""Value"":""SAS:BeginAuth""}],""ModifiedProperties"":[],""Actor"":[{""ID"":""16040d97-c0b3-43ad-8158-1c920732fd67"",""Type"":0}],""ActorContextId"":""9fc57536-e8d3-4117-8537-fc27bc714352"",""ActorIpAddress"":""2a05:541:116:c8f:59a2:44ad:532f:ee3d"",""InterSystemsId"":""7280bf5c-c49a-488a-8660-1b384487a5d2"",""IntraSystemId"":""9511a26b-4ad4-426a-886a-456e66eae7e7"",""SupportTicketId"":"""",""Target"":[{""ID"":""4765445b-32c6-49b0-83e6-1d93765276ca"",""Type"":0}],""TargetContextId"":""9fc57536-e8d3-4117-8537-fc27bc714352"",""ApplicationId"":""4765445b-32c6-49b0-83e6-1d93765276ca"",""DeviceProperties"":[{""Name"":""BrowserType"",""Value"":""Other""}],""ErrorNumber"":""0""}","13","214","9511a26b-4ad4-426a-886a-456e66eae7e7","True","Unchanged"
"AzureActiveDirectoryStsLogon","2025-12-17 18:33:37","Not Available","UserLoggedIn","{""CreationTime"":""2025-12-17T18:33:37"",""Id"":""d6d9b0d8-acf9-4c0e-870c-37a1d9cb8561"",""Operation"":""UserLoggedIn"",""OrganizationId"":""9fc57536-e8d3-4117-8537-fc27bc714352"",""RecordType"":15,""ResultStatus"":""Success"",""UserKey"":""16040d97-c0b3-43ad-8158-1c920732fd67"",""UserType"":4,""Version"":1,""Workload"":""AzureActiveDirectory"",""ClientIP"":""2a05:541:116:c8f:59a2:44ad:532f:ee3d"",""ObjectId"":""4765445b-32c6-49b0-83e6-1d93765276ca"",""UserId"":""Not Available"",""AzureActiveDirectoryEventType"":1,""ExtendedProperties"":[{""Name"":""ResultStatusDetail"",""Value"":""Success""},{""Name"":""UserAgent"",""Value"":""axios\/1.13.2""},{""Name"":""RequestType"",""Value"":""SAS:EndAuth""}],""ModifiedProperties"":[],""Actor"":[{""ID"":""16040d97-c0b3-43ad-8158-1c920732fd67"",""Type"":0}],""ActorContextId"":""9fc57536-e8d3-4117-8537-fc27bc714352"",""ActorIpAddress"":""2a05:541:116:c8f:59a2:44ad:532f:ee3d"",""InterSystemsId"":""7280bf5c-c49a-488a-8660-1b384487a5d2"",""IntraSystemId"":""d6d9b0d8-acf9-4c0e-870c-37a1d9cb8561"",""SupportTicketId"":"""",""Target"":[{""ID"":""4765445b-32c6-49b0-83e6-1d93765276ca"",""Type"":0}],""TargetContextId"":""9fc57536-e8d3-4117-8537-fc27bc714352"",""ApplicationId"":""4765445b-32c6-49b0-83e6-1d93765276ca"",""DeviceProperties"":[{""Name"":""BrowserType"",""Value"":""Other""}],""ErrorNumber"":""0""}","14","214","d6d9b0d8-acf9-4c0e-870c-37a1d9cb8561","True","Unchanged"
"AzureActiveDirectoryStsLogon","2025-12-17 18:33:19","Not Available","UserLoggedIn","{""CreationTime"":""2025-12-17T18:33:19"",""Id"":""a2f3c431-a3a4-4667-8fae-3d31edc1e35f"",""Operation"":""UserLoggedIn"",""OrganizationId"":""9fc57536-e8d3-4117-8537-fc27bc714352"",""RecordType"":15,""ResultStatus"":""Success"",""UserKey"":""16040d97-c0b3-43ad-8158-1c920732fd67"",""UserType"":4,""Version"":1,""Workload"":""AzureActiveDirectory"",""ClientIP"":""2a05:541:116:c8f:59a2:44ad:532f:ee3d"",""ObjectId"":""4765445b-32c6-49b0-83e6-1d93765276ca"",""UserId"":""Not Available"",""AzureActiveDirectoryEventType"":1,""ExtendedProperties"":[{""Name"":""ResultStatusDetail"",""Value"":""Success""},{""Name"":""UserAgent"",""Value"":""axios\/1.13.2""},{""Name"":""RequestType"",""Value"":""SAS:EndAuth""}],""ModifiedProperties"":[],""Actor"":[{""ID"":""16040d97-c0b3-43ad-8158-1c920732fd67"",""Type"":0}],""ActorContextId"":""9fc57536-e8d3-4117-8537-fc27bc714352"",""ActorIpAddress"":""2a05:541:116:c8f:59a2:44ad:532f:ee3d"",""InterSystemsId"":""7280bf5c-c49a-488a-8660-1b384487a5d2"",""IntraSystemId"":""a2f3c431-a3a4-4667-8fae-3d31edc1e35f"",""SupportTicketId"":"""",""Target"":[{""ID"":""4765445b-32c6-49b0-83e6-1d93765276ca"",""Type"":0}],""TargetContextId"":""9fc57536-e8d3-4117-8537-fc27bc714352"",""ApplicationId"":""4765445b-32c6-49b0-83e6-1d93765276ca"",""DeviceProperties"":[{""Name"":""BrowserType"",""Value"":""Other""}],""ErrorNumber"":""0""}","15","214","a2f3c431-a3a4-4667-8fae-3d31edc1e35f","True","Unchanged"
"AzureActiveDirectoryStsLogon","2025-12-17 18:33:55","bennett4@consolidatedmsgr.com","UserLoggedIn","{""CreationTime"":""2025-12-17T18:33:55"",""Id"":""645e4129-158f-477d-8369-2adb915a1444"",""Operation"":""UserLoggedIn"",""OrganizationId"":""9fc57536-e8d3-4117-8537-fc27bc714352"",""RecordType"":15,""ResultStatus"":""Success"",""UserKey"":""16040d97-c0b3-43ad-8158-1c920732fd67"",""UserType"":0,""Version"":1,""Workload"":""AzureActiveDirectory"",""ClientIP"":""2a05:541:116:c8f:59a2:44ad:532f:ee3d"",""ObjectId"":""4765445b-32c6-49b0-83e6-1d93765276ca"",""UserId"":""bennett4@consolidatedmsgr.com"",""AzureActiveDirectoryEventType"":1,""ExtendedProperties"":[{""Name"":""ResultStatusDetail"",""Value"":""Success""},{""Name"":""UserAgent"",""Value"":""axios\/1.13.2""},{""Name"":""RequestType"",""Value"":""Kmsi:kmsi""}],""ModifiedProperties"":[],""Actor"":[{""ID"":""16040d97-c0b3-43ad-8158-1c920732fd67"",""Type"":0},{""ID"":""bennett4@consolidatedmsgr.com"",""Type"":5}],""ActorContextId"":""9fc57536-e8d3-4117-8537-fc27bc714352"",""ActorIpAddress"":""2a05:541:116:c8f:59a2:44ad:532f:ee3d"",""InterSystemsId"":""7280bf5c-c49a-488a-8660-1b384487a5d2"",""IntraSystemId"":""645e4129-158f-477d-8369-2adb915a1444"",""SupportTicketId"":"""",""Target"":[{""ID"":""4765445b-32c6-49b0-83e6-1d93765276ca"",""Type"":0}],""TargetContextId"":""9fc57536-e8d3-4117-8537-fc27bc714352"",""ApplicationId"":""4765445b-32c6-49b0-83e6-1d93765276ca"",""DeviceProperties"":[{""Name"":""BrowserType"",""Value"":""Other""},{""Name"":""SessionId"",""Value"":""d23eff42-3eb7-4fcb-8e2f-45f429742afd""}],""ErrorNumber"":""0""}","16","214","645e4129-158f-477d-8369-2adb915a1444","True","Unchanged"
"AzureActiveDirectoryStsLogon","2025-12-17 18:33:45","Not Available","UserLoggedIn","{""CreationTime"":""2025-12-17T18:33:45"",""Id"":""62b7c29e-5db9-4853-80bf-37a3ae53b861"",""Operation"":""UserLoggedIn"",""OrganizationId"":""9fc57536-e8d3-4117-8537-fc27bc714352"",""RecordType"":15,""ResultStatus"":""Success"",""UserKey"":""16040d97-c0b3-43ad-8158-1c920732fd67"",""UserType"":4,""Version"":1,""Workload"":""AzureActiveDirectory"",""ClientIP"":""2a05:541:116:c8f:59a2:44ad:532f:ee3d"",""ObjectId"":""4765445b-32c6-49b0-83e6-1d93765276ca"",""UserId"":""Not Available"",""AzureActiveDirectoryEventType"":1,""ExtendedProperties"":[{""Name"":""ResultStatusDetail"",""Value"":""Success""},{""Name"":""UserAgent"",""Value"":""axios\/1.13.2""},{""Name"":""RequestType"",""Value"":""SAS:EndAuth""}],""ModifiedProperties"":[],""Actor"":[{""ID"":""16040d97-c0b3-43ad-8158-1c920732fd67"",""Type"":0}],""ActorContextId"":""9fc57536-e8d3-4117-8537-fc27bc714352"",""ActorIpAddress"":""2a05:541:116:c8f:59a2:44ad:532f:ee3d"",""InterSystemsId"":""7280bf5c-c49a-488a-8660-1b384487a5d2"",""IntraSystemId"":""62b7c29e-5db9-4853-80bf-37a3ae53b861"",""SupportTicketId"":"""",""Target"":[{""ID"":""4765445b-32c6-49b0-83e6-1d93765276ca"",""Type"":0}],""TargetContextId"":""9fc57536-e8d3-4117-8537-fc27bc714352"",""ApplicationId"":""4765445b-32c6-49b0-83e6-1d93765276ca"",""DeviceProperties"":[{""Name"":""BrowserType"",""Value"":""Other""}],""ErrorNumber"":""0""}","17","214","62b7c29e-5db9-4853-80bf-37a3ae53b861","True","Unchanged"
"AzureActiveDirectoryStsLogon","2025-12-17 18:33:28","Not Available","UserLoggedIn","{""CreationTime"":""2025-12-17T18:33:28"",""Id"":""4ec5d806-69e6-4a4d-852e-034540a19268"",""Operation"":""UserLoggedIn"",""OrganizationId"":""9fc57536-e8d3-4117-8537-fc27bc714352"",""RecordType"":15,""ResultStatus"":""Success"",""UserKey"":""16040d97-c0b3-43ad-8158-1c920732fd67"",""UserType"":4,""Version"":1,""Workload"":""AzureActiveDirectory"",""ClientIP"":""2a05:541:116:c8f:59a2:44ad:532f:ee3d"",""ObjectId"":""4765445b-32c6-49b0-83e6-1d93765276ca"",""UserId"":""Not Available"",""AzureActiveDirectoryEventType"":1,""ExtendedProperties"":[{""Name"":""ResultStatusDetail"",""Value"":""Success""},{""Name"":""UserAgent"",""Value"":""axios\/1.13.2""},{""Name"":""RequestType"",""Value"":""SAS:EndAuth""}],""ModifiedProperties"":[],""Actor"":[{""ID"":""16040d97-c0b3-43ad-8158-1c920732fd67"",""Type"":0}],""ActorContextId"":""9fc57536-e8d3-4117-8537-fc27bc714352"",""ActorIpAddress"":""2a05:541:116:c8f:59a2:44ad:532f:ee3d"",""InterSystemsId"":""7280bf5c-c49a-488a-8660-1b384487a5d2"",""IntraSystemId"":""4ec5d806-69e6-4a4d-852e-034540a19268"",""SupportTicketId"":"""",""Target"":[{""ID"":""4765445b-32c6-49b0-83e6-1d93765276ca"",""Type"":0}],""TargetContextId"":""9fc57536-e8d3-4117-8537-fc27bc714352"",""ApplicationId"":""4765445b-32c6-49b0-83e6-1d93765276ca"",""DeviceProperties"":[{""Name"":""BrowserType"",""Value"":""Other""}],""ErrorNumber"":""0""}","18","214","4ec5d806-69e6-4a4d-852e-034540a19268","True","Unchanged"
"AzureActiveDirectoryStsLogon","2025-12-17 18:33:55","Not Available","UserLoggedIn","{""CreationTime"":""2025-12-17T18:33:55"",""Id"":""2a682a69-4130-45c9-8e53-93d1438d4aea"",""Operation"":""UserLoggedIn"",""OrganizationId"":""9fc57536-e8d3-4117-8537-fc27bc714352"",""RecordType"":15,""ResultStatus"":""Success"",""UserKey"":""16040d97-c0b3-43ad-8158-1c920732fd67"",""UserType"":4,""Version"":1,""Workload"":""AzureActiveDirectory"",""ClientIP"":""2a05:541:116:c8f:59a2:44ad:532f:ee3d"",""ObjectId"":""4765445b-32c6-49b0-83e6-1d93765276ca"",""UserId"":""Not Available"",""AzureActiveDirectoryEventType"":1,""ExtendedProperties"":[{""Name"":""ResultStatusDetail"",""Value"":""Success""},{""Name"":""UserAgent"",""Value"":""axios\/1.13.2""},{""Name"":""RequestType"",""Value"":""SAS:EndAuth""}],""ModifiedProperties"":[],""Actor"":[{""ID"":""16040d97-c0b3-43ad-8158-1c920732fd67"",""Type"":0}],""ActorContextId"":""9fc57536-e8d3-4117-8537-fc27bc714352"",""ActorIpAddress"":""2a05:541:116:c8f:59a2:44ad:532f:ee3d"",""InterSystemsId"":""7280bf5c-c49a-488a-8660-1b384487a5d2"",""IntraSystemId"":""2a682a69-4130-45c9-8e53-93d1438d4aea"",""SupportTicketId"":"""",""Target"":[{""ID"":""4765445b-32c6-49b0-83e6-1d93765276ca"",""Type"":0}],""TargetContextId"":""9fc57536-e8d3-4117-8537-fc27bc714352"",""ApplicationId"":""4765445b-32c6-49b0-83e6-1d93765276ca"",""DeviceProperties"":[{""Name"":""BrowserType"",""Value"":""Other""}],""ErrorNumber"":""0""}","19","214","2a682a69-4130-45c9-8e53-93d1438d4aea","True","Unchanged"
"AzureActiveDirectoryStsLogon","2025-12-17 18:33:55","bennett4@consolidatedmsgr.com","UserLoggedIn","{""CreationTime"":""2025-12-17T18:33:55"",""Id"":""e8776621-7c7b-479c-8822-d152cacdd13f"",""Operation"":""UserLoggedIn"",""OrganizationId"":""9fc57536-e8d3-4117-8537-fc27bc714352"",""RecordType"":15,""ResultStatus"":""Success"",""UserKey"":""16040d97-c0b3-43ad-8158-1c920732fd67"",""UserType"":0,""Version"":1,""Workload"":""AzureActiveDirectory"",""ClientIP"":""2a05:541:116:c8f:59a2:44ad:532f:ee3d"",""ObjectId"":""4765445b-32c6-49b0-83e6-1d93765276ca"",""UserId"":""bennett4@consolidatedmsgr.com"",""AzureActiveDirectoryEventType"":1,""ExtendedProperties"":[{""Name"":""ResultStatusDetail"",""Value"":""Success""},{""Name"":""KeepMeSignedIn"",""Value"":""true""},{""Name"":""UserAgent"",""Value"":""axios\/1.13.2""},{""Name"":""UserAuthenticationMethod"",""Value"":""16""},{""Name"":""RequestType"",""Value"":""SAS:ProcessAuth""}],""ModifiedProperties"":[],""Actor"":[{""ID"":""16040d97-c0b3-43ad-8158-1c920732fd67"",""Type"":0},{""ID"":""bennett4@consolidatedmsgr.com"",""Type"":5}],""ActorContextId"":""9fc57536-e8d3-4117-8537-fc27bc714352"",""ActorIpAddress"":""2a05:541:116:c8f:59a2:44ad:532f:ee3d"",""InterSystemsId"":""7280bf5c-c49a-488a-8660-1b384487a5d2"",""IntraSystemId"":""e8776621-7c7b-479c-8822-d152cacdd13f"",""SupportTicketId"":"""",""Target"":[{""ID"":""4765445b-32c6-49b0-83e6-1d93765276ca"",""Type"":0}],""TargetContextId"":""9fc57536-e8d3-4117-8537-fc27bc714352"",""ApplicationId"":""4765445b-32c6-49b0-83e6-1d93765276ca"",""DeviceProperties"":[{""Name"":""BrowserType"",""Value"":""Other""},{""Name"":""SessionId"",""Value"":""d23eff42-3eb7-4fcb-8e2f-45f429742afd""}],""ErrorNumber"":""50140""}","20","214","e8776621-7c7b-479c-8822-d152cacdd13f","True","Unchanged"
"AzureActiveDirectoryStsLogon","2025-12-17 18:33:55","bennett4@consolidatedmsgr.com","UserLoggedIn","{""CreationTime"":""2025-12-17T18:33:55"",""Id"":""e8776621-7c7b-479c-8822-d152cacdd13f"",""Operation"":""UserLoggedIn"",""OrganizationId"":""9fc57536-e8d3-4117-8537-fc27bc714352"",""RecordType"":15,""ResultStatus"":""Success"",""UserKey"":""16040d97-c0b3-43ad-8158-1c920732fd67"",""UserType"":0,""Version"":1,""Workload"":""AzureActiveDirectory"",""ClientIP"":""2a05:541:116:c8f:59a2:44ad:532f:ee3d"",""ObjectId"":""4765445b-32c6-49b0-83e6-1d93765276ca"",""UserId"":""bennett4@consolidatedmsgr.com"",""AzureActiveDirectoryEventType"":1,""ExtendedProperties"":[{""Name"":""ResultStatusDetail"",""Value"":""Success""},{""Name"":""KeepMeSignedIn"",""Value"":""true""},{""Name"":""UserAgent"",""Value"":""axios\/1.13.2""},{""Name"":""RequestType"",""Value"":""SAS:ProcessAuth""}],""ModifiedProperties"":[],""Actor"":[{""ID"":""16040d97-c0b3-43ad-8158-1c920732fd67"",""Type"":0},{""ID"":""bennett4@consolidatedmsgr.com"",""Type"":5}],""ActorContextId"":""9fc57536-e8d3-4117-8537-fc27bc714352"",""ActorIpAddress"":""2a05:541:116:c8f:59a2:44ad:532f:ee3d"",""InterSystemsId"":""7280bf5c-c49a-488a-8660-1b384487a5d2"",""IntraSystemId"":""e8776621-7c7b-479c-8822-d152cacdd13f"",""SupportTicketId"":"""",""Target"":[{""ID"":""4765445b-32c6-49b0-83e6-1d93765276ca"",""Type"":0}],""TargetContextId"":""9fc57536-e8d3-4117-8537-fc27bc714352"",""ApplicationId"":""4765445b-32c6-49b0-83e6-1d93765276ca"",""DeviceProperties"":[{""Name"":""BrowserType"",""Value"":""Other""},{""Name"":""SessionId"",""Value"":""d23eff42-3eb7-4fcb-8e2f-45f429742afd""}],""ErrorNumber"":""50140""}","21","214","e8776621-7c7b-479c-8822-d152cacdd13f","True","Unchanged"
"AzureActiveDirectoryStsLogon","2025-12-17 18:32:48","bennett4@consolidatedmsgr.com","UserLoginFailed","{""CreationTime"":""2025-12-17T18:32:48"",""Id"":""0ceb5cec-874c-4f1e-8349-641bc3c7645f"",""Operation"":""UserLoginFailed"",""OrganizationId"":""9fc57536-e8d3-4117-8537-fc27bc714352"",""RecordType"":15,""ResultStatus"":""Success"",""UserKey"":""16040d97-c0b3-43ad-8158-1c920732fd67"",""UserType"":0,""Version"":1,""Workload"":""AzureActiveDirectory"",""ClientIP"":""2a05:541:116:c8f:59a2:44ad:532f:ee3d"",""ObjectId"":""4765445b-32c6-49b0-83e6-1d93765276ca"",""UserId"":""bennett4@consolidatedmsgr.com"",""AzureActiveDirectoryEventType"":1,""ExtendedProperties"":[{""Name"":""ResultStatusDetail"",""Value"":""Success""},{""Name"":""UserAgent"",""Value"":""axios\/1.13.2""},{""Name"":""UserAuthenticationMethod"",""Value"":""16""},{""Name"":""RequestType"",""Value"":""SAS:EndAuth""}],""ModifiedProperties"":[],""Actor"":[{""ID"":""16040d97-c0b3-43ad-8158-1c920732fd67"",""Type"":0},{""ID"":""bennett4@consolidatedmsgr.com"",""Type"":5}],""ActorContextId"":""9fc57536-e8d3-4117-8537-fc27bc714352"",""ActorIpAddress"":""2a05:541:116:c8f:59a2:44ad:532f:ee3d"",""InterSystemsId"":""7280bf5c-c49a-488a-8660-1b384487a5d2"",""IntraSystemId"":""0ceb5cec-874c-4f1e-8349-641bc3c7645f"",""SupportTicketId"":"""",""Target"":[{""ID"":""4765445b-32c6-49b0-83e6-1d93765276ca"",""Type"":0}],""TargetContextId"":""9fc57536-e8d3-4117-8537-fc27bc714352"",""ApplicationId"":""4765445b-32c6-49b0-83e6-1d93765276ca"",""DeviceProperties"":[{""Name"":""BrowserType"",""Value"":""Other""},{""Name"":""SessionId"",""Value"":""d23eff42-3eb7-4fcb-8e2f-45f429742afd""}],""ErrorNumber"":""50074"",""LogonError"":""UserStrongAuthClientAuthNRequiredInterrupt""}","22","214","0ceb5cec-874c-4f1e-8349-641bc3c7645f","True","Unchanged"
"AzureActiveDirectoryStsLogon","2025-12-17 18:32:48","bennett4@consolidatedmsgr.com","UserLoginFailed","{""CreationTime"":""2025-12-17T18:32:48"",""Id"":""0ceb5cec-874c-4f1e-8349-641bc3c7645f"",""Operation"":""UserLoginFailed"",""OrganizationId"":""9fc57536-e8d3-4117-8537-fc27bc714352"",""RecordType"":15,""ResultStatus"":""Success"",""UserKey"":""16040d97-c0b3-43ad-8158-1c920732fd67"",""UserType"":0,""Version"":1,""Workload"":""AzureActiveDirectory"",""ClientIP"":""2a05:541:116:c8f:59a2:44ad:532f:ee3d"",""ObjectId"":""4765445b-32c6-49b0-83e6-1d93765276ca"",""UserId"":""bennett4@consolidatedmsgr.com"",""AzureActiveDirectoryEventType"":1,""ExtendedProperties"":[{""Name"":""ResultStatusDetail"",""Value"":""Success""},{""Name"":""UserAgent"",""Value"":""axios\/1.13.2""},{""Name"":""UserAuthenticationMethod"",""Value"":""16""},{""Name"":""RequestType"",""Value"":""Login:login""}],""ModifiedProperties"":[],""Actor"":[{""ID"":""16040d97-c0b3-43ad-8158-1c920732fd67"",""Type"":0},{""ID"":""bennett4@consolidatedmsgr.com"",""Type"":5}],""ActorContextId"":""9fc57536-e8d3-4117-8537-fc27bc714352"",""ActorIpAddress"":""2a05:541:116:c8f:59a2:44ad:532f:ee3d"",""InterSystemsId"":""7280bf5c-c49a-488a-8660-1b384487a5d2"",""IntraSystemId"":""0ceb5cec-874c-4f1e-8349-641bc3c7645f"",""SupportTicketId"":"""",""Target"":[{""ID"":""4765445b-32c6-49b0-83e6-1d93765276ca"",""Type"":0}],""TargetContextId"":""9fc57536-e8d3-4117-8537-fc27bc714352"",""ApplicationId"":""4765445b-32c6-49b0-83e6-1d93765276ca"",""DeviceProperties"":[{""Name"":""BrowserType"",""Value"":""Other""},{""Name"":""SessionId"",""Value"":""d23eff42-3eb7-4fcb-8e2f-45f429742afd""}],""ErrorNumber"":""50074"",""LogonError"":""UserStrongAuthClientAuthNRequiredInterrupt""}","23","214","0ceb5cec-874c-4f1e-8349-641bc3c7645f","True","Unchanged"
"AzureActiveDirectoryStsLogon","2025-12-17 18:32:48","bennett4@consolidatedmsgr.com","UserLoginFailed","{""CreationTime"":""2025-12-17T18:32:48"",""Id"":""0ceb5cec-874c-4f1e-8349-641bc3c7645f"",""Operation"":""UserLoginFailed"",""OrganizationId"":""9fc57536-e8d3-4117-8537-fc27bc714352"",""RecordType"":15,""ResultStatus"":""Success"",""UserKey"":""16040d97-c0b3-43ad-8158-1c920732fd67"",""UserType"":0,""Version"":1,""Workload"":""AzureActiveDirectory"",""ClientIP"":""2a05:541:116:c8f:59a2:44ad:532f:ee3d"",""ObjectId"":""4765445b-32c6-49b0-83e6-1d93765276ca"",""UserId"":""bennett4@consolidatedmsgr.com"",""AzureActiveDirectoryEventType"":1,""ExtendedProperties"":[{""Name"":""ResultStatusDetail"",""Value"":""Success""},{""Name"":""UserAgent"",""Value"":""axios\/1.13.2""},{""Name"":""UserAuthenticationMethod"",""Value"":""16""},{""Name"":""RequestType"",""Value"":""Login:login""}],""ModifiedProperties"":[],""Actor"":[{""ID"":""16040d97-c0b3-43ad-8158-1c920732fd67"",""Type"":0},{""ID"":""bennett4@consolidatedmsgr.com"",""Type"":5}],""ActorContextId"":""9fc57536-e8d3-4117-8537-fc27bc714352"",""ActorIpAddress"":""2a05:541:116:c8f:59a2:44ad:532f:ee3d"",""InterSystemsId"":""7280bf5c-c49a-488a-8660-1b384487a5d2"",""IntraSystemId"":""0ceb5cec-874c-4f1e-8349-641bc3c7645f"",""SupportTicketId"":"""",""Target"":[{""ID"":""4765445b-32c6-49b0-83e6-1d93765276ca"",""Type"":0}],""TargetContextId"":""9fc57536-e8d3-4117-8537-fc27bc714352"",""ApplicationId"":""4765445b-32c6-49b0-83e6-1d93765276ca"",""DeviceProperties"":[{""Name"":""BrowserType"",""Value"":""Other""},{""Name"":""SessionId"",""Value"":""d23eff42-3eb7-4fcb-8e2f-45f429742afd""}],""ErrorNumber"":""50074"",""LogonError"":""UserStrongAuthClientAuthNRequiredInterrupt""}","24","214","0ceb5cec-874c-4f1e-8349-641bc3c7645f","True","Unchanged"
"ExchangeItem","2025-12-17 16:28:17","gutierrez2@consolidatedmsgr.com","Send","{""AppAccessContext"":{""AADSessionId"":""6221db44-b1b2-4f77-8b47-77bff877410b"",""APIId"":""1fe87f9e-7a06-4f34-872f-efb4be6fb916"",""ClientAppId"":""de7d7402-70c8-4e5e-8a00-fa48659038c2"",""IssuedAtTime"":""2025-12-17T15:55:35"",""UniqueTokenId"":""vhycqTMRBkmPJYl0ZEglAA""},""CreationTime"":""2025-12-17T16:28:17"",""Id"":""7f027b89-1905-40a0-8fb8-eed0918e5abc"",""Operation"":""Send"",""OrganizationId"":""9fc57536-e8d3-4117-8537-fc27bc714352"",""RecordType"":2,""ResultStatus"":""Succeeded"",""UserKey"":""100320034F35348A"",""UserType"":0,""Version"":1,""Workload"":""Exchange"",""ClientIP"":""2600:1f18:5c9a:a468:8241:17f9:1526:6a4d"",""UserId"":""gutierrez2@consolidatedmsgr.com"",""AppId"":""de7d7402-70c8-4e5e-8a00-fa48659038c2"",""AuthType"":""Bearer"",""ClientAppId"":""de7d7402-70c8-4e5e-8a00-fa48659038c2"",""ClientIPAddress"":""2600:1f18:5c9a:a468:8241:17f9:1526:6a4d"",""ClientInfoString"":""Client=OWA;Action=ViaProxy"",""ExternalAccess"":false,""HostAppId"":""1fe87f9e-7a06-4f34-872f-efb4be6fb916"",""InternalLogonType"":0,""LogonType"":0,""LogonUserSid"":""S-1-5-21-3421515247-1784439087-2623626124-887996"",""MailboxGuid"":""c0f08483-4e52-46e0-899d-322f8d8f0310"",""MailboxOwnerSid"":""S-1-5-21-3421515247-1784439087-2623626124-887996"",""MailboxOwnerUPN"":""gutierrez2@consolidatedmsgr.com"",""OrganizationName"":""consolidatedmsgr.onmicrosoft.com"",""OriginatingServer"":""LAB60XX8701MB913 (15.20.4200.000)\r\n"",""TokenObjectId"":""f9a62fe7-59eb-467a-848b-b0f4588e5386"",""TokenTenantId"":""9fc57536-e8d3-4117-8537-fc27bc714352"",""TokenType"":""V1AppActAs"",""Item"":{""Attachments"":""Outlook-A logo for (44209b)"",""Id"":""LgAAAAAdhAMRqmYRzZvIAKoAL8RaDQBPFRB7aFbgTYJ0U+olHj1gAAGp54HyAAAJ"",""ImmutableId"":""LgAAAAAdhAMRqmYRzZvIAKoAL8RaDQBPFRB7aFbgTYJ0U+olHj1gAAGp54HyAAAJ"",""InternetMessageId"":""<evans2@mn2pr06mb5981.namprd06.prod.outlook.com>"",""ParentFolder"":{""Id"":""LgAAAAB5LAfwTBU\/RaiC9YJ7b37EAQBPFRB7aFbgTYJ0U+olHj1gAAAAAAEPAAAB"",""Path"":""\\Drafts""},""SizeInBytes"":128084,""Subject"":""Consolidatedmsgr""},""SaveToSentItems"":true}","25","214","7f027b89-1905-40a0-8fb8-eed0918e5abc","True","Unchanged"
"ExchangeItem","2025-12-17 16:27:50","gutierrez2@consolidatedmsgr.com","Send","{""AppAccessContext"":{""AADSessionId"":""6221db44-b1b2-4f77-8b47-77bff877410b"",""APIId"":""1fe87f9e-7a06-4f34-872f-efb4be6fb916"",""ClientAppId"":""de7d7402-70c8-4e5e-8a00-fa48659038c2"",""IssuedAtTime"":""2025-12-17T15:55:35"",""UniqueTokenId"":""vhycqTMRBkmPJYl0ZEglAA""},""CreationTime"":""2025-12-17T16:27:50"",""Id"":""651ad040-cb30-47e9-8cf1-a1693fb0f557"",""Operation"":""Send"",""OrganizationId"":""9fc57536-e8d3-4117-8537-fc27bc714352"",""RecordType"":2,""ResultStatus"":""Succeeded"",""UserKey"":""100320034F35348A"",""UserType"":0,""Version"":1,""Workload"":""Exchange"",""ClientIP"":""2600:1f18:5c9a:a468:8241:17f9:1526:6a4d"",""UserId"":""gutierrez2@consolidatedmsgr.com"",""AppId"":""de7d7402-70c8-4e5e-8a00-fa48659038c2"",""AuthType"":""Bearer"",""ClientAppId"":""de7d7402-70c8-4e5e-8a00-fa48659038c2"",""ClientIPAddress"":""2600:1f18:5c9a:a468:8241:17f9:1526:6a4d"",""ClientInfoString"":""Client=OWA;Mozilla\/5.0 (Windows NT 10.0; Win64; x64) AppleWebKit\/537.36 (KHTML, like Gecko) Chrome\/142.0.0.206 Safari\/537.36;"",""ExternalAccess"":false,""HostAppId"":""1fe87f9e-7a06-4f34-872f-efb4be6fb916"",""InternalLogonType"":0,""LogonType"":0,""LogonUserSid"":""S-1-5-21-3421515247-1784439087-2623626124-887996"",""MailboxGuid"":""c0f08483-4e52-46e0-899d-322f8d8f0310"",""MailboxOwnerSid"":""S-1-5-21-3421515247-1784439087-2623626124-887996"",""MailboxOwnerUPN"":""gutierrez2@consolidatedmsgr.com"",""OrganizationName"":""consolidatedmsgr.onmicrosoft.com"",""OriginatingServer"":""LAB60XX8701MB913 (15.20.4200.000)\r\n"",""TokenObjectId"":""f9a62fe7-59eb-467a-848b-b0f4588e5386"",""TokenTenantId"":""9fc57536-e8d3-4117-8537-fc27bc714352"",""TokenType"":""V1AppActAs"",""Item"":{""Attachments"":""Outlook-A logo for (44209b)"",""Id"":""LgAAAAAdhAMRqmYRzZvIAKoAL8RaDQBPFRB7aFbgTYJ0U+olHj1gAAGp54X4AAAJ"",""ImmutableId"":""LgAAAAAdhAMRqmYRzZvIAKoAL8RaDQBPFRB7aFbgTYJ0U+olHj1gAAGp54X4AAAJ"",""InternetMessageId"":""<jerry3@mn2pr06mb5981.namprd06.prod.outlook.com>"",""ParentFolder"":{""Id"":""LgAAAAB5LAfwTBU\/RaiC9YJ7b37EAQBPFRB7aFbgTYJ0U+olHj1gAAAAAAEPAAAB"",""Path"":""\\Drafts""},""SizeInBytes"":131426,""Subject"":""Consolidatedmsgr""},""SaveToSentItems"":true}","26","214","651ad040-cb30-47e9-8cf1-a1693fb0f557","True","Unchanged"
"ExchangeItem","2025-12-17 16:27:51","gutierrez2@consolidatedmsgr.com","Send","{""AppAccessContext"":{""AADSessionId"":""6221db44-b1b2-4f77-8b47-77bff877410b"",""APIId"":""1fe87f9e-7a06-4f34-872f-efb4be6fb916"",""ClientAppId"":""de7d7402-70c8-4e5e-8a00-fa48659038c2"",""IssuedAtTime"":""2025-12-17T15:55:35"",""UniqueTokenId"":""vhycqTMRBkmPJYl0ZEglAA""},""CreationTime"":""2025-12-17T16:27:51"",""Id"":""d6f19acc-6083-483c-8663-0efa56bd3e83"",""Operation"":""Send"",""OrganizationId"":""9fc57536-e8d3-4117-8537-fc27bc714352"",""RecordType"":2,""ResultStatus"":""Succeeded"",""UserKey"":""100320034F35348A"",""UserType"":0,""Version"":1,""Workload"":""Exchange"",""ClientIP"":""2600:1f18:5c9a:a468:8241:17f9:1526:6a4d"",""UserId"":""gutierrez2@consolidatedmsgr.com"",""AppId"":""de7d7402-70c8-4e5e-8a00-fa48659038c2"",""AuthType"":""Bearer"",""ClientAppId"":""de7d7402-70c8-4e5e-8a00-fa48659038c2"",""ClientIPAddress"":""2600:1f18:5c9a:a468:8241:17f9:1526:6a4d"",""ClientInfoString"":""Client=OWA;Action=ViaProxy"",""ExternalAccess"":false,""HostAppId"":""1fe87f9e-7a06-4f34-872f-efb4be6fb916"",""InternalLogonType"":0,""LogonType"":0,""LogonUserSid"":""S-1-5-21-3421515247-1784439087-2623626124-887996"",""MailboxGuid"":""c0f08483-4e52-46e0-899d-322f8d8f0310"",""MailboxOwnerSid"":""S-1-5-21-3421515247-1784439087-2623626124-887996"",""MailboxOwnerUPN"":""gutierrez2@consolidatedmsgr.com"",""OrganizationName"":""consolidatedmsgr.onmicrosoft.com"",""OriginatingServer"":""LAB60XX8701MB913 (15.20.4200.000)\r\n"",""TokenObjectId"":""f9a62fe7-59eb-467a-848b-b0f4588e5386"",""TokenTenantId"":""9fc57536-e8d3-4117-8537-fc27bc714352"",""TokenType"":""V1AppActAs"",""Item"":{""Attachments"":""Outlook-A logo for (44209b)"",""Id"":""LgAAAAAdhAMRqmYRzZvIAKoAL8RaDQBPFRB7aFbgTYJ0U+olHj1gAAGp54X9AAAJ"",""ImmutableId"":""LgAAAAAdhAMRqmYRzZvIAKoAL8RaDQBPFRB7aFbgTYJ0U+olHj1gAAGp54X9AAAJ"",""InternetMessageId"":""<laura2@mn2pr06mb5981.namprd06.prod.outlook.com>"",""ParentFolder"":{""Id"":""LgAAAAB5LAfwTBU\/RaiC9YJ7b37EAQBPFRB7aFbgTYJ0U+olHj1gAAAAAAEPAAAB"",""Path"":""\\Drafts""},""SizeInBytes"":131401,""Subject"":""Consolidatedmsgr""},""SaveToSentItems"":true}","27","214","d6f19acc-6083-483c-8663-0efa56bd3e83","True","Unchanged"
"ExchangeItem","2025-12-17 16:28:01","gutierrez2@consolidatedmsgr.com","Send","{""AppAccessContext"":{""AADSessionId"":""6221db44-b1b2-4f77-8b47-77bff877410b"",""APIId"":""1fe87f9e-7a06-4f34-872f-efb4be6fb916"",""ClientAppId"":""de7d7402-70c8-4e5e-8a00-fa48659038c2"",""IssuedAtTime"":""2025-12-17T15:55:35"",""UniqueTokenId"":""vhycqTMRBkmPJYl0ZEglAA""},""CreationTime"":""2025-12-17T16:28:01"",""Id"":""aa62d004-36a9-46da-849f-566f1d38f58f"",""Operation"":""Send"",""OrganizationId"":""9fc57536-e8d3-4117-8537-fc27bc714352"",""RecordType"":2,""ResultStatus"":""Succeeded"",""UserKey"":""100320034F35348A"",""UserType"":0,""Version"":1,""Workload"":""Exchange"",""ClientIP"":""2600:1f18:5c9a:a468:8241:17f9:1526:6a4d"",""UserId"":""gutierrez2@consolidatedmsgr.com"",""AppId"":""de7d7402-70c8-4e5e-8a00-fa48659038c2"",""AuthType"":""Bearer"",""ClientAppId"":""de7d7402-70c8-4e5e-8a00-fa48659038c2"",""ClientIPAddress"":""2600:1f18:5c9a:a468:8241:17f9:1526:6a4d"",""ClientInfoString"":""Client=OWA;Action=ViaProxy"",""ExternalAccess"":false,""HostAppId"":""1fe87f9e-7a06-4f34-872f-efb4be6fb916"",""InternalLogonType"":0,""LogonType"":0,""LogonUserSid"":""S-1-5-21-3421515247-1784439087-2623626124-887996"",""MailboxGuid"":""c0f08483-4e52-46e0-899d-322f8d8f0310"",""MailboxOwnerSid"":""S-1-5-21-3421515247-1784439087-2623626124-887996"",""MailboxOwnerUPN"":""gutierrez2@consolidatedmsgr.com"",""OrganizationName"":""consolidatedmsgr.onmicrosoft.com"",""OriginatingServer"":""LAB60XX8701MB913 (15.20.4200.000)\r\n"",""TokenObjectId"":""f9a62fe7-59eb-467a-848b-b0f4588e5386"",""TokenTenantId"":""9fc57536-e8d3-4117-8537-fc27bc714352"",""TokenType"":""V1AppActAs"",""Item"":{""Attachments"":""Outlook-A logo for (44209b)"",""Id"":""LgAAAAAdhAMRqmYRzZvIAKoAL8RaDQBPFRB7aFbgTYJ0U+olHj1gAAGp54pDAAAJ"",""ImmutableId"":""LgAAAAAdhAMRqmYRzZvIAKoAL8RaDQBPFRB7aFbgTYJ0U+olHj1gAAGp54pDAAAJ"",""InternetMessageId"":""<perry2@mn2pr06mb5981.namprd06.prod.outlook.com>"",""ParentFolder"":{""Id"":""LgAAAAB5LAfwTBU\/RaiC9YJ7b37EAQBPFRB7aFbgTYJ0U+olHj1gAAAAAAEPAAAB"",""Path"":""\\Drafts""},""SizeInBytes"":165857,""Subject"":""Consolidatedmsgr""},""SaveToSentItems"":true}","28","214","aa62d004-36a9-46da-849f-566f1d38f58f","True","Unchanged"
"AzureActiveDirectoryStsLogon","2025-12-17 16:38:46","gutierrez2@consolidatedmsgr.com","UserLoginFailed","{""CreationTime"":""2025-12-17T16:38:46"",""Id"":""2c7f4df5-cc79-4499-8ec5-da29d56ea9af"",""Operation"":""UserLoginFailed"",""OrganizationId"":""9fc57536-e8d3-4117-8537-fc27bc714352"",""RecordType"":15,""ResultStatus"":""Success"",""UserKey"":""f9a62fe7-59eb-467a-848b-b0f4588e5386"",""UserType"":0,""Version"":1,""Workload"":""AzureActiveDirectory"",""ClientIP"":""2600:1f18:5c9a:a468:8241:17f9:1526:6a4d"",""ObjectId"":""00000002-0000-0ff1-ce00-000000000000"",""UserId"":""gutierrez2@consolidatedmsgr.com"",""AzureActiveDirectoryEventType"":1,""ExtendedProperties"":[{""Name"":""ResultStatusDetail"",""Value"":""Success""},{""Name"":""UserAgent"",""Value"":""Mozilla\/5.0 (Windows NT 10.0; Win64; x64) AppleWebKit\/537.36 (KHTML, like Gecko) Chrome\/142.0.0.206 Safari\/537.36""},{""Name"":""RequestType"",""Value"":""OAuth2:Authorize""}],""ModifiedProperties"":[],""Actor"":[{""ID"":""f9a62fe7-59eb-467a-848b-b0f4588e5386"",""Type"":0},{""ID"":""gutierrez2@consolidatedmsgr.com"",""Type"":5}],""ActorContextId"":""9fc57536-e8d3-4117-8537-fc27bc714352"",""ActorIpAddress"":""2600:1f18:5c9a:a468:8241:17f9:1526:6a4d"",""InterSystemsId"":""690d6c51-59fd-4569-833c-8a4e186e6cfa"",""IntraSystemId"":""2c7f4df5-cc79-4499-8ec5-da29d56ea9af"",""SupportTicketId"":"""",""Target"":[{""ID"":""00000002-0000-0ff1-ce00-000000000000"",""Type"":0}],""TargetContextId"":""9fc57536-e8d3-4117-8537-fc27bc714352"",""ApplicationId"":""de7d7402-70c8-4e5e-8a00-fa48659038c2"",""DeviceProperties"":[{""Name"":""OS"",""Value"":""Windows10""},{""Name"":""BrowserType"",""Value"":""Chrome""},{""Name"":""SessionId"",""Value"":""6221db44-b1b2-4f77-8b47-77bff877410b""}],""ErrorNumber"":""50057"",""LogonError"":""UserDisabled""}","29","214","2c7f4df5-cc79-4499-8ec5-da29d56ea9af","True","Unchanged"
"AzureActiveDirectoryStsLogon","2025-12-17 16:33:27","gutierrez2@consolidatedmsgr.com","UserLoginFailed","{""CreationTime"":""2025-12-17T16:33:27"",""Id"":""85814d66-a92d-4e10-8df9-507f84b7a795"",""Operation"":""UserLoginFailed"",""OrganizationId"":""9fc57536-e8d3-4117-8537-fc27bc714352"",""RecordType"":15,""ResultStatus"":""Success"",""UserKey"":""f9a62fe7-59eb-467a-848b-b0f4588e5386"",""UserType"":0,""Version"":1,""Workload"":""AzureActiveDirectory"",""ClientIP"":""2600:1f18:5c9a:a468:8241:17f9:1526:6a4d"",""ObjectId"":""00000002-0000-0ff1-ce00-000000000000"",""UserId"":""gutierrez2@consolidatedmsgr.com"",""AzureActiveDirectoryEventType"":1,""ExtendedProperties"":[{""Name"":""ResultStatusDetail"",""Value"":""Success""},{""Name"":""UserAgent"",""Value"":""Mozilla\/5.0 (Windows NT 10.0; Win64; x64) AppleWebKit\/537.36 (KHTML, like Gecko) Chrome\/142.0.0.206 Safari\/537.36""},{""Name"":""RequestType"",""Value"":""OAuth2:Authorize""}],""ModifiedProperties"":[],""Actor"":[{""ID"":""f9a62fe7-59eb-467a-848b-b0f4588e5386"",""Type"":0},{""ID"":""gutierrez2@consolidatedmsgr.com"",""Type"":5}],""ActorContextId"":""9fc57536-e8d3-4117-8537-fc27bc714352"",""ActorIpAddress"":""2600:1f18:5c9a:a468:8241:17f9:1526:6a4d"",""InterSystemsId"":""0c256cb1-cae3-4ecc-828c-ee30b29670f1"",""IntraSystemId"":""85814d66-a92d-4e10-8df9-507f84b7a795"",""SupportTicketId"":"""",""Target"":[{""ID"":""00000002-0000-0ff1-ce00-000000000000"",""Type"":0}],""TargetContextId"":""9fc57536-e8d3-4117-8537-fc27bc714352"",""ApplicationId"":""de7d7402-70c8-4e5e-8a00-fa48659038c2"",""DeviceProperties"":[{""Name"":""OS"",""Value"":""Windows10""},{""Name"":""BrowserType"",""Value"":""Chrome""},{""Name"":""SessionId"",""Value"":""6221db44-b1b2-4f77-8b47-77bff877410b""}],""ErrorNumber"":""50057"",""LogonError"":""UserDisabled""}","30","214","85814d66-a92d-4e10-8df9-507f84b7a795","True","Unchanged"
"AzureActiveDirectoryStsLogon","2025-12-17 16:33:27","gutierrez2@consolidatedmsgr.com","UserLoginFailed","{""CreationTime"":""2025-12-17T16:33:27"",""Id"":""0066ac97-066f-4d41-899b-22551890c884"",""Operation"":""UserLoginFailed"",""OrganizationId"":""9fc57536-e8d3-4117-8537-fc27bc714352"",""RecordType"":15,""ResultStatus"":""Success"",""UserKey"":""f9a62fe7-59eb-467a-848b-b0f4588e5386"",""UserType"":0,""Version"":1,""Workload"":""AzureActiveDirectory"",""ClientIP"":""2600:1f18:5c9a:a468:8241:17f9:1526:6a4d"",""ObjectId"":""00000002-0000-0ff1-ce00-000000000000"",""UserId"":""gutierrez2@consolidatedmsgr.com"",""AzureActiveDirectoryEventType"":1,""ExtendedProperties"":[{""Name"":""ResultStatusDetail"",""Value"":""Success""},{""Name"":""UserAgent"",""Value"":""Mozilla\/5.0 (Windows NT 10.0; Win64; x64) AppleWebKit\/537.36 (KHTML, like Gecko) Chrome\/142.0.0.206 Safari\/537.36""},{""Name"":""RequestType"",""Value"":""OAuth2:Authorize""}],""ModifiedProperties"":[],""Actor"":[{""ID"":""f9a62fe7-59eb-467a-848b-b0f4588e5386"",""Type"":0},{""ID"":""gutierrez2@consolidatedmsgr.com"",""Type"":5}],""ActorContextId"":""9fc57536-e8d3-4117-8537-fc27bc714352"",""ActorIpAddress"":""2600:1f18:5c9a:a468:8241:17f9:1526:6a4d"",""InterSystemsId"":""4183de98-da5b-494e-80f0-3f12c6067028"",""IntraSystemId"":""0066ac97-066f-4d41-899b-22551890c884"",""SupportTicketId"":"""",""Target"":[{""ID"":""00000002-0000-0ff1-ce00-000000000000"",""Type"":0}],""TargetContextId"":""9fc57536-e8d3-4117-8537-fc27bc714352"",""ApplicationId"":""de7d7402-70c8-4e5e-8a00-fa48659038c2"",""DeviceProperties"":[{""Name"":""OS"",""Value"":""Windows10""},{""Name"":""BrowserType"",""Value"":""Chrome""},{""Name"":""SessionId"",""Value"":""6221db44-b1b2-4f77-8b47-77bff877410b""}],""ErrorNumber"":""50057"",""LogonError"":""UserDisabled""}","31","214","0066ac97-066f-4d41-899b-22551890c884","True","Unchanged"
"AzureActiveDirectoryStsLogon","2025-12-17 16:33:25","gutierrez2@consolidatedmsgr.com","UserLoginFailed","{""CreationTime"":""2025-12-17T16:33:25"",""Id"":""8251dcf0-d88c-43a9-83a3-03ea7a385dbd"",""Operation"":""UserLoginFailed"",""OrganizationId"":""9fc57536-e8d3-4117-8537-fc27bc714352"",""RecordType"":15,""ResultStatus"":""Success"",""UserKey"":""f9a62fe7-59eb-467a-848b-b0f4588e5386"",""UserType"":0,""Version"":1,""Workload"":""AzureActiveDirectory"",""ClientIP"":""2600:1f18:5c9a:a468:8241:17f9:1526:6a4d"",""ObjectId"":""00000002-0000-0ff1-ce00-000000000000"",""UserId"":""gutierrez2@consolidatedmsgr.com"",""AzureActiveDirectoryEventType"":1,""ExtendedProperties"":[{""Name"":""ResultStatusDetail"",""Value"":""Success""},{""Name"":""UserAgent"",""Value"":""Mozilla\/5.0 (Windows NT 10.0; Win64; x64) AppleWebKit\/537.36 (KHTML, like Gecko) Chrome\/142.0.0.206 Safari\/537.36""},{""Name"":""RequestType"",""Value"":""OAuth2:Authorize""}],""ModifiedProperties"":[],""Actor"":[{""ID"":""f9a62fe7-59eb-467a-848b-b0f4588e5386"",""Type"":0},{""ID"":""gutierrez2@consolidatedmsgr.com"",""Type"":5}],""ActorContextId"":""9fc57536-e8d3-4117-8537-fc27bc714352"",""ActorIpAddress"":""2600:1f18:5c9a:a468:8241:17f9:1526:6a4d"",""InterSystemsId"":""d1867aac-d5c0-4259-8bd2-0c64cd13991c"",""IntraSystemId"":""8251dcf0-d88c-43a9-83a3-03ea7a385dbd"",""SupportTicketId"":"""",""Target"":[{""ID"":""00000002-0000-0ff1-ce00-000000000000"",""Type"":0}],""TargetContextId"":""9fc57536-e8d3-4117-8537-fc27bc714352"",""ApplicationId"":""de7d7402-70c8-4e5e-8a00-fa48659038c2"",""DeviceProperties"":[{""Name"":""OS"",""Value"":""Windows10""},{""Name"":""BrowserType"",""Value"":""Chrome""},{""Name"":""SessionId"",""Value"":""6221db44-b1b2-4f77-8b47-77bff877410b""}],""ErrorNumber"":""50057"",""LogonError"":""UserDisabled""}","32","214","8251dcf0-d88c-43a9-83a3-03ea7a385dbd","True","Unchanged"
"AzureActiveDirectoryStsLogon","2025-12-17 16:33:26","gutierrez2@consolidatedmsgr.com","UserLoginFailed","{""CreationTime"":""2025-12-17T16:33:26"",""Id"":""2459afb3-190a-496b-8f81-2f60396595eb"",""Operation"":""UserLoginFailed"",""OrganizationId"":""9fc57536-e8d3-4117-8537-fc27bc714352"",""RecordType"":15,""ResultStatus"":""Success"",""UserKey"":""f9a62fe7-59eb-467a-848b-b0f4588e5386"",""UserType"":0,""Version"":1,""Workload"":""AzureActiveDirectory"",""ClientIP"":""2600:1f18:5c9a:a468:8241:17f9:1526:6a4d"",""ObjectId"":""00000002-0000-0ff1-ce00-000000000000"",""UserId"":""gutierrez2@consolidatedmsgr.com"",""AzureActiveDirectoryEventType"":1,""ExtendedProperties"":[{""Name"":""ResultStatusDetail"",""Value"":""Success""},{""Name"":""UserAgent"",""Value"":""Mozilla\/5.0 (Windows NT 10.0; Win64; x64) AppleWebKit\/537.36 (KHTML, like Gecko) Chrome\/142.0.0.206 Safari\/537.36""},{""Name"":""RequestType"",""Value"":""OAuth2:Authorize""}],""ModifiedProperties"":[],""Actor"":[{""ID"":""f9a62fe7-59eb-467a-848b-b0f4588e5386"",""Type"":0},{""ID"":""gutierrez2@consolidatedmsgr.com"",""Type"":5}],""ActorContextId"":""9fc57536-e8d3-4117-8537-fc27bc714352"",""ActorIpAddress"":""2600:1f18:5c9a:a468:8241:17f9:1526:6a4d"",""InterSystemsId"":""c6027c30-1564-4472-8eea-28ea56e75549"",""IntraSystemId"":""2459afb3-190a-496b-8f81-2f60396595eb"",""SupportTicketId"":"""",""Target"":[{""ID"":""00000002-0000-0ff1-ce00-000000000000"",""Type"":0}],""TargetContextId"":""9fc57536-e8d3-4117-8537-fc27bc714352"",""ApplicationId"":""de7d7402-70c8-4e5e-8a00-fa48659038c2"",""DeviceProperties"":[{""Name"":""OS"",""Value"":""Windows10""},{""Name"":""BrowserType"",""Value"":""Chrome""},{""Name"":""SessionId"",""Value"":""6221db44-b1b2-4f77-8b47-77bff877410b""}],""ErrorNumber"":""50057"",""LogonError"":""UserDisabled""}","33","214","2459afb3-190a-496b-8f81-2f60396595eb","True","Unchanged"
"AzureActiveDirectoryStsLogon","2025-12-17 16:33:25","gutierrez2@consolidatedmsgr.com","UserLoginFailed","{""CreationTime"":""2025-12-17T16:33:25"",""Id"":""ae2db23d-16de-4321-858a-d4dc28184125"",""Operation"":""UserLoginFailed"",""OrganizationId"":""9fc57536-e8d3-4117-8537-fc27bc714352"",""RecordType"":15,""ResultStatus"":""Success"",""UserKey"":""f9a62fe7-59eb-467a-848b-b0f4588e5386"",""UserType"":0,""Version"":1,""Workload"":""AzureActiveDirectory"",""ClientIP"":""2600:1f18:5c9a:a468:8241:17f9:1526:6a4d"",""ObjectId"":""00000002-0000-0ff1-ce00-000000000000"",""UserId"":""gutierrez2@consolidatedmsgr.com"",""AzureActiveDirectoryEventType"":1,""ExtendedProperties"":[{""Name"":""ResultStatusDetail"",""Value"":""Success""},{""Name"":""UserAgent"",""Value"":""Mozilla\/5.0 (Windows NT 10.0; Win64; x64) AppleWebKit\/537.36 (KHTML, like Gecko) Chrome\/142.0.0.206 Safari\/537.36""},{""Name"":""RequestType"",""Value"":""OAuth2:Authorize""}],""ModifiedProperties"":[],""Actor"":[{""ID"":""f9a62fe7-59eb-467a-848b-b0f4588e5386"",""Type"":0},{""ID"":""gutierrez2@consolidatedmsgr.com"",""Type"":5}],""ActorContextId"":""9fc57536-e8d3-4117-8537-fc27bc714352"",""ActorIpAddress"":""2600:1f18:5c9a:a468:8241:17f9:1526:6a4d"",""InterSystemsId"":""496e37e5-10b0-42be-8463-b8a0e23617d9"",""IntraSystemId"":""ae2db23d-16de-4321-858a-d4dc28184125"",""SupportTicketId"":"""",""Target"":[{""ID"":""00000002-0000-0ff1-ce00-000000000000"",""Type"":0}],""TargetContextId"":""9fc57536-e8d3-4117-8537-fc27bc714352"",""ApplicationId"":""de7d7402-70c8-4e5e-8a00-fa48659038c2"",""DeviceProperties"":[{""Name"":""OS"",""Value"":""Windows10""},{""Name"":""BrowserType"",""Value"":""Chrome""},{""Name"":""SessionId"",""Value"":""6221db44-b1b2-4f77-8b47-77bff877410b""}],""ErrorNumber"":""50057"",""LogonError"":""UserDisabled""}","34","214","ae2db23d-16de-4321-858a-d4dc28184125","True","Unchanged"
"AzureActiveDirectoryStsLogon","2025-12-17 16:33:22","gutierrez2@consolidatedmsgr.com","UserLoginFailed","{""CreationTime"":""2025-12-17T16:33:22"",""Id"":""b5d0274d-1439-47e2-8783-1ae194da24b5"",""Operation"":""UserLoginFailed"",""OrganizationId"":""9fc57536-e8d3-4117-8537-fc27bc714352"",""RecordType"":15,""ResultStatus"":""Success"",""UserKey"":""f9a62fe7-59eb-467a-848b-b0f4588e5386"",""UserType"":0,""Version"":1,""Workload"":""AzureActiveDirectory"",""ClientIP"":""2600:1f18:5c9a:a468:8241:17f9:1526:6a4d"",""ObjectId"":""00000002-0000-0ff1-ce00-000000000000"",""UserId"":""gutierrez2@consolidatedmsgr.com"",""AzureActiveDirectoryEventType"":1,""ExtendedProperties"":[{""Name"":""ResultStatusDetail"",""Value"":""Success""},{""Name"":""UserAgent"",""Value"":""Mozilla\/5.0 (Windows NT 10.0; Win64; x64) AppleWebKit\/537.36 (KHTML, like Gecko) Chrome\/142.0.0.206 Safari\/537.36""},{""Name"":""RequestType"",""Value"":""OAuth2:Authorize""}],""ModifiedProperties"":[],""Actor"":[{""ID"":""f9a62fe7-59eb-467a-848b-b0f4588e5386"",""Type"":0},{""ID"":""gutierrez2@consolidatedmsgr.com"",""Type"":5}],""ActorContextId"":""9fc57536-e8d3-4117-8537-fc27bc714352"",""ActorIpAddress"":""2600:1f18:5c9a:a468:8241:17f9:1526:6a4d"",""InterSystemsId"":""2f7a7ef2-9ecc-4651-83a5-09dbc898571d"",""IntraSystemId"":""b5d0274d-1439-47e2-8783-1ae194da24b5"",""SupportTicketId"":"""",""Target"":[{""ID"":""00000002-0000-0ff1-ce00-000000000000"",""Type"":0}],""TargetContextId"":""9fc57536-e8d3-4117-8537-fc27bc714352"",""ApplicationId"":""de7d7402-70c8-4e5e-8a00-fa48659038c2"",""DeviceProperties"":[{""Name"":""OS"",""Value"":""Windows10""},{""Name"":""BrowserType"",""Value"":""Chrome""},{""Name"":""SessionId"",""Value"":""6221db44-b1b2-4f77-8b47-77bff877410b""}],""ErrorNumber"":""50057"",""LogonError"":""UserDisabled""}","35","214","b5d0274d-1439-47e2-8783-1ae194da24b5","True","Unchanged"
"AzureActiveDirectoryStsLogon","2025-12-17 16:33:27","gutierrez2@consolidatedmsgr.com","UserLoginFailed","{""CreationTime"":""2025-12-17T16:33:27"",""Id"":""97546208-d6a1-4c61-8290-0bbc74ec2314"",""Operation"":""UserLoginFailed"",""OrganizationId"":""9fc57536-e8d3-4117-8537-fc27bc714352"",""RecordType"":15,""ResultStatus"":""Success"",""UserKey"":""f9a62fe7-59eb-467a-848b-b0f4588e5386"",""UserType"":0,""Version"":1,""Workload"":""AzureActiveDirectory"",""ClientIP"":""2600:1f18:5c9a:a468:8241:17f9:1526:6a4d"",""ObjectId"":""00000002-0000-0ff1-ce00-000000000000"",""UserId"":""gutierrez2@consolidatedmsgr.com"",""AzureActiveDirectoryEventType"":1,""ExtendedProperties"":[{""Name"":""ResultStatusDetail"",""Value"":""Success""},{""Name"":""UserAgent"",""Value"":""Mozilla\/5.0 (Windows NT 10.0; Win64; x64) AppleWebKit\/537.36 (KHTML, like Gecko) Chrome\/142.0.0.206 Safari\/537.36""},{""Name"":""RequestType"",""Value"":""OAuth2:Authorize""}],""ModifiedProperties"":[],""Actor"":[{""ID"":""f9a62fe7-59eb-467a-848b-b0f4588e5386"",""Type"":0},{""ID"":""gutierrez2@consolidatedmsgr.com"",""Type"":5}],""ActorContextId"":""9fc57536-e8d3-4117-8537-fc27bc714352"",""ActorIpAddress"":""2600:1f18:5c9a:a468:8241:17f9:1526:6a4d"",""InterSystemsId"":""dc2e8b1a-c7e0-4bad-8f0e-a97d6fd876c7"",""IntraSystemId"":""97546208-d6a1-4c61-8290-0bbc74ec2314"",""SupportTicketId"":"""",""Target"":[{""ID"":""00000002-0000-0ff1-ce00-000000000000"",""Type"":0}],""TargetContextId"":""9fc57536-e8d3-4117-8537-fc27bc714352"",""ApplicationId"":""de7d7402-70c8-4e5e-8a00-fa48659038c2"",""DeviceProperties"":[{""Name"":""OS"",""Value"":""Windows10""},{""Name"":""BrowserType"",""Value"":""Chrome""},{""Name"":""SessionId"",""Value"":""6221db44-b1b2-4f77-8b47-77bff877410b""}],""ErrorNumber"":""50057"",""LogonError"":""UserDisabled""}","36","214","97546208-d6a1-4c61-8290-0bbc74ec2314","True","Unchanged"
"AzureActiveDirectoryStsLogon","2025-12-17 16:33:26","gutierrez2@consolidatedmsgr.com","UserLoginFailed","{""CreationTime"":""2025-12-17T16:33:26"",""Id"":""0666db5a-400b-4f03-8d3f-a853651a1901"",""Operation"":""UserLoginFailed"",""OrganizationId"":""9fc57536-e8d3-4117-8537-fc27bc714352"",""RecordType"":15,""ResultStatus"":""Success"",""UserKey"":""f9a62fe7-59eb-467a-848b-b0f4588e5386"",""UserType"":0,""Version"":1,""Workload"":""AzureActiveDirectory"",""ClientIP"":""2600:1f18:5c9a:a468:8241:17f9:1526:6a4d"",""ObjectId"":""00000002-0000-0ff1-ce00-000000000000"",""UserId"":""gutierrez2@consolidatedmsgr.com"",""AzureActiveDirectoryEventType"":1,""ExtendedProperties"":[{""Name"":""ResultStatusDetail"",""Value"":""Success""},{""Name"":""UserAgent"",""Value"":""Mozilla\/5.0 (Windows NT 10.0; Win64; x64) AppleWebKit\/537.36 (KHTML, like Gecko) Chrome\/142.0.0.206 Safari\/537.36""},{""Name"":""RequestType"",""Value"":""OAuth2:Authorize""}],""ModifiedProperties"":[],""Actor"":[{""ID"":""f9a62fe7-59eb-467a-848b-b0f4588e5386"",""Type"":0},{""ID"":""gutierrez2@consolidatedmsgr.com"",""Type"":5}],""ActorContextId"":""9fc57536-e8d3-4117-8537-fc27bc714352"",""ActorIpAddress"":""2600:1f18:5c9a:a468:8241:17f9:1526:6a4d"",""InterSystemsId"":""8534e163-b0f3-4c1c-8a64-21c29e58844b"",""IntraSystemId"":""0666db5a-400b-4f03-8d3f-a853651a1901"",""SupportTicketId"":"""",""Target"":[{""ID"":""00000002-0000-0ff1-ce00-000000000000"",""Type"":0}],""TargetContextId"":""9fc57536-e8d3-4117-8537-fc27bc714352"",""ApplicationId"":""de7d7402-70c8-4e5e-8a00-fa48659038c2"",""DeviceProperties"":[{""Name"":""OS"",""Value"":""Windows10""},{""Name"":""BrowserType"",""Value"":""Chrome""},{""Name"":""SessionId"",""Value"":""6221db44-b1b2-4f77-8b47-77bff877410b""}],""ErrorNumber"":""50057"",""LogonError"":""UserDisabled""}","37","214","0666db5a-400b-4f03-8d3f-a853651a1901","True","Unchanged"
"AzureActiveDirectoryStsLogon","2025-12-17 16:32:42","gutierrez2@consolidatedmsgr.com","UserLoginFailed","{""CreationTime"":""2025-12-17T16:32:42"",""Id"":""97384426-ac7f-45e3-8b71-50f6dbd7212f"",""Operation"":""UserLoginFailed"",""OrganizationId"":""9fc57536-e8d3-4117-8537-fc27bc714352"",""RecordType"":15,""ResultStatus"":""Success"",""UserKey"":""f9a62fe7-59eb-467a-848b-b0f4588e5386"",""UserType"":0,""Version"":1,""Workload"":""AzureActiveDirectory"",""ClientIP"":""2600:1f18:5c9a:a468:8241:17f9:1526:6a4d"",""ObjectId"":""00000002-0000-0ff1-ce00-000000000000"",""UserId"":""gutierrez2@consolidatedmsgr.com"",""AzureActiveDirectoryEventType"":1,""ExtendedProperties"":[{""Name"":""ResultStatusDetail"",""Value"":""Success""},{""Name"":""UserAgent"",""Value"":""Mozilla\/5.0 (Windows NT 10.0; Win64; x64) AppleWebKit\/537.36 (KHTML, like Gecko) Chrome\/142.0.0.206 Safari\/537.36""},{""Name"":""RequestType"",""Value"":""OAuth2:Authorize""}],""ModifiedProperties"":[],""Actor"":[{""ID"":""f9a62fe7-59eb-467a-848b-b0f4588e5386"",""Type"":0},{""ID"":""gutierrez2@consolidatedmsgr.com"",""Type"":5}],""ActorContextId"":""9fc57536-e8d3-4117-8537-fc27bc714352"",""ActorIpAddress"":""2600:1f18:5c9a:a468:8241:17f9:1526:6a4d"",""InterSystemsId"":""a25e9302-36f0-4398-8e81-de0f30656562"",""IntraSystemId"":""97384426-ac7f-45e3-8b71-50f6dbd7212f"",""SupportTicketId"":"""",""Target"":[{""ID"":""00000002-0000-0ff1-ce00-000000000000"",""Type"":0}],""TargetContextId"":""9fc57536-e8d3-4117-8537-fc27bc714352"",""ApplicationId"":""de7d7402-70c8-4e5e-8a00-fa48659038c2"",""DeviceProperties"":[{""Name"":""OS"",""Value"":""Windows10""},{""Name"":""BrowserType"",""Value"":""Chrome""},{""Name"":""SessionId"",""Value"":""6221db44-b1b2-4f77-8b47-77bff877410b""}],""ErrorNumber"":""50057"",""LogonError"":""UserDisabled""}","38","214","97384426-ac7f-45e3-8b71-50f6dbd7212f","True","Unchanged"
"AzureActiveDirectoryStsLogon","2025-12-17 16:33:25","gutierrez2@consolidatedmsgr.com","UserLoginFailed","{""CreationTime"":""2025-12-17T16:33:25"",""Id"":""bf7853ad-84b9-4994-88d8-3e34681c91dc"",""Operation"":""UserLoginFailed"",""OrganizationId"":""9fc57536-e8d3-4117-8537-fc27bc714352"",""RecordType"":15,""ResultStatus"":""Success"",""UserKey"":""f9a62fe7-59eb-467a-848b-b0f4588e5386"",""UserType"":0,""Version"":1,""Workload"":""AzureActiveDirectory"",""ClientIP"":""2600:1f18:5c9a:a468:8241:17f9:1526:6a4d"",""ObjectId"":""00000002-0000-0ff1-ce00-000000000000"",""UserId"":""gutierrez2@consolidatedmsgr.com"",""AzureActiveDirectoryEventType"":1,""ExtendedProperties"":[{""Name"":""ResultStatusDetail"",""Value"":""Success""},{""Name"":""UserAgent"",""Value"":""Mozilla\/5.0 (Windows NT 10.0; Win64; x64) AppleWebKit\/537.36 (KHTML, like Gecko) Chrome\/142.0.0.206 Safari\/537.36""},{""Name"":""RequestType"",""Value"":""OAuth2:Authorize""}],""ModifiedProperties"":[],""Actor"":[{""ID"":""f9a62fe7-59eb-467a-848b-b0f4588e5386"",""Type"":0},{""ID"":""gutierrez2@consolidatedmsgr.com"",""Type"":5}],""ActorContextId"":""9fc57536-e8d3-4117-8537-fc27bc714352"",""ActorIpAddress"":""2600:1f18:5c9a:a468:8241:17f9:1526:6a4d"",""InterSystemsId"":""0fecd27f-c04e-4dd5-8f7a-a44251d7c4df"",""IntraSystemId"":""bf7853ad-84b9-4994-88d8-3e34681c91dc"",""SupportTicketId"":"""",""Target"":[{""ID"":""00000002-0000-0ff1-ce00-000000000000"",""Type"":0}],""TargetContextId"":""9fc57536-e8d3-4117-8537-fc27bc714352"",""ApplicationId"":""de7d7402-70c8-4e5e-8a00-fa48659038c2"",""DeviceProperties"":[{""Name"":""OS"",""Value"":""Windows10""},{""Name"":""BrowserType"",""Value"":""Chrome""},{""Name"":""SessionId"",""Value"":""6221db44-b1b2-4f77-8b47-77bff877410b""}],""ErrorNumber"":""50057"",""LogonError"":""UserDisabled""}","39","214","bf7853ad-84b9-4994-88d8-3e34681c91dc","True","Unchanged"
"AzureActiveDirectoryStsLogon","2025-12-17 16:32:33","gutierrez2@consolidatedmsgr.com","UserLoginFailed","{""CreationTime"":""2025-12-17T16:32:33"",""Id"":""bf0ca4c7-f375-4d45-8108-8008de74f49d"",""Operation"":""UserLoginFailed"",""OrganizationId"":""9fc57536-e8d3-4117-8537-fc27bc714352"",""RecordType"":15,""ResultStatus"":""Success"",""UserKey"":""f9a62fe7-59eb-467a-848b-b0f4588e5386"",""UserType"":0,""Version"":1,""Workload"":""AzureActiveDirectory"",""ClientIP"":""2600:1f18:5c9a:a468:8241:17f9:1526:6a4d"",""ObjectId"":""00000002-0000-0ff1-ce00-000000000000"",""UserId"":""gutierrez2@consolidatedmsgr.com"",""AzureActiveDirectoryEventType"":1,""ExtendedProperties"":[{""Name"":""ResultStatusDetail"",""Value"":""Success""},{""Name"":""UserAgent"",""Value"":""Mozilla\/5.0 (Windows NT 10.0; Win64; x64) AppleWebKit\/537.36 (KHTML, like Gecko) Chrome\/142.0.0.206 Safari\/537.36""},{""Name"":""RequestType"",""Value"":""OAuth2:Authorize""}],""ModifiedProperties"":[],""Actor"":[{""ID"":""f9a62fe7-59eb-467a-848b-b0f4588e5386"",""Type"":0},{""ID"":""gutierrez2@consolidatedmsgr.com"",""Type"":5}],""ActorContextId"":""9fc57536-e8d3-4117-8537-fc27bc714352"",""ActorIpAddress"":""2600:1f18:5c9a:a468:8241:17f9:1526:6a4d"",""InterSystemsId"":""d11ea3a7-299c-4f16-8e08-5ce4d81f39dc"",""IntraSystemId"":""bf0ca4c7-f375-4d45-8108-8008de74f49d"",""SupportTicketId"":"""",""Target"":[{""ID"":""00000002-0000-0ff1-ce00-000000000000"",""Type"":0}],""TargetContextId"":""9fc57536-e8d3-4117-8537-fc27bc714352"",""ApplicationId"":""de7d7402-70c8-4e5e-8a00-fa48659038c2"",""DeviceProperties"":[{""Name"":""OS"",""Value"":""Windows10""},{""Name"":""BrowserType"",""Value"":""Chrome""},{""Name"":""SessionId"",""Value"":""6221db44-b1b2-4f77-8b47-77bff877410b""}],""ErrorNumber"":""50057"",""LogonError"":""UserDisabled""}","40","214","bf0ca4c7-f375-4d45-8108-8008de74f49d","True","Unchanged"
"AzureActiveDirectoryStsLogon","2025-12-17 16:30:17","jackson2@consolidatedmsgr.com","UserLoginFailed","{""CreationTime"":""2025-12-17T16:30:17"",""Id"":""6137aa1a-32fd-4f37-88a3-29890a89d212"",""Operation"":""UserLoginFailed"",""OrganizationId"":""9fc57536-e8d3-4117-8537-fc27bc714352"",""RecordType"":15,""ResultStatus"":""Success"",""UserKey"":""6a62563f-3db3-4095-8af2-60bb41bf15ac"",""UserType"":0,""Version"":1,""Workload"":""AzureActiveDirectory"",""ClientIP"":""2a05:541:116:c8f:59a2:44ad:532f:ee3d"",""ObjectId"":""4765445b-32c6-49b0-83e6-1d93765276ca"",""UserId"":""jackson2@consolidatedmsgr.com"",""AzureActiveDirectoryEventType"":1,""ExtendedProperties"":[{""Name"":""ResultStatusDetail"",""Value"":""Success""},{""Name"":""UserAgent"",""Value"":""axios\/1.13.2""},{""Name"":""UserAuthenticationMethod"",""Value"":""16""},{""Name"":""RequestType"",""Value"":""Login:login""}],""ModifiedProperties"":[],""Actor"":[{""ID"":""6a62563f-3db3-4095-8af2-60bb41bf15ac"",""Type"":0},{""ID"":""jackson2@consolidatedmsgr.com"",""Type"":5}],""ActorContextId"":""9fc57536-e8d3-4117-8537-fc27bc714352"",""ActorIpAddress"":""2a05:541:116:c8f:59a2:44ad:532f:ee3d"",""InterSystemsId"":""40d313c6-fc00-409f-8604-d2ee59f10eee"",""IntraSystemId"":""6137aa1a-32fd-4f37-88a3-29890a89d212"",""SupportTicketId"":"""",""Target"":[{""ID"":""4765445b-32c6-49b0-83e6-1d93765276ca"",""Type"":0}],""TargetContextId"":""9fc57536-e8d3-4117-8537-fc27bc714352"",""ApplicationId"":""4765445b-32c6-49b0-83e6-1d93765276ca"",""DeviceProperties"":[{""Name"":""BrowserType"",""Value"":""Other""},{""Name"":""SessionId"",""Value"":""3462fc72-fd65-401d-83f5-6c59c7e5f912""}],""ErrorNumber"":""50074"",""LogonError"":""UserStrongAuthClientAuthNRequiredInterrupt""}","41","214","6137aa1a-32fd-4f37-88a3-29890a89d212","True","Unchanged"
"AzureActiveDirectoryStsLogon","2025-12-17 16:05:16","gutierrez2@consolidatedmsgr.com","UserLoggedIn","{""CreationTime"":""2025-12-17T16:05:16"",""Id"":""46354992-6bb5-414f-8f5b-7d7e6971b681"",""Operation"":""UserLoggedIn"",""OrganizationId"":""9fc57536-e8d3-4117-8537-fc27bc714352"",""RecordType"":15,""ResultStatus"":""Success"",""UserKey"":""f9a62fe7-59eb-467a-848b-b0f4588e5386"",""UserType"":0,""Version"":1,""Workload"":""AzureActiveDirectory"",""ClientIP"":""2600:1f18:5c9a:a468:8241:17f9:1526:6a4d"",""ObjectId"":""00000003-0000-0000-c000-000000000000"",""UserId"":""gutierrez2@consolidatedmsgr.com"",""AzureActiveDirectoryEventType"":1,""ExtendedProperties"":[{""Name"":""ResultStatusDetail"",""Value"":""Redirect""},{""Name"":""UserAgent"",""Value"":""Mozilla\/5.0 (Windows NT 10.0; Win64; x64) AppleWebKit\/537.36 (KHTML, like Gecko) Chrome\/142.0.0.206 Safari\/537.36""},{""Name"":""RequestType"",""Value"":""OAuth2:Authorize""}],""ModifiedProperties"":[],""Actor"":[{""ID"":""f9a62fe7-59eb-467a-848b-b0f4588e5386"",""Type"":0},{""ID"":""gutierrez2@consolidatedmsgr.com"",""Type"":5}],""ActorContextId"":""9fc57536-e8d3-4117-8537-fc27bc714352"",""ActorIpAddress"":""2600:1f18:5c9a:a468:8241:17f9:1526:6a4d"",""InterSystemsId"":""50471b70-30ab-43bb-82bc-d5738dc94f75"",""IntraSystemId"":""46354992-6bb5-414f-8f5b-7d7e6971b681"",""SupportTicketId"":"""",""Target"":[{""ID"":""00000003-0000-0000-c000-000000000000"",""Type"":0}],""TargetContextId"":""9fc57536-e8d3-4117-8537-fc27bc714352"",""ApplicationId"":""553c535d-5dbc-4251-8e9e-da00e5453e30"",""DeviceProperties"":[{""Name"":""OS"",""Value"":""Windows10""},{""Name"":""BrowserType"",""Value"":""Chrome""},{""Name"":""SessionId"",""Value"":""6221db44-b1b2-4f77-8b47-77bff877410b""}],""ErrorNumber"":""0""}","42","214","46354992-6bb5-414f-8f5b-7d7e6971b681","True","Unchanged"
"AzureActiveDirectoryStsLogon","2025-12-17 16:00:03","gutierrez2@consolidatedmsgr.com","UserLoggedIn","{""CreationTime"":""2025-12-17T16:00:03"",""Id"":""7918c1db-e88e-4d5d-8969-2a090f22114c"",""Operation"":""UserLoggedIn"",""OrganizationId"":""9fc57536-e8d3-4117-8537-fc27bc714352"",""RecordType"":15,""ResultStatus"":""Success"",""UserKey"":""f9a62fe7-59eb-467a-848b-b0f4588e5386"",""UserType"":0,""Version"":1,""Workload"":""AzureActiveDirectory"",""ClientIP"":""2600:1f18:5c9a:a468:8241:17f9:1526:6a4d"",""ObjectId"":""4765445b-32c6-49b0-83e6-1d93765276ca"",""UserId"":""gutierrez2@consolidatedmsgr.com"",""AzureActiveDirectoryEventType"":1,""ExtendedProperties"":[{""Name"":""ResultStatusDetail"",""Value"":""Success""},{""Name"":""UserAgent"",""Value"":""Mozilla\/5.0 (Windows NT 10.0; Win64; x64) AppleWebKit\/537.36 (KHTML, like Gecko) Chrome\/142.0.0.206 Safari\/537.36""},{""Name"":""RequestType"",""Value"":""Login:reprocess""}],""ModifiedProperties"":[],""Actor"":[{""ID"":""f9a62fe7-59eb-467a-848b-b0f4588e5386"",""Type"":0},{""ID"":""gutierrez2@consolidatedmsgr.com"",""Type"":5}],""ActorContextId"":""9fc57536-e8d3-4117-8537-fc27bc714352"",""ActorIpAddress"":""2600:1f18:5c9a:a468:8241:17f9:1526:6a4d"",""InterSystemsId"":""f6c0fb41-5f5d-453e-855c-9013f39e9159"",""IntraSystemId"":""7918c1db-e88e-4d5d-8969-2a090f22114c"",""SupportTicketId"":"""",""Target"":[{""ID"":""4765445b-32c6-49b0-83e6-1d93765276ca"",""Type"":0}],""TargetContextId"":""9fc57536-e8d3-4117-8537-fc27bc714352"",""ApplicationId"":""4765445b-32c6-49b0-83e6-1d93765276ca"",""DeviceProperties"":[{""Name"":""OS"",""Value"":""Windows10""},{""Name"":""BrowserType"",""Value"":""Chrome""},{""Name"":""SessionId"",""Value"":""6221db44-b1b2-4f77-8b47-77bff877410b""}],""ErrorNumber"":""0""}","43","214","7918c1db-e88e-4d5d-8969-2a090f22114c","True","Unchanged"
"AzureActiveDirectoryStsLogon","2025-12-17 16:00:03","gutierrez2@consolidatedmsgr.com","UserLoggedIn","{""CreationTime"":""2025-12-17T16:00:03"",""Id"":""c61477fc-443d-4d62-87ff-ce300106e822"",""Operation"":""UserLoggedIn"",""OrganizationId"":""9fc57536-e8d3-4117-8537-fc27bc714352"",""RecordType"":15,""ResultStatus"":""Success"",""UserKey"":""f9a62fe7-59eb-467a-848b-b0f4588e5386"",""UserType"":0,""Version"":1,""Workload"":""AzureActiveDirectory"",""ClientIP"":""2600:1f18:5c9a:a468:8241:17f9:1526:6a4d"",""ObjectId"":""4765445b-32c6-49b0-83e6-1d93765276ca"",""UserId"":""gutierrez2@consolidatedmsgr.com"",""AzureActiveDirectoryEventType"":1,""ExtendedProperties"":[{""Name"":""ResultStatusDetail"",""Value"":""Success""},{""Name"":""UserAgent"",""Value"":""Mozilla\/5.0 (Windows NT 10.0; Win64; x64) AppleWebKit\/537.36 (KHTML, like Gecko) Chrome\/142.0.0.206 Safari\/537.36""},{""Name"":""RequestType"",""Value"":""OAuth2:Authorize""}],""ModifiedProperties"":[],""Actor"":[{""ID"":""f9a62fe7-59eb-467a-848b-b0f4588e5386"",""Type"":0},{""ID"":""gutierrez2@consolidatedmsgr.com"",""Type"":5}],""ActorContextId"":""9fc57536-e8d3-4117-8537-fc27bc714352"",""ActorIpAddress"":""2600:1f18:5c9a:a468:8241:17f9:1526:6a4d"",""InterSystemsId"":""f6c0fb41-5f5d-453e-855c-9013f39e9159"",""IntraSystemId"":""c61477fc-443d-4d62-87ff-ce300106e822"",""SupportTicketId"":"""",""Target"":[{""ID"":""4765445b-32c6-49b0-83e6-1d93765276ca"",""Type"":0}],""TargetContextId"":""9fc57536-e8d3-4117-8537-fc27bc714352"",""ApplicationId"":""4765445b-32c6-49b0-83e6-1d93765276ca"",""DeviceProperties"":[{""Name"":""OS"",""Value"":""Windows10""},{""Name"":""BrowserType"",""Value"":""Chrome""},{""Name"":""SessionId"",""Value"":""6221db44-b1b2-4f77-8b47-77bff877410b""}],""ErrorNumber"":""0""}","44","214","c61477fc-443d-4d62-87ff-ce300106e822","True","Unchanged"
"AzureActiveDirectoryStsLogon","2025-12-17 16:00:34","gutierrez2@consolidatedmsgr.com","UserLoggedIn","{""CreationTime"":""2025-12-17T16:00:34"",""Id"":""1a854432-68b6-4357-8373-31983c7115cf"",""Operation"":""UserLoggedIn"",""OrganizationId"":""9fc57536-e8d3-4117-8537-fc27bc714352"",""RecordType"":15,""ResultStatus"":""Success"",""UserKey"":""f9a62fe7-59eb-467a-848b-b0f4588e5386"",""UserType"":0,""Version"":1,""Workload"":""AzureActiveDirectory"",""ClientIP"":""2600:1f18:5c9a:a468:8241:17f9:1526:6a4d"",""ObjectId"":""00000002-0000-0ff1-ce00-000000000000"",""UserId"":""gutierrez2@consolidatedmsgr.com"",""AzureActiveDirectoryEventType"":1,""ExtendedProperties"":[{""Name"":""ResultStatusDetail"",""Value"":""Redirect""},{""Name"":""UserAgent"",""Value"":""Mozilla\/5.0 (Windows NT 10.0; Win64; x64) AppleWebKit\/537.36 (KHTML, like Gecko) Chrome\/142.0.0.206 Safari\/537.36""},{""Name"":""RequestType"",""Value"":""OAuth2:Authorize""}],""ModifiedProperties"":[],""Actor"":[{""ID"":""f9a62fe7-59eb-467a-848b-b0f4588e5386"",""Type"":0},{""ID"":""gutierrez2@consolidatedmsgr.com"",""Type"":5}],""ActorContextId"":""9fc57536-e8d3-4117-8537-fc27bc714352"",""ActorIpAddress"":""2600:1f18:5c9a:a468:8241:17f9:1526:6a4d"",""InterSystemsId"":""a51ff156-ec3f-4e93-88c0-f3afbda2ba19"",""IntraSystemId"":""1a854432-68b6-4357-8373-31983c7115cf"",""SupportTicketId"":"""",""Target"":[{""ID"":""00000002-0000-0ff1-ce00-000000000000"",""Type"":0}],""TargetContextId"":""9fc57536-e8d3-4117-8537-fc27bc714352"",""ApplicationId"":""de7d7402-70c8-4e5e-8a00-fa48659038c2"",""DeviceProperties"":[{""Name"":""OS"",""Value"":""Windows10""},{""Name"":""BrowserType"",""Value"":""Chrome""},{""Name"":""SessionId"",""Value"":""6221db44-b1b2-4f77-8b47-77bff877410b""}],""ErrorNumber"":""0""}","45","214","1a854432-68b6-4357-8373-31983c7115cf","True","Unchanged"
"AzureActiveDirectoryStsLogon","2025-12-17 15:54:13","gutierrez2@consolidatedmsgr.com","UserLoggedIn","{""CreationTime"":""2025-12-17T15:54:13"",""Id"":""c0ab4203-d45b-461f-8a34-0d87f24ee3b1"",""Operation"":""UserLoggedIn"",""OrganizationId"":""9fc57536-e8d3-4117-8537-fc27bc714352"",""RecordType"":15,""ResultStatus"":""Success"",""UserKey"":""f9a62fe7-59eb-467a-848b-b0f4588e5386"",""UserType"":0,""Version"":1,""Workload"":""AzureActiveDirectory"",""ClientIP"":""2a05:541:116:c8f:59a2:44ad:532f:ee3d"",""ObjectId"":""4765445b-32c6-49b0-83e6-1d93765276ca"",""UserId"":""gutierrez2@consolidatedmsgr.com"",""AzureActiveDirectoryEventType"":1,""ExtendedProperties"":[{""Name"":""ResultStatusDetail"",""Value"":""Success""},{""Name"":""KeepMeSignedIn"",""Value"":""true""},{""Name"":""UserAgent"",""Value"":""axios\/1.13.2""},{""Name"":""UserAuthenticationMethod"",""Value"":""16""},{""Name"":""RequestType"",""Value"":""SAS:ProcessAuth""}],""ModifiedProperties"":[],""Actor"":[{""ID"":""f9a62fe7-59eb-467a-848b-b0f4588e5386"",""Type"":0},{""ID"":""gutierrez2@consolidatedmsgr.com"",""Type"":5}],""ActorContextId"":""9fc57536-e8d3-4117-8537-fc27bc714352"",""ActorIpAddress"":""2a05:541:116:c8f:59a2:44ad:532f:ee3d"",""InterSystemsId"":""97b7cd36-7696-4ab7-8a83-f66a2e70700c"",""IntraSystemId"":""c0ab4203-d45b-461f-8a34-0d87f24ee3b1"",""SupportTicketId"":"""",""Target"":[{""ID"":""4765445b-32c6-49b0-83e6-1d93765276ca"",""Type"":0}],""TargetContextId"":""9fc57536-e8d3-4117-8537-fc27bc714352"",""ApplicationId"":""4765445b-32c6-49b0-83e6-1d93765276ca"",""DeviceProperties"":[{""Name"":""BrowserType"",""Value"":""Other""},{""Name"":""SessionId"",""Value"":""6221db44-b1b2-4f77-8b47-77bff877410b""}],""ErrorNumber"":""50140""}","46","214","c0ab4203-d45b-461f-8a34-0d87f24ee3b1","True","Unchanged"
"AzureActiveDirectoryStsLogon","2025-12-17 15:54:14","gutierrez2@consolidatedmsgr.com","UserLoggedIn","{""CreationTime"":""2025-12-17T15:54:14"",""Id"":""741ae117-a5d5-4191-8a21-f26b7d3567da"",""Operation"":""UserLoggedIn"",""OrganizationId"":""9fc57536-e8d3-4117-8537-fc27bc714352"",""RecordType"":15,""ResultStatus"":""Success"",""UserKey"":""f9a62fe7-59eb-467a-848b-b0f4588e5386"",""UserType"":0,""Version"":1,""Workload"":""AzureActiveDirectory"",""ClientIP"":""2a05:541:116:c8f:59a2:44ad:532f:ee3d"",""ObjectId"":""4765445b-32c6-49b0-83e6-1d93765276ca"",""UserId"":""gutierrez2@consolidatedmsgr.com"",""AzureActiveDirectoryEventType"":1,""ExtendedProperties"":[{""Name"":""ResultStatusDetail"",""Value"":""Success""},{""Name"":""UserAgent"",""Value"":""axios\/1.13.2""},{""Name"":""RequestType"",""Value"":""Kmsi:kmsi""}],""ModifiedProperties"":[],""Actor"":[{""ID"":""f9a62fe7-59eb-467a-848b-b0f4588e5386"",""Type"":0},{""ID"":""gutierrez2@consolidatedmsgr.com"",""Type"":5}],""ActorContextId"":""9fc57536-e8d3-4117-8537-fc27bc714352"",""ActorIpAddress"":""2a05:541:116:c8f:59a2:44ad:532f:ee3d"",""InterSystemsId"":""97b7cd36-7696-4ab7-8a83-f66a2e70700c"",""IntraSystemId"":""741ae117-a5d5-4191-8a21-f26b7d3567da"",""SupportTicketId"":"""",""Target"":[{""ID"":""4765445b-32c6-49b0-83e6-1d93765276ca"",""Type"":0}],""TargetContextId"":""9fc57536-e8d3-4117-8537-fc27bc714352"",""ApplicationId"":""4765445b-32c6-49b0-83e6-1d93765276ca"",""DeviceProperties"":[{""Name"":""BrowserType"",""Value"":""Other""},{""Name"":""SessionId"",""Value"":""6221db44-b1b2-4f77-8b47-77bff877410b""}],""ErrorNumber"":""0""}","47","214","741ae117-a5d5-4191-8a21-f26b7d3567da","True","Unchanged"
"AzureActiveDirectoryStsLogon","2025-12-17 15:54:13","Not Available","UserLoggedIn","{""CreationTime"":""2025-12-17T15:54:13"",""Id"":""16dbbc06-bd59-465c-86df-9c09d84f6bef"",""Operation"":""UserLoggedIn"",""OrganizationId"":""9fc57536-e8d3-4117-8537-fc27bc714352"",""RecordType"":15,""ResultStatus"":""Success"",""UserKey"":""f9a62fe7-59eb-467a-848b-b0f4588e5386"",""UserType"":4,""Version"":1,""Workload"":""AzureActiveDirectory"",""ClientIP"":""2a05:541:116:c8f:59a2:44ad:532f:ee3d"",""ObjectId"":""4765445b-32c6-49b0-83e6-1d93765276ca"",""UserId"":""Not Available"",""AzureActiveDirectoryEventType"":1,""ExtendedProperties"":[{""Name"":""ResultStatusDetail"",""Value"":""Success""},{""Name"":""UserAgent"",""Value"":""axios\/1.13.2""},{""Name"":""RequestType"",""Value"":""SAS:EndAuth""}],""ModifiedProperties"":[],""Actor"":[{""ID"":""f9a62fe7-59eb-467a-848b-b0f4588e5386"",""Type"":0}],""ActorContextId"":""9fc57536-e8d3-4117-8537-fc27bc714352"",""ActorIpAddress"":""2a05:541:116:c8f:59a2:44ad:532f:ee3d"",""InterSystemsId"":""97b7cd36-7696-4ab7-8a83-f66a2e70700c"",""IntraSystemId"":""16dbbc06-bd59-465c-86df-9c09d84f6bef"",""SupportTicketId"":"""",""Target"":[{""ID"":""4765445b-32c6-49b0-83e6-1d93765276ca"",""Type"":0}],""TargetContextId"":""9fc57536-e8d3-4117-8537-fc27bc714352"",""ApplicationId"":""4765445b-32c6-49b0-83e6-1d93765276ca"",""DeviceProperties"":[{""Name"":""BrowserType"",""Value"":""Other""}],""ErrorNumber"":""0""}","48","214","16dbbc06-bd59-465c-86df-9c09d84f6bef","True","Unchanged"
"AzureActiveDirectoryStsLogon","2025-12-17 15:54:13","gutierrez2@consolidatedmsgr.com","UserLoggedIn","{""CreationTime"":""2025-12-17T15:54:13"",""Id"":""c0ab4203-d45b-461f-8a34-0d87f24ee3b1"",""Operation"":""UserLoggedIn"",""OrganizationId"":""9fc57536-e8d3-4117-8537-fc27bc714352"",""RecordType"":15,""ResultStatus"":""Success"",""UserKey"":""f9a62fe7-59eb-467a-848b-b0f4588e5386"",""UserType"":0,""Version"":1,""Workload"":""AzureActiveDirectory"",""ClientIP"":""2a05:541:116:c8f:59a2:44ad:532f:ee3d"",""ObjectId"":""4765445b-32c6-49b0-83e6-1d93765276ca"",""UserId"":""gutierrez2@consolidatedmsgr.com"",""AzureActiveDirectoryEventType"":1,""ExtendedProperties"":[{""Name"":""ResultStatusDetail"",""Value"":""Success""},{""Name"":""KeepMeSignedIn"",""Value"":""true""},{""Name"":""UserAgent"",""Value"":""axios\/1.13.2""},{""Name"":""RequestType"",""Value"":""SAS:ProcessAuth""}],""ModifiedProperties"":[],""Actor"":[{""ID"":""f9a62fe7-59eb-467a-848b-b0f4588e5386"",""Type"":0},{""ID"":""gutierrez2@consolidatedmsgr.com"",""Type"":5}],""ActorContextId"":""9fc57536-e8d3-4117-8537-fc27bc714352"",""ActorIpAddress"":""2a05:541:116:c8f:59a2:44ad:532f:ee3d"",""InterSystemsId"":""97b7cd36-7696-4ab7-8a83-f66a2e70700c"",""IntraSystemId"":""c0ab4203-d45b-461f-8a34-0d87f24ee3b1"",""SupportTicketId"":"""",""Target"":[{""ID"":""4765445b-32c6-49b0-83e6-1d93765276ca"",""Type"":0}],""TargetContextId"":""9fc57536-e8d3-4117-8537-fc27bc714352"",""ApplicationId"":""4765445b-32c6-49b0-83e6-1d93765276ca"",""DeviceProperties"":[{""Name"":""BrowserType"",""Value"":""Other""},{""Name"":""SessionId"",""Value"":""6221db44-b1b2-4f77-8b47-77bff877410b""}],""ErrorNumber"":""50140""}","49","214","c0ab4203-d45b-461f-8a34-0d87f24ee3b1","True","Unchanged"
"AzureActiveDirectoryStsLogon","2025-12-17 15:54:13","gutierrez2@consolidatedmsgr.com","UserLoggedIn","{""CreationTime"":""2025-12-17T15:54:13"",""Id"":""c0ab4203-d45b-461f-8a34-0d87f24ee3b1"",""Operation"":""UserLoggedIn"",""OrganizationId"":""9fc57536-e8d3-4117-8537-fc27bc714352"",""RecordType"":15,""ResultStatus"":""Success"",""UserKey"":""f9a62fe7-59eb-467a-848b-b0f4588e5386"",""UserType"":0,""Version"":1,""Workload"":""AzureActiveDirectory"",""ClientIP"":""2a05:541:116:c8f:59a2:44ad:532f:ee3d"",""ObjectId"":""4765445b-32c6-49b0-83e6-1d93765276ca"",""UserId"":""gutierrez2@consolidatedmsgr.com"",""AzureActiveDirectoryEventType"":1,""ExtendedProperties"":[{""Name"":""ResultStatusDetail"",""Value"":""Success""},{""Name"":""KeepMeSignedIn"",""Value"":""true""},{""Name"":""UserAgent"",""Value"":""axios\/1.13.2""},{""Name"":""UserAuthenticationMethod"",""Value"":""16""},{""Name"":""RequestType"",""Value"":""SAS:ProcessAuth""}],""ModifiedProperties"":[],""Actor"":[{""ID"":""f9a62fe7-59eb-467a-848b-b0f4588e5386"",""Type"":0},{""ID"":""gutierrez2@consolidatedmsgr.com"",""Type"":5}],""ActorContextId"":""9fc57536-e8d3-4117-8537-fc27bc714352"",""ActorIpAddress"":""2a05:541:116:c8f:59a2:44ad:532f:ee3d"",""InterSystemsId"":""97b7cd36-7696-4ab7-8a83-f66a2e70700c"",""IntraSystemId"":""c0ab4203-d45b-461f-8a34-0d87f24ee3b1"",""SupportTicketId"":"""",""Target"":[{""ID"":""4765445b-32c6-49b0-83e6-1d93765276ca"",""Type"":0}],""TargetContextId"":""9fc57536-e8d3-4117-8537-fc27bc714352"",""ApplicationId"":""4765445b-32c6-49b0-83e6-1d93765276ca"",""DeviceProperties"":[{""Name"":""BrowserType"",""Value"":""Other""},{""Name"":""SessionId"",""Value"":""6221db44-b1b2-4f77-8b47-77bff877410b""}],""ErrorNumber"":""50140""}","50","214","c0ab4203-d45b-461f-8a34-0d87f24ee3b1","True","Unchanged"
"AzureActiveDirectoryStsLogon","2025-12-17 15:53:35","Not Available","UserLoginFailed","{""CreationTime"":""2025-12-17T15:53:35"",""Id"":""e5140773-2da6-460e-8865-2394d2378c0a"",""Operation"":""UserLoginFailed"",""OrganizationId"":""9fc57536-e8d3-4117-8537-fc27bc714352"",""RecordType"":15,""ResultStatus"":""Success"",""UserKey"":""f9a62fe7-59eb-467a-848b-b0f4588e5386"",""UserType"":4,""Version"":1,""Workload"":""AzureActiveDirectory"",""ClientIP"":""2a05:541:116:c8f:59a2:44ad:532f:ee3d"",""ObjectId"":""4765445b-32c6-49b0-83e6-1d93765276ca"",""UserId"":""Not Available"",""AzureActiveDirectoryEventType"":1,""ExtendedProperties"":[{""Name"":""ResultStatusDetail"",""Value"":""Success""},{""Name"":""UserAgent"",""Value"":""axios\/1.13.2""},{""Name"":""RequestType"",""Value"":""SAS:BeginAuth""}],""ModifiedProperties"":[],""Actor"":[{""ID"":""f9a62fe7-59eb-467a-848b-b0f4588e5386"",""Type"":0}],""ActorContextId"":""9fc57536-e8d3-4117-8537-fc27bc714352"",""ActorIpAddress"":""2a05:541:116:c8f:59a2:44ad:532f:ee3d"",""InterSystemsId"":""97b7cd36-7696-4ab7-8a83-f66a2e70700c"",""IntraSystemId"":""e5140773-2da6-460e-8865-2394d2378c0a"",""SupportTicketId"":"""",""Target"":[{""ID"":""4765445b-32c6-49b0-83e6-1d93765276ca"",""Type"":0}],""TargetContextId"":""9fc57536-e8d3-4117-8537-fc27bc714352"",""ApplicationId"":""4765445b-32c6-49b0-83e6-1d93765276ca"",""DeviceProperties"":[{""Name"":""BrowserType"",""Value"":""Other""}],""ErrorNumber"":""50074"",""LogonError"":""UserStrongAuthClientAuthNRequiredInterrupt""}","51","214","e5140773-2da6-460e-8865-2394d2378c0a","True","Unchanged"
"AzureActiveDirectoryStsLogon","2025-12-17 15:53:28","gutierrez2@consolidatedmsgr.com","UserLoginFailed","{""CreationTime"":""2025-12-17T15:53:28"",""Id"":""802d402f-70de-4de0-8f2a-24d7750ba4f4"",""Operation"":""UserLoginFailed"",""OrganizationId"":""9fc57536-e8d3-4117-8537-fc27bc714352"",""RecordType"":15,""ResultStatus"":""Success"",""UserKey"":""f9a62fe7-59eb-467a-848b-b0f4588e5386"",""UserType"":0,""Version"":1,""Workload"":""AzureActiveDirectory"",""ClientIP"":""2a05:541:116:c8f:59a2:44ad:532f:ee3d"",""ObjectId"":""4765445b-32c6-49b0-83e6-1d93765276ca"",""UserId"":""gutierrez2@consolidatedmsgr.com"",""AzureActiveDirectoryEventType"":1,""ExtendedProperties"":[{""Name"":""ResultStatusDetail"",""Value"":""Success""},{""Name"":""UserAgent"",""Value"":""axios\/1.13.2""},{""Name"":""UserAuthenticationMethod"",""Value"":""16""},{""Name"":""RequestType"",""Value"":""SAS:BeginAuth""}],""ModifiedProperties"":[],""Actor"":[{""ID"":""f9a62fe7-59eb-467a-848b-b0f4588e5386"",""Type"":0},{""ID"":""gutierrez2@consolidatedmsgr.com"",""Type"":5}],""ActorContextId"":""9fc57536-e8d3-4117-8537-fc27bc714352"",""ActorIpAddress"":""2a05:541:116:c8f:59a2:44ad:532f:ee3d"",""InterSystemsId"":""97b7cd36-7696-4ab7-8a83-f66a2e70700c"",""IntraSystemId"":""802d402f-70de-4de0-8f2a-24d7750ba4f4"",""SupportTicketId"":"""",""Target"":[{""ID"":""4765445b-32c6-49b0-83e6-1d93765276ca"",""Type"":0}],""TargetContextId"":""9fc57536-e8d3-4117-8537-fc27bc714352"",""ApplicationId"":""4765445b-32c6-49b0-83e6-1d93765276ca"",""DeviceProperties"":[{""Name"":""BrowserType"",""Value"":""Other""},{""Name"":""SessionId"",""Value"":""6221db44-b1b2-4f77-8b47-77bff877410b""}],""ErrorNumber"":""50074"",""LogonError"":""UserStrongAuthClientAuthNRequiredInterrupt""}","52","214","802d402f-70de-4de0-8f2a-24d7750ba4f4","True","Unchanged"
"AzureActiveDirectoryStsLogon","2025-12-17 15:53:28","gutierrez2@consolidatedmsgr.com","UserLoginFailed","{""CreationTime"":""2025-12-17T15:53:28"",""Id"":""802d402f-70de-4de0-8f2a-24d7750ba4f4"",""Operation"":""UserLoginFailed"",""OrganizationId"":""9fc57536-e8d3-4117-8537-fc27bc714352"",""RecordType"":15,""ResultStatus"":""Success"",""UserKey"":""f9a62fe7-59eb-467a-848b-b0f4588e5386"",""UserType"":0,""Version"":1,""Workload"":""AzureActiveDirectory"",""ClientIP"":""2a05:541:116:c8f:59a2:44ad:532f:ee3d"",""ObjectId"":""4765445b-32c6-49b0-83e6-1d93765276ca"",""UserId"":""gutierrez2@consolidatedmsgr.com"",""AzureActiveDirectoryEventType"":1,""ExtendedProperties"":[{""Name"":""ResultStatusDetail"",""Value"":""Success""},{""Name"":""UserAgent"",""Value"":""axios\/1.13.2""},{""Name"":""UserAuthenticationMethod"",""Value"":""16""},{""Name"":""RequestType"",""Value"":""Login:login""}],""ModifiedProperties"":[],""Actor"":[{""ID"":""f9a62fe7-59eb-467a-848b-b0f4588e5386"",""Type"":0},{""ID"":""gutierrez2@consolidatedmsgr.com"",""Type"":5}],""ActorContextId"":""9fc57536-e8d3-4117-8537-fc27bc714352"",""ActorIpAddress"":""2a05:541:116:c8f:59a2:44ad:532f:ee3d"",""InterSystemsId"":""97b7cd36-7696-4ab7-8a83-f66a2e70700c"",""IntraSystemId"":""802d402f-70de-4de0-8f2a-24d7750ba4f4"",""SupportTicketId"":"""",""Target"":[{""ID"":""4765445b-32c6-49b0-83e6-1d93765276ca"",""Type"":0}],""TargetContextId"":""9fc57536-e8d3-4117-8537-fc27bc714352"",""ApplicationId"":""4765445b-32c6-49b0-83e6-1d93765276ca"",""DeviceProperties"":[{""Name"":""BrowserType"",""Value"":""Other""},{""Name"":""SessionId"",""Value"":""6221db44-b1b2-4f77-8b47-77bff877410b""}],""ErrorNumber"":""50074"",""LogonError"":""UserStrongAuthClientAuthNRequiredInterrupt""}","53","214","802d402f-70de-4de0-8f2a-24d7750ba4f4","True","Unchanged"
"AzureActiveDirectoryStsLogon","2025-12-17 15:53:35","Not Available","UserLoggedIn","{""CreationTime"":""2025-12-17T15:53:35"",""Id"":""e5140773-2da6-460e-8865-2394d2378c0a"",""Operation"":""UserLoggedIn"",""OrganizationId"":""9fc57536-e8d3-4117-8537-fc27bc714352"",""RecordType"":15,""ResultStatus"":""Success"",""UserKey"":""f9a62fe7-59eb-467a-848b-b0f4588e5386"",""UserType"":4,""Version"":1,""Workload"":""AzureActiveDirectory"",""ClientIP"":""2a05:541:116:c8f:59a2:44ad:532f:ee3d"",""ObjectId"":""4765445b-32c6-49b0-83e6-1d93765276ca"",""UserId"":""Not Available"",""AzureActiveDirectoryEventType"":1,""ExtendedProperties"":[{""Name"":""ResultStatusDetail"",""Value"":""Success""},{""Name"":""UserAgent"",""Value"":""axios\/1.13.2""},{""Name"":""RequestType"",""Value"":""SAS:BeginAuth""}],""ModifiedProperties"":[],""Actor"":[{""ID"":""f9a62fe7-59eb-467a-848b-b0f4588e5386"",""Type"":0}],""ActorContextId"":""9fc57536-e8d3-4117-8537-fc27bc714352"",""ActorIpAddress"":""2a05:541:116:c8f:59a2:44ad:532f:ee3d"",""InterSystemsId"":""97b7cd36-7696-4ab7-8a83-f66a2e70700c"",""IntraSystemId"":""e5140773-2da6-460e-8865-2394d2378c0a"",""SupportTicketId"":"""",""Target"":[{""ID"":""4765445b-32c6-49b0-83e6-1d93765276ca"",""Type"":0}],""TargetContextId"":""9fc57536-e8d3-4117-8537-fc27bc714352"",""ApplicationId"":""4765445b-32c6-49b0-83e6-1d93765276ca"",""DeviceProperties"":[{""Name"":""BrowserType"",""Value"":""Other""}],""ErrorNumber"":""0""}","54","214","e5140773-2da6-460e-8865-2394d2378c0a","True","Unchanged"
"ExchangeItem","2025-12-17 16:04:19","gutierrez2@consolidatedmsgr.com","Update","{""AppAccessContext"":{""AADSessionId"":""6221db44-b1b2-4f77-8b47-77bff877410b"",""APIId"":""931a7d74-64a8-435d-8d1d-1af1cc10c6c9"",""ClientAppId"":""5c7e94a3-601a-4e4b-8bb8-4caaf1118dd8"",""IssuedAtTime"":""2025-12-17T16:00:35"",""UniqueTokenId"":""f3599067-f80d-4efc-8c38-93903c0977b4""},""CreationTime"":""2025-12-17T16:04:19"",""Id"":""8d72b1a8-522b-4095-87dd-8a24ade5298d"",""Operation"":""Update"",""OrganizationId"":""9fc57536-e8d3-4117-8537-fc27bc714352"",""RecordType"":2,""ResultStatus"":""Succeeded"",""UserKey"":""100320034F35348A"",""UserType"":0,""Version"":1,""Workload"":""Exchange"",""ClientIP"":""2600:1f18:5c9a:a468:8241:17f9:1526:6a4d"",""UserId"":""gutierrez2@consolidatedmsgr.com"",""ActorInfoString"":""Mozilla\/5.0 (Windows NT 10.0; Win64; x64) AppleWebKit\/537.36 (KHTML, like Gecko) Chrome\/142.0.0.206 Safari\/537.36"",""AppId"":""931a7d74-64a8-435d-8d1d-1af1cc10c6c9"",""AuthType"":""Bearer"",""ClientAppId"":""5c7e94a3-601a-4e4b-8bb8-4caaf1118dd8"",""ClientIPAddress"":""2600:1f18:5c9a:a468:8241:17f9:1526:6a4d"",""ClientInfoString"":""Client=OWA;Mozilla\/5.0 (Windows NT 10.0; Win64; x64) AppleWebKit\/537.36 (KHTML, like Gecko) Chrome\/142.0.0.206 Safari\/537.36;"",""ExternalAccess"":false,""HostAppId"":""1fe87f9e-7a06-4f34-872f-efb4be6fb916"",""InternalLogonType"":0,""LogonType"":0,""LogonUserSid"":""S-1-5-21-3421515247-1784439087-2623626124-887996"",""MailboxGuid"":""c0f08483-4e52-46e0-899d-322f8d8f0310"",""MailboxOwnerSid"":""S-1-5-21-3421515247-1784439087-2623626124-887996"",""MailboxOwnerUPN"":""gutierrez2@consolidatedmsgr.com"",""OrganizationName"":""consolidatedmsgr.onmicrosoft.com"",""OriginatingServer"":""LAB60XX8701MB913 (15.20.4200.000)\r\n"",""TokenObjectId"":""f9a62fe7-59eb-467a-848b-b0f4588e5386"",""TokenTenantId"":""9fc57536-e8d3-4117-8537-fc27bc714352"",""TokenType"":""StiUserCallback"",""Item"":{""Attachments"":""I6095 Sugar Creek J2638.pdf (70422b); image001.jpg (44225b)"",""Id"":""RgAAAAB5LAfwTBU\/RaiC9YJ7b37EBwBPFRB7aFbgTYJ0U+olHj1gAAAAAAEJAABPFRB7aFbgTYJ0U+olHj1gAAApIIFBAAAJ"",""ImmutableId"":""LgAAAAAdhAMRqmYRzZvIAKoAL8RaDQBPFRB7aFbgTYJ0U+olHj1gAAGnMSCbAAAJ"",""InternetMessageId"":""<wilson2@mn2pr06mb5981.namprd06.prod.outlook.com>"",""IsRecord"":false,""ParentFolder"":{""Id"":""LgAAAAB5LAfwTBU\/RaiC9YJ7b37EAQBPFRB7aFbgTYJ0U+olHj1gAAAAAAEJAAAB"",""Path"":""\\Sent Items""},""SizeInBytes"":130994,""Subject"":""Past Due Invoice from Consolidatedmsgr for Sugar Creek PO #4500144542""},""ModifiedProperties"":[""AttachmentCollection""]}","55","214","8d72b1a8-522b-4095-87dd-8a24ade5298d","True","Unchanged"
"ExchangeItem","2025-12-17 16:02:35","gutierrez2@consolidatedmsgr.com","Update","{""AppAccessContext"":{""AADSessionId"":""6221db44-b1b2-4f77-8b47-77bff877410b"",""APIId"":""931a7d74-64a8-435d-8d1d-1af1cc10c6c9"",""ClientAppId"":""5c7e94a3-601a-4e4b-8bb8-4caaf1118dd8"",""IssuedAtTime"":""2025-12-17T16:00:35"",""UniqueTokenId"":""f3599067-f80d-4efc-8c38-93903c0977b4""},""CreationTime"":""2025-12-17T16:02:35"",""Id"":""a504077a-cfd6-4b03-8228-13d8a6219e82"",""Operation"":""Update"",""OrganizationId"":""9fc57536-e8d3-4117-8537-fc27bc714352"",""RecordType"":2,""ResultStatus"":""Succeeded"",""UserKey"":""100320034F35348A"",""UserType"":0,""Version"":1,""Workload"":""Exchange"",""ClientIP"":""2600:1f18:5c9a:a468:8241:17f9:1526:6a4d"",""UserId"":""gutierrez2@consolidatedmsgr.com"",""ActorInfoString"":""Mozilla\/5.0 (Windows NT 10.0; Win64; x64) AppleWebKit\/537.36 (KHTML, like Gecko) Chrome\/142.0.0.206 Safari\/537.36"",""AppId"":""931a7d74-64a8-435d-8d1d-1af1cc10c6c9"",""AuthType"":""Bearer"",""ClientAppId"":""5c7e94a3-601a-4e4b-8bb8-4caaf1118dd8"",""ClientIPAddress"":""2600:1f18:5c9a:a468:8241:17f9:1526:6a4d"",""ClientInfoString"":""Client=OWA;Mozilla\/5.0 (Windows NT 10.0; Win64; x64) AppleWebKit\/537.36 (KHTML, like Gecko) Chrome\/142.0.0.206 Safari\/537.36;"",""ExternalAccess"":false,""HostAppId"":""1fe87f9e-7a06-4f34-872f-efb4be6fb916"",""InternalLogonType"":0,""LogonType"":0,""LogonUserSid"":""S-1-5-21-3421515247-1784439087-2623626124-887996"",""MailboxGuid"":""c0f08483-4e52-46e0-899d-322f8d8f0310"",""MailboxOwnerSid"":""S-1-5-21-3421515247-1784439087-2623626124-887996"",""MailboxOwnerUPN"":""gutierrez2@consolidatedmsgr.com"",""OrganizationName"":""consolidatedmsgr.onmicrosoft.com"",""OriginatingServer"":""LAB60XX8701MB913 (15.20.4200.000)\r\n"",""TokenObjectId"":""f9a62fe7-59eb-467a-848b-b0f4588e5386"",""TokenTenantId"":""9fc57536-e8d3-4117-8537-fc27bc714352"",""TokenType"":""StiUserCallback"",""Item"":{""Attachments"":""image001.gif (298b); image002.png (16657b); image003.jpg (239409b); Metro Auto - Payables Account Application.pdf (252120b); Tax Exemption Certificate version 6-22 - Blank.pdf (1149664b); W-9 Blank.pdf (235796b)"",""Id"":""RgAAAAB5LAfwTBU\/RaiC9YJ7b37EBwBPFRB7aFbgTYJ0U+olHj1gAAADwAMIAABPFRB7aFbgTYJ0U+olHj1gAAApID4hAAAJ"",""ImmutableId"":""LgAAAAAdhAMRqmYRzZvIAKoAL8RaDQBPFRB7aFbgTYJ0U+olHj1gAAGThRjpAAAJ"",""InternetMessageId"":""<catherine@dm3ppfb93aa2d99.namprd15.prod.outlook.com>"",""IsRecord"":false,""ParentFolder"":{""Id"":""LgAAAAB5LAfwTBU\/RaiC9YJ7b37EAQBPFRB7aFbgTYJ0U+olHj1gAAADwAMIAAAB"",""Path"":""\\Inbox\\Vendor correspondance""},""SizeInBytes"":2026327,""Subject"":""Metro Auto Payables Account""},""ModifiedProperties"":[""AttachmentCollection""]}","56","214","a504077a-cfd6-4b03-8228-13d8a6219e82","True","Unchanged"
"ExchangeItem","2025-12-17 16:04:00","gutierrez2@consolidatedmsgr.com","Update","{""AppAccessContext"":{""AADSessionId"":""6221db44-b1b2-4f77-8b47-77bff877410b"",""APIId"":""931a7d74-64a8-435d-8d1d-1af1cc10c6c9"",""ClientAppId"":""5c7e94a3-601a-4e4b-8bb8-4caaf1118dd8"",""IssuedAtTime"":""2025-12-17T16:00:35"",""UniqueTokenId"":""f3599067-f80d-4efc-8c38-93903c0977b4""},""CreationTime"":""2025-12-17T16:04:00"",""Id"":""a84185e1-ae88-44ad-81cc-3c3f9ae6e32b"",""Operation"":""Update"",""OrganizationId"":""9fc57536-e8d3-4117-8537-fc27bc714352"",""RecordType"":2,""ResultStatus"":""Succeeded"",""UserKey"":""100320034F35348A"",""UserType"":0,""Version"":1,""Workload"":""Exchange"",""ClientIP"":""2600:1f18:5c9a:a468:8241:17f9:1526:6a4d"",""UserId"":""gutierrez2@consolidatedmsgr.com"",""ActorInfoString"":""Mozilla\/5.0 (Windows NT 10.0; Win64; x64) AppleWebKit\/537.36 (KHTML, like Gecko) Chrome\/142.0.0.206 Safari\/537.36"",""AppId"":""931a7d74-64a8-435d-8d1d-1af1cc10c6c9"",""AuthType"":""Bearer"",""ClientAppId"":""5c7e94a3-601a-4e4b-8bb8-4caaf1118dd8"",""ClientIPAddress"":""2600:1f18:5c9a:a468:8241:17f9:1526:6a4d"",""ClientInfoString"":""Client=OWA;Mozilla\/5.0 (Windows NT 10.0; Win64; x64) AppleWebKit\/537.36 (KHTML, like Gecko) Chrome\/142.0.0.206 Safari\/537.36;"",""ExternalAccess"":false,""HostAppId"":""1fe87f9e-7a06-4f34-872f-efb4be6fb916"",""InternalLogonType"":0,""LogonType"":0,""LogonUserSid"":""S-1-5-21-3421515247-1784439087-2623626124-887996"",""MailboxGuid"":""c0f08483-4e52-46e0-899d-322f8d8f0310"",""MailboxOwnerSid"":""S-1-5-21-3421515247-1784439087-2623626124-887996"",""MailboxOwnerUPN"":""gutierrez2@consolidatedmsgr.com"",""OrganizationName"":""consolidatedmsgr.onmicrosoft.com"",""OriginatingServer"":""LAB60XX8701MB913 (15.20.4200.000)\r\n"",""TokenObjectId"":""f9a62fe7-59eb-467a-848b-b0f4588e5386"",""TokenTenantId"":""9fc57536-e8d3-4117-8537-fc27bc714352"",""TokenType"":""StiUserCallback"",""Item"":{""Attachments"":""image001.jpg (44225b); I6103 Koch Foods OH J2640.pdf (75657b)"",""Id"":""RgAAAAB5LAfwTBU\/RaiC9YJ7b37EBwBPFRB7aFbgTYJ0U+olHj1gAAAAAAEJAABPFRB7aFbgTYJ0U+olHj1gAAApIIFIAAAJ"",""ImmutableId"":""LgAAAAAdhAMRqmYRzZvIAKoAL8RaDQBPFRB7aFbgTYJ0U+olHj1gAAGp5LgNAAAJ"",""InternetMessageId"":""<julie3@mn2pr06mb5981.namprd06.prod.outlook.com>"",""IsRecord"":false,""ParentFolder"":{""Id"":""LgAAAAB5LAfwTBU\/RaiC9YJ7b37EAQBPFRB7aFbgTYJ0U+olHj1gAAAAAAEJAAAB"",""Path"":""\\Sent Items""},""SizeInBytes"":135487,""Subject"":""Consolidatedmsgr Invoice #6103 for Koch Foods Ohio PO #184773CER240""},""ModifiedProperties"":[""AttachmentCollection""]}","57","214","a84185e1-ae88-44ad-81cc-3c3f9ae6e32b","True","Unchanged"
"AzureActiveDirectoryStsLogon","2025-12-16 23:28:47","gutierrez2@consolidatedmsgr.com","UserLoginFailed","{""CreationTime"":""2025-12-16T23:28:47"",""Id"":""798eb823-ca85-4e69-81ea-5c3ca02a7225"",""Operation"":""UserLoginFailed"",""OrganizationId"":""9fc57536-e8d3-4117-8537-fc27bc714352"",""RecordType"":15,""ResultStatus"":""Success"",""UserKey"":""f9a62fe7-59eb-467a-848b-b0f4588e5386"",""UserType"":0,""Version"":1,""Workload"":""AzureActiveDirectory"",""ClientIP"":""212.18.104.119"",""ObjectId"":""4765445b-32c6-49b0-83e6-1d93765276ca"",""UserId"":""gutierrez2@consolidatedmsgr.com"",""AzureActiveDirectoryEventType"":1,""ExtendedProperties"":[{""Name"":""ResultStatusDetail"",""Value"":""Success""},{""Name"":""UserAgent"",""Value"":""Mozilla\/5.0 (Windows NT 10.0; Win64; x64) AppleWebKit\/537.36 (KHTML, like Gecko) Chrome\/142.0.0.206 Safari\/537.36""},{""Name"":""RequestType"",""Value"":""Login:reprocess""}],""ModifiedProperties"":[],""Actor"":[{""ID"":""f9a62fe7-59eb-467a-848b-b0f4588e5386"",""Type"":0},{""ID"":""gutierrez2@consolidatedmsgr.com"",""Type"":5}],""ActorContextId"":""9fc57536-e8d3-4117-8537-fc27bc714352"",""ActorIpAddress"":""212.18.104.119"",""InterSystemsId"":""9e18a6ed-f931-4f90-84df-7c3485983484"",""IntraSystemId"":""798eb823-ca85-4e69-81ea-5c3ca02a7225"",""SupportTicketId"":"""",""Target"":[{""ID"":""4765445b-32c6-49b0-83e6-1d93765276ca"",""Type"":0}],""TargetContextId"":""9fc57536-e8d3-4117-8537-fc27bc714352"",""ApplicationId"":""4765445b-32c6-49b0-83e6-1d93765276ca"",""DeviceProperties"":[{""Name"":""OS"",""Value"":""Windows10""},{""Name"":""BrowserType"",""Value"":""Chrome""},{""Name"":""SessionId"",""Value"":""2121c450-31b2-4574-832e-d3de28f2ecfa""}],""ErrorNumber"":""50133"",""LogonError"":""SsoArtifactRevoked""}","58","214","798eb823-ca85-4e69-81ea-5c3ca02a7225","True","Unchanged"
"AzureActiveDirectoryStsLogon","2025-12-17 18:48:28","Not Available","UserLoggedIn","{""CreationTime"":""2025-12-17T18:48:28"",""Id"":""5716cc05-d49b-4dbd-82ff-a4284653ab48"",""Operation"":""UserLoggedIn"",""OrganizationId"":""9fc57536-e8d3-4117-8537-fc27bc714352"",""RecordType"":15,""ResultStatus"":""Success"",""UserKey"":""16040d97-c0b3-43ad-8158-1c920732fd67"",""UserType"":4,""Version"":1,""Workload"":""AzureActiveDirectory"",""ClientIP"":""2a05:541:116:d573:cf62:ebf1:5b13:efa2"",""ObjectId"":""4765445b-32c6-49b0-83e6-1d93765276ca"",""UserId"":""Not Available"",""AzureActiveDirectoryEventType"":1,""ExtendedProperties"":[{""Name"":""ResultStatusDetail"",""Value"":""Success""},{""Name"":""UserAgent"",""Value"":""axios\/1.13.2""},{""Name"":""RequestType"",""Value"":""SAS:EndAuth""}],""ModifiedProperties"":[],""Actor"":[{""ID"":""16040d97-c0b3-43ad-8158-1c920732fd67"",""Type"":0}],""ActorContextId"":""9fc57536-e8d3-4117-8537-fc27bc714352"",""ActorIpAddress"":""2a05:541:116:d573:cf62:ebf1:5b13:efa2"",""InterSystemsId"":""2473fe8a-aa95-43f2-8576-6593e4d6b5aa"",""IntraSystemId"":""5716cc05-d49b-4dbd-82ff-a4284653ab48"",""SupportTicketId"":"""",""Target"":[{""ID"":""4765445b-32c6-49b0-83e6-1d93765276ca"",""Type"":0}],""TargetContextId"":""9fc57536-e8d3-4117-8537-fc27bc714352"",""ApplicationId"":""4765445b-32c6-49b0-83e6-1d93765276ca"",""DeviceProperties"":[{""Name"":""BrowserType"",""Value"":""Other""}],""ErrorNumber"":""0""}","59","214","5716cc05-d49b-4dbd-82ff-a4284653ab48","True","Unchanged"
"AzureActiveDirectoryStsLogon","2025-12-17 18:48:45","bennett4@consolidatedmsgr.com","UserLoggedIn","{""CreationTime"":""2025-12-17T18:48:45"",""Id"":""f5e0072f-4681-4611-816d-b17dd15a5737"",""Operation"":""UserLoggedIn"",""OrganizationId"":""9fc57536-e8d3-4117-8537-fc27bc714352"",""RecordType"":15,""ResultStatus"":""Success"",""UserKey"":""16040d97-c0b3-43ad-8158-1c920732fd67"",""UserType"":0,""Version"":1,""Workload"":""AzureActiveDirectory"",""ClientIP"":""2a05:541:116:d573:cf62:ebf1:5b13:efa2"",""ObjectId"":""4765445b-32c6-49b0-83e6-1d93765276ca"",""UserId"":""bennett4@consolidatedmsgr.com"",""AzureActiveDirectoryEventType"":1,""ExtendedProperties"":[{""Name"":""ResultStatusDetail"",""Value"":""Success""},{""Name"":""KeepMeSignedIn"",""Value"":""true""},{""Name"":""UserAgent"",""Value"":""axios\/1.13.2""},{""Name"":""RequestType"",""Value"":""SAS:ProcessAuth""}],""ModifiedProperties"":[],""Actor"":[{""ID"":""16040d97-c0b3-43ad-8158-1c920732fd67"",""Type"":0},{""ID"":""bennett4@consolidatedmsgr.com"",""Type"":5}],""ActorContextId"":""9fc57536-e8d3-4117-8537-fc27bc714352"",""ActorIpAddress"":""2a05:541:116:d573:cf62:ebf1:5b13:efa2"",""InterSystemsId"":""2473fe8a-aa95-43f2-8576-6593e4d6b5aa"",""IntraSystemId"":""f5e0072f-4681-4611-816d-b17dd15a5737"",""SupportTicketId"":"""",""Target"":[{""ID"":""4765445b-32c6-49b0-83e6-1d93765276ca"",""Type"":0}],""TargetContextId"":""9fc57536-e8d3-4117-8537-fc27bc714352"",""ApplicationId"":""4765445b-32c6-49b0-83e6-1d93765276ca"",""DeviceProperties"":[{""Name"":""BrowserType"",""Value"":""Other""},{""Name"":""SessionId"",""Value"":""7e37e017-d69a-42b2-84b1-05bf87d522a7""}],""ErrorNumber"":""50140""}","60","214","f5e0072f-4681-4611-816d-b17dd15a5737","True","Unchanged"
"AzureActiveDirectoryStsLogon","2025-12-17 18:48:45","bennett4@consolidatedmsgr.com","UserLoggedIn","{""CreationTime"":""2025-12-17T18:48:45"",""Id"":""f5e0072f-4681-4611-816d-b17dd15a5737"",""Operation"":""UserLoggedIn"",""OrganizationId"":""9fc57536-e8d3-4117-8537-fc27bc714352"",""RecordType"":15,""ResultStatus"":""Success"",""UserKey"":""16040d97-c0b3-43ad-8158-1c920732fd67"",""UserType"":0,""Version"":1,""Workload"":""AzureActiveDirectory"",""ClientIP"":""2a05:541:116:d573:cf62:ebf1:5b13:efa2"",""ObjectId"":""4765445b-32c6-49b0-83e6-1d93765276ca"",""UserId"":""bennett4@consolidatedmsgr.com"",""AzureActiveDirectoryEventType"":1,""ExtendedProperties"":[{""Name"":""ResultStatusDetail"",""Value"":""Success""},{""Name"":""KeepMeSignedIn"",""Value"":""true""},{""Name"":""UserAgent"",""Value"":""axios\/1.13.2""},{""Name"":""UserAuthenticationMethod"",""Value"":""16""},{""Name"":""RequestType"",""Value"":""SAS:ProcessAuth""}],""ModifiedProperties"":[],""Actor"":[{""ID"":""16040d97-c0b3-43ad-8158-1c920732fd67"",""Type"":0},{""ID"":""bennett4@consolidatedmsgr.com"",""Type"":5}],""ActorContextId"":""9fc57536-e8d3-4117-8537-fc27bc714352"",""ActorIpAddress"":""2a05:541:116:d573:cf62:ebf1:5b13:efa2"",""InterSystemsId"":""2473fe8a-aa95-43f2-8576-6593e4d6b5aa"",""IntraSystemId"":""f5e0072f-4681-4611-816d-b17dd15a5737"",""SupportTicketId"":"""",""Target"":[{""ID"":""4765445b-32c6-49b0-83e6-1d93765276ca"",""Type"":0}],""TargetContextId"":""9fc57536-e8d3-4117-8537-fc27bc714352"",""ApplicationId"":""4765445b-32c6-49b0-83e6-1d93765276ca"",""DeviceProperties"":[{""Name"":""BrowserType"",""Value"":""Other""},{""Name"":""SessionId"",""Value"":""7e37e017-d69a-42b2-84b1-05bf87d522a7""}],""ErrorNumber"":""50140""}","61","214","f5e0072f-4681-4611-816d-b17dd15a5737","True","Unchanged"
"AzureActiveDirectoryStsLogon","2025-12-17 18:45:38","bennett4@consolidatedmsgr.com","UserLoginFailed","{""CreationTime"":""2025-12-17T18:45:38"",""Id"":""e72bd62b-93e5-4d40-85c0-125386cc95ab"",""Operation"":""UserLoginFailed"",""OrganizationId"":""9fc57536-e8d3-4117-8537-fc27bc714352"",""RecordType"":15,""ResultStatus"":""Success"",""UserKey"":""16040d97-c0b3-43ad-8158-1c920732fd67"",""UserType"":0,""Version"":1,""Workload"":""AzureActiveDirectory"",""ClientIP"":""2a05:541:116:d573:cf62:ebf1:5b13:efa2"",""ObjectId"":""4765445b-32c6-49b0-83e6-1d93765276ca"",""UserId"":""bennett4@consolidatedmsgr.com"",""AzureActiveDirectoryEventType"":1,""ExtendedProperties"":[{""Name"":""ResultStatusDetail"",""Value"":""Success""},{""Name"":""UserAgent"",""Value"":""axios\/1.13.2""},{""Name"":""UserAuthenticationMethod"",""Value"":""16""},{""Name"":""RequestType"",""Value"":""SAS:BeginAuth""}],""ModifiedProperties"":[],""Actor"":[{""ID"":""16040d97-c0b3-43ad-8158-1c920732fd67"",""Type"":0},{""ID"":""bennett4@consolidatedmsgr.com"",""Type"":5}],""ActorContextId"":""9fc57536-e8d3-4117-8537-fc27bc714352"",""ActorIpAddress"":""2a05:541:116:d573:cf62:ebf1:5b13:efa2"",""InterSystemsId"":""2473fe8a-aa95-43f2-8576-6593e4d6b5aa"",""IntraSystemId"":""e72bd62b-93e5-4d40-85c0-125386cc95ab"",""SupportTicketId"":"""",""Target"":[{""ID"":""4765445b-32c6-49b0-83e6-1d93765276ca"",""Type"":0}],""TargetContextId"":""9fc57536-e8d3-4117-8537-fc27bc714352"",""ApplicationId"":""4765445b-32c6-49b0-83e6-1d93765276ca"",""DeviceProperties"":[{""Name"":""BrowserType"",""Value"":""Other""},{""Name"":""SessionId"",""Value"":""7e37e017-d69a-42b2-84b1-05bf87d522a7""}],""ErrorNumber"":""50074"",""LogonError"":""UserStrongAuthClientAuthNRequiredInterrupt""}","62","214","e72bd62b-93e5-4d40-85c0-125386cc95ab","True","Unchanged"
"AzureActiveDirectoryStsLogon","2025-12-17 18:48:20","Not Available","UserLoggedIn","{""CreationTime"":""2025-12-17T18:48:20"",""Id"":""015b9fcb-b463-429b-8c3f-2aeb4cc8022e"",""Operation"":""UserLoggedIn"",""OrganizationId"":""9fc57536-e8d3-4117-8537-fc27bc714352"",""RecordType"":15,""ResultStatus"":""Success"",""UserKey"":""16040d97-c0b3-43ad-8158-1c920732fd67"",""UserType"":4,""Version"":1,""Workload"":""AzureActiveDirectory"",""ClientIP"":""2a05:541:116:d573:cf62:ebf1:5b13:efa2"",""ObjectId"":""4765445b-32c6-49b0-83e6-1d93765276ca"",""UserId"":""Not Available"",""AzureActiveDirectoryEventType"":1,""ExtendedProperties"":[{""Name"":""ResultStatusDetail"",""Value"":""Success""},{""Name"":""UserAgent"",""Value"":""axios\/1.13.2""},{""Name"":""RequestType"",""Value"":""SAS:EndAuth""}],""ModifiedProperties"":[],""Actor"":[{""ID"":""16040d97-c0b3-43ad-8158-1c920732fd67"",""Type"":0}],""ActorContextId"":""9fc57536-e8d3-4117-8537-fc27bc714352"",""ActorIpAddress"":""2a05:541:116:d573:cf62:ebf1:5b13:efa2"",""InterSystemsId"":""2473fe8a-aa95-43f2-8576-6593e4d6b5aa"",""IntraSystemId"":""015b9fcb-b463-429b-8c3f-2aeb4cc8022e"",""SupportTicketId"":"""",""Target"":[{""ID"":""4765445b-32c6-49b0-83e6-1d93765276ca"",""Type"":0}],""TargetContextId"":""9fc57536-e8d3-4117-8537-fc27bc714352"",""ApplicationId"":""4765445b-32c6-49b0-83e6-1d93765276ca"",""DeviceProperties"":[{""Name"":""BrowserType"",""Value"":""Other""}],""ErrorNumber"":""0""}","63","214","015b9fcb-b463-429b-8c3f-2aeb4cc8022e","True","Unchanged"
"AzureActiveDirectoryStsLogon","2025-12-17 18:48:19","Not Available","UserLoggedIn","{""CreationTime"":""2025-12-17T18:48:19"",""Id"":""5d5f3936-571b-4fe7-8c87-79a8e2bc8c59"",""Operation"":""UserLoggedIn"",""OrganizationId"":""9fc57536-e8d3-4117-8537-fc27bc714352"",""RecordType"":15,""ResultStatus"":""Success"",""UserKey"":""16040d97-c0b3-43ad-8158-1c920732fd67"",""UserType"":4,""Version"":1,""Workload"":""AzureActiveDirectory"",""ClientIP"":""2a05:541:116:d573:cf62:ebf1:5b13:efa2"",""ObjectId"":""4765445b-32c6-49b0-83e6-1d93765276ca"",""UserId"":""Not Available"",""AzureActiveDirectoryEventType"":1,""ExtendedProperties"":[{""Name"":""ResultStatusDetail"",""Value"":""Success""},{""Name"":""UserAgent"",""Value"":""axios\/1.13.2""},{""Name"":""RequestType"",""Value"":""SAS:BeginAuth""}],""ModifiedProperties"":[],""Actor"":[{""ID"":""16040d97-c0b3-43ad-8158-1c920732fd67"",""Type"":0}],""ActorContextId"":""9fc57536-e8d3-4117-8537-fc27bc714352"",""ActorIpAddress"":""2a05:541:116:d573:cf62:ebf1:5b13:efa2"",""InterSystemsId"":""2473fe8a-aa95-43f2-8576-6593e4d6b5aa"",""IntraSystemId"":""5d5f3936-571b-4fe7-8c87-79a8e2bc8c59"",""SupportTicketId"":"""",""Target"":[{""ID"":""4765445b-32c6-49b0-83e6-1d93765276ca"",""Type"":0}],""TargetContextId"":""9fc57536-e8d3-4117-8537-fc27bc714352"",""ApplicationId"":""4765445b-32c6-49b0-83e6-1d93765276ca"",""DeviceProperties"":[{""Name"":""BrowserType"",""Value"":""Other""}],""ErrorNumber"":""0""}","64","214","5d5f3936-571b-4fe7-8c87-79a8e2bc8c59","True","Unchanged"
"AzureActiveDirectoryStsLogon","2025-12-17 18:45:38","bennett4@consolidatedmsgr.com","UserLoginFailed","{""CreationTime"":""2025-12-17T18:45:38"",""Id"":""e72bd62b-93e5-4d40-85c0-125386cc95ab"",""Operation"":""UserLoginFailed"",""OrganizationId"":""9fc57536-e8d3-4117-8537-fc27bc714352"",""RecordType"":15,""ResultStatus"":""Success"",""UserKey"":""16040d97-c0b3-43ad-8158-1c920732fd67"",""UserType"":0,""Version"":1,""Workload"":""AzureActiveDirectory"",""ClientIP"":""2a05:541:116:d573:cf62:ebf1:5b13:efa2"",""ObjectId"":""4765445b-32c6-49b0-83e6-1d93765276ca"",""UserId"":""bennett4@consolidatedmsgr.com"",""AzureActiveDirectoryEventType"":1,""ExtendedProperties"":[{""Name"":""ResultStatusDetail"",""Value"":""Success""},{""Name"":""UserAgent"",""Value"":""axios\/1.13.2""},{""Name"":""UserAuthenticationMethod"",""Value"":""16""},{""Name"":""RequestType"",""Value"":""SAS:EndAuth""}],""ModifiedProperties"":[],""Actor"":[{""ID"":""16040d97-c0b3-43ad-8158-1c920732fd67"",""Type"":0},{""ID"":""bennett4@consolidatedmsgr.com"",""Type"":5}],""ActorContextId"":""9fc57536-e8d3-4117-8537-fc27bc714352"",""ActorIpAddress"":""2a05:541:116:d573:cf62:ebf1:5b13:efa2"",""InterSystemsId"":""2473fe8a-aa95-43f2-8576-6593e4d6b5aa"",""IntraSystemId"":""e72bd62b-93e5-4d40-85c0-125386cc95ab"",""SupportTicketId"":"""",""Target"":[{""ID"":""4765445b-32c6-49b0-83e6-1d93765276ca"",""Type"":0}],""TargetContextId"":""9fc57536-e8d3-4117-8537-fc27bc714352"",""ApplicationId"":""4765445b-32c6-49b0-83e6-1d93765276ca"",""DeviceProperties"":[{""Name"":""BrowserType"",""Value"":""Other""},{""Name"":""SessionId"",""Value"":""7e37e017-d69a-42b2-84b1-05bf87d522a7""}],""ErrorNumber"":""50074"",""LogonError"":""UserStrongAuthClientAuthNRequiredInterrupt""}","65","214","e72bd62b-93e5-4d40-85c0-125386cc95ab","True","Unchanged"
"AzureActiveDirectoryStsLogon","2025-12-17 18:48:37","Not Available","UserLoggedIn","{""CreationTime"":""2025-12-17T18:48:37"",""Id"":""3c3ccfec-f6b9-4890-879d-0c045c50b650"",""Operation"":""UserLoggedIn"",""OrganizationId"":""9fc57536-e8d3-4117-8537-fc27bc714352"",""RecordType"":15,""ResultStatus"":""Success"",""UserKey"":""16040d97-c0b3-43ad-8158-1c920732fd67"",""UserType"":4,""Version"":1,""Workload"":""AzureActiveDirectory"",""ClientIP"":""2a05:541:116:d573:cf62:ebf1:5b13:efa2"",""ObjectId"":""4765445b-32c6-49b0-83e6-1d93765276ca"",""UserId"":""Not Available"",""AzureActiveDirectoryEventType"":1,""ExtendedProperties"":[{""Name"":""ResultStatusDetail"",""Value"":""Success""},{""Name"":""UserAgent"",""Value"":""axios\/1.13.2""},{""Name"":""RequestType"",""Value"":""SAS:EndAuth""}],""ModifiedProperties"":[],""Actor"":[{""ID"":""16040d97-c0b3-43ad-8158-1c920732fd67"",""Type"":0}],""ActorContextId"":""9fc57536-e8d3-4117-8537-fc27bc714352"",""ActorIpAddress"":""2a05:541:116:d573:cf62:ebf1:5b13:efa2"",""InterSystemsId"":""2473fe8a-aa95-43f2-8576-6593e4d6b5aa"",""IntraSystemId"":""3c3ccfec-f6b9-4890-879d-0c045c50b650"",""SupportTicketId"":"""",""Target"":[{""ID"":""4765445b-32c6-49b0-83e6-1d93765276ca"",""Type"":0}],""TargetContextId"":""9fc57536-e8d3-4117-8537-fc27bc714352"",""ApplicationId"":""4765445b-32c6-49b0-83e6-1d93765276ca"",""DeviceProperties"":[{""Name"":""BrowserType"",""Value"":""Other""}],""ErrorNumber"":""0""}","66","214","3c3ccfec-f6b9-4890-879d-0c045c50b650","True","Unchanged"
"AzureActiveDirectoryStsLogon","2025-12-17 18:45:38","bennett4@consolidatedmsgr.com","UserLoginFailed","{""CreationTime"":""2025-12-17T18:45:38"",""Id"":""e72bd62b-93e5-4d40-85c0-125386cc95ab"",""Operation"":""UserLoginFailed"",""OrganizationId"":""9fc57536-e8d3-4117-8537-fc27bc714352"",""RecordType"":15,""ResultStatus"":""Success"",""UserKey"":""16040d97-c0b3-43ad-8158-1c920732fd67"",""UserType"":0,""Version"":1,""Workload"":""AzureActiveDirectory"",""ClientIP"":""2a05:541:116:d573:cf62:ebf1:5b13:efa2"",""ObjectId"":""4765445b-32c6-49b0-83e6-1d93765276ca"",""UserId"":""bennett4@consolidatedmsgr.com"",""AzureActiveDirectoryEventType"":1,""ExtendedProperties"":[{""Name"":""ResultStatusDetail"",""Value"":""Success""},{""Name"":""UserAgent"",""Value"":""axios\/1.13.2""},{""Name"":""UserAuthenticationMethod"",""Value"":""16""},{""Name"":""RequestType"",""Value"":""Login:login""}],""ModifiedProperties"":[],""Actor"":[{""ID"":""16040d97-c0b3-43ad-8158-1c920732fd67"",""Type"":0},{""ID"":""bennett4@consolidatedmsgr.com"",""Type"":5}],""ActorContextId"":""9fc57536-e8d3-4117-8537-fc27bc714352"",""ActorIpAddress"":""2a05:541:116:d573:cf62:ebf1:5b13:efa2"",""InterSystemsId"":""2473fe8a-aa95-43f2-8576-6593e4d6b5aa"",""IntraSystemId"":""e72bd62b-93e5-4d40-85c0-125386cc95ab"",""SupportTicketId"":"""",""Target"":[{""ID"":""4765445b-32c6-49b0-83e6-1d93765276ca"",""Type"":0}],""TargetContextId"":""9fc57536-e8d3-4117-8537-fc27bc714352"",""ApplicationId"":""4765445b-32c6-49b0-83e6-1d93765276ca"",""DeviceProperties"":[{""Name"":""BrowserType"",""Value"":""Other""},{""Name"":""SessionId"",""Value"":""7e37e017-d69a-42b2-84b1-05bf87d522a7""}],""ErrorNumber"":""50074"",""LogonError"":""UserStrongAuthClientAuthNRequiredInterrupt""}","67","214","e72bd62b-93e5-4d40-85c0-125386cc95ab","True","Unchanged"
"AzureActiveDirectoryStsLogon","2025-12-17 18:45:38","bennett4@consolidatedmsgr.com","UserLoginFailed","{""CreationTime"":""2025-12-17T18:45:38"",""Id"":""e72bd62b-93e5-4d40-85c0-125386cc95ab"",""Operation"":""UserLoginFailed"",""OrganizationId"":""9fc57536-e8d3-4117-8537-fc27bc714352"",""RecordType"":15,""ResultStatus"":""Success"",""UserKey"":""16040d97-c0b3-43ad-8158-1c920732fd67"",""UserType"":0,""Version"":1,""Workload"":""AzureActiveDirectory"",""ClientIP"":""2a05:541:116:d573:cf62:ebf1:5b13:efa2"",""ObjectId"":""4765445b-32c6-49b0-83e6-1d93765276ca"",""UserId"":""bennett4@consolidatedmsgr.com"",""AzureActiveDirectoryEventType"":1,""ExtendedProperties"":[{""Name"":""ResultStatusDetail"",""Value"":""Success""},{""Name"":""UserAgent"",""Value"":""axios\/1.13.2""},{""Name"":""UserAuthenticationMethod"",""Value"":""16""},{""Name"":""RequestType"",""Value"":""Login:login""}],""ModifiedProperties"":[],""Actor"":[{""ID"":""16040d97-c0b3-43ad-8158-1c920732fd67"",""Type"":0},{""ID"":""bennett4@consolidatedmsgr.com"",""Type"":5}],""ActorContextId"":""9fc57536-e8d3-4117-8537-fc27bc714352"",""ActorIpAddress"":""2a05:541:116:d573:cf62:ebf1:5b13:efa2"",""InterSystemsId"":""2473fe8a-aa95-43f2-8576-6593e4d6b5aa"",""IntraSystemId"":""e72bd62b-93e5-4d40-85c0-125386cc95ab"",""SupportTicketId"":"""",""Target"":[{""ID"":""4765445b-32c6-49b0-83e6-1d93765276ca"",""Type"":0}],""TargetContextId"":""9fc57536-e8d3-4117-8537-fc27bc714352"",""ApplicationId"":""4765445b-32c6-49b0-83e6-1d93765276ca"",""DeviceProperties"":[{""Name"":""BrowserType"",""Value"":""Other""},{""Name"":""SessionId"",""Value"":""7e37e017-d69a-42b2-84b1-05bf87d522a7""}],""ErrorNumber"":""50074"",""LogonError"":""UserStrongAuthClientAuthNRequiredInterrupt""}","68","214","e72bd62b-93e5-4d40-85c0-125386cc95ab","True","Unchanged"
"AzureActiveDirectoryStsLogon","2025-12-17 18:37:03","Not Available","UserLoggedIn","{""CreationTime"":""2025-12-17T18:37:03"",""Id"":""b9eff0c0-38d0-42f0-860e-a33f92357395"",""Operation"":""UserLoggedIn"",""OrganizationId"":""9fc57536-e8d3-4117-8537-fc27bc714352"",""RecordType"":15,""ResultStatus"":""Success"",""UserKey"":""16040d97-c0b3-43ad-8158-1c920732fd67"",""UserType"":4,""Version"":1,""Workload"":""AzureActiveDirectory"",""ClientIP"":""2a05:541:116:c8f:59a2:44ad:532f:ee3d"",""ObjectId"":""4765445b-32c6-49b0-83e6-1d93765276ca"",""UserId"":""Not Available"",""AzureActiveDirectoryEventType"":1,""ExtendedProperties"":[{""Name"":""ResultStatusDetail"",""Value"":""Success""},{""Name"":""UserAgent"",""Value"":""axios\/1.13.2""},{""Name"":""RequestType"",""Value"":""SAS:BeginAuth""}],""ModifiedProperties"":[],""Actor"":[{""ID"":""16040d97-c0b3-43ad-8158-1c920732fd67"",""Type"":0}],""ActorContextId"":""9fc57536-e8d3-4117-8537-fc27bc714352"",""ActorIpAddress"":""2a05:541:116:c8f:59a2:44ad:532f:ee3d"",""InterSystemsId"":""7b656873-778d-4460-8494-931a8d3553cc"",""IntraSystemId"":""b9eff0c0-38d0-42f0-860e-a33f92357395"",""SupportTicketId"":"""",""Target"":[{""ID"":""4765445b-32c6-49b0-83e6-1d93765276ca"",""Type"":0}],""TargetContextId"":""9fc57536-e8d3-4117-8537-fc27bc714352"",""ApplicationId"":""4765445b-32c6-49b0-83e6-1d93765276ca"",""DeviceProperties"":[{""Name"":""BrowserType"",""Value"":""Other""}],""ErrorNumber"":""0""}","69","214","b9eff0c0-38d0-42f0-860e-a33f92357395","True","Unchanged"
"AzureActiveDirectoryStsLogon","2025-12-17 18:36:55","bennett4@consolidatedmsgr.com","UserLoginFailed","{""CreationTime"":""2025-12-17T18:36:55"",""Id"":""f70bfa8b-0110-43cf-85b0-23cbd006b710"",""Operation"":""UserLoginFailed"",""OrganizationId"":""9fc57536-e8d3-4117-8537-fc27bc714352"",""RecordType"":15,""ResultStatus"":""Success"",""UserKey"":""16040d97-c0b3-43ad-8158-1c920732fd67"",""UserType"":0,""Version"":1,""Workload"":""AzureActiveDirectory"",""ClientIP"":""2a05:541:116:c8f:59a2:44ad:532f:ee3d"",""ObjectId"":""4765445b-32c6-49b0-83e6-1d93765276ca"",""UserId"":""bennett4@consolidatedmsgr.com"",""AzureActiveDirectoryEventType"":1,""ExtendedProperties"":[{""Name"":""ResultStatusDetail"",""Value"":""Success""},{""Name"":""UserAgent"",""Value"":""axios\/1.13.2""},{""Name"":""UserAuthenticationMethod"",""Value"":""16""},{""Name"":""RequestType"",""Value"":""SAS:BeginAuth""}],""ModifiedProperties"":[],""Actor"":[{""ID"":""16040d97-c0b3-43ad-8158-1c920732fd67"",""Type"":0},{""ID"":""bennett4@consolidatedmsgr.com"",""Type"":5}],""ActorContextId"":""9fc57536-e8d3-4117-8537-fc27bc714352"",""ActorIpAddress"":""2a05:541:116:c8f:59a2:44ad:532f:ee3d"",""InterSystemsId"":""7b656873-778d-4460-8494-931a8d3553cc"",""IntraSystemId"":""f70bfa8b-0110-43cf-85b0-23cbd006b710"",""SupportTicketId"":"""",""Target"":[{""ID"":""4765445b-32c6-49b0-83e6-1d93765276ca"",""Type"":0}],""TargetContextId"":""9fc57536-e8d3-4117-8537-fc27bc714352"",""ApplicationId"":""4765445b-32c6-49b0-83e6-1d93765276ca"",""DeviceProperties"":[{""Name"":""BrowserType"",""Value"":""Other""},{""Name"":""SessionId"",""Value"":""fb74f2a0-48f9-414d-8fb1-6b59bf2a1168""}],""ErrorNumber"":""50074"",""LogonError"":""UserStrongAuthClientAuthNRequiredInterrupt""}","70","214","f70bfa8b-0110-43cf-85b0-23cbd006b710","True","Unchanged"
"AzureActiveDirectoryStsLogon","2025-12-17 18:36:55","bennett4@consolidatedmsgr.com","UserLoginFailed","{""CreationTime"":""2025-12-17T18:36:55"",""Id"":""f70bfa8b-0110-43cf-85b0-23cbd006b710"",""Operation"":""UserLoginFailed"",""OrganizationId"":""9fc57536-e8d3-4117-8537-fc27bc714352"",""RecordType"":15,""ResultStatus"":""Success"",""UserKey"":""16040d97-c0b3-43ad-8158-1c920732fd67"",""UserType"":0,""Version"":1,""Workload"":""AzureActiveDirectory"",""ClientIP"":""2a05:541:116:c8f:59a2:44ad:532f:ee3d"",""ObjectId"":""4765445b-32c6-49b0-83e6-1d93765276ca"",""UserId"":""bennett4@consolidatedmsgr.com"",""AzureActiveDirectoryEventType"":1,""ExtendedProperties"":[{""Name"":""ResultStatusDetail"",""Value"":""Success""},{""Name"":""UserAgent"",""Value"":""axios\/1.13.2""},{""Name"":""UserAuthenticationMethod"",""Value"":""16""},{""Name"":""RequestType"",""Value"":""Login:login""}],""ModifiedProperties"":[],""Actor"":[{""ID"":""16040d97-c0b3-43ad-8158-1c920732fd67"",""Type"":0},{""ID"":""bennett4@consolidatedmsgr.com"",""Type"":5}],""ActorContextId"":""9fc57536-e8d3-4117-8537-fc27bc714352"",""ActorIpAddress"":""2a05:541:116:c8f:59a2:44ad:532f:ee3d"",""InterSystemsId"":""7b656873-778d-4460-8494-931a8d3553cc"",""IntraSystemId"":""f70bfa8b-0110-43cf-85b0-23cbd006b710"",""SupportTicketId"":"""",""Target"":[{""ID"":""4765445b-32c6-49b0-83e6-1d93765276ca"",""Type"":0}],""TargetContextId"":""9fc57536-e8d3-4117-8537-fc27bc714352"",""ApplicationId"":""4765445b-32c6-49b0-83e6-1d93765276ca"",""DeviceProperties"":[{""Name"":""BrowserType"",""Value"":""Other""},{""Name"":""SessionId"",""Value"":""fb74f2a0-48f9-414d-8fb1-6b59bf2a1168""}],""ErrorNumber"":""50074"",""LogonError"":""UserStrongAuthClientAuthNRequiredInterrupt""}","71","214","f70bfa8b-0110-43cf-85b0-23cbd006b710","True","Unchanged"
"AzureActiveDirectoryStsLogon","2025-12-17 18:36:55","bennett4@consolidatedmsgr.com","UserLoginFailed","{""CreationTime"":""2025-12-17T18:36:55"",""Id"":""f70bfa8b-0110-43cf-85b0-23cbd006b710"",""Operation"":""UserLoginFailed"",""OrganizationId"":""9fc57536-e8d3-4117-8537-fc27bc714352"",""RecordType"":15,""ResultStatus"":""Success"",""UserKey"":""16040d97-c0b3-43ad-8158-1c920732fd67"",""UserType"":0,""Version"":1,""Workload"":""AzureActiveDirectory"",""ClientIP"":""2a05:541:116:c8f:59a2:44ad:532f:ee3d"",""ObjectId"":""4765445b-32c6-49b0-83e6-1d93765276ca"",""UserId"":""bennett4@consolidatedmsgr.com"",""AzureActiveDirectoryEventType"":1,""ExtendedProperties"":[{""Name"":""ResultStatusDetail"",""Value"":""Success""},{""Name"":""UserAgent"",""Value"":""axios\/1.13.2""},{""Name"":""UserAuthenticationMethod"",""Value"":""16""},{""Name"":""RequestType"",""Value"":""Login:login""}],""ModifiedProperties"":[],""Actor"":[{""ID"":""16040d97-c0b3-43ad-8158-1c920732fd67"",""Type"":0},{""ID"":""bennett4@consolidatedmsgr.com"",""Type"":5}],""ActorContextId"":""9fc57536-e8d3-4117-8537-fc27bc714352"",""ActorIpAddress"":""2a05:541:116:c8f:59a2:44ad:532f:ee3d"",""InterSystemsId"":""7b656873-778d-4460-8494-931a8d3553cc"",""IntraSystemId"":""f70bfa8b-0110-43cf-85b0-23cbd006b710"",""SupportTicketId"":"""",""Target"":[{""ID"":""4765445b-32c6-49b0-83e6-1d93765276ca"",""Type"":0}],""TargetContextId"":""9fc57536-e8d3-4117-8537-fc27bc714352"",""ApplicationId"":""4765445b-32c6-49b0-83e6-1d93765276ca"",""DeviceProperties"":[{""Name"":""BrowserType"",""Value"":""Other""},{""Name"":""SessionId"",""Value"":""fb74f2a0-48f9-414d-8fb1-6b59bf2a1168""}],""ErrorNumber"":""50074"",""LogonError"":""UserStrongAuthClientAuthNRequiredInterrupt""}","72","214","f70bfa8b-0110-43cf-85b0-23cbd006b710","True","Unchanged"
"AzureActiveDirectoryStsLogon","2025-12-17 17:33:16","Not Available","UserLoggedIn","{""CreationTime"":""2025-12-17T17:33:16"",""Id"":""2abbd1ae-2684-4766-8950-a5631a7e11d8"",""Operation"":""UserLoggedIn"",""OrganizationId"":""9fc57536-e8d3-4117-8537-fc27bc714352"",""RecordType"":15,""ResultStatus"":""Success"",""UserKey"":""a5f489b5-7396-458b-85f1-8a15b5c0b315"",""UserType"":4,""Version"":1,""Workload"":""AzureActiveDirectory"",""ClientIP"":""2a05:541:116:5e33:4aec:2433:45e1:ce28"",""ObjectId"":""4765445b-32c6-49b0-83e6-1d93765276ca"",""UserId"":""Not Available"",""AzureActiveDirectoryEventType"":1,""ExtendedProperties"":[{""Name"":""ResultStatusDetail"",""Value"":""Success""},{""Name"":""UserAgent"",""Value"":""axios\/1.13.2""},{""Name"":""RequestType"",""Value"":""SAS:EndAuth""}],""ModifiedProperties"":[],""Actor"":[{""ID"":""a5f489b5-7396-458b-85f1-8a15b5c0b315"",""Type"":0}],""ActorContextId"":""9fc57536-e8d3-4117-8537-fc27bc714352"",""ActorIpAddress"":""2a05:541:116:5e33:4aec:2433:45e1:ce28"",""InterSystemsId"":""3c867a73-84f7-4bce-8e05-3ef6ecd7fef4"",""IntraSystemId"":""2abbd1ae-2684-4766-8950-a5631a7e11d8"",""SupportTicketId"":"""",""Target"":[{""ID"":""4765445b-32c6-49b0-83e6-1d93765276ca"",""Type"":0}],""TargetContextId"":""9fc57536-e8d3-4117-8537-fc27bc714352"",""ApplicationId"":""4765445b-32c6-49b0-83e6-1d93765276ca"",""DeviceProperties"":[{""Name"":""BrowserType"",""Value"":""Other""}],""ErrorNumber"":""0""}","73","214","2abbd1ae-2684-4766-8950-a5631a7e11d8","True","Unchanged"
"AzureActiveDirectoryStsLogon","2025-12-17 17:33:43","garcia2@consolidatedmsgr.com","UserLoggedIn","{""CreationTime"":""2025-12-17T17:33:43"",""Id"":""2339bdaa-c350-476b-8e33-4af6b5cfff2a"",""Operation"":""UserLoggedIn"",""OrganizationId"":""9fc57536-e8d3-4117-8537-fc27bc714352"",""RecordType"":15,""ResultStatus"":""Success"",""UserKey"":""a5f489b5-7396-458b-85f1-8a15b5c0b315"",""UserType"":0,""Version"":1,""Workload"":""AzureActiveDirectory"",""ClientIP"":""2a05:541:116:5e33:4aec:2433:45e1:ce28"",""ObjectId"":""4765445b-32c6-49b0-83e6-1d93765276ca"",""UserId"":""garcia2@consolidatedmsgr.com"",""AzureActiveDirectoryEventType"":1,""ExtendedProperties"":[{""Name"":""ResultStatusDetail"",""Value"":""Success""},{""Name"":""UserAgent"",""Value"":""axios\/1.13.2""},{""Name"":""RequestType"",""Value"":""Kmsi:kmsi""}],""ModifiedProperties"":[],""Actor"":[{""ID"":""a5f489b5-7396-458b-85f1-8a15b5c0b315"",""Type"":0},{""ID"":""garcia2@consolidatedmsgr.com"",""Type"":5}],""ActorContextId"":""9fc57536-e8d3-4117-8537-fc27bc714352"",""ActorIpAddress"":""2a05:541:116:5e33:4aec:2433:45e1:ce28"",""InterSystemsId"":""3c867a73-84f7-4bce-8e05-3ef6ecd7fef4"",""IntraSystemId"":""2339bdaa-c350-476b-8e33-4af6b5cfff2a"",""SupportTicketId"":"""",""Target"":[{""ID"":""4765445b-32c6-49b0-83e6-1d93765276ca"",""Type"":0}],""TargetContextId"":""9fc57536-e8d3-4117-8537-fc27bc714352"",""ApplicationId"":""4765445b-32c6-49b0-83e6-1d93765276ca"",""DeviceProperties"":[{""Name"":""BrowserType"",""Value"":""Other""},{""Name"":""SessionId"",""Value"":""de165bab-9393-4ec7-8a82-69403c7a2f5a""}],""ErrorNumber"":""0""}","74","214","2339bdaa-c350-476b-8e33-4af6b5cfff2a","True","Unchanged"
"AzureActiveDirectoryStsLogon","2025-12-17 17:33:08","Not Available","UserLoggedIn","{""CreationTime"":""2025-12-17T17:33:08"",""Id"":""1e71b082-4401-4aba-8be8-f87388ebe62f"",""Operation"":""UserLoggedIn"",""OrganizationId"":""9fc57536-e8d3-4117-8537-fc27bc714352"",""RecordType"":15,""ResultStatus"":""Success"",""UserKey"":""a5f489b5-7396-458b-85f1-8a15b5c0b315"",""UserType"":4,""Version"":1,""Workload"":""AzureActiveDirectory"",""ClientIP"":""2a05:541:116:5e33:4aec:2433:45e1:ce28"",""ObjectId"":""4765445b-32c6-49b0-83e6-1d93765276ca"",""UserId"":""Not Available"",""AzureActiveDirectoryEventType"":1,""ExtendedProperties"":[{""Name"":""ResultStatusDetail"",""Value"":""Success""},{""Name"":""UserAgent"",""Value"":""axios\/1.13.2""},{""Name"":""RequestType"",""Value"":""SAS:EndAuth""}],""ModifiedProperties"":[],""Actor"":[{""ID"":""a5f489b5-7396-458b-85f1-8a15b5c0b315"",""Type"":0}],""ActorContextId"":""9fc57536-e8d3-4117-8537-fc27bc714352"",""ActorIpAddress"":""2a05:541:116:5e33:4aec:2433:45e1:ce28"",""InterSystemsId"":""3c867a73-84f7-4bce-8e05-3ef6ecd7fef4"",""IntraSystemId"":""1e71b082-4401-4aba-8be8-f87388ebe62f"",""SupportTicketId"":"""",""Target"":[{""ID"":""4765445b-32c6-49b0-83e6-1d93765276ca"",""Type"":0}],""TargetContextId"":""9fc57536-e8d3-4117-8537-fc27bc714352"",""ApplicationId"":""4765445b-32c6-49b0-83e6-1d93765276ca"",""DeviceProperties"":[{""Name"":""BrowserType"",""Value"":""Other""}],""ErrorNumber"":""0""}","75","214","1e71b082-4401-4aba-8be8-f87388ebe62f","True","Unchanged"
"AzureActiveDirectoryStsLogon","2025-12-17 17:33:43","garcia2@consolidatedmsgr.com","UserLoggedIn","{""CreationTime"":""2025-12-17T17:33:43"",""Id"":""6fe6088d-6af5-4058-8ec1-c7a97a600f13"",""Operation"":""UserLoggedIn"",""OrganizationId"":""9fc57536-e8d3-4117-8537-fc27bc714352"",""RecordType"":15,""ResultStatus"":""Success"",""UserKey"":""a5f489b5-7396-458b-85f1-8a15b5c0b315"",""UserType"":0,""Version"":1,""Workload"":""AzureActiveDirectory"",""ClientIP"":""2a05:541:116:5e33:4aec:2433:45e1:ce28"",""ObjectId"":""4765445b-32c6-49b0-83e6-1d93765276ca"",""UserId"":""garcia2@consolidatedmsgr.com"",""AzureActiveDirectoryEventType"":1,""ExtendedProperties"":[{""Name"":""ResultStatusDetail"",""Value"":""Success""},{""Name"":""KeepMeSignedIn"",""Value"":""true""},{""Name"":""UserAgent"",""Value"":""axios\/1.13.2""},{""Name"":""UserAuthenticationMethod"",""Value"":""16""},{""Name"":""RequestType"",""Value"":""SAS:ProcessAuth""}],""ModifiedProperties"":[],""Actor"":[{""ID"":""a5f489b5-7396-458b-85f1-8a15b5c0b315"",""Type"":0},{""ID"":""garcia2@consolidatedmsgr.com"",""Type"":5}],""ActorContextId"":""9fc57536-e8d3-4117-8537-fc27bc714352"",""ActorIpAddress"":""2a05:541:116:5e33:4aec:2433:45e1:ce28"",""InterSystemsId"":""3c867a73-84f7-4bce-8e05-3ef6ecd7fef4"",""IntraSystemId"":""6fe6088d-6af5-4058-8ec1-c7a97a600f13"",""SupportTicketId"":"""",""Target"":[{""ID"":""4765445b-32c6-49b0-83e6-1d93765276ca"",""Type"":0}],""TargetContextId"":""9fc57536-e8d3-4117-8537-fc27bc714352"",""ApplicationId"":""4765445b-32c6-49b0-83e6-1d93765276ca"",""DeviceProperties"":[{""Name"":""BrowserType"",""Value"":""Other""},{""Name"":""SessionId"",""Value"":""de165bab-9393-4ec7-8a82-69403c7a2f5a""}],""ErrorNumber"":""50140""}","76","214","6fe6088d-6af5-4058-8ec1-c7a97a600f13","True","Unchanged"
"AzureActiveDirectoryStsLogon","2025-12-17 17:33:42","Not Available","UserLoggedIn","{""CreationTime"":""2025-12-17T17:33:42"",""Id"":""a8d66d7d-f86f-4c37-83b5-c9890160f938"",""Operation"":""UserLoggedIn"",""OrganizationId"":""9fc57536-e8d3-4117-8537-fc27bc714352"",""RecordType"":15,""ResultStatus"":""Success"",""UserKey"":""a5f489b5-7396-458b-85f1-8a15b5c0b315"",""UserType"":4,""Version"":1,""Workload"":""AzureActiveDirectory"",""ClientIP"":""2a05:541:116:5e33:4aec:2433:45e1:ce28"",""ObjectId"":""4765445b-32c6-49b0-83e6-1d93765276ca"",""UserId"":""Not Available"",""AzureActiveDirectoryEventType"":1,""ExtendedProperties"":[{""Name"":""ResultStatusDetail"",""Value"":""Success""},{""Name"":""UserAgent"",""Value"":""axios\/1.13.2""},{""Name"":""RequestType"",""Value"":""SAS:EndAuth""}],""ModifiedProperties"":[],""Actor"":[{""ID"":""a5f489b5-7396-458b-85f1-8a15b5c0b315"",""Type"":0}],""ActorContextId"":""9fc57536-e8d3-4117-8537-fc27bc714352"",""ActorIpAddress"":""2a05:541:116:5e33:4aec:2433:45e1:ce28"",""InterSystemsId"":""3c867a73-84f7-4bce-8e05-3ef6ecd7fef4"",""IntraSystemId"":""a8d66d7d-f86f-4c37-83b5-c9890160f938"",""SupportTicketId"":"""",""Target"":[{""ID"":""4765445b-32c6-49b0-83e6-1d93765276ca"",""Type"":0}],""TargetContextId"":""9fc57536-e8d3-4117-8537-fc27bc714352"",""ApplicationId"":""4765445b-32c6-49b0-83e6-1d93765276ca"",""DeviceProperties"":[{""Name"":""BrowserType"",""Value"":""Other""}],""ErrorNumber"":""0""}","77","214","a8d66d7d-f86f-4c37-83b5-c9890160f938","True","Unchanged"
"AzureActiveDirectoryStsLogon","2025-12-17 17:33:43","garcia2@consolidatedmsgr.com","UserLoggedIn","{""CreationTime"":""2025-12-17T17:33:43"",""Id"":""6fe6088d-6af5-4058-8ec1-c7a97a600f13"",""Operation"":""UserLoggedIn"",""OrganizationId"":""9fc57536-e8d3-4117-8537-fc27bc714352"",""RecordType"":15,""ResultStatus"":""Success"",""UserKey"":""a5f489b5-7396-458b-85f1-8a15b5c0b315"",""UserType"":0,""Version"":1,""Workload"":""AzureActiveDirectory"",""ClientIP"":""2a05:541:116:5e33:4aec:2433:45e1:ce28"",""ObjectId"":""4765445b-32c6-49b0-83e6-1d93765276ca"",""UserId"":""garcia2@consolidatedmsgr.com"",""AzureActiveDirectoryEventType"":1,""ExtendedProperties"":[{""Name"":""ResultStatusDetail"",""Value"":""Success""},{""Name"":""KeepMeSignedIn"",""Value"":""true""},{""Name"":""UserAgent"",""Value"":""axios\/1.13.2""},{""Name"":""UserAuthenticationMethod"",""Value"":""16""},{""Name"":""RequestType"",""Value"":""SAS:ProcessAuth""}],""ModifiedProperties"":[],""Actor"":[{""ID"":""a5f489b5-7396-458b-85f1-8a15b5c0b315"",""Type"":0},{""ID"":""garcia2@consolidatedmsgr.com"",""Type"":5}],""ActorContextId"":""9fc57536-e8d3-4117-8537-fc27bc714352"",""ActorIpAddress"":""2a05:541:116:5e33:4aec:2433:45e1:ce28"",""InterSystemsId"":""3c867a73-84f7-4bce-8e05-3ef6ecd7fef4"",""IntraSystemId"":""6fe6088d-6af5-4058-8ec1-c7a97a600f13"",""SupportTicketId"":"""",""Target"":[{""ID"":""4765445b-32c6-49b0-83e6-1d93765276ca"",""Type"":0}],""TargetContextId"":""9fc57536-e8d3-4117-8537-fc27bc714352"",""ApplicationId"":""4765445b-32c6-49b0-83e6-1d93765276ca"",""DeviceProperties"":[{""Name"":""BrowserType"",""Value"":""Other""},{""Name"":""SessionId"",""Value"":""de165bab-9393-4ec7-8a82-69403c7a2f5a""}],""ErrorNumber"":""50140""}","78","214","6fe6088d-6af5-4058-8ec1-c7a97a600f13","True","Unchanged"
"AzureActiveDirectoryStsLogon","2025-12-17 17:32:28","garcia2@consolidatedmsgr.com","UserLoginFailed","{""CreationTime"":""2025-12-17T17:32:28"",""Id"":""a3b477e8-f609-45ce-8f08-f1db238c89b7"",""Operation"":""UserLoginFailed"",""OrganizationId"":""9fc57536-e8d3-4117-8537-fc27bc714352"",""RecordType"":15,""ResultStatus"":""Success"",""UserKey"":""a5f489b5-7396-458b-85f1-8a15b5c0b315"",""UserType"":0,""Version"":1,""Workload"":""AzureActiveDirectory"",""ClientIP"":""2a05:541:116:5e33:4aec:2433:45e1:ce28"",""ObjectId"":""4765445b-32c6-49b0-83e6-1d93765276ca"",""UserId"":""garcia2@consolidatedmsgr.com"",""AzureActiveDirectoryEventType"":1,""ExtendedProperties"":[{""Name"":""ResultStatusDetail"",""Value"":""Success""},{""Name"":""UserAgent"",""Value"":""axios\/1.13.2""},{""Name"":""UserAuthenticationMethod"",""Value"":""16""},{""Name"":""RequestType"",""Value"":""SAS:EndAuth""}],""ModifiedProperties"":[],""Actor"":[{""ID"":""a5f489b5-7396-458b-85f1-8a15b5c0b315"",""Type"":0},{""ID"":""garcia2@consolidatedmsgr.com"",""Type"":5}],""ActorContextId"":""9fc57536-e8d3-4117-8537-fc27bc714352"",""ActorIpAddress"":""2a05:541:116:5e33:4aec:2433:45e1:ce28"",""InterSystemsId"":""3c867a73-84f7-4bce-8e05-3ef6ecd7fef4"",""IntraSystemId"":""a3b477e8-f609-45ce-8f08-f1db238c89b7"",""SupportTicketId"":"""",""Target"":[{""ID"":""4765445b-32c6-49b0-83e6-1d93765276ca"",""Type"":0}],""TargetContextId"":""9fc57536-e8d3-4117-8537-fc27bc714352"",""ApplicationId"":""4765445b-32c6-49b0-83e6-1d93765276ca"",""DeviceProperties"":[{""Name"":""BrowserType"",""Value"":""Other""},{""Name"":""SessionId"",""Value"":""de165bab-9393-4ec7-8a82-69403c7a2f5a""}],""ErrorNumber"":""50074"",""LogonError"":""UserStrongAuthClientAuthNRequiredInterrupt""}","79","214","a3b477e8-f609-45ce-8f08-f1db238c89b7","True","Unchanged"
"AzureActiveDirectoryStsLogon","2025-12-17 17:33:33","Not Available","UserLoggedIn","{""CreationTime"":""2025-12-17T17:33:33"",""Id"":""fd2ec419-f700-433c-8788-e6e4a12217bb"",""Operation"":""UserLoggedIn"",""OrganizationId"":""9fc57536-e8d3-4117-8537-fc27bc714352"",""RecordType"":15,""ResultStatus"":""Success"",""UserKey"":""a5f489b5-7396-458b-85f1-8a15b5c0b315"",""UserType"":4,""Version"":1,""Workload"":""AzureActiveDirectory"",""ClientIP"":""2a05:541:116:5e33:4aec:2433:45e1:ce28"",""ObjectId"":""4765445b-32c6-49b0-83e6-1d93765276ca"",""UserId"":""Not Available"",""AzureActiveDirectoryEventType"":1,""ExtendedProperties"":[{""Name"":""ResultStatusDetail"",""Value"":""Success""},{""Name"":""UserAgent"",""Value"":""axios\/1.13.2""},{""Name"":""RequestType"",""Value"":""SAS:EndAuth""}],""ModifiedProperties"":[],""Actor"":[{""ID"":""a5f489b5-7396-458b-85f1-8a15b5c0b315"",""Type"":0}],""ActorContextId"":""9fc57536-e8d3-4117-8537-fc27bc714352"",""ActorIpAddress"":""2a05:541:116:5e33:4aec:2433:45e1:ce28"",""InterSystemsId"":""3c867a73-84f7-4bce-8e05-3ef6ecd7fef4"",""IntraSystemId"":""fd2ec419-f700-433c-8788-e6e4a12217bb"",""SupportTicketId"":"""",""Target"":[{""ID"":""4765445b-32c6-49b0-83e6-1d93765276ca"",""Type"":0}],""TargetContextId"":""9fc57536-e8d3-4117-8537-fc27bc714352"",""ApplicationId"":""4765445b-32c6-49b0-83e6-1d93765276ca"",""DeviceProperties"":[{""Name"":""BrowserType"",""Value"":""Other""}],""ErrorNumber"":""0""}","80","214","fd2ec419-f700-433c-8788-e6e4a12217bb","True","Unchanged"
"AzureActiveDirectoryStsLogon","2025-12-17 17:33:43","garcia2@consolidatedmsgr.com","UserLoggedIn","{""CreationTime"":""2025-12-17T17:33:43"",""Id"":""6fe6088d-6af5-4058-8ec1-c7a97a600f13"",""Operation"":""UserLoggedIn"",""OrganizationId"":""9fc57536-e8d3-4117-8537-fc27bc714352"",""RecordType"":15,""ResultStatus"":""Success"",""UserKey"":""a5f489b5-7396-458b-85f1-8a15b5c0b315"",""UserType"":0,""Version"":1,""Workload"":""AzureActiveDirectory"",""ClientIP"":""2a05:541:116:5e33:4aec:2433:45e1:ce28"",""ObjectId"":""4765445b-32c6-49b0-83e6-1d93765276ca"",""UserId"":""garcia2@consolidatedmsgr.com"",""AzureActiveDirectoryEventType"":1,""ExtendedProperties"":[{""Name"":""ResultStatusDetail"",""Value"":""Success""},{""Name"":""KeepMeSignedIn"",""Value"":""true""},{""Name"":""UserAgent"",""Value"":""axios\/1.13.2""},{""Name"":""RequestType"",""Value"":""SAS:ProcessAuth""}],""ModifiedProperties"":[],""Actor"":[{""ID"":""a5f489b5-7396-458b-85f1-8a15b5c0b315"",""Type"":0},{""ID"":""garcia2@consolidatedmsgr.com"",""Type"":5}],""ActorContextId"":""9fc57536-e8d3-4117-8537-fc27bc714352"",""ActorIpAddress"":""2a05:541:116:5e33:4aec:2433:45e1:ce28"",""InterSystemsId"":""3c867a73-84f7-4bce-8e05-3ef6ecd7fef4"",""IntraSystemId"":""6fe6088d-6af5-4058-8ec1-c7a97a600f13"",""SupportTicketId"":"""",""Target"":[{""ID"":""4765445b-32c6-49b0-83e6-1d93765276ca"",""Type"":0}],""TargetContextId"":""9fc57536-e8d3-4117-8537-fc27bc714352"",""ApplicationId"":""4765445b-32c6-49b0-83e6-1d93765276ca"",""DeviceProperties"":[{""Name"":""BrowserType"",""Value"":""Other""},{""Name"":""SessionId"",""Value"":""de165bab-9393-4ec7-8a82-69403c7a2f5a""}],""ErrorNumber"":""50140""}","81","214","6fe6088d-6af5-4058-8ec1-c7a97a600f13","True","Unchanged"
"AzureActiveDirectoryStsLogon","2025-12-17 17:32:58","Not Available","UserLoggedIn","{""CreationTime"":""2025-12-17T17:32:58"",""Id"":""f5afdbbc-3dfc-4ef6-85aa-620e39ef0763"",""Operation"":""UserLoggedIn"",""OrganizationId"":""9fc57536-e8d3-4117-8537-fc27bc714352"",""RecordType"":15,""ResultStatus"":""Success"",""UserKey"":""a5f489b5-7396-458b-85f1-8a15b5c0b315"",""UserType"":4,""Version"":1,""Workload"":""AzureActiveDirectory"",""ClientIP"":""2a05:541:116:5e33:4aec:2433:45e1:ce28"",""ObjectId"":""4765445b-32c6-49b0-83e6-1d93765276ca"",""UserId"":""Not Available"",""AzureActiveDirectoryEventType"":1,""ExtendedProperties"":[{""Name"":""ResultStatusDetail"",""Value"":""Success""},{""Name"":""UserAgent"",""Value"":""axios\/1.13.2""},{""Name"":""RequestType"",""Value"":""SAS:BeginAuth""}],""ModifiedProperties"":[],""Actor"":[{""ID"":""a5f489b5-7396-458b-85f1-8a15b5c0b315"",""Type"":0}],""ActorContextId"":""9fc57536-e8d3-4117-8537-fc27bc714352"",""ActorIpAddress"":""2a05:541:116:5e33:4aec:2433:45e1:ce28"",""InterSystemsId"":""3c867a73-84f7-4bce-8e05-3ef6ecd7fef4"",""IntraSystemId"":""f5afdbbc-3dfc-4ef6-85aa-620e39ef0763"",""SupportTicketId"":"""",""Target"":[{""ID"":""4765445b-32c6-49b0-83e6-1d93765276ca"",""Type"":0}],""TargetContextId"":""9fc57536-e8d3-4117-8537-fc27bc714352"",""ApplicationId"":""4765445b-32c6-49b0-83e6-1d93765276ca"",""DeviceProperties"":[{""Name"":""BrowserType"",""Value"":""Other""}],""ErrorNumber"":""0""}","82","214","f5afdbbc-3dfc-4ef6-85aa-620e39ef0763","True","Unchanged"
"AzureActiveDirectoryStsLogon","2025-12-17 17:32:59","Not Available","UserLoggedIn","{""CreationTime"":""2025-12-17T17:32:59"",""Id"":""64e20c38-d06b-479b-877d-3a66c422dbb6"",""Operation"":""UserLoggedIn"",""OrganizationId"":""9fc57536-e8d3-4117-8537-fc27bc714352"",""RecordType"":15,""ResultStatus"":""Success"",""UserKey"":""a5f489b5-7396-458b-85f1-8a15b5c0b315"",""UserType"":4,""Version"":1,""Workload"":""AzureActiveDirectory"",""ClientIP"":""2a05:541:116:5e33:4aec:2433:45e1:ce28"",""ObjectId"":""4765445b-32c6-49b0-83e6-1d93765276ca"",""UserId"":""Not Available"",""AzureActiveDirectoryEventType"":1,""ExtendedProperties"":[{""Name"":""ResultStatusDetail"",""Value"":""Success""},{""Name"":""UserAgent"",""Value"":""axios\/1.13.2""},{""Name"":""RequestType"",""Value"":""SAS:EndAuth""}],""ModifiedProperties"":[],""Actor"":[{""ID"":""a5f489b5-7396-458b-85f1-8a15b5c0b315"",""Type"":0}],""ActorContextId"":""9fc57536-e8d3-4117-8537-fc27bc714352"",""ActorIpAddress"":""2a05:541:116:5e33:4aec:2433:45e1:ce28"",""InterSystemsId"":""3c867a73-84f7-4bce-8e05-3ef6ecd7fef4"",""IntraSystemId"":""64e20c38-d06b-479b-877d-3a66c422dbb6"",""SupportTicketId"":"""",""Target"":[{""ID"":""4765445b-32c6-49b0-83e6-1d93765276ca"",""Type"":0}],""TargetContextId"":""9fc57536-e8d3-4117-8537-fc27bc714352"",""ApplicationId"":""4765445b-32c6-49b0-83e6-1d93765276ca"",""DeviceProperties"":[{""Name"":""BrowserType"",""Value"":""Other""}],""ErrorNumber"":""0""}","83","214","64e20c38-d06b-479b-877d-3a66c422dbb6","True","Unchanged"
"AzureActiveDirectoryStsLogon","2025-12-17 17:32:30","Not Available","UserLoggedIn","{""CreationTime"":""2025-12-17T17:32:30"",""Id"":""5cbfb802-033a-4459-871a-8243ccad1f35"",""Operation"":""UserLoggedIn"",""OrganizationId"":""9fc57536-e8d3-4117-8537-fc27bc714352"",""RecordType"":15,""ResultStatus"":""Success"",""UserKey"":""a5f489b5-7396-458b-85f1-8a15b5c0b315"",""UserType"":4,""Version"":1,""Workload"":""AzureActiveDirectory"",""ClientIP"":""2a05:541:116:5e33:4aec:2433:45e1:ce28"",""ObjectId"":""4765445b-32c6-49b0-83e6-1d93765276ca"",""UserId"":""Not Available"",""AzureActiveDirectoryEventType"":1,""ExtendedProperties"":[{""Name"":""ResultStatusDetail"",""Value"":""Success""},{""Name"":""UserAgent"",""Value"":""axios\/1.13.2""},{""Name"":""RequestType"",""Value"":""SAS:BeginAuth""}],""ModifiedProperties"":[],""Actor"":[{""ID"":""a5f489b5-7396-458b-85f1-8a15b5c0b315"",""Type"":0}],""ActorContextId"":""9fc57536-e8d3-4117-8537-fc27bc714352"",""ActorIpAddress"":""2a05:541:116:5e33:4aec:2433:45e1:ce28"",""InterSystemsId"":""3c867a73-84f7-4bce-8e05-3ef6ecd7fef4"",""IntraSystemId"":""5cbfb802-033a-4459-871a-8243ccad1f35"",""SupportTicketId"":"""",""Target"":[{""ID"":""4765445b-32c6-49b0-83e6-1d93765276ca"",""Type"":0}],""TargetContextId"":""9fc57536-e8d3-4117-8537-fc27bc714352"",""ApplicationId"":""4765445b-32c6-49b0-83e6-1d93765276ca"",""DeviceProperties"":[{""Name"":""BrowserType"",""Value"":""Other""}],""ErrorNumber"":""0""}","84","214","5cbfb802-033a-4459-871a-8243ccad1f35","True","Unchanged"
"AzureActiveDirectoryStsLogon","2025-12-17 17:33:25","Not Available","UserLoggedIn","{""CreationTime"":""2025-12-17T17:33:25"",""Id"":""a1b34583-82ba-44f7-8979-a5a3be4b3354"",""Operation"":""UserLoggedIn"",""OrganizationId"":""9fc57536-e8d3-4117-8537-fc27bc714352"",""RecordType"":15,""ResultStatus"":""Success"",""UserKey"":""a5f489b5-7396-458b-85f1-8a15b5c0b315"",""UserType"":4,""Version"":1,""Workload"":""AzureActiveDirectory"",""ClientIP"":""2a05:541:116:5e33:4aec:2433:45e1:ce28"",""ObjectId"":""4765445b-32c6-49b0-83e6-1d93765276ca"",""UserId"":""Not Available"",""AzureActiveDirectoryEventType"":1,""ExtendedProperties"":[{""Name"":""ResultStatusDetail"",""Value"":""Success""},{""Name"":""UserAgent"",""Value"":""axios\/1.13.2""},{""Name"":""RequestType"",""Value"":""SAS:EndAuth""}],""ModifiedProperties"":[],""Actor"":[{""ID"":""a5f489b5-7396-458b-85f1-8a15b5c0b315"",""Type"":0}],""ActorContextId"":""9fc57536-e8d3-4117-8537-fc27bc714352"",""ActorIpAddress"":""2a05:541:116:5e33:4aec:2433:45e1:ce28"",""InterSystemsId"":""3c867a73-84f7-4bce-8e05-3ef6ecd7fef4"",""IntraSystemId"":""a1b34583-82ba-44f7-8979-a5a3be4b3354"",""SupportTicketId"":"""",""Target"":[{""ID"":""4765445b-32c6-49b0-83e6-1d93765276ca"",""Type"":0}],""TargetContextId"":""9fc57536-e8d3-4117-8537-fc27bc714352"",""ApplicationId"":""4765445b-32c6-49b0-83e6-1d93765276ca"",""DeviceProperties"":[{""Name"":""BrowserType"",""Value"":""Other""}],""ErrorNumber"":""0""}","85","214","a1b34583-82ba-44f7-8979-a5a3be4b3354","True","Unchanged"
"AzureActiveDirectoryStsLogon","2025-12-17 17:32:28","garcia2@consolidatedmsgr.com","UserLoginFailed","{""CreationTime"":""2025-12-17T17:32:28"",""Id"":""a3b477e8-f609-45ce-8f08-f1db238c89b7"",""Operation"":""UserLoginFailed"",""OrganizationId"":""9fc57536-e8d3-4117-8537-fc27bc714352"",""RecordType"":15,""ResultStatus"":""Success"",""UserKey"":""a5f489b5-7396-458b-85f1-8a15b5c0b315"",""UserType"":0,""Version"":1,""Workload"":""AzureActiveDirectory"",""ClientIP"":""2a05:541:116:5e33:4aec:2433:45e1:ce28"",""ObjectId"":""4765445b-32c6-49b0-83e6-1d93765276ca"",""UserId"":""garcia2@consolidatedmsgr.com"",""AzureActiveDirectoryEventType"":1,""ExtendedProperties"":[{""Name"":""ResultStatusDetail"",""Value"":""Success""},{""Name"":""UserAgent"",""Value"":""axios\/1.13.2""},{""Name"":""UserAuthenticationMethod"",""Value"":""16""},{""Name"":""RequestType"",""Value"":""Login:login""}],""ModifiedProperties"":[],""Actor"":[{""ID"":""a5f489b5-7396-458b-85f1-8a15b5c0b315"",""Type"":0},{""ID"":""garcia2@consolidatedmsgr.com"",""Type"":5}],""ActorContextId"":""9fc57536-e8d3-4117-8537-fc27bc714352"",""ActorIpAddress"":""2a05:541:116:5e33:4aec:2433:45e1:ce28"",""InterSystemsId"":""3c867a73-84f7-4bce-8e05-3ef6ecd7fef4"",""IntraSystemId"":""a3b477e8-f609-45ce-8f08-f1db238c89b7"",""SupportTicketId"":"""",""Target"":[{""ID"":""4765445b-32c6-49b0-83e6-1d93765276ca"",""Type"":0}],""TargetContextId"":""9fc57536-e8d3-4117-8537-fc27bc714352"",""ApplicationId"":""4765445b-32c6-49b0-83e6-1d93765276ca"",""DeviceProperties"":[{""Name"":""BrowserType"",""Value"":""Other""},{""Name"":""SessionId"",""Value"":""de165bab-9393-4ec7-8a82-69403c7a2f5a""}],""ErrorNumber"":""50074"",""LogonError"":""UserStrongAuthClientAuthNRequiredInterrupt""}","86","214","a3b477e8-f609-45ce-8f08-f1db238c89b7","True","Unchanged"
"AzureActiveDirectoryStsLogon","2025-12-17 17:32:28","garcia2@consolidatedmsgr.com","UserLoginFailed","{""CreationTime"":""2025-12-17T17:32:28"",""Id"":""a3b477e8-f609-45ce-8f08-f1db238c89b7"",""Operation"":""UserLoginFailed"",""OrganizationId"":""9fc57536-e8d3-4117-8537-fc27bc714352"",""RecordType"":15,""ResultStatus"":""Success"",""UserKey"":""a5f489b5-7396-458b-85f1-8a15b5c0b315"",""UserType"":0,""Version"":1,""Workload"":""AzureActiveDirectory"",""ClientIP"":""2a05:541:116:5e33:4aec:2433:45e1:ce28"",""ObjectId"":""4765445b-32c6-49b0-83e6-1d93765276ca"",""UserId"":""garcia2@consolidatedmsgr.com"",""AzureActiveDirectoryEventType"":1,""ExtendedProperties"":[{""Name"":""ResultStatusDetail"",""Value"":""Success""},{""Name"":""UserAgent"",""Value"":""axios\/1.13.2""},{""Name"":""UserAuthenticationMethod"",""Value"":""16""},{""Name"":""RequestType"",""Value"":""Login:login""}],""ModifiedProperties"":[],""Actor"":[{""ID"":""a5f489b5-7396-458b-85f1-8a15b5c0b315"",""Type"":0},{""ID"":""garcia2@consolidatedmsgr.com"",""Type"":5}],""ActorContextId"":""9fc57536-e8d3-4117-8537-fc27bc714352"",""ActorIpAddress"":""2a05:541:116:5e33:4aec:2433:45e1:ce28"",""InterSystemsId"":""3c867a73-84f7-4bce-8e05-3ef6ecd7fef4"",""IntraSystemId"":""a3b477e8-f609-45ce-8f08-f1db238c89b7"",""SupportTicketId"":"""",""Target"":[{""ID"":""4765445b-32c6-49b0-83e6-1d93765276ca"",""Type"":0}],""TargetContextId"":""9fc57536-e8d3-4117-8537-fc27bc714352"",""ApplicationId"":""4765445b-32c6-49b0-83e6-1d93765276ca"",""DeviceProperties"":[{""Name"":""BrowserType"",""Value"":""Other""},{""Name"":""SessionId"",""Value"":""de165bab-9393-4ec7-8a82-69403c7a2f5a""}],""ErrorNumber"":""50074"",""LogonError"":""UserStrongAuthClientAuthNRequiredInterrupt""}","87","214","a3b477e8-f609-45ce-8f08-f1db238c89b7","True","Unchanged"
"AzureActiveDirectoryStsLogon","2025-12-17 16:51:20","ortiz3@consolidatedmsgr.com","UserLoginFailed","{""CreationTime"":""2025-12-17T16:51:20"",""Id"":""b5fd6870-f52a-422e-80e9-bc5a4e23690a"",""Operation"":""UserLoginFailed"",""OrganizationId"":""9fc57536-e8d3-4117-8537-fc27bc714352"",""RecordType"":15,""ResultStatus"":""Success"",""UserKey"":""a2fd7975-2e53-4238-8cb4-0dfccefce7b2"",""UserType"":0,""Version"":1,""Workload"":""AzureActiveDirectory"",""ClientIP"":""185.168.208.37"",""ObjectId"":""4765445b-32c6-49b0-83e6-1d93765276ca"",""UserId"":""ortiz3@consolidatedmsgr.com"",""AzureActiveDirectoryEventType"":1,""ExtendedProperties"":[{""Name"":""ResultStatusDetail"",""Value"":""Success""},{""Name"":""UserAgent"",""Value"":""axios\/1.13.2""},{""Name"":""UserAuthenticationMethod"",""Value"":""16""},{""Name"":""RequestType"",""Value"":""Login:login""}],""ModifiedProperties"":[],""Actor"":[{""ID"":""a2fd7975-2e53-4238-8cb4-0dfccefce7b2"",""Type"":0},{""ID"":""ortiz3@consolidatedmsgr.com"",""Type"":5}],""ActorContextId"":""9fc57536-e8d3-4117-8537-fc27bc714352"",""ActorIpAddress"":""185.168.208.37"",""InterSystemsId"":""8e296dbb-9686-4601-8ecd-4a449ded9a79"",""IntraSystemId"":""b5fd6870-f52a-422e-80e9-bc5a4e23690a"",""SupportTicketId"":"""",""Target"":[{""ID"":""4765445b-32c6-49b0-83e6-1d93765276ca"",""Type"":0}],""TargetContextId"":""9fc57536-e8d3-4117-8537-fc27bc714352"",""ApplicationId"":""4765445b-32c6-49b0-83e6-1d93765276ca"",""DeviceProperties"":[{""Name"":""BrowserType"",""Value"":""Other""}],""ErrorNumber"":""50126"",""LogonError"":""InvalidUserNameOrPassword""}","88","214","b5fd6870-f52a-422e-80e9-bc5a4e23690a","True","Unchanged"
"AzureActiveDirectoryStsLogon","2025-12-17 16:52:57","ortiz3@consolidatedmsgr.com","UserLoginFailed","{""CreationTime"":""2025-12-17T16:52:57"",""Id"":""4c436f29-f9ef-4f89-8fd2-1004c98e1bfb"",""Operation"":""UserLoginFailed"",""OrganizationId"":""9fc57536-e8d3-4117-8537-fc27bc714352"",""RecordType"":15,""ResultStatus"":""Success"",""UserKey"":""a2fd7975-2e53-4238-8cb4-0dfccefce7b2"",""UserType"":0,""Version"":1,""Workload"":""AzureActiveDirectory"",""ClientIP"":""2a05:541:116:5e33:4aec:2433:45e1:ce28"",""ObjectId"":""4765445b-32c6-49b0-83e6-1d93765276ca"",""UserId"":""ortiz3@consolidatedmsgr.com"",""AzureActiveDirectoryEventType"":1,""ExtendedProperties"":[{""Name"":""ResultStatusDetail"",""Value"":""Success""},{""Name"":""UserAgent"",""Value"":""axios\/1.13.2""},{""Name"":""UserAuthenticationMethod"",""Value"":""16""},{""Name"":""RequestType"",""Value"":""Login:login""}],""ModifiedProperties"":[],""Actor"":[{""ID"":""a2fd7975-2e53-4238-8cb4-0dfccefce7b2"",""Type"":0},{""ID"":""ortiz3@consolidatedmsgr.com"",""Type"":5}],""ActorContextId"":""9fc57536-e8d3-4117-8537-fc27bc714352"",""ActorIpAddress"":""2a05:541:116:5e33:4aec:2433:45e1:ce28"",""InterSystemsId"":""8e296dbb-9686-4601-8ecd-4a449ded9a79"",""IntraSystemId"":""4c436f29-f9ef-4f89-8fd2-1004c98e1bfb"",""SupportTicketId"":"""",""Target"":[{""ID"":""4765445b-32c6-49b0-83e6-1d93765276ca"",""Type"":0}],""TargetContextId"":""9fc57536-e8d3-4117-8537-fc27bc714352"",""ApplicationId"":""4765445b-32c6-49b0-83e6-1d93765276ca"",""DeviceProperties"":[{""Name"":""BrowserType"",""Value"":""Other""}],""ErrorNumber"":""50126"",""LogonError"":""InvalidUserNameOrPassword""}","89","214","4c436f29-f9ef-4f89-8fd2-1004c98e1bfb","True","Unchanged"
"AzureActiveDirectoryStsLogon","2025-12-17 16:51:50","ortiz3@consolidatedmsgr.com","UserLoginFailed","{""CreationTime"":""2025-12-17T16:51:50"",""Id"":""2ab5ee47-ec53-43cb-83e1-2a7756cf1217"",""Operation"":""UserLoginFailed"",""OrganizationId"":""9fc57536-e8d3-4117-8537-fc27bc714352"",""RecordType"":15,""ResultStatus"":""Success"",""UserKey"":""a2fd7975-2e53-4238-8cb4-0dfccefce7b2"",""UserType"":0,""Version"":1,""Workload"":""AzureActiveDirectory"",""ClientIP"":""2a05:541:116:5e33:4aec:2433:45e1:ce28"",""ObjectId"":""4765445b-32c6-49b0-83e6-1d93765276ca"",""UserId"":""ortiz3@consolidatedmsgr.com"",""AzureActiveDirectoryEventType"":1,""ExtendedProperties"":[{""Name"":""ResultStatusDetail"",""Value"":""Success""},{""Name"":""UserAgent"",""Value"":""axios\/1.13.2""},{""Name"":""UserAuthenticationMethod"",""Value"":""16""},{""Name"":""RequestType"",""Value"":""Login:login""}],""ModifiedProperties"":[],""Actor"":[{""ID"":""a2fd7975-2e53-4238-8cb4-0dfccefce7b2"",""Type"":0},{""ID"":""ortiz3@consolidatedmsgr.com"",""Type"":5}],""ActorContextId"":""9fc57536-e8d3-4117-8537-fc27bc714352"",""ActorIpAddress"":""2a05:541:116:5e33:4aec:2433:45e1:ce28"",""InterSystemsId"":""8e296dbb-9686-4601-8ecd-4a449ded9a79"",""IntraSystemId"":""2ab5ee47-ec53-43cb-83e1-2a7756cf1217"",""SupportTicketId"":"""",""Target"":[{""ID"":""4765445b-32c6-49b0-83e6-1d93765276ca"",""Type"":0}],""TargetContextId"":""9fc57536-e8d3-4117-8537-fc27bc714352"",""ApplicationId"":""4765445b-32c6-49b0-83e6-1d93765276ca"",""DeviceProperties"":[{""Name"":""BrowserType"",""Value"":""Other""}],""ErrorNumber"":""50126"",""LogonError"":""InvalidUserNameOrPassword""}","90","214","2ab5ee47-ec53-43cb-83e1-2a7756cf1217","True","Unchanged"
"AzureActiveDirectoryStsLogon","2025-12-17 16:40:38","gutierrez2@consolidatedmsgr.com","UserLoginFailed","{""CreationTime"":""2025-12-17T16:40:38"",""Id"":""1ba6c149-6157-4c9b-8f4b-6bf28a4789a4"",""Operation"":""UserLoginFailed"",""OrganizationId"":""9fc57536-e8d3-4117-8537-fc27bc714352"",""RecordType"":15,""ResultStatus"":""Success"",""UserKey"":""f9a62fe7-59eb-467a-848b-b0f4588e5386"",""UserType"":0,""Version"":1,""Workload"":""AzureActiveDirectory"",""ClientIP"":""2600:1f18:5c9a:a468:8241:17f9:1526:6a4d"",""ObjectId"":""00000002-0000-0ff1-ce00-000000000000"",""UserId"":""gutierrez2@consolidatedmsgr.com"",""AzureActiveDirectoryEventType"":1,""ExtendedProperties"":[{""Name"":""ResultStatusDetail"",""Value"":""Success""},{""Name"":""UserAgent"",""Value"":""Mozilla\/5.0 (Windows NT 10.0; Win64; x64) AppleWebKit\/537.36 (KHTML, like Gecko) Chrome\/142.0.0.206 Safari\/537.36""},{""Name"":""RequestType"",""Value"":""OAuth2:Authorize""}],""ModifiedProperties"":[],""Actor"":[{""ID"":""f9a62fe7-59eb-467a-848b-b0f4588e5386"",""Type"":0},{""ID"":""gutierrez2@consolidatedmsgr.com"",""Type"":5}],""ActorContextId"":""9fc57536-e8d3-4117-8537-fc27bc714352"",""ActorIpAddress"":""2600:1f18:5c9a:a468:8241:17f9:1526:6a4d"",""InterSystemsId"":""ce1d0ac7-f344-4e08-87a0-893a5f42dabc"",""IntraSystemId"":""1ba6c149-6157-4c9b-8f4b-6bf28a4789a4"",""SupportTicketId"":"""",""Target"":[{""ID"":""00000002-0000-0ff1-ce00-000000000000"",""Type"":0}],""TargetContextId"":""9fc57536-e8d3-4117-8537-fc27bc714352"",""ApplicationId"":""de7d7402-70c8-4e5e-8a00-fa48659038c2"",""DeviceProperties"":[{""Name"":""OS"",""Value"":""Windows10""},{""Name"":""BrowserType"",""Value"":""Chrome""},{""Name"":""SessionId"",""Value"":""6221db44-b1b2-4f77-8b47-77bff877410b""}],""ErrorNumber"":""50057"",""LogonError"":""UserDisabled""}","91","214","1ba6c149-6157-4c9b-8f4b-6bf28a4789a4","True","Unchanged"
"AzureActiveDirectoryStsLogon","2025-12-17 16:38:46","gutierrez2@consolidatedmsgr.com","UserLoginFailed","{""CreationTime"":""2025-12-17T16:38:46"",""Id"":""2c7f4df5-cc79-4499-8ec5-da29d56ea9af"",""Operation"":""UserLoginFailed"",""OrganizationId"":""9fc57536-e8d3-4117-8537-fc27bc714352"",""RecordType"":15,""ResultStatus"":""Success"",""UserKey"":""f9a62fe7-59eb-467a-848b-b0f4588e5386"",""UserType"":0,""Version"":1,""Workload"":""AzureActiveDirectory"",""ClientIP"":""2600:1f18:5c9a:a468:8241:17f9:1526:6a4d"",""ObjectId"":""00000002-0000-0ff1-ce00-000000000000"",""UserId"":""gutierrez2@consolidatedmsgr.com"",""AzureActiveDirectoryEventType"":1,""ExtendedProperties"":[{""Name"":""ResultStatusDetail"",""Value"":""Success""},{""Name"":""UserAgent"",""Value"":""Mozilla\/5.0 (Windows NT 10.0; Win64; x64) AppleWebKit\/537.36 (KHTML, like Gecko) Chrome\/142.0.0.206 Safari\/537.36""},{""Name"":""RequestType"",""Value"":""OAuth2:Authorize""}],""ModifiedProperties"":[],""Actor"":[{""ID"":""f9a62fe7-59eb-467a-848b-b0f4588e5386"",""Type"":0},{""ID"":""gutierrez2@consolidatedmsgr.com"",""Type"":5}],""ActorContextId"":""9fc57536-e8d3-4117-8537-fc27bc714352"",""ActorIpAddress"":""2600:1f18:5c9a:a468:8241:17f9:1526:6a4d"",""InterSystemsId"":""690d6c51-59fd-4569-833c-8a4e186e6cfa"",""IntraSystemId"":""2c7f4df5-cc79-4499-8ec5-da29d56ea9af"",""SupportTicketId"":"""",""Target"":[{""ID"":""00000002-0000-0ff1-ce00-000000000000"",""Type"":0}],""TargetContextId"":""9fc57536-e8d3-4117-8537-fc27bc714352"",""ApplicationId"":""de7d7402-70c8-4e5e-8a00-fa48659038c2"",""DeviceProperties"":[{""Name"":""OS"",""Value"":""Windows10""},{""Name"":""BrowserType"",""Value"":""Chrome""},{""Name"":""SessionId"",""Value"":""6221db44-b1b2-4f77-8b47-77bff877410b""}],""ErrorNumber"":""50057"",""LogonError"":""UserDisabled""}","92","214","2c7f4df5-cc79-4499-8ec5-da29d56ea9af","True","Unchanged"
"AzureActiveDirectoryStsLogon","2025-12-17 16:33:38","gutierrez2@consolidatedmsgr.com","UserLoginFailed","{""CreationTime"":""2025-12-17T16:33:38"",""Id"":""1d1f578d-cf74-412e-8313-bd63d5b00ab9"",""Operation"":""UserLoginFailed"",""OrganizationId"":""9fc57536-e8d3-4117-8537-fc27bc714352"",""RecordType"":15,""ResultStatus"":""Success"",""UserKey"":""f9a62fe7-59eb-467a-848b-b0f4588e5386"",""UserType"":0,""Version"":1,""Workload"":""AzureActiveDirectory"",""ClientIP"":""2600:1f18:5c9a:a468:8241:17f9:1526:6a4d"",""ObjectId"":""00000002-0000-0ff1-ce00-000000000000"",""UserId"":""gutierrez2@consolidatedmsgr.com"",""AzureActiveDirectoryEventType"":1,""ExtendedProperties"":[{""Name"":""ResultStatusDetail"",""Value"":""Success""},{""Name"":""UserAgent"",""Value"":""Mozilla\/5.0 (Windows NT 10.0; Win64; x64) AppleWebKit\/537.36 (KHTML, like Gecko) Chrome\/142.0.0.206 Safari\/537.36""},{""Name"":""RequestType"",""Value"":""OAuth2:Authorize""}],""ModifiedProperties"":[],""Actor"":[{""ID"":""f9a62fe7-59eb-467a-848b-b0f4588e5386"",""Type"":0},{""ID"":""gutierrez2@consolidatedmsgr.com"",""Type"":5}],""ActorContextId"":""9fc57536-e8d3-4117-8537-fc27bc714352"",""ActorIpAddress"":""2600:1f18:5c9a:a468:8241:17f9:1526:6a4d"",""InterSystemsId"":""ade21a4d-1fff-4993-8100-69ca7ccdcf2e"",""IntraSystemId"":""1d1f578d-cf74-412e-8313-bd63d5b00ab9"",""SupportTicketId"":"""",""Target"":[{""ID"":""00000002-0000-0ff1-ce00-000000000000"",""Type"":0}],""TargetContextId"":""9fc57536-e8d3-4117-8537-fc27bc714352"",""ApplicationId"":""de7d7402-70c8-4e5e-8a00-fa48659038c2"",""DeviceProperties"":[{""Name"":""OS"",""Value"":""Windows10""},{""Name"":""BrowserType"",""Value"":""Chrome""},{""Name"":""SessionId"",""Value"":""6221db44-b1b2-4f77-8b47-77bff877410b""}],""ErrorNumber"":""50057"",""LogonError"":""UserDisabled""}","93","214","1d1f578d-cf74-412e-8313-bd63d5b00ab9","True","Unchanged"
"AzureActiveDirectoryStsLogon","2025-12-17 16:34:55","gutierrez2@consolidatedmsgr.com","UserLoginFailed","{""CreationTime"":""2025-12-17T16:34:55"",""Id"":""afe0158e-cd8c-459d-874c-6c04c56f4482"",""Operation"":""UserLoginFailed"",""OrganizationId"":""9fc57536-e8d3-4117-8537-fc27bc714352"",""RecordType"":15,""ResultStatus"":""Success"",""UserKey"":""f9a62fe7-59eb-467a-848b-b0f4588e5386"",""UserType"":0,""Version"":1,""Workload"":""AzureActiveDirectory"",""ClientIP"":""2600:1f18:5c9a:a468:8241:17f9:1526:6a4d"",""ObjectId"":""00000002-0000-0ff1-ce00-000000000000"",""UserId"":""gutierrez2@consolidatedmsgr.com"",""AzureActiveDirectoryEventType"":1,""ExtendedProperties"":[{""Name"":""ResultStatusDetail"",""Value"":""Success""},{""Name"":""UserAgent"",""Value"":""Mozilla\/5.0 (Windows NT 10.0; Win64; x64) AppleWebKit\/537.36 (KHTML, like Gecko) Chrome\/142.0.0.206 Safari\/537.36""},{""Name"":""RequestType"",""Value"":""OAuth2:Authorize""}],""ModifiedProperties"":[],""Actor"":[{""ID"":""f9a62fe7-59eb-467a-848b-b0f4588e5386"",""Type"":0},{""ID"":""gutierrez2@consolidatedmsgr.com"",""Type"":5}],""ActorContextId"":""9fc57536-e8d3-4117-8537-fc27bc714352"",""ActorIpAddress"":""2600:1f18:5c9a:a468:8241:17f9:1526:6a4d"",""InterSystemsId"":""94738eda-a38e-4b5e-8fca-e39154a470dc"",""IntraSystemId"":""afe0158e-cd8c-459d-874c-6c04c56f4482"",""SupportTicketId"":"""",""Target"":[{""ID"":""00000002-0000-0ff1-ce00-000000000000"",""Type"":0}],""TargetContextId"":""9fc57536-e8d3-4117-8537-fc27bc714352"",""ApplicationId"":""de7d7402-70c8-4e5e-8a00-fa48659038c2"",""DeviceProperties"":[{""Name"":""OS"",""Value"":""Windows10""},{""Name"":""BrowserType"",""Value"":""Chrome""},{""Name"":""SessionId"",""Value"":""6221db44-b1b2-4f77-8b47-77bff877410b""}],""ErrorNumber"":""50057"",""LogonError"":""UserDisabled""}","94","214","afe0158e-cd8c-459d-874c-6c04c56f4482","True","Unchanged"
"AzureActiveDirectoryStsLogon","2025-12-17 16:33:27","gutierrez2@consolidatedmsgr.com","UserLoginFailed","{""CreationTime"":""2025-12-17T16:33:27"",""Id"":""771c9700-169c-4db2-8711-2427fed1ea39"",""Operation"":""UserLoginFailed"",""OrganizationId"":""9fc57536-e8d3-4117-8537-fc27bc714352"",""RecordType"":15,""ResultStatus"":""Success"",""UserKey"":""f9a62fe7-59eb-467a-848b-b0f4588e5386"",""UserType"":0,""Version"":1,""Workload"":""AzureActiveDirectory"",""ClientIP"":""2600:1f18:5c9a:a468:8241:17f9:1526:6a4d"",""ObjectId"":""00000002-0000-0ff1-ce00-000000000000"",""UserId"":""gutierrez2@consolidatedmsgr.com"",""AzureActiveDirectoryEventType"":1,""ExtendedProperties"":[{""Name"":""ResultStatusDetail"",""Value"":""Success""},{""Name"":""UserAgent"",""Value"":""Mozilla\/5.0 (Windows NT 10.0; Win64; x64) AppleWebKit\/537.36 (KHTML, like Gecko) Chrome\/142.0.0.206 Safari\/537.36""},{""Name"":""RequestType"",""Value"":""OAuth2:Authorize""}],""ModifiedProperties"":[],""Actor"":[{""ID"":""f9a62fe7-59eb-467a-848b-b0f4588e5386"",""Type"":0},{""ID"":""gutierrez2@consolidatedmsgr.com"",""Type"":5}],""ActorContextId"":""9fc57536-e8d3-4117-8537-fc27bc714352"",""ActorIpAddress"":""2600:1f18:5c9a:a468:8241:17f9:1526:6a4d"",""InterSystemsId"":""93f7a284-ba48-4b03-8ccd-9d51acd9cbb6"",""IntraSystemId"":""771c9700-169c-4db2-8711-2427fed1ea39"",""SupportTicketId"":"""",""Target"":[{""ID"":""00000002-0000-0ff1-ce00-000000000000"",""Type"":0}],""TargetContextId"":""9fc57536-e8d3-4117-8537-fc27bc714352"",""ApplicationId"":""de7d7402-70c8-4e5e-8a00-fa48659038c2"",""DeviceProperties"":[{""Name"":""OS"",""Value"":""Windows10""},{""Name"":""BrowserType"",""Value"":""Chrome""},{""Name"":""SessionId"",""Value"":""6221db44-b1b2-4f77-8b47-77bff877410b""}],""ErrorNumber"":""50057"",""LogonError"":""UserDisabled""}","95","214","771c9700-169c-4db2-8711-2427fed1ea39","True","Unchanged"
"AzureActiveDirectoryStsLogon","2025-12-17 16:33:27","gutierrez2@consolidatedmsgr.com","UserLoginFailed","{""CreationTime"":""2025-12-17T16:33:27"",""Id"":""85814d66-a92d-4e10-8df9-507f84b7a795"",""Operation"":""UserLoginFailed"",""OrganizationId"":""9fc57536-e8d3-4117-8537-fc27bc714352"",""RecordType"":15,""ResultStatus"":""Success"",""UserKey"":""f9a62fe7-59eb-467a-848b-b0f4588e5386"",""UserType"":0,""Version"":1,""Workload"":""AzureActiveDirectory"",""ClientIP"":""2600:1f18:5c9a:a468:8241:17f9:1526:6a4d"",""ObjectId"":""00000002-0000-0ff1-ce00-000000000000"",""UserId"":""gutierrez2@consolidatedmsgr.com"",""AzureActiveDirectoryEventType"":1,""ExtendedProperties"":[{""Name"":""ResultStatusDetail"",""Value"":""Success""},{""Name"":""UserAgent"",""Value"":""Mozilla\/5.0 (Windows NT 10.0; Win64; x64) AppleWebKit\/537.36 (KHTML, like Gecko) Chrome\/142.0.0.206 Safari\/537.36""},{""Name"":""RequestType"",""Value"":""OAuth2:Authorize""}],""ModifiedProperties"":[],""Actor"":[{""ID"":""f9a62fe7-59eb-467a-848b-b0f4588e5386"",""Type"":0},{""ID"":""gutierrez2@consolidatedmsgr.com"",""Type"":5}],""ActorContextId"":""9fc57536-e8d3-4117-8537-fc27bc714352"",""ActorIpAddress"":""2600:1f18:5c9a:a468:8241:17f9:1526:6a4d"",""InterSystemsId"":""0c256cb1-cae3-4ecc-828c-ee30b29670f1"",""IntraSystemId"":""85814d66-a92d-4e10-8df9-507f84b7a795"",""SupportTicketId"":"""",""Target"":[{""ID"":""00000002-0000-0ff1-ce00-000000000000"",""Type"":0}],""TargetContextId"":""9fc57536-e8d3-4117-8537-fc27bc714352"",""ApplicationId"":""de7d7402-70c8-4e5e-8a00-fa48659038c2"",""DeviceProperties"":[{""Name"":""OS"",""Value"":""Windows10""},{""Name"":""BrowserType"",""Value"":""Chrome""},{""Name"":""SessionId"",""Value"":""6221db44-b1b2-4f77-8b47-77bff877410b""}],""ErrorNumber"":""50057"",""LogonError"":""UserDisabled""}","96","214","85814d66-a92d-4e10-8df9-507f84b7a795","True","Unchanged"
"AzureActiveDirectoryStsLogon","2025-12-17 16:33:27","gutierrez2@consolidatedmsgr.com","UserLoginFailed","{""CreationTime"":""2025-12-17T16:33:27"",""Id"":""0066ac97-066f-4d41-899b-22551890c884"",""Operation"":""UserLoginFailed"",""OrganizationId"":""9fc57536-e8d3-4117-8537-fc27bc714352"",""RecordType"":15,""ResultStatus"":""Success"",""UserKey"":""f9a62fe7-59eb-467a-848b-b0f4588e5386"",""UserType"":0,""Version"":1,""Workload"":""AzureActiveDirectory"",""ClientIP"":""2600:1f18:5c9a:a468:8241:17f9:1526:6a4d"",""ObjectId"":""00000002-0000-0ff1-ce00-000000000000"",""UserId"":""gutierrez2@consolidatedmsgr.com"",""AzureActiveDirectoryEventType"":1,""ExtendedProperties"":[{""Name"":""ResultStatusDetail"",""Value"":""Success""},{""Name"":""UserAgent"",""Value"":""Mozilla\/5.0 (Windows NT 10.0; Win64; x64) AppleWebKit\/537.36 (KHTML, like Gecko) Chrome\/142.0.0.206 Safari\/537.36""},{""Name"":""RequestType"",""Value"":""OAuth2:Authorize""}],""ModifiedProperties"":[],""Actor"":[{""ID"":""f9a62fe7-59eb-467a-848b-b0f4588e5386"",""Type"":0},{""ID"":""gutierrez2@consolidatedmsgr.com"",""Type"":5}],""ActorContextId"":""9fc57536-e8d3-4117-8537-fc27bc714352"",""ActorIpAddress"":""2600:1f18:5c9a:a468:8241:17f9:1526:6a4d"",""InterSystemsId"":""4183de98-da5b-494e-80f0-3f12c6067028"",""IntraSystemId"":""0066ac97-066f-4d41-899b-22551890c884"",""SupportTicketId"":"""",""Target"":[{""ID"":""00000002-0000-0ff1-ce00-000000000000"",""Type"":0}],""TargetContextId"":""9fc57536-e8d3-4117-8537-fc27bc714352"",""ApplicationId"":""de7d7402-70c8-4e5e-8a00-fa48659038c2"",""DeviceProperties"":[{""Name"":""OS"",""Value"":""Windows10""},{""Name"":""BrowserType"",""Value"":""Chrome""},{""Name"":""SessionId"",""Value"":""6221db44-b1b2-4f77-8b47-77bff877410b""}],""ErrorNumber"":""50057"",""LogonError"":""UserDisabled""}","97","214","0066ac97-066f-4d41-899b-22551890c884","True","Unchanged"
"AzureActiveDirectoryStsLogon","2025-12-17 16:33:25","gutierrez2@consolidatedmsgr.com","UserLoginFailed","{""CreationTime"":""2025-12-17T16:33:25"",""Id"":""8251dcf0-d88c-43a9-83a3-03ea7a385dbd"",""Operation"":""UserLoginFailed"",""OrganizationId"":""9fc57536-e8d3-4117-8537-fc27bc714352"",""RecordType"":15,""ResultStatus"":""Success"",""UserKey"":""f9a62fe7-59eb-467a-848b-b0f4588e5386"",""UserType"":0,""Version"":1,""Workload"":""AzureActiveDirectory"",""ClientIP"":""2600:1f18:5c9a:a468:8241:17f9:1526:6a4d"",""ObjectId"":""00000002-0000-0ff1-ce00-000000000000"",""UserId"":""gutierrez2@consolidatedmsgr.com"",""AzureActiveDirectoryEventType"":1,""ExtendedProperties"":[{""Name"":""ResultStatusDetail"",""Value"":""Success""},{""Name"":""UserAgent"",""Value"":""Mozilla\/5.0 (Windows NT 10.0; Win64; x64) AppleWebKit\/537.36 (KHTML, like Gecko) Chrome\/142.0.0.206 Safari\/537.36""},{""Name"":""RequestType"",""Value"":""OAuth2:Authorize""}],""ModifiedProperties"":[],""Actor"":[{""ID"":""f9a62fe7-59eb-467a-848b-b0f4588e5386"",""Type"":0},{""ID"":""gutierrez2@consolidatedmsgr.com"",""Type"":5}],""ActorContextId"":""9fc57536-e8d3-4117-8537-fc27bc714352"",""ActorIpAddress"":""2600:1f18:5c9a:a468:8241:17f9:1526:6a4d"",""InterSystemsId"":""d1867aac-d5c0-4259-8bd2-0c64cd13991c"",""IntraSystemId"":""8251dcf0-d88c-43a9-83a3-03ea7a385dbd"",""SupportTicketId"":"""",""Target"":[{""ID"":""00000002-0000-0ff1-ce00-000000000000"",""Type"":0}],""TargetContextId"":""9fc57536-e8d3-4117-8537-fc27bc714352"",""ApplicationId"":""de7d7402-70c8-4e5e-8a00-fa48659038c2"",""DeviceProperties"":[{""Name"":""OS"",""Value"":""Windows10""},{""Name"":""BrowserType"",""Value"":""Chrome""},{""Name"":""SessionId"",""Value"":""6221db44-b1b2-4f77-8b47-77bff877410b""}],""ErrorNumber"":""50057"",""LogonError"":""UserDisabled""}","98","214","8251dcf0-d88c-43a9-83a3-03ea7a385dbd","True","Unchanged"
"AzureActiveDirectoryStsLogon","2025-12-17 16:33:26","gutierrez2@consolidatedmsgr.com","UserLoginFailed","{""CreationTime"":""2025-12-17T16:33:26"",""Id"":""2459afb3-190a-496b-8f81-2f60396595eb"",""Operation"":""UserLoginFailed"",""OrganizationId"":""9fc57536-e8d3-4117-8537-fc27bc714352"",""RecordType"":15,""ResultStatus"":""Success"",""UserKey"":""f9a62fe7-59eb-467a-848b-b0f4588e5386"",""UserType"":0,""Version"":1,""Workload"":""AzureActiveDirectory"",""ClientIP"":""2600:1f18:5c9a:a468:8241:17f9:1526:6a4d"",""ObjectId"":""00000002-0000-0ff1-ce00-000000000000"",""UserId"":""gutierrez2@consolidatedmsgr.com"",""AzureActiveDirectoryEventType"":1,""ExtendedProperties"":[{""Name"":""ResultStatusDetail"",""Value"":""Success""},{""Name"":""UserAgent"",""Value"":""Mozilla\/5.0 (Windows NT 10.0; Win64; x64) AppleWebKit\/537.36 (KHTML, like Gecko) Chrome\/142.0.0.206 Safari\/537.36""},{""Name"":""RequestType"",""Value"":""OAuth2:Authorize""}],""ModifiedProperties"":[],""Actor"":[{""ID"":""f9a62fe7-59eb-467a-848b-b0f4588e5386"",""Type"":0},{""ID"":""gutierrez2@consolidatedmsgr.com"",""Type"":5}],""ActorContextId"":""9fc57536-e8d3-4117-8537-fc27bc714352"",""ActorIpAddress"":""2600:1f18:5c9a:a468:8241:17f9:1526:6a4d"",""InterSystemsId"":""c6027c30-1564-4472-8eea-28ea56e75549"",""IntraSystemId"":""2459afb3-190a-496b-8f81-2f60396595eb"",""SupportTicketId"":"""",""Target"":[{""ID"":""00000002-0000-0ff1-ce00-000000000000"",""Type"":0}],""TargetContextId"":""9fc57536-e8d3-4117-8537-fc27bc714352"",""ApplicationId"":""de7d7402-70c8-4e5e-8a00-fa48659038c2"",""DeviceProperties"":[{""Name"":""OS"",""Value"":""Windows10""},{""Name"":""BrowserType"",""Value"":""Chrome""},{""Name"":""SessionId"",""Value"":""6221db44-b1b2-4f77-8b47-77bff877410b""}],""ErrorNumber"":""50057"",""LogonError"":""UserDisabled""}","99","214","2459afb3-190a-496b-8f81-2f60396595eb","True","Unchanged"
"AzureActiveDirectoryStsLogon","2025-12-17 16:33:25","gutierrez2@consolidatedmsgr.com","UserLoginFailed","{""CreationTime"":""2025-12-17T16:33:25"",""Id"":""ae2db23d-16de-4321-858a-d4dc28184125"",""Operation"":""UserLoginFailed"",""OrganizationId"":""9fc57536-e8d3-4117-8537-fc27bc714352"",""RecordType"":15,""ResultStatus"":""Success"",""UserKey"":""f9a62fe7-59eb-467a-848b-b0f4588e5386"",""UserType"":0,""Version"":1,""Workload"":""AzureActiveDirectory"",""ClientIP"":""2600:1f18:5c9a:a468:8241:17f9:1526:6a4d"",""ObjectId"":""00000002-0000-0ff1-ce00-000000000000"",""UserId"":""gutierrez2@consolidatedmsgr.com"",""AzureActiveDirectoryEventType"":1,""ExtendedProperties"":[{""Name"":""ResultStatusDetail"",""Value"":""Success""},{""Name"":""UserAgent"",""Value"":""Mozilla\/5.0 (Windows NT 10.0; Win64; x64) AppleWebKit\/537.36 (KHTML, like Gecko) Chrome\/142.0.0.206 Safari\/537.36""},{""Name"":""RequestType"",""Value"":""OAuth2:Authorize""}],""ModifiedProperties"":[],""Actor"":[{""ID"":""f9a62fe7-59eb-467a-848b-b0f4588e5386"",""Type"":0},{""ID"":""gutierrez2@consolidatedmsgr.com"",""Type"":5}],""ActorContextId"":""9fc57536-e8d3-4117-8537-fc27bc714352"",""ActorIpAddress"":""2600:1f18:5c9a:a468:8241:17f9:1526:6a4d"",""InterSystemsId"":""496e37e5-10b0-42be-8463-b8a0e23617d9"",""IntraSystemId"":""ae2db23d-16de-4321-858a-d4dc28184125"",""SupportTicketId"":"""",""Target"":[{""ID"":""00000002-0000-0ff1-ce00-000000000000"",""Type"":0}],""TargetContextId"":""9fc57536-e8d3-4117-8537-fc27bc714352"",""ApplicationId"":""de7d7402-70c8-4e5e-8a00-fa48659038c2"",""DeviceProperties"":[{""Name"":""OS"",""Value"":""Windows10""},{""Name"":""BrowserType"",""Value"":""Chrome""},{""Name"":""SessionId"",""Value"":""6221db44-b1b2-4f77-8b47-77bff877410b""}],""ErrorNumber"":""50057"",""LogonError"":""UserDisabled""}","100","214","ae2db23d-16de-4321-858a-d4dc28184125","True","Unchanged"
"AzureActiveDirectoryStsLogon","2025-12-17 16:33:22","gutierrez2@consolidatedmsgr.com","UserLoginFailed","{""CreationTime"":""2025-12-17T16:33:22"",""Id"":""b5d0274d-1439-47e2-8783-1ae194da24b5"",""Operation"":""UserLoginFailed"",""OrganizationId"":""9fc57536-e8d3-4117-8537-fc27bc714352"",""RecordType"":15,""ResultStatus"":""Success"",""UserKey"":""f9a62fe7-59eb-467a-848b-b0f4588e5386"",""UserType"":0,""Version"":1,""Workload"":""AzureActiveDirectory"",""ClientIP"":""2600:1f18:5c9a:a468:8241:17f9:1526:6a4d"",""ObjectId"":""00000002-0000-0ff1-ce00-000000000000"",""UserId"":""gutierrez2@consolidatedmsgr.com"",""AzureActiveDirectoryEventType"":1,""ExtendedProperties"":[{""Name"":""ResultStatusDetail"",""Value"":""Success""},{""Name"":""UserAgent"",""Value"":""Mozilla\/5.0 (Windows NT 10.0; Win64; x64) AppleWebKit\/537.36 (KHTML, like Gecko) Chrome\/142.0.0.206 Safari\/537.36""},{""Name"":""RequestType"",""Value"":""OAuth2:Authorize""}],""ModifiedProperties"":[],""Actor"":[{""ID"":""f9a62fe7-59eb-467a-848b-b0f4588e5386"",""Type"":0},{""ID"":""gutierrez2@consolidatedmsgr.com"",""Type"":5}],""ActorContextId"":""9fc57536-e8d3-4117-8537-fc27bc714352"",""ActorIpAddress"":""2600:1f18:5c9a:a468:8241:17f9:1526:6a4d"",""InterSystemsId"":""2f7a7ef2-9ecc-4651-83a5-09dbc898571d"",""IntraSystemId"":""b5d0274d-1439-47e2-8783-1ae194da24b5"",""SupportTicketId"":"""",""Target"":[{""ID"":""00000002-0000-0ff1-ce00-000000000000"",""Type"":0}],""TargetContextId"":""9fc57536-e8d3-4117-8537-fc27bc714352"",""ApplicationId"":""de7d7402-70c8-4e5e-8a00-fa48659038c2"",""DeviceProperties"":[{""Name"":""OS"",""Value"":""Windows10""},{""Name"":""BrowserType"",""Value"":""Chrome""},{""Name"":""SessionId"",""Value"":""6221db44-b1b2-4f77-8b47-77bff877410b""}],""ErrorNumber"":""50057"",""LogonError"":""UserDisabled""}","101","214","b5d0274d-1439-47e2-8783-1ae194da24b5","True","Unchanged"
"AzureActiveDirectoryStsLogon","2025-12-17 16:33:27","gutierrez2@consolidatedmsgr.com","UserLoginFailed","{""CreationTime"":""2025-12-17T16:33:27"",""Id"":""97546208-d6a1-4c61-8290-0bbc74ec2314"",""Operation"":""UserLoginFailed"",""OrganizationId"":""9fc57536-e8d3-4117-8537-fc27bc714352"",""RecordType"":15,""ResultStatus"":""Success"",""UserKey"":""f9a62fe7-59eb-467a-848b-b0f4588e5386"",""UserType"":0,""Version"":1,""Workload"":""AzureActiveDirectory"",""ClientIP"":""2600:1f18:5c9a:a468:8241:17f9:1526:6a4d"",""ObjectId"":""00000002-0000-0ff1-ce00-000000000000"",""UserId"":""gutierrez2@consolidatedmsgr.com"",""AzureActiveDirectoryEventType"":1,""ExtendedProperties"":[{""Name"":""ResultStatusDetail"",""Value"":""Success""},{""Name"":""UserAgent"",""Value"":""Mozilla\/5.0 (Windows NT 10.0; Win64; x64) AppleWebKit\/537.36 (KHTML, like Gecko) Chrome\/142.0.0.206 Safari\/537.36""},{""Name"":""RequestType"",""Value"":""OAuth2:Authorize""}],""ModifiedProperties"":[],""Actor"":[{""ID"":""f9a62fe7-59eb-467a-848b-b0f4588e5386"",""Type"":0},{""ID"":""gutierrez2@consolidatedmsgr.com"",""Type"":5}],""ActorContextId"":""9fc57536-e8d3-4117-8537-fc27bc714352"",""ActorIpAddress"":""2600:1f18:5c9a:a468:8241:17f9:1526:6a4d"",""InterSystemsId"":""dc2e8b1a-c7e0-4bad-8f0e-a97d6fd876c7"",""IntraSystemId"":""97546208-d6a1-4c61-8290-0bbc74ec2314"",""SupportTicketId"":"""",""Target"":[{""ID"":""00000002-0000-0ff1-ce00-000000000000"",""Type"":0}],""TargetContextId"":""9fc57536-e8d3-4117-8537-fc27bc714352"",""ApplicationId"":""de7d7402-70c8-4e5e-8a00-fa48659038c2"",""DeviceProperties"":[{""Name"":""OS"",""Value"":""Windows10""},{""Name"":""BrowserType"",""Value"":""Chrome""},{""Name"":""SessionId"",""Value"":""6221db44-b1b2-4f77-8b47-77bff877410b""}],""ErrorNumber"":""50057"",""LogonError"":""UserDisabled""}","102","214","97546208-d6a1-4c61-8290-0bbc74ec2314","True","Unchanged"
"AzureActiveDirectoryStsLogon","2025-12-17 16:33:26","gutierrez2@consolidatedmsgr.com","UserLoginFailed","{""CreationTime"":""2025-12-17T16:33:26"",""Id"":""0666db5a-400b-4f03-8d3f-a853651a1901"",""Operation"":""UserLoginFailed"",""OrganizationId"":""9fc57536-e8d3-4117-8537-fc27bc714352"",""RecordType"":15,""ResultStatus"":""Success"",""UserKey"":""f9a62fe7-59eb-467a-848b-b0f4588e5386"",""UserType"":0,""Version"":1,""Workload"":""AzureActiveDirectory"",""ClientIP"":""2600:1f18:5c9a:a468:8241:17f9:1526:6a4d"",""ObjectId"":""00000002-0000-0ff1-ce00-000000000000"",""UserId"":""gutierrez2@consolidatedmsgr.com"",""AzureActiveDirectoryEventType"":1,""ExtendedProperties"":[{""Name"":""ResultStatusDetail"",""Value"":""Success""},{""Name"":""UserAgent"",""Value"":""Mozilla\/5.0 (Windows NT 10.0; Win64; x64) AppleWebKit\/537.36 (KHTML, like Gecko) Chrome\/142.0.0.206 Safari\/537.36""},{""Name"":""RequestType"",""Value"":""OAuth2:Authorize""}],""ModifiedProperties"":[],""Actor"":[{""ID"":""f9a62fe7-59eb-467a-848b-b0f4588e5386"",""Type"":0},{""ID"":""gutierrez2@consolidatedmsgr.com"",""Type"":5}],""ActorContextId"":""9fc57536-e8d3-4117-8537-fc27bc714352"",""ActorIpAddress"":""2600:1f18:5c9a:a468:8241:17f9:1526:6a4d"",""InterSystemsId"":""8534e163-b0f3-4c1c-8a64-21c29e58844b"",""IntraSystemId"":""0666db5a-400b-4f03-8d3f-a853651a1901"",""SupportTicketId"":"""",""Target"":[{""ID"":""00000002-0000-0ff1-ce00-000000000000"",""Type"":0}],""TargetContextId"":""9fc57536-e8d3-4117-8537-fc27bc714352"",""ApplicationId"":""de7d7402-70c8-4e5e-8a00-fa48659038c2"",""DeviceProperties"":[{""Name"":""OS"",""Value"":""Windows10""},{""Name"":""BrowserType"",""Value"":""Chrome""},{""Name"":""SessionId"",""Value"":""6221db44-b1b2-4f77-8b47-77bff877410b""}],""ErrorNumber"":""50057"",""LogonError"":""UserDisabled""}","103","214","0666db5a-400b-4f03-8d3f-a853651a1901","True","Unchanged"
"AzureActiveDirectoryStsLogon","2025-12-17 16:32:42","gutierrez2@consolidatedmsgr.com","UserLoginFailed","{""CreationTime"":""2025-12-17T16:32:42"",""Id"":""97384426-ac7f-45e3-8b71-50f6dbd7212f"",""Operation"":""UserLoginFailed"",""OrganizationId"":""9fc57536-e8d3-4117-8537-fc27bc714352"",""RecordType"":15,""ResultStatus"":""Success"",""UserKey"":""f9a62fe7-59eb-467a-848b-b0f4588e5386"",""UserType"":0,""Version"":1,""Workload"":""AzureActiveDirectory"",""ClientIP"":""2600:1f18:5c9a:a468:8241:17f9:1526:6a4d"",""ObjectId"":""00000002-0000-0ff1-ce00-000000000000"",""UserId"":""gutierrez2@consolidatedmsgr.com"",""AzureActiveDirectoryEventType"":1,""ExtendedProperties"":[{""Name"":""ResultStatusDetail"",""Value"":""Success""},{""Name"":""UserAgent"",""Value"":""Mozilla\/5.0 (Windows NT 10.0; Win64; x64) AppleWebKit\/537.36 (KHTML, like Gecko) Chrome\/142.0.0.206 Safari\/537.36""},{""Name"":""RequestType"",""Value"":""OAuth2:Authorize""}],""ModifiedProperties"":[],""Actor"":[{""ID"":""f9a62fe7-59eb-467a-848b-b0f4588e5386"",""Type"":0},{""ID"":""gutierrez2@consolidatedmsgr.com"",""Type"":5}],""ActorContextId"":""9fc57536-e8d3-4117-8537-fc27bc714352"",""ActorIpAddress"":""2600:1f18:5c9a:a468:8241:17f9:1526:6a4d"",""InterSystemsId"":""a25e9302-36f0-4398-8e81-de0f30656562"",""IntraSystemId"":""97384426-ac7f-45e3-8b71-50f6dbd7212f"",""SupportTicketId"":"""",""Target"":[{""ID"":""00000002-0000-0ff1-ce00-000000000000"",""Type"":0}],""TargetContextId"":""9fc57536-e8d3-4117-8537-fc27bc714352"",""ApplicationId"":""de7d7402-70c8-4e5e-8a00-fa48659038c2"",""DeviceProperties"":[{""Name"":""OS"",""Value"":""Windows10""},{""Name"":""BrowserType"",""Value"":""Chrome""},{""Name"":""SessionId"",""Value"":""6221db44-b1b2-4f77-8b47-77bff877410b""}],""ErrorNumber"":""50057"",""LogonError"":""UserDisabled""}","104","214","97384426-ac7f-45e3-8b71-50f6dbd7212f","True","Unchanged"
"AzureActiveDirectoryStsLogon","2025-12-17 16:33:25","gutierrez2@consolidatedmsgr.com","UserLoginFailed","{""CreationTime"":""2025-12-17T16:33:25"",""Id"":""bf7853ad-84b9-4994-88d8-3e34681c91dc"",""Operation"":""UserLoginFailed"",""OrganizationId"":""9fc57536-e8d3-4117-8537-fc27bc714352"",""RecordType"":15,""ResultStatus"":""Success"",""UserKey"":""f9a62fe7-59eb-467a-848b-b0f4588e5386"",""UserType"":0,""Version"":1,""Workload"":""AzureActiveDirectory"",""ClientIP"":""2600:1f18:5c9a:a468:8241:17f9:1526:6a4d"",""ObjectId"":""00000002-0000-0ff1-ce00-000000000000"",""UserId"":""gutierrez2@consolidatedmsgr.com"",""AzureActiveDirectoryEventType"":1,""ExtendedProperties"":[{""Name"":""ResultStatusDetail"",""Value"":""Success""},{""Name"":""UserAgent"",""Value"":""Mozilla\/5.0 (Windows NT 10.0; Win64; x64) AppleWebKit\/537.36 (KHTML, like Gecko) Chrome\/142.0.0.206 Safari\/537.36""},{""Name"":""RequestType"",""Value"":""OAuth2:Authorize""}],""ModifiedProperties"":[],""Actor"":[{""ID"":""f9a62fe7-59eb-467a-848b-b0f4588e5386"",""Type"":0},{""ID"":""gutierrez2@consolidatedmsgr.com"",""Type"":5}],""ActorContextId"":""9fc57536-e8d3-4117-8537-fc27bc714352"",""ActorIpAddress"":""2600:1f18:5c9a:a468:8241:17f9:1526:6a4d"",""InterSystemsId"":""0fecd27f-c04e-4dd5-8f7a-a44251d7c4df"",""IntraSystemId"":""bf7853ad-84b9-4994-88d8-3e34681c91dc"",""SupportTicketId"":"""",""Target"":[{""ID"":""00000002-0000-0ff1-ce00-000000000000"",""Type"":0}],""TargetContextId"":""9fc57536-e8d3-4117-8537-fc27bc714352"",""ApplicationId"":""de7d7402-70c8-4e5e-8a00-fa48659038c2"",""DeviceProperties"":[{""Name"":""OS"",""Value"":""Windows10""},{""Name"":""BrowserType"",""Value"":""Chrome""},{""Name"":""SessionId"",""Value"":""6221db44-b1b2-4f77-8b47-77bff877410b""}],""ErrorNumber"":""50057"",""LogonError"":""UserDisabled""}","105","214","bf7853ad-84b9-4994-88d8-3e34681c91dc","True","Unchanged"
"AzureActiveDirectoryStsLogon","2025-12-17 16:32:33","gutierrez2@consolidatedmsgr.com","UserLoginFailed","{""CreationTime"":""2025-12-17T16:32:33"",""Id"":""bf0ca4c7-f375-4d45-8108-8008de74f49d"",""Operation"":""UserLoginFailed"",""OrganizationId"":""9fc57536-e8d3-4117-8537-fc27bc714352"",""RecordType"":15,""ResultStatus"":""Success"",""UserKey"":""f9a62fe7-59eb-467a-848b-b0f4588e5386"",""UserType"":0,""Version"":1,""Workload"":""AzureActiveDirectory"",""ClientIP"":""2600:1f18:5c9a:a468:8241:17f9:1526:6a4d"",""ObjectId"":""00000002-0000-0ff1-ce00-000000000000"",""UserId"":""gutierrez2@consolidatedmsgr.com"",""AzureActiveDirectoryEventType"":1,""ExtendedProperties"":[{""Name"":""ResultStatusDetail"",""Value"":""Success""},{""Name"":""UserAgent"",""Value"":""Mozilla\/5.0 (Windows NT 10.0; Win64; x64) AppleWebKit\/537.36 (KHTML, like Gecko) Chrome\/142.0.0.206 Safari\/537.36""},{""Name"":""RequestType"",""Value"":""OAuth2:Authorize""}],""ModifiedProperties"":[],""Actor"":[{""ID"":""f9a62fe7-59eb-467a-848b-b0f4588e5386"",""Type"":0},{""ID"":""gutierrez2@consolidatedmsgr.com"",""Type"":5}],""ActorContextId"":""9fc57536-e8d3-4117-8537-fc27bc714352"",""ActorIpAddress"":""2600:1f18:5c9a:a468:8241:17f9:1526:6a4d"",""InterSystemsId"":""d11ea3a7-299c-4f16-8e08-5ce4d81f39dc"",""IntraSystemId"":""bf0ca4c7-f375-4d45-8108-8008de74f49d"",""SupportTicketId"":"""",""Target"":[{""ID"":""00000002-0000-0ff1-ce00-000000000000"",""Type"":0}],""TargetContextId"":""9fc57536-e8d3-4117-8537-fc27bc714352"",""ApplicationId"":""de7d7402-70c8-4e5e-8a00-fa48659038c2"",""DeviceProperties"":[{""Name"":""OS"",""Value"":""Windows10""},{""Name"":""BrowserType"",""Value"":""Chrome""},{""Name"":""SessionId"",""Value"":""6221db44-b1b2-4f77-8b47-77bff877410b""}],""ErrorNumber"":""50057"",""LogonError"":""UserDisabled""}","106","214","bf0ca4c7-f375-4d45-8108-8008de74f49d","True","Unchanged"
"AzureActiveDirectoryStsLogon","2025-12-17 16:32:57","gutierrez2@consolidatedmsgr.com","UserLoginFailed","{""CreationTime"":""2025-12-17T16:32:57"",""Id"":""2bbfa3af-c600-41c1-8005-018436904689"",""Operation"":""UserLoginFailed"",""OrganizationId"":""9fc57536-e8d3-4117-8537-fc27bc714352"",""RecordType"":15,""ResultStatus"":""Success"",""UserKey"":""f9a62fe7-59eb-467a-848b-b0f4588e5386"",""UserType"":0,""Version"":1,""Workload"":""AzureActiveDirectory"",""ClientIP"":""2600:1f18:5c9a:a468:8241:17f9:1526:6a4d"",""ObjectId"":""00000002-0000-0ff1-ce00-000000000000"",""UserId"":""gutierrez2@consolidatedmsgr.com"",""AzureActiveDirectoryEventType"":1,""ExtendedProperties"":[{""Name"":""ResultStatusDetail"",""Value"":""Success""},{""Name"":""UserAgent"",""Value"":""Mozilla\/5.0 (Windows NT 10.0; Win64; x64) AppleWebKit\/537.36 (KHTML, like Gecko) Chrome\/142.0.0.206 Safari\/537.36""},{""Name"":""RequestType"",""Value"":""OAuth2:Authorize""}],""ModifiedProperties"":[],""Actor"":[{""ID"":""f9a62fe7-59eb-467a-848b-b0f4588e5386"",""Type"":0},{""ID"":""gutierrez2@consolidatedmsgr.com"",""Type"":5}],""ActorContextId"":""9fc57536-e8d3-4117-8537-fc27bc714352"",""ActorIpAddress"":""2600:1f18:5c9a:a468:8241:17f9:1526:6a4d"",""InterSystemsId"":""2f801f65-4548-4ba9-827b-0184093c6ba8"",""IntraSystemId"":""2bbfa3af-c600-41c1-8005-018436904689"",""SupportTicketId"":"""",""Target"":[{""ID"":""00000002-0000-0ff1-ce00-000000000000"",""Type"":0}],""TargetContextId"":""9fc57536-e8d3-4117-8537-fc27bc714352"",""ApplicationId"":""de7d7402-70c8-4e5e-8a00-fa48659038c2"",""DeviceProperties"":[{""Name"":""OS"",""Value"":""Windows10""},{""Name"":""BrowserType"",""Value"":""Chrome""},{""Name"":""SessionId"",""Value"":""6221db44-b1b2-4f77-8b47-77bff877410b""}],""ErrorNumber"":""50057"",""LogonError"":""UserDisabled""}","107","214","2bbfa3af-c600-41c1-8005-018436904689","True","Unchanged"
"AzureActiveDirectoryStsLogon","2025-12-17 16:32:36","gutierrez2@consolidatedmsgr.com","UserLoginFailed","{""CreationTime"":""2025-12-17T16:32:36"",""Id"":""30b2e4d1-fad9-4a03-89bc-0a1ff898c545"",""Operation"":""UserLoginFailed"",""OrganizationId"":""9fc57536-e8d3-4117-8537-fc27bc714352"",""RecordType"":15,""ResultStatus"":""Success"",""UserKey"":""f9a62fe7-59eb-467a-848b-b0f4588e5386"",""UserType"":0,""Version"":1,""Workload"":""AzureActiveDirectory"",""ClientIP"":""2600:1f18:5c9a:a468:8241:17f9:1526:6a4d"",""ObjectId"":""00000002-0000-0ff1-ce00-000000000000"",""UserId"":""gutierrez2@consolidatedmsgr.com"",""AzureActiveDirectoryEventType"":1,""ExtendedProperties"":[{""Name"":""ResultStatusDetail"",""Value"":""Success""},{""Name"":""UserAgent"",""Value"":""Mozilla\/5.0 (Windows NT 10.0; Win64; x64) AppleWebKit\/537.36 (KHTML, like Gecko) Chrome\/142.0.0.206 Safari\/537.36""},{""Name"":""RequestType"",""Value"":""OAuth2:Authorize""}],""ModifiedProperties"":[],""Actor"":[{""ID"":""f9a62fe7-59eb-467a-848b-b0f4588e5386"",""Type"":0},{""ID"":""gutierrez2@consolidatedmsgr.com"",""Type"":5}],""ActorContextId"":""9fc57536-e8d3-4117-8537-fc27bc714352"",""ActorIpAddress"":""2600:1f18:5c9a:a468:8241:17f9:1526:6a4d"",""InterSystemsId"":""67df0466-bf20-43d3-864a-8f7da84c4cea"",""IntraSystemId"":""30b2e4d1-fad9-4a03-89bc-0a1ff898c545"",""SupportTicketId"":"""",""Target"":[{""ID"":""00000002-0000-0ff1-ce00-000000000000"",""Type"":0}],""TargetContextId"":""9fc57536-e8d3-4117-8537-fc27bc714352"",""ApplicationId"":""de7d7402-70c8-4e5e-8a00-fa48659038c2"",""DeviceProperties"":[{""Name"":""OS"",""Value"":""Windows10""},{""Name"":""BrowserType"",""Value"":""Chrome""},{""Name"":""SessionId"",""Value"":""6221db44-b1b2-4f77-8b47-77bff877410b""}],""ErrorNumber"":""50057"",""LogonError"":""UserDisabled""}","108","214","30b2e4d1-fad9-4a03-89bc-0a1ff898c545","True","Unchanged"
"AzureActiveDirectoryStsLogon","2025-12-17 16:32:33","gutierrez2@consolidatedmsgr.com","UserLoginFailed","{""CreationTime"":""2025-12-17T16:32:33"",""Id"":""6d710e1b-7d4d-43bf-8305-81115607f508"",""Operation"":""UserLoginFailed"",""OrganizationId"":""9fc57536-e8d3-4117-8537-fc27bc714352"",""RecordType"":15,""ResultStatus"":""Success"",""UserKey"":""f9a62fe7-59eb-467a-848b-b0f4588e5386"",""UserType"":0,""Version"":1,""Workload"":""AzureActiveDirectory"",""ClientIP"":""2600:1f18:5c9a:a468:8241:17f9:1526:6a4d"",""ObjectId"":""00000002-0000-0ff1-ce00-000000000000"",""UserId"":""gutierrez2@consolidatedmsgr.com"",""AzureActiveDirectoryEventType"":1,""ExtendedProperties"":[{""Name"":""ResultStatusDetail"",""Value"":""Success""},{""Name"":""UserAgent"",""Value"":""Mozilla\/5.0 (Windows NT 10.0; Win64; x64) AppleWebKit\/537.36 (KHTML, like Gecko) Chrome\/142.0.0.206 Safari\/537.36""},{""Name"":""RequestType"",""Value"":""OAuth2:Authorize""}],""ModifiedProperties"":[],""Actor"":[{""ID"":""f9a62fe7-59eb-467a-848b-b0f4588e5386"",""Type"":0},{""ID"":""gutierrez2@consolidatedmsgr.com"",""Type"":5}],""ActorContextId"":""9fc57536-e8d3-4117-8537-fc27bc714352"",""ActorIpAddress"":""2600:1f18:5c9a:a468:8241:17f9:1526:6a4d"",""InterSystemsId"":""e4d5ce6b-5feb-4974-8d8c-24e0c43355ce"",""IntraSystemId"":""6d710e1b-7d4d-43bf-8305-81115607f508"",""SupportTicketId"":"""",""Target"":[{""ID"":""00000002-0000-0ff1-ce00-000000000000"",""Type"":0}],""TargetContextId"":""9fc57536-e8d3-4117-8537-fc27bc714352"",""ApplicationId"":""de7d7402-70c8-4e5e-8a00-fa48659038c2"",""DeviceProperties"":[{""Name"":""OS"",""Value"":""Windows10""},{""Name"":""BrowserType"",""Value"":""Chrome""},{""Name"":""SessionId"",""Value"":""6221db44-b1b2-4f77-8b47-77bff877410b""}],""ErrorNumber"":""50057"",""LogonError"":""UserDisabled""}","109","214","6d710e1b-7d4d-43bf-8305-81115607f508","True","Unchanged"
"AzureActiveDirectoryStsLogon","2025-12-17 16:32:34","gutierrez2@consolidatedmsgr.com","UserLoginFailed","{""CreationTime"":""2025-12-17T16:32:34"",""Id"":""1fa38ed6-fbfe-470f-80a4-b1eac80efb81"",""Operation"":""UserLoginFailed"",""OrganizationId"":""9fc57536-e8d3-4117-8537-fc27bc714352"",""RecordType"":15,""ResultStatus"":""Success"",""UserKey"":""f9a62fe7-59eb-467a-848b-b0f4588e5386"",""UserType"":0,""Version"":1,""Workload"":""AzureActiveDirectory"",""ClientIP"":""2600:1f18:5c9a:a468:8241:17f9:1526:6a4d"",""ObjectId"":""00000002-0000-0ff1-ce00-000000000000"",""UserId"":""gutierrez2@consolidatedmsgr.com"",""AzureActiveDirectoryEventType"":1,""ExtendedProperties"":[{""Name"":""ResultStatusDetail"",""Value"":""Success""},{""Name"":""UserAgent"",""Value"":""Mozilla\/5.0 (Windows NT 10.0; Win64; x64) AppleWebKit\/537.36 (KHTML, like Gecko) Chrome\/142.0.0.206 Safari\/537.36""},{""Name"":""RequestType"",""Value"":""OAuth2:Authorize""}],""ModifiedProperties"":[],""Actor"":[{""ID"":""f9a62fe7-59eb-467a-848b-b0f4588e5386"",""Type"":0},{""ID"":""gutierrez2@consolidatedmsgr.com"",""Type"":5}],""ActorContextId"":""9fc57536-e8d3-4117-8537-fc27bc714352"",""ActorIpAddress"":""2600:1f18:5c9a:a468:8241:17f9:1526:6a4d"",""InterSystemsId"":""b79bdcbe-36da-4a37-82cf-b4e10acf8f23"",""IntraSystemId"":""1fa38ed6-fbfe-470f-80a4-b1eac80efb81"",""SupportTicketId"":"""",""Target"":[{""ID"":""00000002-0000-0ff1-ce00-000000000000"",""Type"":0}],""TargetContextId"":""9fc57536-e8d3-4117-8537-fc27bc714352"",""ApplicationId"":""de7d7402-70c8-4e5e-8a00-fa48659038c2"",""DeviceProperties"":[{""Name"":""OS"",""Value"":""Windows10""},{""Name"":""BrowserType"",""Value"":""Chrome""},{""Name"":""SessionId"",""Value"":""6221db44-b1b2-4f77-8b47-77bff877410b""}],""ErrorNumber"":""50057"",""LogonError"":""UserDisabled""}","110","214","1fa38ed6-fbfe-470f-80a4-b1eac80efb81","True","Unchanged"
"AzureActiveDirectoryStsLogon","2025-12-17 16:32:37","gutierrez2@consolidatedmsgr.com","UserLoginFailed","{""CreationTime"":""2025-12-17T16:32:37"",""Id"":""1f6170bf-c176-4099-8331-ed85f6721079"",""Operation"":""UserLoginFailed"",""OrganizationId"":""9fc57536-e8d3-4117-8537-fc27bc714352"",""RecordType"":15,""ResultStatus"":""Success"",""UserKey"":""f9a62fe7-59eb-467a-848b-b0f4588e5386"",""UserType"":0,""Version"":1,""Workload"":""AzureActiveDirectory"",""ClientIP"":""2600:1f18:5c9a:a468:8241:17f9:1526:6a4d"",""ObjectId"":""00000002-0000-0ff1-ce00-000000000000"",""UserId"":""gutierrez2@consolidatedmsgr.com"",""AzureActiveDirectoryEventType"":1,""ExtendedProperties"":[{""Name"":""ResultStatusDetail"",""Value"":""Success""},{""Name"":""UserAgent"",""Value"":""Mozilla\/5.0 (Windows NT 10.0; Win64; x64) AppleWebKit\/537.36 (KHTML, like Gecko) Chrome\/142.0.0.206 Safari\/537.36""},{""Name"":""RequestType"",""Value"":""OAuth2:Authorize""}],""ModifiedProperties"":[],""Actor"":[{""ID"":""f9a62fe7-59eb-467a-848b-b0f4588e5386"",""Type"":0},{""ID"":""gutierrez2@consolidatedmsgr.com"",""Type"":5}],""ActorContextId"":""9fc57536-e8d3-4117-8537-fc27bc714352"",""ActorIpAddress"":""2600:1f18:5c9a:a468:8241:17f9:1526:6a4d"",""InterSystemsId"":""899ea41b-01a0-460f-8b9c-d536886f74e1"",""IntraSystemId"":""1f6170bf-c176-4099-8331-ed85f6721079"",""SupportTicketId"":"""",""Target"":[{""ID"":""00000002-0000-0ff1-ce00-000000000000"",""Type"":0}],""TargetContextId"":""9fc57536-e8d3-4117-8537-fc27bc714352"",""ApplicationId"":""de7d7402-70c8-4e5e-8a00-fa48659038c2"",""DeviceProperties"":[{""Name"":""OS"",""Value"":""Windows10""},{""Name"":""BrowserType"",""Value"":""Chrome""},{""Name"":""SessionId"",""Value"":""6221db44-b1b2-4f77-8b47-77bff877410b""}],""ErrorNumber"":""50057"",""LogonError"":""UserDisabled""}","111","214","1f6170bf-c176-4099-8331-ed85f6721079","True","Unchanged"
"AzureActiveDirectoryStsLogon","2025-12-17 16:31:41","jackson2@consolidatedmsgr.com","UserLoginFailed","{""CreationTime"":""2025-12-17T16:31:41"",""Id"":""5461aa27-8f95-4654-8aa3-82ea4a095174"",""Operation"":""UserLoginFailed"",""OrganizationId"":""9fc57536-e8d3-4117-8537-fc27bc714352"",""RecordType"":15,""ResultStatus"":""Success"",""UserKey"":""6a62563f-3db3-4095-8af2-60bb41bf15ac"",""UserType"":0,""Version"":1,""Workload"":""AzureActiveDirectory"",""ClientIP"":""2a05:541:116:5e33:4aec:2433:45e1:ce28"",""ObjectId"":""4765445b-32c6-49b0-83e6-1d93765276ca"",""UserId"":""jackson2@consolidatedmsgr.com"",""AzureActiveDirectoryEventType"":1,""ExtendedProperties"":[{""Name"":""ResultStatusDetail"",""Value"":""Success""},{""Name"":""UserAgent"",""Value"":""axios\/1.13.2""},{""Name"":""UserAuthenticationMethod"",""Value"":""16""},{""Name"":""RequestType"",""Value"":""SAS:EndAuth""}],""ModifiedProperties"":[],""Actor"":[{""ID"":""6a62563f-3db3-4095-8af2-60bb41bf15ac"",""Type"":0},{""ID"":""jackson2@consolidatedmsgr.com"",""Type"":5}],""ActorContextId"":""9fc57536-e8d3-4117-8537-fc27bc714352"",""ActorIpAddress"":""2a05:541:116:5e33:4aec:2433:45e1:ce28"",""InterSystemsId"":""eed95cc3-344f-40ca-8c5f-748c1e74409b"",""IntraSystemId"":""5461aa27-8f95-4654-8aa3-82ea4a095174"",""SupportTicketId"":"""",""Target"":[{""ID"":""4765445b-32c6-49b0-83e6-1d93765276ca"",""Type"":0}],""TargetContextId"":""9fc57536-e8d3-4117-8537-fc27bc714352"",""ApplicationId"":""4765445b-32c6-49b0-83e6-1d93765276ca"",""DeviceProperties"":[{""Name"":""BrowserType"",""Value"":""Other""},{""Name"":""SessionId"",""Value"":""d169bd3b-9ed9-4fea-87e5-74e9c4748925""}],""ErrorNumber"":""50074"",""LogonError"":""UserStrongAuthClientAuthNRequiredInterrupt""}","112","214","5461aa27-8f95-4654-8aa3-82ea4a095174","True","Unchanged"
"AzureActiveDirectoryStsLogon","2025-12-17 16:31:48","Not Available","UserLoggedIn","{""CreationTime"":""2025-12-17T16:31:48"",""Id"":""c3082b92-229c-49bb-8c43-283c8353b3b2"",""Operation"":""UserLoggedIn"",""OrganizationId"":""9fc57536-e8d3-4117-8537-fc27bc714352"",""RecordType"":15,""ResultStatus"":""Success"",""UserKey"":""6a62563f-3db3-4095-8af2-60bb41bf15ac"",""UserType"":4,""Version"":1,""Workload"":""AzureActiveDirectory"",""ClientIP"":""2a05:541:116:5e33:4aec:2433:45e1:ce28"",""ObjectId"":""4765445b-32c6-49b0-83e6-1d93765276ca"",""UserId"":""Not Available"",""AzureActiveDirectoryEventType"":1,""ExtendedProperties"":[{""Name"":""ResultStatusDetail"",""Value"":""Success""},{""Name"":""UserAgent"",""Value"":""axios\/1.13.2""},{""Name"":""RequestType"",""Value"":""SAS:EndAuth""}],""ModifiedProperties"":[],""Actor"":[{""ID"":""6a62563f-3db3-4095-8af2-60bb41bf15ac"",""Type"":0}],""ActorContextId"":""9fc57536-e8d3-4117-8537-fc27bc714352"",""ActorIpAddress"":""2a05:541:116:5e33:4aec:2433:45e1:ce28"",""InterSystemsId"":""eed95cc3-344f-40ca-8c5f-748c1e74409b"",""IntraSystemId"":""c3082b92-229c-49bb-8c43-283c8353b3b2"",""SupportTicketId"":"""",""Target"":[{""ID"":""4765445b-32c6-49b0-83e6-1d93765276ca"",""Type"":0}],""TargetContextId"":""9fc57536-e8d3-4117-8537-fc27bc714352"",""ApplicationId"":""4765445b-32c6-49b0-83e6-1d93765276ca"",""DeviceProperties"":[{""Name"":""BrowserType"",""Value"":""Other""}],""ErrorNumber"":""0""}","113","214","c3082b92-229c-49bb-8c43-283c8353b3b2","True","Unchanged"
"AzureActiveDirectoryStsLogon","2025-12-17 16:31:57","Not Available","UserLoggedIn","{""CreationTime"":""2025-12-17T16:31:57"",""Id"":""93c15c08-bfe5-490c-85ab-ec0bfa0a9d8a"",""Operation"":""UserLoggedIn"",""OrganizationId"":""9fc57536-e8d3-4117-8537-fc27bc714352"",""RecordType"":15,""ResultStatus"":""Success"",""UserKey"":""6a62563f-3db3-4095-8af2-60bb41bf15ac"",""UserType"":4,""Version"":1,""Workload"":""AzureActiveDirectory"",""ClientIP"":""2a05:541:116:5e33:4aec:2433:45e1:ce28"",""ObjectId"":""4765445b-32c6-49b0-83e6-1d93765276ca"",""UserId"":""Not Available"",""AzureActiveDirectoryEventType"":1,""ExtendedProperties"":[{""Name"":""ResultStatusDetail"",""Value"":""Success""},{""Name"":""UserAgent"",""Value"":""axios\/1.13.2""},{""Name"":""RequestType"",""Value"":""SAS:EndAuth""}],""ModifiedProperties"":[],""Actor"":[{""ID"":""6a62563f-3db3-4095-8af2-60bb41bf15ac"",""Type"":0}],""ActorContextId"":""9fc57536-e8d3-4117-8537-fc27bc714352"",""ActorIpAddress"":""2a05:541:116:5e33:4aec:2433:45e1:ce28"",""InterSystemsId"":""eed95cc3-344f-40ca-8c5f-748c1e74409b"",""IntraSystemId"":""93c15c08-bfe5-490c-85ab-ec0bfa0a9d8a"",""SupportTicketId"":"""",""Target"":[{""ID"":""4765445b-32c6-49b0-83e6-1d93765276ca"",""Type"":0}],""TargetContextId"":""9fc57536-e8d3-4117-8537-fc27bc714352"",""ApplicationId"":""4765445b-32c6-49b0-83e6-1d93765276ca"",""DeviceProperties"":[{""Name"":""BrowserType"",""Value"":""Other""}],""ErrorNumber"":""0""}","114","214","93c15c08-bfe5-490c-85ab-ec0bfa0a9d8a","True","Unchanged"
"AzureActiveDirectoryStsLogon","2025-12-17 16:30:17","jackson2@consolidatedmsgr.com","UserLoginFailed","{""CreationTime"":""2025-12-17T16:30:17"",""Id"":""6137aa1a-32fd-4f37-88a3-29890a89d212"",""Operation"":""UserLoginFailed"",""OrganizationId"":""9fc57536-e8d3-4117-8537-fc27bc714352"",""RecordType"":15,""ResultStatus"":""Success"",""UserKey"":""6a62563f-3db3-4095-8af2-60bb41bf15ac"",""UserType"":0,""Version"":1,""Workload"":""AzureActiveDirectory"",""ClientIP"":""2a05:541:116:c8f:59a2:44ad:532f:ee3d"",""ObjectId"":""4765445b-32c6-49b0-83e6-1d93765276ca"",""UserId"":""jackson2@consolidatedmsgr.com"",""AzureActiveDirectoryEventType"":1,""ExtendedProperties"":[{""Name"":""ResultStatusDetail"",""Value"":""Success""},{""Name"":""UserAgent"",""Value"":""axios\/1.13.2""},{""Name"":""UserAuthenticationMethod"",""Value"":""16""},{""Name"":""RequestType"",""Value"":""Login:login""}],""ModifiedProperties"":[],""Actor"":[{""ID"":""6a62563f-3db3-4095-8af2-60bb41bf15ac"",""Type"":0},{""ID"":""jackson2@consolidatedmsgr.com"",""Type"":5}],""ActorContextId"":""9fc57536-e8d3-4117-8537-fc27bc714352"",""ActorIpAddress"":""2a05:541:116:c8f:59a2:44ad:532f:ee3d"",""InterSystemsId"":""40d313c6-fc00-409f-8604-d2ee59f10eee"",""IntraSystemId"":""6137aa1a-32fd-4f37-88a3-29890a89d212"",""SupportTicketId"":"""",""Target"":[{""ID"":""4765445b-32c6-49b0-83e6-1d93765276ca"",""Type"":0}],""TargetContextId"":""9fc57536-e8d3-4117-8537-fc27bc714352"",""ApplicationId"":""4765445b-32c6-49b0-83e6-1d93765276ca"",""DeviceProperties"":[{""Name"":""BrowserType"",""Value"":""Other""},{""Name"":""SessionId"",""Value"":""3462fc72-fd65-401d-83f5-6c59c7e5f912""}],""ErrorNumber"":""50074"",""LogonError"":""UserStrongAuthClientAuthNRequiredInterrupt""}","115","214","6137aa1a-32fd-4f37-88a3-29890a89d212","True","Unchanged"
"AzureActiveDirectoryStsLogon","2025-12-17 16:31:47","Not Available","UserLoggedIn","{""CreationTime"":""2025-12-17T16:31:47"",""Id"":""03aa4855-865a-4f8d-819c-5c4d377a4598"",""Operation"":""UserLoggedIn"",""OrganizationId"":""9fc57536-e8d3-4117-8537-fc27bc714352"",""RecordType"":15,""ResultStatus"":""Success"",""UserKey"":""6a62563f-3db3-4095-8af2-60bb41bf15ac"",""UserType"":4,""Version"":1,""Workload"":""AzureActiveDirectory"",""ClientIP"":""2a05:541:116:5e33:4aec:2433:45e1:ce28"",""ObjectId"":""4765445b-32c6-49b0-83e6-1d93765276ca"",""UserId"":""Not Available"",""AzureActiveDirectoryEventType"":1,""ExtendedProperties"":[{""Name"":""ResultStatusDetail"",""Value"":""Success""},{""Name"":""UserAgent"",""Value"":""axios\/1.13.2""},{""Name"":""RequestType"",""Value"":""SAS:BeginAuth""}],""ModifiedProperties"":[],""Actor"":[{""ID"":""6a62563f-3db3-4095-8af2-60bb41bf15ac"",""Type"":0}],""ActorContextId"":""9fc57536-e8d3-4117-8537-fc27bc714352"",""ActorIpAddress"":""2a05:541:116:5e33:4aec:2433:45e1:ce28"",""InterSystemsId"":""eed95cc3-344f-40ca-8c5f-748c1e74409b"",""IntraSystemId"":""03aa4855-865a-4f8d-819c-5c4d377a4598"",""SupportTicketId"":"""",""Target"":[{""ID"":""4765445b-32c6-49b0-83e6-1d93765276ca"",""Type"":0}],""TargetContextId"":""9fc57536-e8d3-4117-8537-fc27bc714352"",""ApplicationId"":""4765445b-32c6-49b0-83e6-1d93765276ca"",""DeviceProperties"":[{""Name"":""BrowserType"",""Value"":""Other""}],""ErrorNumber"":""0""}","116","214","03aa4855-865a-4f8d-819c-5c4d377a4598","True","Unchanged"
"AzureActiveDirectoryStsLogon","2025-12-17 16:31:41","jackson2@consolidatedmsgr.com","UserLoginFailed","{""CreationTime"":""2025-12-17T16:31:41"",""Id"":""5461aa27-8f95-4654-8aa3-82ea4a095174"",""Operation"":""UserLoginFailed"",""OrganizationId"":""9fc57536-e8d3-4117-8537-fc27bc714352"",""RecordType"":15,""ResultStatus"":""Success"",""UserKey"":""6a62563f-3db3-4095-8af2-60bb41bf15ac"",""UserType"":0,""Version"":1,""Workload"":""AzureActiveDirectory"",""ClientIP"":""2a05:541:116:5e33:4aec:2433:45e1:ce28"",""ObjectId"":""4765445b-32c6-49b0-83e6-1d93765276ca"",""UserId"":""jackson2@consolidatedmsgr.com"",""AzureActiveDirectoryEventType"":1,""ExtendedProperties"":[{""Name"":""ResultStatusDetail"",""Value"":""Success""},{""Name"":""UserAgent"",""Value"":""axios\/1.13.2""},{""Name"":""UserAuthenticationMethod"",""Value"":""16""},{""Name"":""RequestType"",""Value"":""Login:login""}],""ModifiedProperties"":[],""Actor"":[{""ID"":""6a62563f-3db3-4095-8af2-60bb41bf15ac"",""Type"":0},{""ID"":""jackson2@consolidatedmsgr.com"",""Type"":5}],""ActorContextId"":""9fc57536-e8d3-4117-8537-fc27bc714352"",""ActorIpAddress"":""2a05:541:116:5e33:4aec:2433:45e1:ce28"",""InterSystemsId"":""eed95cc3-344f-40ca-8c5f-748c1e74409b"",""IntraSystemId"":""5461aa27-8f95-4654-8aa3-82ea4a095174"",""SupportTicketId"":"""",""Target"":[{""ID"":""4765445b-32c6-49b0-83e6-1d93765276ca"",""Type"":0}],""TargetContextId"":""9fc57536-e8d3-4117-8537-fc27bc714352"",""ApplicationId"":""4765445b-32c6-49b0-83e6-1d93765276ca"",""DeviceProperties"":[{""Name"":""BrowserType"",""Value"":""Other""},{""Name"":""SessionId"",""Value"":""d169bd3b-9ed9-4fea-87e5-74e9c4748925""}],""ErrorNumber"":""50074"",""LogonError"":""UserStrongAuthClientAuthNRequiredInterrupt""}","117","214","5461aa27-8f95-4654-8aa3-82ea4a095174","True","Unchanged"
"AzureActiveDirectoryStsLogon","2025-12-17 16:31:48","Not Available","UserLoginFailed","{""CreationTime"":""2025-12-17T16:31:48"",""Id"":""c3082b92-229c-49bb-8c43-283c8353b3b2"",""Operation"":""UserLoginFailed"",""OrganizationId"":""9fc57536-e8d3-4117-8537-fc27bc714352"",""RecordType"":15,""ResultStatus"":""Success"",""UserKey"":""6a62563f-3db3-4095-8af2-60bb41bf15ac"",""UserType"":4,""Version"":1,""Workload"":""AzureActiveDirectory"",""ClientIP"":""2a05:541:116:5e33:4aec:2433:45e1:ce28"",""ObjectId"":""4765445b-32c6-49b0-83e6-1d93765276ca"",""UserId"":""Not Available"",""AzureActiveDirectoryEventType"":1,""ExtendedProperties"":[{""Name"":""ResultStatusDetail"",""Value"":""Success""},{""Name"":""UserAgent"",""Value"":""axios\/1.13.2""},{""Name"":""RequestType"",""Value"":""SAS:EndAuth""}],""ModifiedProperties"":[],""Actor"":[{""ID"":""6a62563f-3db3-4095-8af2-60bb41bf15ac"",""Type"":0}],""ActorContextId"":""9fc57536-e8d3-4117-8537-fc27bc714352"",""ActorIpAddress"":""2a05:541:116:5e33:4aec:2433:45e1:ce28"",""InterSystemsId"":""eed95cc3-344f-40ca-8c5f-748c1e74409b"",""IntraSystemId"":""c3082b92-229c-49bb-8c43-283c8353b3b2"",""SupportTicketId"":"""",""Target"":[{""ID"":""4765445b-32c6-49b0-83e6-1d93765276ca"",""Type"":0}],""TargetContextId"":""9fc57536-e8d3-4117-8537-fc27bc714352"",""ApplicationId"":""4765445b-32c6-49b0-83e6-1d93765276ca"",""DeviceProperties"":[{""Name"":""BrowserType"",""Value"":""Other""}],""ErrorNumber"":""50074"",""LogonError"":""UserStrongAuthClientAuthNRequiredInterrupt""}","118","214","c3082b92-229c-49bb-8c43-283c8353b3b2","True","Unchanged"
"AzureActiveDirectoryStsLogon","2025-12-17 16:30:17","jackson2@consolidatedmsgr.com","UserLoginFailed","{""CreationTime"":""2025-12-17T16:30:17"",""Id"":""6137aa1a-32fd-4f37-88a3-29890a89d212"",""Operation"":""UserLoginFailed"",""OrganizationId"":""9fc57536-e8d3-4117-8537-fc27bc714352"",""RecordType"":15,""ResultStatus"":""Success"",""UserKey"":""6a62563f-3db3-4095-8af2-60bb41bf15ac"",""UserType"":0,""Version"":1,""Workload"":""AzureActiveDirectory"",""ClientIP"":""2a05:541:116:c8f:59a2:44ad:532f:ee3d"",""ObjectId"":""4765445b-32c6-49b0-83e6-1d93765276ca"",""UserId"":""jackson2@consolidatedmsgr.com"",""AzureActiveDirectoryEventType"":1,""ExtendedProperties"":[{""Name"":""ResultStatusDetail"",""Value"":""Success""},{""Name"":""UserAgent"",""Value"":""axios\/1.13.2""},{""Name"":""UserAuthenticationMethod"",""Value"":""16""},{""Name"":""RequestType"",""Value"":""Login:login""}],""ModifiedProperties"":[],""Actor"":[{""ID"":""6a62563f-3db3-4095-8af2-60bb41bf15ac"",""Type"":0},{""ID"":""jackson2@consolidatedmsgr.com"",""Type"":5}],""ActorContextId"":""9fc57536-e8d3-4117-8537-fc27bc714352"",""ActorIpAddress"":""2a05:541:116:c8f:59a2:44ad:532f:ee3d"",""InterSystemsId"":""40d313c6-fc00-409f-8604-d2ee59f10eee"",""IntraSystemId"":""6137aa1a-32fd-4f37-88a3-29890a89d212"",""SupportTicketId"":"""",""Target"":[{""ID"":""4765445b-32c6-49b0-83e6-1d93765276ca"",""Type"":0}],""TargetContextId"":""9fc57536-e8d3-4117-8537-fc27bc714352"",""ApplicationId"":""4765445b-32c6-49b0-83e6-1d93765276ca"",""DeviceProperties"":[{""Name"":""BrowserType"",""Value"":""Other""},{""Name"":""SessionId"",""Value"":""3462fc72-fd65-401d-83f5-6c59c7e5f912""}],""ErrorNumber"":""50074"",""LogonError"":""UserStrongAuthClientAuthNRequiredInterrupt""}","119","214","6137aa1a-32fd-4f37-88a3-29890a89d212","True","Unchanged"
"AzureActiveDirectoryStsLogon","2025-12-17 16:33:38","gutierrez2@consolidatedmsgr.com","UserLoginFailed","{""CreationTime"":""2025-12-17T16:33:38"",""Id"":""1d1f578d-cf74-412e-8313-bd63d5b00ab9"",""Operation"":""UserLoginFailed"",""OrganizationId"":""9fc57536-e8d3-4117-8537-fc27bc714352"",""RecordType"":15,""ResultStatus"":""Success"",""UserKey"":""f9a62fe7-59eb-467a-848b-b0f4588e5386"",""UserType"":0,""Version"":1,""Workload"":""AzureActiveDirectory"",""ClientIP"":""2600:1f18:5c9a:a468:8241:17f9:1526:6a4d"",""ObjectId"":""00000002-0000-0ff1-ce00-000000000000"",""UserId"":""gutierrez2@consolidatedmsgr.com"",""AzureActiveDirectoryEventType"":1,""ExtendedProperties"":[{""Name"":""ResultStatusDetail"",""Value"":""Success""},{""Name"":""UserAgent"",""Value"":""Mozilla\/5.0 (Windows NT 10.0; Win64; x64) AppleWebKit\/537.36 (KHTML, like Gecko) Chrome\/142.0.0.206 Safari\/537.36""},{""Name"":""RequestType"",""Value"":""OAuth2:Authorize""}],""ModifiedProperties"":[],""Actor"":[{""ID"":""f9a62fe7-59eb-467a-848b-b0f4588e5386"",""Type"":0},{""ID"":""gutierrez2@consolidatedmsgr.com"",""Type"":5}],""ActorContextId"":""9fc57536-e8d3-4117-8537-fc27bc714352"",""ActorIpAddress"":""2600:1f18:5c9a:a468:8241:17f9:1526:6a4d"",""InterSystemsId"":""ade21a4d-1fff-4993-8100-69ca7ccdcf2e"",""IntraSystemId"":""1d1f578d-cf74-412e-8313-bd63d5b00ab9"",""SupportTicketId"":"""",""Target"":[{""ID"":""00000002-0000-0ff1-ce00-000000000000"",""Type"":0}],""TargetContextId"":""9fc57536-e8d3-4117-8537-fc27bc714352"",""ApplicationId"":""de7d7402-70c8-4e5e-8a00-fa48659038c2"",""DeviceProperties"":[{""Name"":""OS"",""Value"":""Windows10""},{""Name"":""BrowserType"",""Value"":""Chrome""},{""Name"":""SessionId"",""Value"":""6221db44-b1b2-4f77-8b47-77bff877410b""}],""ErrorNumber"":""50057"",""LogonError"":""UserDisabled""}","120","214","1d1f578d-cf74-412e-8313-bd63d5b00ab9","True","Unchanged"
"AzureActiveDirectoryStsLogon","2025-12-17 16:34:55","gutierrez2@consolidatedmsgr.com","UserLoginFailed","{""CreationTime"":""2025-12-17T16:34:55"",""Id"":""afe0158e-cd8c-459d-874c-6c04c56f4482"",""Operation"":""UserLoginFailed"",""OrganizationId"":""9fc57536-e8d3-4117-8537-fc27bc714352"",""RecordType"":15,""ResultStatus"":""Success"",""UserKey"":""f9a62fe7-59eb-467a-848b-b0f4588e5386"",""UserType"":0,""Version"":1,""Workload"":""AzureActiveDirectory"",""ClientIP"":""2600:1f18:5c9a:a468:8241:17f9:1526:6a4d"",""ObjectId"":""00000002-0000-0ff1-ce00-000000000000"",""UserId"":""gutierrez2@consolidatedmsgr.com"",""AzureActiveDirectoryEventType"":1,""ExtendedProperties"":[{""Name"":""ResultStatusDetail"",""Value"":""Success""},{""Name"":""UserAgent"",""Value"":""Mozilla\/5.0 (Windows NT 10.0; Win64; x64) AppleWebKit\/537.36 (KHTML, like Gecko) Chrome\/142.0.0.206 Safari\/537.36""},{""Name"":""RequestType"",""Value"":""OAuth2:Authorize""}],""ModifiedProperties"":[],""Actor"":[{""ID"":""f9a62fe7-59eb-467a-848b-b0f4588e5386"",""Type"":0},{""ID"":""gutierrez2@consolidatedmsgr.com"",""Type"":5}],""ActorContextId"":""9fc57536-e8d3-4117-8537-fc27bc714352"",""ActorIpAddress"":""2600:1f18:5c9a:a468:8241:17f9:1526:6a4d"",""InterSystemsId"":""94738eda-a38e-4b5e-8fca-e39154a470dc"",""IntraSystemId"":""afe0158e-cd8c-459d-874c-6c04c56f4482"",""SupportTicketId"":"""",""Target"":[{""ID"":""00000002-0000-0ff1-ce00-000000000000"",""Type"":0}],""TargetContextId"":""9fc57536-e8d3-4117-8537-fc27bc714352"",""ApplicationId"":""de7d7402-70c8-4e5e-8a00-fa48659038c2"",""DeviceProperties"":[{""Name"":""OS"",""Value"":""Windows10""},{""Name"":""BrowserType"",""Value"":""Chrome""},{""Name"":""SessionId"",""Value"":""6221db44-b1b2-4f77-8b47-77bff877410b""}],""ErrorNumber"":""50057"",""LogonError"":""UserDisabled""}","121","214","afe0158e-cd8c-459d-874c-6c04c56f4482","True","Unchanged"
"AzureActiveDirectoryStsLogon","2025-12-17 16:33:27","gutierrez2@consolidatedmsgr.com","UserLoginFailed","{""CreationTime"":""2025-12-17T16:33:27"",""Id"":""771c9700-169c-4db2-8711-2427fed1ea39"",""Operation"":""UserLoginFailed"",""OrganizationId"":""9fc57536-e8d3-4117-8537-fc27bc714352"",""RecordType"":15,""ResultStatus"":""Success"",""UserKey"":""f9a62fe7-59eb-467a-848b-b0f4588e5386"",""UserType"":0,""Version"":1,""Workload"":""AzureActiveDirectory"",""ClientIP"":""2600:1f18:5c9a:a468:8241:17f9:1526:6a4d"",""ObjectId"":""00000002-0000-0ff1-ce00-000000000000"",""UserId"":""gutierrez2@consolidatedmsgr.com"",""AzureActiveDirectoryEventType"":1,""ExtendedProperties"":[{""Name"":""ResultStatusDetail"",""Value"":""Success""},{""Name"":""UserAgent"",""Value"":""Mozilla\/5.0 (Windows NT 10.0; Win64; x64) AppleWebKit\/537.36 (KHTML, like Gecko) Chrome\/142.0.0.206 Safari\/537.36""},{""Name"":""RequestType"",""Value"":""OAuth2:Authorize""}],""ModifiedProperties"":[],""Actor"":[{""ID"":""f9a62fe7-59eb-467a-848b-b0f4588e5386"",""Type"":0},{""ID"":""gutierrez2@consolidatedmsgr.com"",""Type"":5}],""ActorContextId"":""9fc57536-e8d3-4117-8537-fc27bc714352"",""ActorIpAddress"":""2600:1f18:5c9a:a468:8241:17f9:1526:6a4d"",""InterSystemsId"":""93f7a284-ba48-4b03-8ccd-9d51acd9cbb6"",""IntraSystemId"":""771c9700-169c-4db2-8711-2427fed1ea39"",""SupportTicketId"":"""",""Target"":[{""ID"":""00000002-0000-0ff1-ce00-000000000000"",""Type"":0}],""TargetContextId"":""9fc57536-e8d3-4117-8537-fc27bc714352"",""ApplicationId"":""de7d7402-70c8-4e5e-8a00-fa48659038c2"",""DeviceProperties"":[{""Name"":""OS"",""Value"":""Windows10""},{""Name"":""BrowserType"",""Value"":""Chrome""},{""Name"":""SessionId"",""Value"":""6221db44-b1b2-4f77-8b47-77bff877410b""}],""ErrorNumber"":""50057"",""LogonError"":""UserDisabled""}","122","214","771c9700-169c-4db2-8711-2427fed1ea39","True","Unchanged"
"AzureActiveDirectoryStsLogon","2025-12-17 16:32:57","gutierrez2@consolidatedmsgr.com","UserLoginFailed","{""CreationTime"":""2025-12-17T16:32:57"",""Id"":""2bbfa3af-c600-41c1-8005-018436904689"",""Operation"":""UserLoginFailed"",""OrganizationId"":""9fc57536-e8d3-4117-8537-fc27bc714352"",""RecordType"":15,""ResultStatus"":""Success"",""UserKey"":""f9a62fe7-59eb-467a-848b-b0f4588e5386"",""UserType"":0,""Version"":1,""Workload"":""AzureActiveDirectory"",""ClientIP"":""2600:1f18:5c9a:a468:8241:17f9:1526:6a4d"",""ObjectId"":""00000002-0000-0ff1-ce00-000000000000"",""UserId"":""gutierrez2@consolidatedmsgr.com"",""AzureActiveDirectoryEventType"":1,""ExtendedProperties"":[{""Name"":""ResultStatusDetail"",""Value"":""Success""},{""Name"":""UserAgent"",""Value"":""Mozilla\/5.0 (Windows NT 10.0; Win64; x64) AppleWebKit\/537.36 (KHTML, like Gecko) Chrome\/142.0.0.206 Safari\/537.36""},{""Name"":""RequestType"",""Value"":""OAuth2:Authorize""}],""ModifiedProperties"":[],""Actor"":[{""ID"":""f9a62fe7-59eb-467a-848b-b0f4588e5386"",""Type"":0},{""ID"":""gutierrez2@consolidatedmsgr.com"",""Type"":5}],""ActorContextId"":""9fc57536-e8d3-4117-8537-fc27bc714352"",""ActorIpAddress"":""2600:1f18:5c9a:a468:8241:17f9:1526:6a4d"",""InterSystemsId"":""2f801f65-4548-4ba9-827b-0184093c6ba8"",""IntraSystemId"":""2bbfa3af-c600-41c1-8005-018436904689"",""SupportTicketId"":"""",""Target"":[{""ID"":""00000002-0000-0ff1-ce00-000000000000"",""Type"":0}],""TargetContextId"":""9fc57536-e8d3-4117-8537-fc27bc714352"",""ApplicationId"":""de7d7402-70c8-4e5e-8a00-fa48659038c2"",""DeviceProperties"":[{""Name"":""OS"",""Value"":""Windows10""},{""Name"":""BrowserType"",""Value"":""Chrome""},{""Name"":""SessionId"",""Value"":""6221db44-b1b2-4f77-8b47-77bff877410b""}],""ErrorNumber"":""50057"",""LogonError"":""UserDisabled""}","123","214","2bbfa3af-c600-41c1-8005-018436904689","True","Unchanged"
"AzureActiveDirectoryStsLogon","2025-12-17 16:32:36","gutierrez2@consolidatedmsgr.com","UserLoginFailed","{""CreationTime"":""2025-12-17T16:32:36"",""Id"":""30b2e4d1-fad9-4a03-89bc-0a1ff898c545"",""Operation"":""UserLoginFailed"",""OrganizationId"":""9fc57536-e8d3-4117-8537-fc27bc714352"",""RecordType"":15,""ResultStatus"":""Success"",""UserKey"":""f9a62fe7-59eb-467a-848b-b0f4588e5386"",""UserType"":0,""Version"":1,""Workload"":""AzureActiveDirectory"",""ClientIP"":""2600:1f18:5c9a:a468:8241:17f9:1526:6a4d"",""ObjectId"":""00000002-0000-0ff1-ce00-000000000000"",""UserId"":""gutierrez2@consolidatedmsgr.com"",""AzureActiveDirectoryEventType"":1,""ExtendedProperties"":[{""Name"":""ResultStatusDetail"",""Value"":""Success""},{""Name"":""UserAgent"",""Value"":""Mozilla\/5.0 (Windows NT 10.0; Win64; x64) AppleWebKit\/537.36 (KHTML, like Gecko) Chrome\/142.0.0.206 Safari\/537.36""},{""Name"":""RequestType"",""Value"":""OAuth2:Authorize""}],""ModifiedProperties"":[],""Actor"":[{""ID"":""f9a62fe7-59eb-467a-848b-b0f4588e5386"",""Type"":0},{""ID"":""gutierrez2@consolidatedmsgr.com"",""Type"":5}],""ActorContextId"":""9fc57536-e8d3-4117-8537-fc27bc714352"",""ActorIpAddress"":""2600:1f18:5c9a:a468:8241:17f9:1526:6a4d"",""InterSystemsId"":""67df0466-bf20-43d3-864a-8f7da84c4cea"",""IntraSystemId"":""30b2e4d1-fad9-4a03-89bc-0a1ff898c545"",""SupportTicketId"":"""",""Target"":[{""ID"":""00000002-0000-0ff1-ce00-000000000000"",""Type"":0}],""TargetContextId"":""9fc57536-e8d3-4117-8537-fc27bc714352"",""ApplicationId"":""de7d7402-70c8-4e5e-8a00-fa48659038c2"",""DeviceProperties"":[{""Name"":""OS"",""Value"":""Windows10""},{""Name"":""BrowserType"",""Value"":""Chrome""},{""Name"":""SessionId"",""Value"":""6221db44-b1b2-4f77-8b47-77bff877410b""}],""ErrorNumber"":""50057"",""LogonError"":""UserDisabled""}","124","214","30b2e4d1-fad9-4a03-89bc-0a1ff898c545","True","Unchanged"
"AzureActiveDirectoryStsLogon","2025-12-17 16:32:33","gutierrez2@consolidatedmsgr.com","UserLoginFailed","{""CreationTime"":""2025-12-17T16:32:33"",""Id"":""6d710e1b-7d4d-43bf-8305-81115607f508"",""Operation"":""UserLoginFailed"",""OrganizationId"":""9fc57536-e8d3-4117-8537-fc27bc714352"",""RecordType"":15,""ResultStatus"":""Success"",""UserKey"":""f9a62fe7-59eb-467a-848b-b0f4588e5386"",""UserType"":0,""Version"":1,""Workload"":""AzureActiveDirectory"",""ClientIP"":""2600:1f18:5c9a:a468:8241:17f9:1526:6a4d"",""ObjectId"":""00000002-0000-0ff1-ce00-000000000000"",""UserId"":""gutierrez2@consolidatedmsgr.com"",""AzureActiveDirectoryEventType"":1,""ExtendedProperties"":[{""Name"":""ResultStatusDetail"",""Value"":""Success""},{""Name"":""UserAgent"",""Value"":""Mozilla\/5.0 (Windows NT 10.0; Win64; x64) AppleWebKit\/537.36 (KHTML, like Gecko) Chrome\/142.0.0.206 Safari\/537.36""},{""Name"":""RequestType"",""Value"":""OAuth2:Authorize""}],""ModifiedProperties"":[],""Actor"":[{""ID"":""f9a62fe7-59eb-467a-848b-b0f4588e5386"",""Type"":0},{""ID"":""gutierrez2@consolidatedmsgr.com"",""Type"":5}],""ActorContextId"":""9fc57536-e8d3-4117-8537-fc27bc714352"",""ActorIpAddress"":""2600:1f18:5c9a:a468:8241:17f9:1526:6a4d"",""InterSystemsId"":""e4d5ce6b-5feb-4974-8d8c-24e0c43355ce"",""IntraSystemId"":""6d710e1b-7d4d-43bf-8305-81115607f508"",""SupportTicketId"":"""",""Target"":[{""ID"":""00000002-0000-0ff1-ce00-000000000000"",""Type"":0}],""TargetContextId"":""9fc57536-e8d3-4117-8537-fc27bc714352"",""ApplicationId"":""de7d7402-70c8-4e5e-8a00-fa48659038c2"",""DeviceProperties"":[{""Name"":""OS"",""Value"":""Windows10""},{""Name"":""BrowserType"",""Value"":""Chrome""},{""Name"":""SessionId"",""Value"":""6221db44-b1b2-4f77-8b47-77bff877410b""}],""ErrorNumber"":""50057"",""LogonError"":""UserDisabled""}","125","214","6d710e1b-7d4d-43bf-8305-81115607f508","True","Unchanged"
"AzureActiveDirectoryStsLogon","2025-12-17 16:32:34","gutierrez2@consolidatedmsgr.com","UserLoginFailed","{""CreationTime"":""2025-12-17T16:32:34"",""Id"":""1fa38ed6-fbfe-470f-80a4-b1eac80efb81"",""Operation"":""UserLoginFailed"",""OrganizationId"":""9fc57536-e8d3-4117-8537-fc27bc714352"",""RecordType"":15,""ResultStatus"":""Success"",""UserKey"":""f9a62fe7-59eb-467a-848b-b0f4588e5386"",""UserType"":0,""Version"":1,""Workload"":""AzureActiveDirectory"",""ClientIP"":""2600:1f18:5c9a:a468:8241:17f9:1526:6a4d"",""ObjectId"":""00000002-0000-0ff1-ce00-000000000000"",""UserId"":""gutierrez2@consolidatedmsgr.com"",""AzureActiveDirectoryEventType"":1,""ExtendedProperties"":[{""Name"":""ResultStatusDetail"",""Value"":""Success""},{""Name"":""UserAgent"",""Value"":""Mozilla\/5.0 (Windows NT 10.0; Win64; x64) AppleWebKit\/537.36 (KHTML, like Gecko) Chrome\/142.0.0.206 Safari\/537.36""},{""Name"":""RequestType"",""Value"":""OAuth2:Authorize""}],""ModifiedProperties"":[],""Actor"":[{""ID"":""f9a62fe7-59eb-467a-848b-b0f4588e5386"",""Type"":0},{""ID"":""gutierrez2@consolidatedmsgr.com"",""Type"":5}],""ActorContextId"":""9fc57536-e8d3-4117-8537-fc27bc714352"",""ActorIpAddress"":""2600:1f18:5c9a:a468:8241:17f9:1526:6a4d"",""InterSystemsId"":""b79bdcbe-36da-4a37-82cf-b4e10acf8f23"",""IntraSystemId"":""1fa38ed6-fbfe-470f-80a4-b1eac80efb81"",""SupportTicketId"":"""",""Target"":[{""ID"":""00000002-0000-0ff1-ce00-000000000000"",""Type"":0}],""TargetContextId"":""9fc57536-e8d3-4117-8537-fc27bc714352"",""ApplicationId"":""de7d7402-70c8-4e5e-8a00-fa48659038c2"",""DeviceProperties"":[{""Name"":""OS"",""Value"":""Windows10""},{""Name"":""BrowserType"",""Value"":""Chrome""},{""Name"":""SessionId"",""Value"":""6221db44-b1b2-4f77-8b47-77bff877410b""}],""ErrorNumber"":""50057"",""LogonError"":""UserDisabled""}","126","214","1fa38ed6-fbfe-470f-80a4-b1eac80efb81","True","Unchanged"
"AzureActiveDirectoryStsLogon","2025-12-17 16:32:37","gutierrez2@consolidatedmsgr.com","UserLoginFailed","{""CreationTime"":""2025-12-17T16:32:37"",""Id"":""1f6170bf-c176-4099-8331-ed85f6721079"",""Operation"":""UserLoginFailed"",""OrganizationId"":""9fc57536-e8d3-4117-8537-fc27bc714352"",""RecordType"":15,""ResultStatus"":""Success"",""UserKey"":""f9a62fe7-59eb-467a-848b-b0f4588e5386"",""UserType"":0,""Version"":1,""Workload"":""AzureActiveDirectory"",""ClientIP"":""2600:1f18:5c9a:a468:8241:17f9:1526:6a4d"",""ObjectId"":""00000002-0000-0ff1-ce00-000000000000"",""UserId"":""gutierrez2@consolidatedmsgr.com"",""AzureActiveDirectoryEventType"":1,""ExtendedProperties"":[{""Name"":""ResultStatusDetail"",""Value"":""Success""},{""Name"":""UserAgent"",""Value"":""Mozilla\/5.0 (Windows NT 10.0; Win64; x64) AppleWebKit\/537.36 (KHTML, like Gecko) Chrome\/142.0.0.206 Safari\/537.36""},{""Name"":""RequestType"",""Value"":""OAuth2:Authorize""}],""ModifiedProperties"":[],""Actor"":[{""ID"":""f9a62fe7-59eb-467a-848b-b0f4588e5386"",""Type"":0},{""ID"":""gutierrez2@consolidatedmsgr.com"",""Type"":5}],""ActorContextId"":""9fc57536-e8d3-4117-8537-fc27bc714352"",""ActorIpAddress"":""2600:1f18:5c9a:a468:8241:17f9:1526:6a4d"",""InterSystemsId"":""899ea41b-01a0-460f-8b9c-d536886f74e1"",""IntraSystemId"":""1f6170bf-c176-4099-8331-ed85f6721079"",""SupportTicketId"":"""",""Target"":[{""ID"":""00000002-0000-0ff1-ce00-000000000000"",""Type"":0}],""TargetContextId"":""9fc57536-e8d3-4117-8537-fc27bc714352"",""ApplicationId"":""de7d7402-70c8-4e5e-8a00-fa48659038c2"",""DeviceProperties"":[{""Name"":""OS"",""Value"":""Windows10""},{""Name"":""BrowserType"",""Value"":""Chrome""},{""Name"":""SessionId"",""Value"":""6221db44-b1b2-4f77-8b47-77bff877410b""}],""ErrorNumber"":""50057"",""LogonError"":""UserDisabled""}","127","214","1f6170bf-c176-4099-8331-ed85f6721079","True","Unchanged"
"AzureActiveDirectoryStsLogon","2025-12-17 16:31:41","jackson2@consolidatedmsgr.com","UserLoginFailed","{""CreationTime"":""2025-12-17T16:31:41"",""Id"":""5461aa27-8f95-4654-8aa3-82ea4a095174"",""Operation"":""UserLoginFailed"",""OrganizationId"":""9fc57536-e8d3-4117-8537-fc27bc714352"",""RecordType"":15,""ResultStatus"":""Success"",""UserKey"":""6a62563f-3db3-4095-8af2-60bb41bf15ac"",""UserType"":0,""Version"":1,""Workload"":""AzureActiveDirectory"",""ClientIP"":""2a05:541:116:5e33:4aec:2433:45e1:ce28"",""ObjectId"":""4765445b-32c6-49b0-83e6-1d93765276ca"",""UserId"":""jackson2@consolidatedmsgr.com"",""AzureActiveDirectoryEventType"":1,""ExtendedProperties"":[{""Name"":""ResultStatusDetail"",""Value"":""Success""},{""Name"":""UserAgent"",""Value"":""axios\/1.13.2""},{""Name"":""UserAuthenticationMethod"",""Value"":""16""},{""Name"":""RequestType"",""Value"":""SAS:EndAuth""}],""ModifiedProperties"":[],""Actor"":[{""ID"":""6a62563f-3db3-4095-8af2-60bb41bf15ac"",""Type"":0},{""ID"":""jackson2@consolidatedmsgr.com"",""Type"":5}],""ActorContextId"":""9fc57536-e8d3-4117-8537-fc27bc714352"",""ActorIpAddress"":""2a05:541:116:5e33:4aec:2433:45e1:ce28"",""InterSystemsId"":""eed95cc3-344f-40ca-8c5f-748c1e74409b"",""IntraSystemId"":""5461aa27-8f95-4654-8aa3-82ea4a095174"",""SupportTicketId"":"""",""Target"":[{""ID"":""4765445b-32c6-49b0-83e6-1d93765276ca"",""Type"":0}],""TargetContextId"":""9fc57536-e8d3-4117-8537-fc27bc714352"",""ApplicationId"":""4765445b-32c6-49b0-83e6-1d93765276ca"",""DeviceProperties"":[{""Name"":""BrowserType"",""Value"":""Other""},{""Name"":""SessionId"",""Value"":""d169bd3b-9ed9-4fea-87e5-74e9c4748925""}],""ErrorNumber"":""50074"",""LogonError"":""UserStrongAuthClientAuthNRequiredInterrupt""}","128","214","5461aa27-8f95-4654-8aa3-82ea4a095174","True","Unchanged"
"AzureActiveDirectoryStsLogon","2025-12-17 16:31:48","Not Available","UserLoggedIn","{""CreationTime"":""2025-12-17T16:31:48"",""Id"":""c3082b92-229c-49bb-8c43-283c8353b3b2"",""Operation"":""UserLoggedIn"",""OrganizationId"":""9fc57536-e8d3-4117-8537-fc27bc714352"",""RecordType"":15,""ResultStatus"":""Success"",""UserKey"":""6a62563f-3db3-4095-8af2-60bb41bf15ac"",""UserType"":4,""Version"":1,""Workload"":""AzureActiveDirectory"",""ClientIP"":""2a05:541:116:5e33:4aec:2433:45e1:ce28"",""ObjectId"":""4765445b-32c6-49b0-83e6-1d93765276ca"",""UserId"":""Not Available"",""AzureActiveDirectoryEventType"":1,""ExtendedProperties"":[{""Name"":""ResultStatusDetail"",""Value"":""Success""},{""Name"":""UserAgent"",""Value"":""axios\/1.13.2""},{""Name"":""RequestType"",""Value"":""SAS:EndAuth""}],""ModifiedProperties"":[],""Actor"":[{""ID"":""6a62563f-3db3-4095-8af2-60bb41bf15ac"",""Type"":0}],""ActorContextId"":""9fc57536-e8d3-4117-8537-fc27bc714352"",""ActorIpAddress"":""2a05:541:116:5e33:4aec:2433:45e1:ce28"",""InterSystemsId"":""eed95cc3-344f-40ca-8c5f-748c1e74409b"",""IntraSystemId"":""c3082b92-229c-49bb-8c43-283c8353b3b2"",""SupportTicketId"":"""",""Target"":[{""ID"":""4765445b-32c6-49b0-83e6-1d93765276ca"",""Type"":0}],""TargetContextId"":""9fc57536-e8d3-4117-8537-fc27bc714352"",""ApplicationId"":""4765445b-32c6-49b0-83e6-1d93765276ca"",""DeviceProperties"":[{""Name"":""BrowserType"",""Value"":""Other""}],""ErrorNumber"":""0""}","129","214","c3082b92-229c-49bb-8c43-283c8353b3b2","True","Unchanged"
"AzureActiveDirectoryStsLogon","2025-12-17 16:31:57","Not Available","UserLoggedIn","{""CreationTime"":""2025-12-17T16:31:57"",""Id"":""93c15c08-bfe5-490c-85ab-ec0bfa0a9d8a"",""Operation"":""UserLoggedIn"",""OrganizationId"":""9fc57536-e8d3-4117-8537-fc27bc714352"",""RecordType"":15,""ResultStatus"":""Success"",""UserKey"":""6a62563f-3db3-4095-8af2-60bb41bf15ac"",""UserType"":4,""Version"":1,""Workload"":""AzureActiveDirectory"",""ClientIP"":""2a05:541:116:5e33:4aec:2433:45e1:ce28"",""ObjectId"":""4765445b-32c6-49b0-83e6-1d93765276ca"",""UserId"":""Not Available"",""AzureActiveDirectoryEventType"":1,""ExtendedProperties"":[{""Name"":""ResultStatusDetail"",""Value"":""Success""},{""Name"":""UserAgent"",""Value"":""axios\/1.13.2""},{""Name"":""RequestType"",""Value"":""SAS:EndAuth""}],""ModifiedProperties"":[],""Actor"":[{""ID"":""6a62563f-3db3-4095-8af2-60bb41bf15ac"",""Type"":0}],""ActorContextId"":""9fc57536-e8d3-4117-8537-fc27bc714352"",""ActorIpAddress"":""2a05:541:116:5e33:4aec:2433:45e1:ce28"",""InterSystemsId"":""eed95cc3-344f-40ca-8c5f-748c1e74409b"",""IntraSystemId"":""93c15c08-bfe5-490c-85ab-ec0bfa0a9d8a"",""SupportTicketId"":"""",""Target"":[{""ID"":""4765445b-32c6-49b0-83e6-1d93765276ca"",""Type"":0}],""TargetContextId"":""9fc57536-e8d3-4117-8537-fc27bc714352"",""ApplicationId"":""4765445b-32c6-49b0-83e6-1d93765276ca"",""DeviceProperties"":[{""Name"":""BrowserType"",""Value"":""Other""}],""ErrorNumber"":""0""}","130","214","93c15c08-bfe5-490c-85ab-ec0bfa0a9d8a","True","Unchanged"
"AzureActiveDirectoryStsLogon","2025-12-17 16:30:17","jackson2@consolidatedmsgr.com","UserLoginFailed","{""CreationTime"":""2025-12-17T16:30:17"",""Id"":""6137aa1a-32fd-4f37-88a3-29890a89d212"",""Operation"":""UserLoginFailed"",""OrganizationId"":""9fc57536-e8d3-4117-8537-fc27bc714352"",""RecordType"":15,""ResultStatus"":""Success"",""UserKey"":""6a62563f-3db3-4095-8af2-60bb41bf15ac"",""UserType"":0,""Version"":1,""Workload"":""AzureActiveDirectory"",""ClientIP"":""2a05:541:116:c8f:59a2:44ad:532f:ee3d"",""ObjectId"":""4765445b-32c6-49b0-83e6-1d93765276ca"",""UserId"":""jackson2@consolidatedmsgr.com"",""AzureActiveDirectoryEventType"":1,""ExtendedProperties"":[{""Name"":""ResultStatusDetail"",""Value"":""Success""},{""Name"":""UserAgent"",""Value"":""axios\/1.13.2""},{""Name"":""UserAuthenticationMethod"",""Value"":""16""},{""Name"":""RequestType"",""Value"":""Login:login""}],""ModifiedProperties"":[],""Actor"":[{""ID"":""6a62563f-3db3-4095-8af2-60bb41bf15ac"",""Type"":0},{""ID"":""jackson2@consolidatedmsgr.com"",""Type"":5}],""ActorContextId"":""9fc57536-e8d3-4117-8537-fc27bc714352"",""ActorIpAddress"":""2a05:541:116:c8f:59a2:44ad:532f:ee3d"",""InterSystemsId"":""40d313c6-fc00-409f-8604-d2ee59f10eee"",""IntraSystemId"":""6137aa1a-32fd-4f37-88a3-29890a89d212"",""SupportTicketId"":"""",""Target"":[{""ID"":""4765445b-32c6-49b0-83e6-1d93765276ca"",""Type"":0}],""TargetContextId"":""9fc57536-e8d3-4117-8537-fc27bc714352"",""ApplicationId"":""4765445b-32c6-49b0-83e6-1d93765276ca"",""DeviceProperties"":[{""Name"":""BrowserType"",""Value"":""Other""},{""Name"":""SessionId"",""Value"":""3462fc72-fd65-401d-83f5-6c59c7e5f912""}],""ErrorNumber"":""50074"",""LogonError"":""UserStrongAuthClientAuthNRequiredInterrupt""}","131","214","6137aa1a-32fd-4f37-88a3-29890a89d212","True","Unchanged"
"AzureActiveDirectoryStsLogon","2025-12-17 16:31:47","Not Available","UserLoggedIn","{""CreationTime"":""2025-12-17T16:31:47"",""Id"":""03aa4855-865a-4f8d-819c-5c4d377a4598"",""Operation"":""UserLoggedIn"",""OrganizationId"":""9fc57536-e8d3-4117-8537-fc27bc714352"",""RecordType"":15,""ResultStatus"":""Success"",""UserKey"":""6a62563f-3db3-4095-8af2-60bb41bf15ac"",""UserType"":4,""Version"":1,""Workload"":""AzureActiveDirectory"",""ClientIP"":""2a05:541:116:5e33:4aec:2433:45e1:ce28"",""ObjectId"":""4765445b-32c6-49b0-83e6-1d93765276ca"",""UserId"":""Not Available"",""AzureActiveDirectoryEventType"":1,""ExtendedProperties"":[{""Name"":""ResultStatusDetail"",""Value"":""Success""},{""Name"":""UserAgent"",""Value"":""axios\/1.13.2""},{""Name"":""RequestType"",""Value"":""SAS:BeginAuth""}],""ModifiedProperties"":[],""Actor"":[{""ID"":""6a62563f-3db3-4095-8af2-60bb41bf15ac"",""Type"":0}],""ActorContextId"":""9fc57536-e8d3-4117-8537-fc27bc714352"",""ActorIpAddress"":""2a05:541:116:5e33:4aec:2433:45e1:ce28"",""InterSystemsId"":""eed95cc3-344f-40ca-8c5f-748c1e74409b"",""IntraSystemId"":""03aa4855-865a-4f8d-819c-5c4d377a4598"",""SupportTicketId"":"""",""Target"":[{""ID"":""4765445b-32c6-49b0-83e6-1d93765276ca"",""Type"":0}],""TargetContextId"":""9fc57536-e8d3-4117-8537-fc27bc714352"",""ApplicationId"":""4765445b-32c6-49b0-83e6-1d93765276ca"",""DeviceProperties"":[{""Name"":""BrowserType"",""Value"":""Other""}],""ErrorNumber"":""0""}","132","214","03aa4855-865a-4f8d-819c-5c4d377a4598","True","Unchanged"
"AzureActiveDirectoryStsLogon","2025-12-17 16:31:41","jackson2@consolidatedmsgr.com","UserLoginFailed","{""CreationTime"":""2025-12-17T16:31:41"",""Id"":""5461aa27-8f95-4654-8aa3-82ea4a095174"",""Operation"":""UserLoginFailed"",""OrganizationId"":""9fc57536-e8d3-4117-8537-fc27bc714352"",""RecordType"":15,""ResultStatus"":""Success"",""UserKey"":""6a62563f-3db3-4095-8af2-60bb41bf15ac"",""UserType"":0,""Version"":1,""Workload"":""AzureActiveDirectory"",""ClientIP"":""2a05:541:116:5e33:4aec:2433:45e1:ce28"",""ObjectId"":""4765445b-32c6-49b0-83e6-1d93765276ca"",""UserId"":""jackson2@consolidatedmsgr.com"",""AzureActiveDirectoryEventType"":1,""ExtendedProperties"":[{""Name"":""ResultStatusDetail"",""Value"":""Success""},{""Name"":""UserAgent"",""Value"":""axios\/1.13.2""},{""Name"":""UserAuthenticationMethod"",""Value"":""16""},{""Name"":""RequestType"",""Value"":""Login:login""}],""ModifiedProperties"":[],""Actor"":[{""ID"":""6a62563f-3db3-4095-8af2-60bb41bf15ac"",""Type"":0},{""ID"":""jackson2@consolidatedmsgr.com"",""Type"":5}],""ActorContextId"":""9fc57536-e8d3-4117-8537-fc27bc714352"",""ActorIpAddress"":""2a05:541:116:5e33:4aec:2433:45e1:ce28"",""InterSystemsId"":""eed95cc3-344f-40ca-8c5f-748c1e74409b"",""IntraSystemId"":""5461aa27-8f95-4654-8aa3-82ea4a095174"",""SupportTicketId"":"""",""Target"":[{""ID"":""4765445b-32c6-49b0-83e6-1d93765276ca"",""Type"":0}],""TargetContextId"":""9fc57536-e8d3-4117-8537-fc27bc714352"",""ApplicationId"":""4765445b-32c6-49b0-83e6-1d93765276ca"",""DeviceProperties"":[{""Name"":""BrowserType"",""Value"":""Other""},{""Name"":""SessionId"",""Value"":""d169bd3b-9ed9-4fea-87e5-74e9c4748925""}],""ErrorNumber"":""50074"",""LogonError"":""UserStrongAuthClientAuthNRequiredInterrupt""}","133","214","5461aa27-8f95-4654-8aa3-82ea4a095174","True","Unchanged"
"AzureActiveDirectoryStsLogon","2025-12-17 16:31:48","Not Available","UserLoginFailed","{""CreationTime"":""2025-12-17T16:31:48"",""Id"":""c3082b92-229c-49bb-8c43-283c8353b3b2"",""Operation"":""UserLoginFailed"",""OrganizationId"":""9fc57536-e8d3-4117-8537-fc27bc714352"",""RecordType"":15,""ResultStatus"":""Success"",""UserKey"":""6a62563f-3db3-4095-8af2-60bb41bf15ac"",""UserType"":4,""Version"":1,""Workload"":""AzureActiveDirectory"",""ClientIP"":""2a05:541:116:5e33:4aec:2433:45e1:ce28"",""ObjectId"":""4765445b-32c6-49b0-83e6-1d93765276ca"",""UserId"":""Not Available"",""AzureActiveDirectoryEventType"":1,""ExtendedProperties"":[{""Name"":""ResultStatusDetail"",""Value"":""Success""},{""Name"":""UserAgent"",""Value"":""axios\/1.13.2""},{""Name"":""RequestType"",""Value"":""SAS:EndAuth""}],""ModifiedProperties"":[],""Actor"":[{""ID"":""6a62563f-3db3-4095-8af2-60bb41bf15ac"",""Type"":0}],""ActorContextId"":""9fc57536-e8d3-4117-8537-fc27bc714352"",""ActorIpAddress"":""2a05:541:116:5e33:4aec:2433:45e1:ce28"",""InterSystemsId"":""eed95cc3-344f-40ca-8c5f-748c1e74409b"",""IntraSystemId"":""c3082b92-229c-49bb-8c43-283c8353b3b2"",""SupportTicketId"":"""",""Target"":[{""ID"":""4765445b-32c6-49b0-83e6-1d93765276ca"",""Type"":0}],""TargetContextId"":""9fc57536-e8d3-4117-8537-fc27bc714352"",""ApplicationId"":""4765445b-32c6-49b0-83e6-1d93765276ca"",""DeviceProperties"":[{""Name"":""BrowserType"",""Value"":""Other""}],""ErrorNumber"":""50074"",""LogonError"":""UserStrongAuthClientAuthNRequiredInterrupt""}","134","214","c3082b92-229c-49bb-8c43-283c8353b3b2","True","Unchanged"
"ExchangeItem","2025-12-17 16:27:28","gutierrez2@consolidatedmsgr.com","Send","{""AppAccessContext"":{""AADSessionId"":""6221db44-b1b2-4f77-8b47-77bff877410b"",""APIId"":""1fe87f9e-7a06-4f34-872f-efb4be6fb916"",""ClientAppId"":""de7d7402-70c8-4e5e-8a00-fa48659038c2"",""IssuedAtTime"":""2025-12-17T15:55:35"",""UniqueTokenId"":""vhycqTMRBkmPJYl0ZEglAA""},""CreationTime"":""2025-12-17T16:27:28"",""Id"":""1695f65f-142e-4b4b-8b9d-07bfa67e075f"",""Operation"":""Send"",""OrganizationId"":""9fc57536-e8d3-4117-8537-fc27bc714352"",""RecordType"":2,""ResultStatus"":""Succeeded"",""UserKey"":""100320034F35348A"",""UserType"":0,""Version"":1,""Workload"":""Exchange"",""ClientIP"":""2600:1f18:5c9a:a468:8241:17f9:1526:6a4d"",""UserId"":""gutierrez2@consolidatedmsgr.com"",""AppId"":""de7d7402-70c8-4e5e-8a00-fa48659038c2"",""AuthType"":""Bearer"",""ClientAppId"":""de7d7402-70c8-4e5e-8a00-fa48659038c2"",""ClientIPAddress"":""2600:1f18:5c9a:a468:8241:17f9:1526:6a4d"",""ClientInfoString"":""Client=OWA;Action=ViaProxy"",""ExternalAccess"":false,""HostAppId"":""1fe87f9e-7a06-4f34-872f-efb4be6fb916"",""InternalLogonType"":0,""LogonType"":0,""LogonUserSid"":""S-1-5-21-3421515247-1784439087-2623626124-887996"",""MailboxGuid"":""c0f08483-4e52-46e0-899d-322f8d8f0310"",""MailboxOwnerSid"":""S-1-5-21-3421515247-1784439087-2623626124-887996"",""MailboxOwnerUPN"":""gutierrez2@consolidatedmsgr.com"",""OrganizationName"":""consolidatedmsgr.onmicrosoft.com"",""OriginatingServer"":""LAB60XX8701MB913 (15.20.4200.000)\r\n"",""TokenObjectId"":""f9a62fe7-59eb-467a-848b-b0f4588e5386"",""TokenTenantId"":""9fc57536-e8d3-4117-8537-fc27bc714352"",""TokenType"":""V1AppActAs"",""Item"":{""Attachments"":""Outlook-A logo for (44209b)"",""Id"":""LgAAAAAdhAMRqmYRzZvIAKoAL8RaDQBPFRB7aFbgTYJ0U+olHj1gAAGp54HvAAAJ"",""ImmutableId"":""LgAAAAAdhAMRqmYRzZvIAKoAL8RaDQBPFRB7aFbgTYJ0U+olHj1gAAGp54HvAAAJ"",""InternetMessageId"":""<benjamin3@mn2pr06mb5981.namprd06.prod.outlook.com>"",""ParentFolder"":{""Id"":""LgAAAAB5LAfwTBU\/RaiC9YJ7b37EAQBPFRB7aFbgTYJ0U+olHj1gAAAAAAEPAAAB"",""Path"":""\\Drafts""},""SizeInBytes"":122331,""Subject"":""Consolidatedmsgr""},""SaveToSentItems"":true}","135","214","1695f65f-142e-4b4b-8b9d-07bfa67e075f","True","Unchanged"
"ExchangeItem","2025-12-17 16:27:17","gutierrez2@consolidatedmsgr.com","Send","{""AppAccessContext"":{""AADSessionId"":""6221db44-b1b2-4f77-8b47-77bff877410b"",""APIId"":""1fe87f9e-7a06-4f34-872f-efb4be6fb916"",""ClientAppId"":""de7d7402-70c8-4e5e-8a00-fa48659038c2"",""IssuedAtTime"":""2025-12-17T15:55:35"",""UniqueTokenId"":""vhycqTMRBkmPJYl0ZEglAA""},""CreationTime"":""2025-12-17T16:27:17"",""Id"":""54985ee9-a290-44cd-8e6b-41223ab88d3e"",""Operation"":""Send"",""OrganizationId"":""9fc57536-e8d3-4117-8537-fc27bc714352"",""RecordType"":2,""ResultStatus"":""Succeeded"",""UserKey"":""100320034F35348A"",""UserType"":0,""Version"":1,""Workload"":""Exchange"",""ClientIP"":""2600:1f18:5c9a:a468:8241:17f9:1526:6a4d"",""UserId"":""gutierrez2@consolidatedmsgr.com"",""AppId"":""de7d7402-70c8-4e5e-8a00-fa48659038c2"",""AuthType"":""Bearer"",""ClientAppId"":""de7d7402-70c8-4e5e-8a00-fa48659038c2"",""ClientIPAddress"":""2600:1f18:5c9a:a468:8241:17f9:1526:6a4d"",""ClientInfoString"":""Client=OWA;Action=ViaProxy"",""ExternalAccess"":false,""HostAppId"":""1fe87f9e-7a06-4f34-872f-efb4be6fb916"",""InternalLogonType"":0,""LogonType"":0,""LogonUserSid"":""S-1-5-21-3421515247-1784439087-2623626124-887996"",""MailboxGuid"":""c0f08483-4e52-46e0-899d-322f8d8f0310"",""MailboxOwnerSid"":""S-1-5-21-3421515247-1784439087-2623626124-887996"",""MailboxOwnerUPN"":""gutierrez2@consolidatedmsgr.com"",""OrganizationName"":""consolidatedmsgr.onmicrosoft.com"",""OriginatingServer"":""LAB60XX8701MB913 (15.20.4200.000)\r\n"",""TokenObjectId"":""f9a62fe7-59eb-467a-848b-b0f4588e5386"",""TokenTenantId"":""9fc57536-e8d3-4117-8537-fc27bc714352"",""TokenType"":""V1AppActAs"",""Item"":{""Attachments"":""Outlook-A logo for (44209b)"",""Id"":""LgAAAAAdhAMRqmYRzZvIAKoAL8RaDQBPFRB7aFbgTYJ0U+olHj1gAAGp533+AAAJ"",""ImmutableId"":""LgAAAAAdhAMRqmYRzZvIAKoAL8RaDQBPFRB7aFbgTYJ0U+olHj1gAAGp533+AAAJ"",""InternetMessageId"":""<lee3@mn2pr06mb5981.namprd06.prod.outlook.com>"",""ParentFolder"":{""Id"":""LgAAAAB5LAfwTBU\/RaiC9YJ7b37EAQBPFRB7aFbgTYJ0U+olHj1gAAAAAAEPAAAB"",""Path"":""\\Drafts""},""SizeInBytes"":124923,""Subject"":""Consolidatedmsgr""},""SaveToSentItems"":true}","136","214","54985ee9-a290-44cd-8e6b-41223ab88d3e","True","Unchanged"
"ExchangeItem","2025-12-17 16:27:27","gutierrez2@consolidatedmsgr.com","Send","{""AppAccessContext"":{""AADSessionId"":""6221db44-b1b2-4f77-8b47-77bff877410b"",""APIId"":""1fe87f9e-7a06-4f34-872f-efb4be6fb916"",""ClientAppId"":""de7d7402-70c8-4e5e-8a00-fa48659038c2"",""IssuedAtTime"":""2025-12-17T15:55:35"",""UniqueTokenId"":""vhycqTMRBkmPJYl0ZEglAA""},""CreationTime"":""2025-12-17T16:27:27"",""Id"":""911ca201-a585-4445-890c-d0ef6656c91b"",""Operation"":""Send"",""OrganizationId"":""9fc57536-e8d3-4117-8537-fc27bc714352"",""RecordType"":2,""ResultStatus"":""Succeeded"",""UserKey"":""100320034F35348A"",""UserType"":0,""Version"":1,""Workload"":""Exchange"",""ClientIP"":""2600:1f18:5c9a:a468:8241:17f9:1526:6a4d"",""UserId"":""gutierrez2@consolidatedmsgr.com"",""AppId"":""de7d7402-70c8-4e5e-8a00-fa48659038c2"",""AuthType"":""Bearer"",""ClientAppId"":""de7d7402-70c8-4e5e-8a00-fa48659038c2"",""ClientIPAddress"":""2600:1f18:5c9a:a468:8241:17f9:1526:6a4d"",""ClientInfoString"":""Client=OWA;Action=ViaProxy"",""ExternalAccess"":false,""HostAppId"":""1fe87f9e-7a06-4f34-872f-efb4be6fb916"",""InternalLogonType"":0,""LogonType"":0,""LogonUserSid"":""S-1-5-21-3421515247-1784439087-2623626124-887996"",""MailboxGuid"":""c0f08483-4e52-46e0-899d-322f8d8f0310"",""MailboxOwnerSid"":""S-1-5-21-3421515247-1784439087-2623626124-887996"",""MailboxOwnerUPN"":""gutierrez2@consolidatedmsgr.com"",""OrganizationName"":""consolidatedmsgr.onmicrosoft.com"",""OriginatingServer"":""LAB60XX8701MB913 (15.20.4200.000)\r\n"",""TokenObjectId"":""f9a62fe7-59eb-467a-848b-b0f4588e5386"",""TokenTenantId"":""9fc57536-e8d3-4117-8537-fc27bc714352"",""TokenType"":""V1AppActAs"",""Item"":{""Attachments"":""Outlook-A logo for (44209b)"",""Id"":""LgAAAAAdhAMRqmYRzZvIAKoAL8RaDQBPFRB7aFbgTYJ0U+olHj1gAAGp54H1AAAJ"",""ImmutableId"":""LgAAAAAdhAMRqmYRzZvIAKoAL8RaDQBPFRB7aFbgTYJ0U+olHj1gAAGp54H1AAAJ"",""InternetMessageId"":""<lewis3@mn2pr06mb5981.namprd06.prod.outlook.com>"",""ParentFolder"":{""Id"":""LgAAAAB5LAfwTBU\/RaiC9YJ7b37EAQBPFRB7aFbgTYJ0U+olHj1gAAAAAAEPAAAB"",""Path"":""\\Drafts""},""SizeInBytes"":123322,""Subject"":""Consolidatedmsgr""},""SaveToSentItems"":true}","137","214","911ca201-a585-4445-890c-d0ef6656c91b","True","Unchanged"
"ExchangeItem","2025-12-17 16:27:10","gutierrez2@consolidatedmsgr.com","Send","{""AppAccessContext"":{""AADSessionId"":""6221db44-b1b2-4f77-8b47-77bff877410b"",""APIId"":""1fe87f9e-7a06-4f34-872f-efb4be6fb916"",""ClientAppId"":""de7d7402-70c8-4e5e-8a00-fa48659038c2"",""IssuedAtTime"":""2025-12-17T15:55:35"",""UniqueTokenId"":""vhycqTMRBkmPJYl0ZEglAA""},""CreationTime"":""2025-12-17T16:27:10"",""Id"":""342a17f0-1cf6-4017-845e-9a5e224b31f2"",""Operation"":""Send"",""OrganizationId"":""9fc57536-e8d3-4117-8537-fc27bc714352"",""RecordType"":2,""ResultStatus"":""Succeeded"",""UserKey"":""100320034F35348A"",""UserType"":0,""Version"":1,""Workload"":""Exchange"",""ClientIP"":""2600:1f18:5c9a:a468:8241:17f9:1526:6a4d"",""UserId"":""gutierrez2@consolidatedmsgr.com"",""AppId"":""de7d7402-70c8-4e5e-8a00-fa48659038c2"",""AuthType"":""Bearer"",""ClientAppId"":""de7d7402-70c8-4e5e-8a00-fa48659038c2"",""ClientIPAddress"":""2600:1f18:5c9a:a468:8241:17f9:1526:6a4d"",""ClientInfoString"":""Client=OWA;Action=ViaProxy"",""ExternalAccess"":false,""HostAppId"":""1fe87f9e-7a06-4f34-872f-efb4be6fb916"",""InternalLogonType"":0,""LogonType"":0,""LogonUserSid"":""S-1-5-21-3421515247-1784439087-2623626124-887996"",""MailboxGuid"":""c0f08483-4e52-46e0-899d-322f8d8f0310"",""MailboxOwnerSid"":""S-1-5-21-3421515247-1784439087-2623626124-887996"",""MailboxOwnerUPN"":""gutierrez2@consolidatedmsgr.com"",""OrganizationName"":""consolidatedmsgr.onmicrosoft.com"",""OriginatingServer"":""LAB60XX8701MB913 (15.20.4200.000)\r\n"",""TokenObjectId"":""f9a62fe7-59eb-467a-848b-b0f4588e5386"",""TokenTenantId"":""9fc57536-e8d3-4117-8537-fc27bc714352"",""TokenType"":""V1AppActAs"",""Item"":{""Attachments"":""Outlook-A logo for (44209b)"",""Id"":""LgAAAAAdhAMRqmYRzZvIAKoAL8RaDQBPFRB7aFbgTYJ0U+olHj1gAAGp53oJAAAJ"",""ImmutableId"":""LgAAAAAdhAMRqmYRzZvIAKoAL8RaDQBPFRB7aFbgTYJ0U+olHj1gAAGp53oJAAAJ"",""InternetMessageId"":""<foster5@mn2pr06mb5981.namprd06.prod.outlook.com>"",""ParentFolder"":{""Id"":""LgAAAAB5LAfwTBU\/RaiC9YJ7b37EAQBPFRB7aFbgTYJ0U+olHj1gAAAAAAEPAAAB"",""Path"":""\\Drafts""},""SizeInBytes"":127712,""Subject"":""Consolidatedmsgr""},""SaveToSentItems"":true}","138","214","342a17f0-1cf6-4017-845e-9a5e224b31f2","True","Unchanged"
"ExchangeItem","2025-12-17 16:27:43","gutierrez2@consolidatedmsgr.com","Send","{""AppAccessContext"":{""AADSessionId"":""6221db44-b1b2-4f77-8b47-77bff877410b"",""APIId"":""1fe87f9e-7a06-4f34-872f-efb4be6fb916"",""ClientAppId"":""de7d7402-70c8-4e5e-8a00-fa48659038c2"",""IssuedAtTime"":""2025-12-17T15:55:35"",""UniqueTokenId"":""vhycqTMRBkmPJYl0ZEglAA""},""CreationTime"":""2025-12-17T16:27:43"",""Id"":""322621f9-e99d-4ed0-8a05-64e893e35279"",""Operation"":""Send"",""OrganizationId"":""9fc57536-e8d3-4117-8537-fc27bc714352"",""RecordType"":2,""ResultStatus"":""Succeeded"",""UserKey"":""100320034F35348A"",""UserType"":0,""Version"":1,""Workload"":""Exchange"",""ClientIP"":""2600:1f18:5c9a:a468:8241:17f9:1526:6a4d"",""UserId"":""gutierrez2@consolidatedmsgr.com"",""AppId"":""de7d7402-70c8-4e5e-8a00-fa48659038c2"",""AuthType"":""Bearer"",""ClientAppId"":""de7d7402-70c8-4e5e-8a00-fa48659038c2"",""ClientIPAddress"":""2600:1f18:5c9a:a468:8241:17f9:1526:6a4d"",""ClientInfoString"":""Client=OWA;Action=ViaProxy"",""ExternalAccess"":false,""HostAppId"":""1fe87f9e-7a06-4f34-872f-efb4be6fb916"",""InternalLogonType"":0,""LogonType"":0,""LogonUserSid"":""S-1-5-21-3421515247-1784439087-2623626124-887996"",""MailboxGuid"":""c0f08483-4e52-46e0-899d-322f8d8f0310"",""MailboxOwnerSid"":""S-1-5-21-3421515247-1784439087-2623626124-887996"",""MailboxOwnerUPN"":""gutierrez2@consolidatedmsgr.com"",""OrganizationName"":""consolidatedmsgr.onmicrosoft.com"",""OriginatingServer"":""LAB60XX8701MB913 (15.20.4200.000)\r\n"",""TokenObjectId"":""f9a62fe7-59eb-467a-848b-b0f4588e5386"",""TokenTenantId"":""9fc57536-e8d3-4117-8537-fc27bc714352"",""TokenType"":""V1AppActAs"",""Item"":{""Attachments"":""Outlook-A logo for (44209b)"",""Id"":""LgAAAAAdhAMRqmYRzZvIAKoAL8RaDQBPFRB7aFbgTYJ0U+olHj1gAAGp54XyAAAJ"",""ImmutableId"":""LgAAAAAdhAMRqmYRzZvIAKoAL8RaDQBPFRB7aFbgTYJ0U+olHj1gAAGp54XyAAAJ"",""InternetMessageId"":""<flores2@mn2pr06mb5981.namprd06.prod.outlook.com>"",""ParentFolder"":{""Id"":""LgAAAAB5LAfwTBU\/RaiC9YJ7b37EAQBPFRB7aFbgTYJ0U+olHj1gAAAAAAEPAAAB"",""Path"":""\\Drafts""},""SizeInBytes"":130956,""Subject"":""Consolidatedmsgr""},""SaveToSentItems"":true}","139","214","322621f9-e99d-4ed0-8a05-64e893e35279","True","Unchanged"
"ExchangeItem","2025-12-17 16:27:04","gutierrez2@consolidatedmsgr.com","Send","{""AppAccessContext"":{""AADSessionId"":""6221db44-b1b2-4f77-8b47-77bff877410b"",""APIId"":""1fe87f9e-7a06-4f34-872f-efb4be6fb916"",""ClientAppId"":""de7d7402-70c8-4e5e-8a00-fa48659038c2"",""IssuedAtTime"":""2025-12-17T15:55:35"",""UniqueTokenId"":""vhycqTMRBkmPJYl0ZEglAA""},""CreationTime"":""2025-12-17T16:27:04"",""Id"":""b5f9ad44-c8e1-46f3-827f-6d360fa27e69"",""Operation"":""Send"",""OrganizationId"":""9fc57536-e8d3-4117-8537-fc27bc714352"",""RecordType"":2,""ResultStatus"":""Succeeded"",""UserKey"":""100320034F35348A"",""UserType"":0,""Version"":1,""Workload"":""Exchange"",""ClientIP"":""2600:1f18:5c9a:a468:8241:17f9:1526:6a4d"",""UserId"":""gutierrez2@consolidatedmsgr.com"",""AppId"":""de7d7402-70c8-4e5e-8a00-fa48659038c2"",""AuthType"":""Bearer"",""ClientAppId"":""de7d7402-70c8-4e5e-8a00-fa48659038c2"",""ClientIPAddress"":""2600:1f18:5c9a:a468:8241:17f9:1526:6a4d"",""ClientInfoString"":""Client=OWA;Mozilla\/5.0 (Windows NT 10.0; Win64; x64) AppleWebKit\/537.36 (KHTML, like Gecko) Chrome\/142.0.0.206 Safari\/537.36;"",""ExternalAccess"":false,""HostAppId"":""1fe87f9e-7a06-4f34-872f-efb4be6fb916"",""InternalLogonType"":0,""LogonType"":0,""LogonUserSid"":""S-1-5-21-3421515247-1784439087-2623626124-887996"",""MailboxGuid"":""c0f08483-4e52-46e0-899d-322f8d8f0310"",""MailboxOwnerSid"":""S-1-5-21-3421515247-1784439087-2623626124-887996"",""MailboxOwnerUPN"":""gutierrez2@consolidatedmsgr.com"",""OrganizationName"":""consolidatedmsgr.onmicrosoft.com"",""OriginatingServer"":""LAB60XX8701MB913 (15.20.4200.000)\r\n"",""TokenObjectId"":""f9a62fe7-59eb-467a-848b-b0f4588e5386"",""TokenTenantId"":""9fc57536-e8d3-4117-8537-fc27bc714352"",""TokenType"":""V1AppActAs"",""Item"":{""Attachments"":""Outlook-A logo for (44209b)"",""Id"":""LgAAAAAdhAMRqmYRzZvIAKoAL8RaDQBPFRB7aFbgTYJ0U+olHj1gAAGp53IYAAAJ"",""ImmutableId"":""LgAAAAAdhAMRqmYRzZvIAKoAL8RaDQBPFRB7aFbgTYJ0U+olHj1gAAGp53IYAAAJ"",""InternetMessageId"":""<donna4@mn2pr06mb5981.namprd06.prod.outlook.com>"",""ParentFolder"":{""Id"":""LgAAAAB5LAfwTBU\/RaiC9YJ7b37EAQBPFRB7aFbgTYJ0U+olHj1gAAAAAAEPAAAB"",""Path"":""\\Drafts""},""SizeInBytes"":130252,""Subject"":""Consolidatedmsgr""},""SaveToSentItems"":true}","140","214","b5f9ad44-c8e1-46f3-827f-6d360fa27e69","True","Unchanged"
"ExchangeItem","2025-12-17 16:27:40","gutierrez2@consolidatedmsgr.com","Send","{""AppAccessContext"":{""AADSessionId"":""6221db44-b1b2-4f77-8b47-77bff877410b"",""APIId"":""1fe87f9e-7a06-4f34-872f-efb4be6fb916"",""ClientAppId"":""de7d7402-70c8-4e5e-8a00-fa48659038c2"",""IssuedAtTime"":""2025-12-17T15:55:35"",""UniqueTokenId"":""vhycqTMRBkmPJYl0ZEglAA""},""CreationTime"":""2025-12-17T16:27:40"",""Id"":""76ca4515-d3ab-49cd-809f-7a708e1e6509"",""Operation"":""Send"",""OrganizationId"":""9fc57536-e8d3-4117-8537-fc27bc714352"",""RecordType"":2,""ResultStatus"":""Succeeded"",""UserKey"":""100320034F35348A"",""UserType"":0,""Version"":1,""Workload"":""Exchange"",""ClientIP"":""2600:1f18:5c9a:a468:8241:17f9:1526:6a4d"",""UserId"":""gutierrez2@consolidatedmsgr.com"",""AppId"":""de7d7402-70c8-4e5e-8a00-fa48659038c2"",""AuthType"":""Bearer"",""ClientAppId"":""de7d7402-70c8-4e5e-8a00-fa48659038c2"",""ClientIPAddress"":""2600:1f18:5c9a:a468:8241:17f9:1526:6a4d"",""ClientInfoString"":""Client=OWA;Mozilla\/5.0 (Windows NT 10.0; Win64; x64) AppleWebKit\/537.36 (KHTML, like Gecko) Chrome\/142.0.0.206 Safari\/537.36;"",""ExternalAccess"":false,""HostAppId"":""1fe87f9e-7a06-4f34-872f-efb4be6fb916"",""InternalLogonType"":0,""LogonType"":0,""LogonUserSid"":""S-1-5-21-3421515247-1784439087-2623626124-887996"",""MailboxGuid"":""c0f08483-4e52-46e0-899d-322f8d8f0310"",""MailboxOwnerSid"":""S-1-5-21-3421515247-1784439087-2623626124-887996"",""MailboxOwnerUPN"":""gutierrez2@consolidatedmsgr.com"",""OrganizationName"":""consolidatedmsgr.onmicrosoft.com"",""OriginatingServer"":""LAB60XX8701MB913 (15.20.4200.000)\r\n"",""TokenObjectId"":""f9a62fe7-59eb-467a-848b-b0f4588e5386"",""TokenTenantId"":""9fc57536-e8d3-4117-8537-fc27bc714352"",""TokenType"":""V1AppActAs"",""Item"":{""Attachments"":""Outlook-A logo for (44209b)"",""Id"":""LgAAAAAdhAMRqmYRzZvIAKoAL8RaDQBPFRB7aFbgTYJ0U+olHj1gAAGp54XvAAAJ"",""ImmutableId"":""LgAAAAAdhAMRqmYRzZvIAKoAL8RaDQBPFRB7aFbgTYJ0U+olHj1gAAGp54XvAAAJ"",""InternetMessageId"":""<janet4@mn2pr06mb5981.namprd06.prod.outlook.com>"",""ParentFolder"":{""Id"":""LgAAAAB5LAfwTBU\/RaiC9YJ7b37EAQBPFRB7aFbgTYJ0U+olHj1gAAAAAAEPAAAB"",""Path"":""\\Drafts""},""SizeInBytes"":132875,""Subject"":""Consolidatedmsgr""},""SaveToSentItems"":true}","141","214","76ca4515-d3ab-49cd-809f-7a708e1e6509","True","Unchanged"
"ExchangeItem","2025-12-17 16:27:22","gutierrez2@consolidatedmsgr.com","Send","{""AppAccessContext"":{""AADSessionId"":""6221db44-b1b2-4f77-8b47-77bff877410b"",""APIId"":""1fe87f9e-7a06-4f34-872f-efb4be6fb916"",""ClientAppId"":""de7d7402-70c8-4e5e-8a00-fa48659038c2"",""IssuedAtTime"":""2025-12-17T15:55:35"",""UniqueTokenId"":""vhycqTMRBkmPJYl0ZEglAA""},""CreationTime"":""2025-12-17T16:27:22"",""Id"":""8d66ad8d-d34c-46fb-8c76-841f58cb4247"",""Operation"":""Send"",""OrganizationId"":""9fc57536-e8d3-4117-8537-fc27bc714352"",""RecordType"":2,""ResultStatus"":""Succeeded"",""UserKey"":""100320034F35348A"",""UserType"":0,""Version"":1,""Workload"":""Exchange"",""ClientIP"":""2600:1f18:5c9a:a468:8241:17f9:1526:6a4d"",""UserId"":""gutierrez2@consolidatedmsgr.com"",""AppId"":""de7d7402-70c8-4e5e-8a00-fa48659038c2"",""AuthType"":""Bearer"",""ClientAppId"":""de7d7402-70c8-4e5e-8a00-fa48659038c2"",""ClientIPAddress"":""2600:1f18:5c9a:a468:8241:17f9:1526:6a4d"",""ClientInfoString"":""Client=OWA;Action=ViaProxy"",""ExternalAccess"":false,""HostAppId"":""1fe87f9e-7a06-4f34-872f-efb4be6fb916"",""InternalLogonType"":0,""LogonType"":0,""LogonUserSid"":""S-1-5-21-3421515247-1784439087-2623626124-887996"",""MailboxGuid"":""c0f08483-4e52-46e0-899d-322f8d8f0310"",""MailboxOwnerSid"":""S-1-5-21-3421515247-1784439087-2623626124-887996"",""MailboxOwnerUPN"":""gutierrez2@consolidatedmsgr.com"",""OrganizationName"":""consolidatedmsgr.onmicrosoft.com"",""OriginatingServer"":""LAB60XX8701MB913 (15.20.4200.000)\r\n"",""TokenObjectId"":""f9a62fe7-59eb-467a-848b-b0f4588e5386"",""TokenTenantId"":""9fc57536-e8d3-4117-8537-fc27bc714352"",""TokenType"":""V1AppActAs"",""Item"":{""Attachments"":""Outlook-A logo for (44209b)"",""Id"":""LgAAAAAdhAMRqmYRzZvIAKoAL8RaDQBPFRB7aFbgTYJ0U+olHj1gAAGp54YAAAAJ"",""ImmutableId"":""LgAAAAAdhAMRqmYRzZvIAKoAL8RaDQBPFRB7aFbgTYJ0U+olHj1gAAGp54YAAAAJ"",""InternetMessageId"":""<rachel5@mn2pr06mb5981.namprd06.prod.outlook.com>"",""ParentFolder"":{""Id"":""LgAAAAB5LAfwTBU\/RaiC9YJ7b37EAQBPFRB7aFbgTYJ0U+olHj1gAAAAAAEPAAAB"",""Path"":""\\Drafts""},""SizeInBytes"":130185,""Subject"":""Consolidatedmsgr""},""SaveToSentItems"":true}","142","214","8d66ad8d-d34c-46fb-8c76-841f58cb4247","True","Unchanged"
"ExchangeItem","2025-12-17 16:26:07","gutierrez2@consolidatedmsgr.com","Create","{""AppAccessContext"":{""AADSessionId"":""6221db44-b1b2-4f77-8b47-77bff877410b"",""APIId"":""1fe87f9e-7a06-4f34-872f-efb4be6fb916"",""ClientAppId"":""de7d7402-70c8-4e5e-8a00-fa48659038c2"",""IssuedAtTime"":""2025-12-17T15:55:35"",""UniqueTokenId"":""vhycqTMRBkmPJYl0ZEglAA""},""CreationTime"":""2025-12-17T16:26:07"",""Id"":""c13c62a4-900e-4d70-8d2f-ac91399cd61d"",""Operation"":""Create"",""OrganizationId"":""9fc57536-e8d3-4117-8537-fc27bc714352"",""RecordType"":2,""ResultStatus"":""Succeeded"",""UserKey"":""100320034F35348A"",""UserType"":0,""Version"":1,""Workload"":""Exchange"",""ClientIP"":""2600:1f18:5c9a:a468:8241:17f9:1526:6a4d"",""UserId"":""gutierrez2@consolidatedmsgr.com"",""AppId"":""de7d7402-70c8-4e5e-8a00-fa48659038c2"",""AuthType"":""Bearer"",""ClientAppId"":""de7d7402-70c8-4e5e-8a00-fa48659038c2"",""ClientIPAddress"":""2600:1f18:5c9a:a468:8241:17f9:1526:6a4d"",""ClientInfoString"":""Client=OWA;Mozilla\/5.0 (Windows NT 10.0; Win64; x64) AppleWebKit\/537.36 (KHTML, like Gecko) Chrome\/142.0.0.206 Safari\/537.36;"",""ExternalAccess"":false,""HostAppId"":""1fe87f9e-7a06-4f34-872f-efb4be6fb916"",""InternalLogonType"":0,""LogonType"":0,""LogonUserSid"":""S-1-5-21-3421515247-1784439087-2623626124-887996"",""MailboxGuid"":""c0f08483-4e52-46e0-899d-322f8d8f0310"",""MailboxOwnerSid"":""S-1-5-21-3421515247-1784439087-2623626124-887996"",""MailboxOwnerUPN"":""gutierrez2@consolidatedmsgr.com"",""OrganizationName"":""consolidatedmsgr.onmicrosoft.com"",""OriginatingServer"":""LAB60XX8701MB913 (15.20.4200.000)\r\n"",""TokenObjectId"":""f9a62fe7-59eb-467a-848b-b0f4588e5386"",""TokenTenantId"":""9fc57536-e8d3-4117-8537-fc27bc714352"",""TokenType"":""V1AppActAs"",""Item"":{""Attachments"":""Outlook-A logo for (44209b)"",""Id"":""LgAAAAAdhAMRqmYRzZvIAKoAL8RaDQBPFRB7aFbgTYJ0U+olHj1gAAGp54pDAAAJ"",""ImmutableId"":""LgAAAAAdhAMRqmYRzZvIAKoAL8RaDQBPFRB7aFbgTYJ0U+olHj1gAAGp54pDAAAJ"",""InternetMessageId"":""<perry2@mn2pr06mb5981.namprd06.prod.outlook.com>"",""IsRecord"":false,""ParentFolder"":{""Id"":""LgAAAAB5LAfwTBU\/RaiC9YJ7b37EAQBPFRB7aFbgTYJ0U+olHj1gAAAAAAEPAAAB"",""Path"":""\\Drafts""},""SizeInBytes"":51870,""Subject"":""Consolidatedmsgr""}}","143","214","c13c62a4-900e-4d70-8d2f-ac91399cd61d","True","Unchanged"
"ExchangeItem","2025-12-17 16:27:12","gutierrez2@consolidatedmsgr.com","Send","{""AppAccessContext"":{""AADSessionId"":""6221db44-b1b2-4f77-8b47-77bff877410b"",""APIId"":""1fe87f9e-7a06-4f34-872f-efb4be6fb916"",""ClientAppId"":""de7d7402-70c8-4e5e-8a00-fa48659038c2"",""IssuedAtTime"":""2025-12-17T15:55:35"",""UniqueTokenId"":""vhycqTMRBkmPJYl0ZEglAA""},""CreationTime"":""2025-12-17T16:27:12"",""Id"":""c52c45a8-e59f-4c36-8330-a1165f680ad3"",""Operation"":""Send"",""OrganizationId"":""9fc57536-e8d3-4117-8537-fc27bc714352"",""RecordType"":2,""ResultStatus"":""Succeeded"",""UserKey"":""100320034F35348A"",""UserType"":0,""Version"":1,""Workload"":""Exchange"",""ClientIP"":""2600:1f18:5c9a:a468:8241:17f9:1526:6a4d"",""UserId"":""gutierrez2@consolidatedmsgr.com"",""AppId"":""de7d7402-70c8-4e5e-8a00-fa48659038c2"",""AuthType"":""Bearer"",""ClientAppId"":""de7d7402-70c8-4e5e-8a00-fa48659038c2"",""ClientIPAddress"":""2600:1f18:5c9a:a468:8241:17f9:1526:6a4d"",""ClientInfoString"":""Client=OWA;Mozilla\/5.0 (Windows NT 10.0; Win64; x64) AppleWebKit\/537.36 (KHTML, like Gecko) Chrome\/142.0.0.206 Safari\/537.36;"",""ExternalAccess"":false,""HostAppId"":""1fe87f9e-7a06-4f34-872f-efb4be6fb916"",""InternalLogonType"":0,""LogonType"":0,""LogonUserSid"":""S-1-5-21-3421515247-1784439087-2623626124-887996"",""MailboxGuid"":""c0f08483-4e52-46e0-899d-322f8d8f0310"",""MailboxOwnerSid"":""S-1-5-21-3421515247-1784439087-2623626124-887996"",""MailboxOwnerUPN"":""gutierrez2@consolidatedmsgr.com"",""OrganizationName"":""consolidatedmsgr.onmicrosoft.com"",""OriginatingServer"":""LAB60XX8701MB913 (15.20.4200.000)\r\n"",""TokenObjectId"":""f9a62fe7-59eb-467a-848b-b0f4588e5386"",""TokenTenantId"":""9fc57536-e8d3-4117-8537-fc27bc714352"",""TokenType"":""V1AppActAs"",""Item"":{""Attachments"":""Outlook-A logo for (44209b)"",""Id"":""LgAAAAAdhAMRqmYRzZvIAKoAL8RaDQBPFRB7aFbgTYJ0U+olHj1gAAGp53oFAAAJ"",""ImmutableId"":""LgAAAAAdhAMRqmYRzZvIAKoAL8RaDQBPFRB7aFbgTYJ0U+olHj1gAAGp53oFAAAJ"",""InternetMessageId"":""<campbell2@mn2pr06mb5981.namprd06.prod.outlook.com>"",""ParentFolder"":{""Id"":""LgAAAAB5LAfwTBU\/RaiC9YJ7b37EAQBPFRB7aFbgTYJ0U+olHj1gAAAAAAEPAAAB"",""Path"":""\\Drafts""},""SizeInBytes"":129075,""Subject"":""Consolidatedmsgr""},""SaveToSentItems"":true}","144","214","c52c45a8-e59f-4c36-8330-a1165f680ad3","True","Unchanged"
"ExchangeItem","2025-12-17 16:27:09","gutierrez2@consolidatedmsgr.com","Send","{""AppAccessContext"":{""AADSessionId"":""6221db44-b1b2-4f77-8b47-77bff877410b"",""APIId"":""1fe87f9e-7a06-4f34-872f-efb4be6fb916"",""ClientAppId"":""de7d7402-70c8-4e5e-8a00-fa48659038c2"",""IssuedAtTime"":""2025-12-17T15:55:35"",""UniqueTokenId"":""vhycqTMRBkmPJYl0ZEglAA""},""CreationTime"":""2025-12-17T16:27:09"",""Id"":""1a08b223-32d0-4356-8220-19c764187c05"",""Operation"":""Send"",""OrganizationId"":""9fc57536-e8d3-4117-8537-fc27bc714352"",""RecordType"":2,""ResultStatus"":""Succeeded"",""UserKey"":""100320034F35348A"",""UserType"":0,""Version"":1,""Workload"":""Exchange"",""ClientIP"":""2600:1f18:5c9a:a468:8241:17f9:1526:6a4d"",""UserId"":""gutierrez2@consolidatedmsgr.com"",""AppId"":""de7d7402-70c8-4e5e-8a00-fa48659038c2"",""AuthType"":""Bearer"",""ClientAppId"":""de7d7402-70c8-4e5e-8a00-fa48659038c2"",""ClientIPAddress"":""2600:1f18:5c9a:a468:8241:17f9:1526:6a4d"",""ClientInfoString"":""Client=OWA;Action=ViaProxy"",""ExternalAccess"":false,""HostAppId"":""1fe87f9e-7a06-4f34-872f-efb4be6fb916"",""InternalLogonType"":0,""LogonType"":0,""LogonUserSid"":""S-1-5-21-3421515247-1784439087-2623626124-887996"",""MailboxGuid"":""c0f08483-4e52-46e0-899d-322f8d8f0310"",""MailboxOwnerSid"":""S-1-5-21-3421515247-1784439087-2623626124-887996"",""MailboxOwnerUPN"":""gutierrez2@consolidatedmsgr.com"",""OrganizationName"":""consolidatedmsgr.onmicrosoft.com"",""OriginatingServer"":""LAB60XX8701MB913 (15.20.4200.000)\r\n"",""TokenObjectId"":""f9a62fe7-59eb-467a-848b-b0f4588e5386"",""TokenTenantId"":""9fc57536-e8d3-4117-8537-fc27bc714352"",""TokenType"":""V1AppActAs"",""Item"":{""Attachments"":""Outlook-A logo for (44209b)"",""Id"":""LgAAAAAdhAMRqmYRzZvIAKoAL8RaDQBPFRB7aFbgTYJ0U+olHj1gAAGp53oCAAAJ"",""ImmutableId"":""LgAAAAAdhAMRqmYRzZvIAKoAL8RaDQBPFRB7aFbgTYJ0U+olHj1gAAGp53oCAAAJ"",""InternetMessageId"":""<steven2@mn2pr06mb5981.namprd06.prod.outlook.com>"",""ParentFolder"":{""Id"":""LgAAAAB5LAfwTBU\/RaiC9YJ7b37EAQBPFRB7aFbgTYJ0U+olHj1gAAAAAAEPAAAB"",""Path"":""\\Drafts""},""SizeInBytes"":127133,""Subject"":""Consolidatedmsgr""},""SaveToSentItems"":true}","145","214","1a08b223-32d0-4356-8220-19c764187c05","True","Unchanged"
"ExchangeItem","2025-12-17 16:27:14","gutierrez2@consolidatedmsgr.com","Send","{""AppAccessContext"":{""AADSessionId"":""6221db44-b1b2-4f77-8b47-77bff877410b"",""APIId"":""1fe87f9e-7a06-4f34-872f-efb4be6fb916"",""ClientAppId"":""de7d7402-70c8-4e5e-8a00-fa48659038c2"",""IssuedAtTime"":""2025-12-17T15:55:35"",""UniqueTokenId"":""vhycqTMRBkmPJYl0ZEglAA""},""CreationTime"":""2025-12-17T16:27:14"",""Id"":""93dcabdd-6bcd-46f9-88b6-87558c4f3da5"",""Operation"":""Send"",""OrganizationId"":""9fc57536-e8d3-4117-8537-fc27bc714352"",""RecordType"":2,""ResultStatus"":""Succeeded"",""UserKey"":""100320034F35348A"",""UserType"":0,""Version"":1,""Workload"":""Exchange"",""ClientIP"":""2600:1f18:5c9a:a468:8241:17f9:1526:6a4d"",""UserId"":""gutierrez2@consolidatedmsgr.com"",""AppId"":""de7d7402-70c8-4e5e-8a00-fa48659038c2"",""AuthType"":""Bearer"",""ClientAppId"":""de7d7402-70c8-4e5e-8a00-fa48659038c2"",""ClientIPAddress"":""2600:1f18:5c9a:a468:8241:17f9:1526:6a4d"",""ClientInfoString"":""Client=OWA;Action=ViaProxy"",""ExternalAccess"":false,""HostAppId"":""1fe87f9e-7a06-4f34-872f-efb4be6fb916"",""InternalLogonType"":0,""LogonType"":0,""LogonUserSid"":""S-1-5-21-3421515247-1784439087-2623626124-887996"",""MailboxGuid"":""c0f08483-4e52-46e0-899d-322f8d8f0310"",""MailboxOwnerSid"":""S-1-5-21-3421515247-1784439087-2623626124-887996"",""MailboxOwnerUPN"":""gutierrez2@consolidatedmsgr.com"",""OrganizationName"":""consolidatedmsgr.onmicrosoft.com"",""OriginatingServer"":""LAB60XX8701MB913 (15.20.4200.000)\r\n"",""TokenObjectId"":""f9a62fe7-59eb-467a-848b-b0f4588e5386"",""TokenTenantId"":""9fc57536-e8d3-4117-8537-fc27bc714352"",""TokenType"":""V1AppActAs"",""Item"":{""Attachments"":""Outlook-A logo for (44209b)"",""Id"":""LgAAAAAdhAMRqmYRzZvIAKoAL8RaDQBPFRB7aFbgTYJ0U+olHj1gAAGp53oMAAAJ"",""ImmutableId"":""LgAAAAAdhAMRqmYRzZvIAKoAL8RaDQBPFRB7aFbgTYJ0U+olHj1gAAGp53oMAAAJ"",""InternetMessageId"":""<susan3@mn2pr06mb5981.namprd06.prod.outlook.com>"",""ParentFolder"":{""Id"":""LgAAAAB5LAfwTBU\/RaiC9YJ7b37EAQBPFRB7aFbgTYJ0U+olHj1gAAAAAAEPAAAB"",""Path"":""\\Drafts""},""SizeInBytes"":127569,""Subject"":""Consolidatedmsgr""},""SaveToSentItems"":true}","146","214","93dcabdd-6bcd-46f9-88b6-87558c4f3da5","True","Unchanged"
"ExchangeItem","2025-12-17 16:27:07","gutierrez2@consolidatedmsgr.com","Send","{""AppAccessContext"":{""AADSessionId"":""6221db44-b1b2-4f77-8b47-77bff877410b"",""APIId"":""1fe87f9e-7a06-4f34-872f-efb4be6fb916"",""ClientAppId"":""de7d7402-70c8-4e5e-8a00-fa48659038c2"",""IssuedAtTime"":""2025-12-17T15:55:35"",""UniqueTokenId"":""vhycqTMRBkmPJYl0ZEglAA""},""CreationTime"":""2025-12-17T16:27:07"",""Id"":""0f5452e9-09c5-4e09-8a2b-c7c418b067d3"",""Operation"":""Send"",""OrganizationId"":""9fc57536-e8d3-4117-8537-fc27bc714352"",""RecordType"":2,""ResultStatus"":""Succeeded"",""UserKey"":""100320034F35348A"",""UserType"":0,""Version"":1,""Workload"":""Exchange"",""ClientIP"":""2600:1f18:5c9a:a468:8241:17f9:1526:6a4d"",""UserId"":""gutierrez2@consolidatedmsgr.com"",""AppId"":""de7d7402-70c8-4e5e-8a00-fa48659038c2"",""AuthType"":""Bearer"",""ClientAppId"":""de7d7402-70c8-4e5e-8a00-fa48659038c2"",""ClientIPAddress"":""2600:1f18:5c9a:a468:8241:17f9:1526:6a4d"",""ClientInfoString"":""Client=OWA;Mozilla\/5.0 (Windows NT 10.0; Win64; x64) AppleWebKit\/537.36 (KHTML, like Gecko) Chrome\/142.0.0.206 Safari\/537.36;"",""ExternalAccess"":false,""HostAppId"":""1fe87f9e-7a06-4f34-872f-efb4be6fb916"",""InternalLogonType"":0,""LogonType"":0,""LogonUserSid"":""S-1-5-21-3421515247-1784439087-2623626124-887996"",""MailboxGuid"":""c0f08483-4e52-46e0-899d-322f8d8f0310"",""MailboxOwnerSid"":""S-1-5-21-3421515247-1784439087-2623626124-887996"",""MailboxOwnerUPN"":""gutierrez2@consolidatedmsgr.com"",""OrganizationName"":""consolidatedmsgr.onmicrosoft.com"",""OriginatingServer"":""LAB60XX8701MB913 (15.20.4200.000)\r\n"",""TokenObjectId"":""f9a62fe7-59eb-467a-848b-b0f4588e5386"",""TokenTenantId"":""9fc57536-e8d3-4117-8537-fc27bc714352"",""TokenType"":""V1AppActAs"",""Item"":{""Attachments"":""Outlook-A logo for (44209b)"",""Id"":""LgAAAAAdhAMRqmYRzZvIAKoAL8RaDQBPFRB7aFbgTYJ0U+olHj1gAAGp53YKAAAJ"",""ImmutableId"":""LgAAAAAdhAMRqmYRzZvIAKoAL8RaDQBPFRB7aFbgTYJ0U+olHj1gAAGp53YKAAAJ"",""InternetMessageId"":""<jason5@mn2pr06mb5981.namprd06.prod.outlook.com>"",""ParentFolder"":{""Id"":""LgAAAAB5LAfwTBU\/RaiC9YJ7b37EAQBPFRB7aFbgTYJ0U+olHj1gAAAAAAEPAAAB"",""Path"":""\\Drafts""},""SizeInBytes"":132518,""Subject"":""Consolidatedmsgr""},""SaveToSentItems"":true}","147","214","0f5452e9-09c5-4e09-8a2b-c7c418b067d3","True","Unchanged"
"ExchangeItem","2025-12-17 16:27:05","gutierrez2@consolidatedmsgr.com","Send","{""AppAccessContext"":{""AADSessionId"":""6221db44-b1b2-4f77-8b47-77bff877410b"",""APIId"":""1fe87f9e-7a06-4f34-872f-efb4be6fb916"",""ClientAppId"":""de7d7402-70c8-4e5e-8a00-fa48659038c2"",""IssuedAtTime"":""2025-12-17T15:55:35"",""UniqueTokenId"":""vhycqTMRBkmPJYl0ZEglAA""},""CreationTime"":""2025-12-17T16:27:05"",""Id"":""d8f3b772-49ed-4639-8ffb-748dbbb3a49f"",""Operation"":""Send"",""OrganizationId"":""9fc57536-e8d3-4117-8537-fc27bc714352"",""RecordType"":2,""ResultStatus"":""Succeeded"",""UserKey"":""100320034F35348A"",""UserType"":0,""Version"":1,""Workload"":""Exchange"",""ClientIP"":""2600:1f18:5c9a:a468:8241:17f9:1526:6a4d"",""UserId"":""gutierrez2@consolidatedmsgr.com"",""AppId"":""de7d7402-70c8-4e5e-8a00-fa48659038c2"",""AuthType"":""Bearer"",""ClientAppId"":""de7d7402-70c8-4e5e-8a00-fa48659038c2"",""ClientIPAddress"":""2600:1f18:5c9a:a468:8241:17f9:1526:6a4d"",""ClientInfoString"":""Client=OWA;Action=ViaProxy"",""ExternalAccess"":false,""HostAppId"":""1fe87f9e-7a06-4f34-872f-efb4be6fb916"",""InternalLogonType"":0,""LogonType"":0,""LogonUserSid"":""S-1-5-21-3421515247-1784439087-2623626124-887996"",""MailboxGuid"":""c0f08483-4e52-46e0-899d-322f8d8f0310"",""MailboxOwnerSid"":""S-1-5-21-3421515247-1784439087-2623626124-887996"",""MailboxOwnerUPN"":""gutierrez2@consolidatedmsgr.com"",""OrganizationName"":""consolidatedmsgr.onmicrosoft.com"",""OriginatingServer"":""LAB60XX8701MB913 (15.20.4200.000)\r\n"",""TokenObjectId"":""f9a62fe7-59eb-467a-848b-b0f4588e5386"",""TokenTenantId"":""9fc57536-e8d3-4117-8537-fc27bc714352"",""TokenType"":""V1AppActAs"",""Item"":{""Attachments"":""Outlook-A logo for (44209b)"",""Id"":""LgAAAAAdhAMRqmYRzZvIAKoAL8RaDQBPFRB7aFbgTYJ0U+olHj1gAAGp53YQAAAJ"",""ImmutableId"":""LgAAAAAdhAMRqmYRzZvIAKoAL8RaDQBPFRB7aFbgTYJ0U+olHj1gAAGp53YQAAAJ"",""InternetMessageId"":""<jenkins2@mn2pr06mb5981.namprd06.prod.outlook.com>"",""ParentFolder"":{""Id"":""LgAAAAB5LAfwTBU\/RaiC9YJ7b37EAQBPFRB7aFbgTYJ0U+olHj1gAAAAAAEPAAAB"",""Path"":""\\Drafts""},""SizeInBytes"":129465,""Subject"":""Consolidatedmsgr""},""SaveToSentItems"":true}","148","214","d8f3b772-49ed-4639-8ffb-748dbbb3a49f","True","Unchanged"
"ExchangeItem","2025-12-17 16:27:25","gutierrez2@consolidatedmsgr.com","Send","{""AppAccessContext"":{""AADSessionId"":""6221db44-b1b2-4f77-8b47-77bff877410b"",""APIId"":""1fe87f9e-7a06-4f34-872f-efb4be6fb916"",""ClientAppId"":""de7d7402-70c8-4e5e-8a00-fa48659038c2"",""IssuedAtTime"":""2025-12-17T15:55:35"",""UniqueTokenId"":""vhycqTMRBkmPJYl0ZEglAA""},""CreationTime"":""2025-12-17T16:27:25"",""Id"":""103ad0f4-7aca-45ee-8991-094fc58ab971"",""Operation"":""Send"",""OrganizationId"":""9fc57536-e8d3-4117-8537-fc27bc714352"",""RecordType"":2,""ResultStatus"":""Succeeded"",""UserKey"":""100320034F35348A"",""UserType"":0,""Version"":1,""Workload"":""Exchange"",""ClientIP"":""2600:1f18:5c9a:a468:8241:17f9:1526:6a4d"",""UserId"":""gutierrez2@consolidatedmsgr.com"",""AppId"":""de7d7402-70c8-4e5e-8a00-fa48659038c2"",""AuthType"":""Bearer"",""ClientAppId"":""de7d7402-70c8-4e5e-8a00-fa48659038c2"",""ClientIPAddress"":""2600:1f18:5c9a:a468:8241:17f9:1526:6a4d"",""ClientInfoString"":""Client=OWA;Action=ViaProxy"",""ExternalAccess"":false,""HostAppId"":""1fe87f9e-7a06-4f34-872f-efb4be6fb916"",""InternalLogonType"":0,""LogonType"":0,""LogonUserSid"":""S-1-5-21-3421515247-1784439087-2623626124-887996"",""MailboxGuid"":""c0f08483-4e52-46e0-899d-322f8d8f0310"",""MailboxOwnerSid"":""S-1-5-21-3421515247-1784439087-2623626124-887996"",""MailboxOwnerUPN"":""gutierrez2@consolidatedmsgr.com"",""OrganizationName"":""consolidatedmsgr.onmicrosoft.com"",""OriginatingServer"":""LAB60XX8701MB913 (15.20.4200.000)\r\n"",""TokenObjectId"":""f9a62fe7-59eb-467a-848b-b0f4588e5386"",""TokenTenantId"":""9fc57536-e8d3-4117-8537-fc27bc714352"",""TokenType"":""V1AppActAs"",""Item"":{""Attachments"":""Outlook-A logo for (44209b)"",""Id"":""LgAAAAAdhAMRqmYRzZvIAKoAL8RaDQBPFRB7aFbgTYJ0U+olHj1gAAGp54H4AAAJ"",""ImmutableId"":""LgAAAAAdhAMRqmYRzZvIAKoAL8RaDQBPFRB7aFbgTYJ0U+olHj1gAAGp54H4AAAJ"",""InternetMessageId"":""<bennett5@mn2pr06mb5981.namprd06.prod.outlook.com>"",""ParentFolder"":{""Id"":""LgAAAAB5LAfwTBU\/RaiC9YJ7b37EAQBPFRB7aFbgTYJ0U+olHj1gAAAAAAEPAAAB"",""Path"":""\\Drafts""},""SizeInBytes"":118993,""Subject"":""Consolidatedmsgr""},""SaveToSentItems"":true}","149","214","103ad0f4-7aca-45ee-8991-094fc58ab971","True","Unchanged"
"ExchangeItem","2025-12-17 16:27:01","gutierrez2@consolidatedmsgr.com","Send","{""AppAccessContext"":{""AADSessionId"":""6221db44-b1b2-4f77-8b47-77bff877410b"",""APIId"":""1fe87f9e-7a06-4f34-872f-efb4be6fb916"",""ClientAppId"":""de7d7402-70c8-4e5e-8a00-fa48659038c2"",""IssuedAtTime"":""2025-12-17T15:55:35"",""UniqueTokenId"":""vhycqTMRBkmPJYl0ZEglAA""},""CreationTime"":""2025-12-17T16:27:01"",""Id"":""70adffdd-21c4-48e7-8163-a02ffdba2137"",""Operation"":""Send"",""OrganizationId"":""9fc57536-e8d3-4117-8537-fc27bc714352"",""RecordType"":2,""ResultStatus"":""Succeeded"",""UserKey"":""100320034F35348A"",""UserType"":0,""Version"":1,""Workload"":""Exchange"",""ClientIP"":""2600:1f18:5c9a:a468:8241:17f9:1526:6a4d"",""UserId"":""gutierrez2@consolidatedmsgr.com"",""AppId"":""de7d7402-70c8-4e5e-8a00-fa48659038c2"",""AuthType"":""Bearer"",""ClientAppId"":""de7d7402-70c8-4e5e-8a00-fa48659038c2"",""ClientIPAddress"":""2600:1f18:5c9a:a468:8241:17f9:1526:6a4d"",""ClientInfoString"":""Client=OWA;Mozilla\/5.0 (Windows NT 10.0; Win64; x64) AppleWebKit\/537.36 (KHTML, like Gecko) Chrome\/142.0.0.206 Safari\/537.36;"",""ExternalAccess"":false,""HostAppId"":""1fe87f9e-7a06-4f34-872f-efb4be6fb916"",""InternalLogonType"":0,""LogonType"":0,""LogonUserSid"":""S-1-5-21-3421515247-1784439087-2623626124-887996"",""MailboxGuid"":""c0f08483-4e52-46e0-899d-322f8d8f0310"",""MailboxOwnerSid"":""S-1-5-21-3421515247-1784439087-2623626124-887996"",""MailboxOwnerUPN"":""gutierrez2@consolidatedmsgr.com"",""OrganizationName"":""consolidatedmsgr.onmicrosoft.com"",""OriginatingServer"":""LAB60XX8701MB913 (15.20.4200.000)\r\n"",""TokenObjectId"":""f9a62fe7-59eb-467a-848b-b0f4588e5386"",""TokenTenantId"":""9fc57536-e8d3-4117-8537-fc27bc714352"",""TokenType"":""V1AppActAs"",""Item"":{""Attachments"":""Outlook-A logo for (44209b)"",""Id"":""LgAAAAAdhAMRqmYRzZvIAKoAL8RaDQBPFRB7aFbgTYJ0U+olHj1gAAGp52ZKAAAJ"",""ImmutableId"":""LgAAAAAdhAMRqmYRzZvIAKoAL8RaDQBPFRB7aFbgTYJ0U+olHj1gAAGp52ZKAAAJ"",""InternetMessageId"":""<johnson2@mn2pr06mb5981.namprd06.prod.outlook.com>"",""ParentFolder"":{""Id"":""LgAAAAB5LAfwTBU\/RaiC9YJ7b37EAQBPFRB7aFbgTYJ0U+olHj1gAAAAAAEPAAAB"",""Path"":""\\Drafts""},""SizeInBytes"":131750,""Subject"":""Consolidatedmsgr""},""SaveToSentItems"":true}","150","214","70adffdd-21c4-48e7-8163-a02ffdba2137","True","Unchanged"
"ExchangeItem","2025-12-17 16:27:45","gutierrez2@consolidatedmsgr.com","Send","{""AppAccessContext"":{""AADSessionId"":""6221db44-b1b2-4f77-8b47-77bff877410b"",""APIId"":""1fe87f9e-7a06-4f34-872f-efb4be6fb916"",""ClientAppId"":""de7d7402-70c8-4e5e-8a00-fa48659038c2"",""IssuedAtTime"":""2025-12-17T15:55:35"",""UniqueTokenId"":""vhycqTMRBkmPJYl0ZEglAA""},""CreationTime"":""2025-12-17T16:27:45"",""Id"":""2b11a07e-a941-4407-8810-22e8a817495a"",""Operation"":""Send"",""OrganizationId"":""9fc57536-e8d3-4117-8537-fc27bc714352"",""RecordType"":2,""ResultStatus"":""Succeeded"",""UserKey"":""100320034F35348A"",""UserType"":0,""Version"":1,""Workload"":""Exchange"",""ClientIP"":""2600:1f18:5c9a:a468:8241:17f9:1526:6a4d"",""UserId"":""gutierrez2@consolidatedmsgr.com"",""AppId"":""de7d7402-70c8-4e5e-8a00-fa48659038c2"",""AuthType"":""Bearer"",""ClientAppId"":""de7d7402-70c8-4e5e-8a00-fa48659038c2"",""ClientIPAddress"":""2600:1f18:5c9a:a468:8241:17f9:1526:6a4d"",""ClientInfoString"":""Client=OWA;Action=ViaProxy"",""ExternalAccess"":false,""HostAppId"":""1fe87f9e-7a06-4f34-872f-efb4be6fb916"",""InternalLogonType"":0,""LogonType"":0,""LogonUserSid"":""S-1-5-21-3421515247-1784439087-2623626124-887996"",""MailboxGuid"":""c0f08483-4e52-46e0-899d-322f8d8f0310"",""MailboxOwnerSid"":""S-1-5-21-3421515247-1784439087-2623626124-887996"",""MailboxOwnerUPN"":""gutierrez2@consolidatedmsgr.com"",""OrganizationName"":""consolidatedmsgr.onmicrosoft.com"",""OriginatingServer"":""LAB60XX8701MB913 (15.20.4200.000)\r\n"",""TokenObjectId"":""f9a62fe7-59eb-467a-848b-b0f4588e5386"",""TokenTenantId"":""9fc57536-e8d3-4117-8537-fc27bc714352"",""TokenType"":""V1AppActAs"",""Item"":{""Attachments"":""Outlook-A logo for (44209b)"",""Id"":""LgAAAAAdhAMRqmYRzZvIAKoAL8RaDQBPFRB7aFbgTYJ0U+olHj1gAAGp54X1AAAJ"",""ImmutableId"":""LgAAAAAdhAMRqmYRzZvIAKoAL8RaDQBPFRB7aFbgTYJ0U+olHj1gAAGp54X1AAAJ"",""InternetMessageId"":""<kimberly2@mn2pr06mb5981.namprd06.prod.outlook.com>"",""ParentFolder"":{""Id"":""LgAAAAB5LAfwTBU\/RaiC9YJ7b37EAQBPFRB7aFbgTYJ0U+olHj1gAAAAAAEPAAAB"",""Path"":""\\Drafts""},""SizeInBytes"":126367,""Subject"":""Consolidatedmsgr""},""SaveToSentItems"":true}","151","214","2b11a07e-a941-4407-8810-22e8a817495a","True","Unchanged"
"ExchangeItem","2025-12-17 16:27:31","gutierrez2@consolidatedmsgr.com","Send","{""AppAccessContext"":{""AADSessionId"":""6221db44-b1b2-4f77-8b47-77bff877410b"",""APIId"":""1fe87f9e-7a06-4f34-872f-efb4be6fb916"",""ClientAppId"":""de7d7402-70c8-4e5e-8a00-fa48659038c2"",""IssuedAtTime"":""2025-12-17T15:55:35"",""UniqueTokenId"":""vhycqTMRBkmPJYl0ZEglAA""},""CreationTime"":""2025-12-17T16:27:31"",""Id"":""b97f21a4-4232-4660-8510-b8848c525ca4"",""Operation"":""Send"",""OrganizationId"":""9fc57536-e8d3-4117-8537-fc27bc714352"",""RecordType"":2,""ResultStatus"":""Succeeded"",""UserKey"":""100320034F35348A"",""UserType"":0,""Version"":1,""Workload"":""Exchange"",""ClientIP"":""2600:1f18:5c9a:a468:8241:17f9:1526:6a4d"",""UserId"":""gutierrez2@consolidatedmsgr.com"",""AppId"":""de7d7402-70c8-4e5e-8a00-fa48659038c2"",""AuthType"":""Bearer"",""ClientAppId"":""de7d7402-70c8-4e5e-8a00-fa48659038c2"",""ClientIPAddress"":""2600:1f18:5c9a:a468:8241:17f9:1526:6a4d"",""ClientInfoString"":""Client=OWA;Action=ViaProxy"",""ExternalAccess"":false,""HostAppId"":""1fe87f9e-7a06-4f34-872f-efb4be6fb916"",""InternalLogonType"":0,""LogonType"":0,""LogonUserSid"":""S-1-5-21-3421515247-1784439087-2623626124-887996"",""MailboxGuid"":""c0f08483-4e52-46e0-899d-322f8d8f0310"",""MailboxOwnerSid"":""S-1-5-21-3421515247-1784439087-2623626124-887996"",""MailboxOwnerUPN"":""gutierrez2@consolidatedmsgr.com"",""OrganizationName"":""consolidatedmsgr.onmicrosoft.com"",""OriginatingServer"":""LAB60XX8701MB913 (15.20.4200.000)\r\n"",""TokenObjectId"":""f9a62fe7-59eb-467a-848b-b0f4588e5386"",""TokenTenantId"":""9fc57536-e8d3-4117-8537-fc27bc714352"",""TokenType"":""V1AppActAs"",""Item"":{""Attachments"":""Outlook-A logo for (44209b)"",""Id"":""LgAAAAAdhAMRqmYRzZvIAKoAL8RaDQBPFRB7aFbgTYJ0U+olHj1gAAGp54H7AAAJ"",""ImmutableId"":""LgAAAAAdhAMRqmYRzZvIAKoAL8RaDQBPFRB7aFbgTYJ0U+olHj1gAAGp54H7AAAJ"",""InternetMessageId"":""<wilson3@mn2pr06mb5981.namprd06.prod.outlook.com>"",""ParentFolder"":{""Id"":""LgAAAAB5LAfwTBU\/RaiC9YJ7b37EAQBPFRB7aFbgTYJ0U+olHj1gAAAAAAEPAAAB"",""Path"":""\\Drafts""},""SizeInBytes"":131262,""Subject"":""Consolidatedmsgr""},""SaveToSentItems"":true}","152","214","b97f21a4-4232-4660-8510-b8848c525ca4","True","Unchanged"
"ExchangeAdmin","2025-12-17 16:26:57","gutierrez2@consolidatedmsgr.com","New-InboxRule","{""AppAccessContext"":{""AADSessionId"":""6221db44-b1b2-4f77-8b47-77bff877410b"",""IssuedAtTime"":""2025-12-17T15:55:35"",""UniqueTokenId"":""vhycqTMRBkmPJYl0ZEglAA""},""CreationTime"":""2025-12-17T16:26:57"",""Id"":""dd793aeb-a1c3-4f0e-8070-ea06b4180605"",""Operation"":""New-InboxRule"",""OrganizationId"":""9fc57536-e8d3-4117-8537-fc27bc714352"",""RecordType"":1,""ResultStatus"":""True"",""UserKey"":""gutierrez2@consolidatedmsgr.com"",""UserType"":2,""Version"":1,""Workload"":""Exchange"",""ClientIP"":""[2600:1f18:5c9a:a468:8241:17f9:1526:6a4d]:50077"",""ObjectId"":""LABPR33A037.PROD.OUTLOOK.COM\/Microsoft Exchange Hosted Organizations\/consolidatedmsgr.onmicrosoft.com\/f9a62fe7-59eb-467a-848b-b0f4588e5386\\.."",""UserId"":""gutierrez2@consolidatedmsgr.com"",""AppId"":"""",""AppPoolName"":""MSExchangeOWAAppPool"",""ClientAppId"":"""",""CorrelationID"":"""",""ExternalAccess"":false,""OrganizationName"":""consolidatedmsgr.onmicrosoft.com"",""OriginatingServer"":""LAB60XX8701MB913 (15.20.9320.008)"",""Parameters"":[{""Name"":""AlwaysDeleteOutlookRulesBlob"",""Value"":""False""},{""Name"":""Force"",""Value"":""False""},{""Name"":""MoveToFolder"",""Value"":""RSS Feeds""},{""Name"":""Name"",""Value"":""..""},{""Name"":""MarkAsRead"",""Value"":""True""},{""Name"":""StopProcessingRules"",""Value"":""True""}],""RequestId"":""c23cab35-d8ea-4202-83a4-80f54f74a7b5"",""SessionId"":""6221db44-b1b2-4f77-8b47-77bff877410b"",""TokenObjectId"":""f9a62fe7-59eb-467a-848b-b0f4588e5386"",""TokenTenantId"":""9fc57536-e8d3-4117-8537-fc27bc714352""}","153","214","dd793aeb-a1c3-4f0e-8070-ea06b4180605","True","Unchanged"
"ExchangeItem","2025-12-17 16:25:39","gutierrez2@consolidatedmsgr.com","Create","{""AppAccessContext"":{""AADSessionId"":""6221db44-b1b2-4f77-8b47-77bff877410b"",""APIId"":""1fe87f9e-7a06-4f34-872f-efb4be6fb916"",""ClientAppId"":""de7d7402-70c8-4e5e-8a00-fa48659038c2"",""IssuedAtTime"":""2025-12-17T15:55:35"",""UniqueTokenId"":""vhycqTMRBkmPJYl0ZEglAA""},""CreationTime"":""2025-12-17T16:25:39"",""Id"":""e5a9e18f-38ce-4905-81eb-d75d55b98b5b"",""Operation"":""Create"",""OrganizationId"":""9fc57536-e8d3-4117-8537-fc27bc714352"",""RecordType"":2,""ResultStatus"":""Succeeded"",""UserKey"":""100320034F35348A"",""UserType"":0,""Version"":1,""Workload"":""Exchange"",""ClientIP"":""2600:1f18:5c9a:a468:8241:17f9:1526:6a4d"",""UserId"":""gutierrez2@consolidatedmsgr.com"",""AppId"":""de7d7402-70c8-4e5e-8a00-fa48659038c2"",""AuthType"":""Bearer"",""ClientAppId"":""de7d7402-70c8-4e5e-8a00-fa48659038c2"",""ClientIPAddress"":""2600:1f18:5c9a:a468:8241:17f9:1526:6a4d"",""ClientInfoString"":""Client=OWA;Mozilla\/5.0 (Windows NT 10.0; Win64; x64) AppleWebKit\/537.36 (KHTML, like Gecko) Chrome\/142.0.0.206 Safari\/537.36;"",""ExternalAccess"":false,""HostAppId"":""1fe87f9e-7a06-4f34-872f-efb4be6fb916"",""InternalLogonType"":0,""LogonType"":0,""LogonUserSid"":""S-1-5-21-3421515247-1784439087-2623626124-887996"",""MailboxGuid"":""c0f08483-4e52-46e0-899d-322f8d8f0310"",""MailboxOwnerSid"":""S-1-5-21-3421515247-1784439087-2623626124-887996"",""MailboxOwnerUPN"":""gutierrez2@consolidatedmsgr.com"",""OrganizationName"":""consolidatedmsgr.onmicrosoft.com"",""OriginatingServer"":""LAB60XX8701MB913 (15.20.4200.000)\r\n"",""TokenObjectId"":""f9a62fe7-59eb-467a-848b-b0f4588e5386"",""TokenTenantId"":""9fc57536-e8d3-4117-8537-fc27bc714352"",""TokenType"":""V1AppActAs"",""Item"":{""Id"":""LgAAAAAdhAMRqmYRzZvIAKoAL8RaDQBPFRB7aFbgTYJ0U+olHj1gAAGp54o9AAAJ"",""ImmutableId"":""LgAAAAAdhAMRqmYRzZvIAKoAL8RaDQBPFRB7aFbgTYJ0U+olHj1gAAGp54o9AAAJ"",""InternetMessageId"":""<barbara2@mn2pr06mb5981.namprd06.prod.outlook.com>"",""IsRecord"":false,""ParentFolder"":{""Id"":""LgAAAAB5LAfwTBU\/RaiC9YJ7b37EAQBPFRB7aFbgTYJ0U+olHj1gAAAAAAEPAAAB"",""Path"":""\\Drafts""},""SizeInBytes"":1920}}","154","214","e5a9e18f-38ce-4905-81eb-d75d55b98b5b","True","Unchanged"
"ExchangeItem","2025-12-17 16:20:02","gutierrez2@consolidatedmsgr.com","Create","{""AppAccessContext"":{""AADSessionId"":""6221db44-b1b2-4f77-8b47-77bff877410b"",""APIId"":""1fe87f9e-7a06-4f34-872f-efb4be6fb916"",""ClientAppId"":""de7d7402-70c8-4e5e-8a00-fa48659038c2"",""IssuedAtTime"":""2025-12-17T15:55:35"",""UniqueTokenId"":""vhycqTMRBkmPJYl0ZEglAA""},""CreationTime"":""2025-12-17T16:20:02"",""Id"":""fbb4ade8-5c6a-4c6b-88f2-d5141ae10830"",""Operation"":""Create"",""OrganizationId"":""9fc57536-e8d3-4117-8537-fc27bc714352"",""RecordType"":2,""ResultStatus"":""Succeeded"",""UserKey"":""100320034F35348A"",""UserType"":0,""Version"":1,""Workload"":""Exchange"",""ClientIP"":""2600:1f18:5c9a:a468:8241:17f9:1526:6a4d"",""UserId"":""gutierrez2@consolidatedmsgr.com"",""AppId"":""de7d7402-70c8-4e5e-8a00-fa48659038c2"",""AuthType"":""Bearer"",""ClientAppId"":""de7d7402-70c8-4e5e-8a00-fa48659038c2"",""ClientIPAddress"":""2600:1f18:5c9a:a468:8241:17f9:1526:6a4d"",""ClientInfoString"":""Client=OWA;Mozilla\/5.0 (Windows NT 10.0; Win64; x64) AppleWebKit\/537.36 (KHTML, like Gecko) Chrome\/142.0.0.206 Safari\/537.36;"",""ExternalAccess"":false,""HostAppId"":""1fe87f9e-7a06-4f34-872f-efb4be6fb916"",""InternalLogonType"":0,""LogonType"":0,""LogonUserSid"":""S-1-5-21-3421515247-1784439087-2623626124-887996"",""MailboxGuid"":""c0f08483-4e52-46e0-899d-322f8d8f0310"",""MailboxOwnerSid"":""S-1-5-21-3421515247-1784439087-2623626124-887996"",""MailboxOwnerUPN"":""gutierrez2@consolidatedmsgr.com"",""OrganizationName"":""consolidatedmsgr.onmicrosoft.com"",""OriginatingServer"":""LAB60XX8701MB913 (15.20.4200.000)\r\n"",""TokenObjectId"":""f9a62fe7-59eb-467a-848b-b0f4588e5386"",""TokenTenantId"":""9fc57536-e8d3-4117-8537-fc27bc714352"",""TokenType"":""V1AppActAs"",""Item"":{""Attachments"":""Outlook-A logo for (44209b)"",""Id"":""LgAAAAAdhAMRqmYRzZvIAKoAL8RaDQBPFRB7aFbgTYJ0U+olHj1gAAGp54XvAAAJ"",""ImmutableId"":""LgAAAAAdhAMRqmYRzZvIAKoAL8RaDQBPFRB7aFbgTYJ0U+olHj1gAAGp54XvAAAJ"",""InternetMessageId"":""<janet4@mn2pr06mb5981.namprd06.prod.outlook.com>"",""IsRecord"":false,""ParentFolder"":{""Id"":""LgAAAAB5LAfwTBU\/RaiC9YJ7b37EAQBPFRB7aFbgTYJ0U+olHj1gAAAAAAEPAAAB"",""Path"":""\\Drafts""},""SizeInBytes"":50443}}","155","214","fbb4ade8-5c6a-4c6b-88f2-d5141ae10830","True","Unchanged"
"ExchangeItem","2025-12-17 16:20:49","gutierrez2@consolidatedmsgr.com","Create","{""AppAccessContext"":{""AADSessionId"":""6221db44-b1b2-4f77-8b47-77bff877410b"",""APIId"":""1fe87f9e-7a06-4f34-872f-efb4be6fb916"",""ClientAppId"":""de7d7402-70c8-4e5e-8a00-fa48659038c2"",""IssuedAtTime"":""2025-12-17T15:55:35"",""UniqueTokenId"":""vhycqTMRBkmPJYl0ZEglAA""},""CreationTime"":""2025-12-17T16:20:49"",""Id"":""c7bdacbe-dcb9-4ee0-8cbe-dbb4251aeb71"",""Operation"":""Create"",""OrganizationId"":""9fc57536-e8d3-4117-8537-fc27bc714352"",""RecordType"":2,""ResultStatus"":""Succeeded"",""UserKey"":""100320034F35348A"",""UserType"":0,""Version"":1,""Workload"":""Exchange"",""ClientIP"":""2600:1f18:5c9a:a468:8241:17f9:1526:6a4d"",""UserId"":""gutierrez2@consolidatedmsgr.com"",""AppId"":""de7d7402-70c8-4e5e-8a00-fa48659038c2"",""AuthType"":""Bearer"",""ClientAppId"":""de7d7402-70c8-4e5e-8a00-fa48659038c2"",""ClientIPAddress"":""2600:1f18:5c9a:a468:8241:17f9:1526:6a4d"",""ClientInfoString"":""Client=OWA;Mozilla\/5.0 (Windows NT 10.0; Win64; x64) AppleWebKit\/537.36 (KHTML, like Gecko) Chrome\/142.0.0.206 Safari\/537.36;"",""ExternalAccess"":false,""HostAppId"":""1fe87f9e-7a06-4f34-872f-efb4be6fb916"",""InternalLogonType"":0,""LogonType"":0,""LogonUserSid"":""S-1-5-21-3421515247-1784439087-2623626124-887996"",""MailboxGuid"":""c0f08483-4e52-46e0-899d-322f8d8f0310"",""MailboxOwnerSid"":""S-1-5-21-3421515247-1784439087-2623626124-887996"",""MailboxOwnerUPN"":""gutierrez2@consolidatedmsgr.com"",""OrganizationName"":""consolidatedmsgr.onmicrosoft.com"",""OriginatingServer"":""LAB60XX8701MB913 (15.20.4200.000)\r\n"",""TokenObjectId"":""f9a62fe7-59eb-467a-848b-b0f4588e5386"",""TokenTenantId"":""9fc57536-e8d3-4117-8537-fc27bc714352"",""TokenType"":""V1AppActAs"",""Item"":{""Attachments"":""Outlook-A logo for (44209b)"",""Id"":""LgAAAAAdhAMRqmYRzZvIAKoAL8RaDQBPFRB7aFbgTYJ0U+olHj1gAAGp54YAAAAJ"",""ImmutableId"":""LgAAAAAdhAMRqmYRzZvIAKoAL8RaDQBPFRB7aFbgTYJ0U+olHj1gAAGp54YAAAAJ"",""InternetMessageId"":""<rachel5@mn2pr06mb5981.namprd06.prod.outlook.com>"",""IsRecord"":false,""ParentFolder"":{""Id"":""LgAAAAB5LAfwTBU\/RaiC9YJ7b37EAQBPFRB7aFbgTYJ0U+olHj1gAAAAAAEPAAAB"",""Path"":""\\Drafts""},""SizeInBytes"":50444}}","156","214","c7bdacbe-dcb9-4ee0-8cbe-dbb4251aeb71","True","Unchanged"
"ExchangeItem","2025-12-17 16:20:30","gutierrez2@consolidatedmsgr.com","Create","{""AppAccessContext"":{""AADSessionId"":""6221db44-b1b2-4f77-8b47-77bff877410b"",""APIId"":""1fe87f9e-7a06-4f34-872f-efb4be6fb916"",""ClientAppId"":""de7d7402-70c8-4e5e-8a00-fa48659038c2"",""IssuedAtTime"":""2025-12-17T15:55:35"",""UniqueTokenId"":""vhycqTMRBkmPJYl0ZEglAA""},""CreationTime"":""2025-12-17T16:20:30"",""Id"":""18d6d50b-1a2b-4390-8fc1-353e28885e28"",""Operation"":""Create"",""OrganizationId"":""9fc57536-e8d3-4117-8537-fc27bc714352"",""RecordType"":2,""ResultStatus"":""Succeeded"",""UserKey"":""100320034F35348A"",""UserType"":0,""Version"":1,""Workload"":""Exchange"",""ClientIP"":""2600:1f18:5c9a:a468:8241:17f9:1526:6a4d"",""UserId"":""gutierrez2@consolidatedmsgr.com"",""AppId"":""de7d7402-70c8-4e5e-8a00-fa48659038c2"",""AuthType"":""Bearer"",""ClientAppId"":""de7d7402-70c8-4e5e-8a00-fa48659038c2"",""ClientIPAddress"":""2600:1f18:5c9a:a468:8241:17f9:1526:6a4d"",""ClientInfoString"":""Client=OWA;Mozilla\/5.0 (Windows NT 10.0; Win64; x64) AppleWebKit\/537.36 (KHTML, like Gecko) Chrome\/142.0.0.206 Safari\/537.36;"",""ExternalAccess"":false,""HostAppId"":""1fe87f9e-7a06-4f34-872f-efb4be6fb916"",""InternalLogonType"":0,""LogonType"":0,""LogonUserSid"":""S-1-5-21-3421515247-1784439087-2623626124-887996"",""MailboxGuid"":""c0f08483-4e52-46e0-899d-322f8d8f0310"",""MailboxOwnerSid"":""S-1-5-21-3421515247-1784439087-2623626124-887996"",""MailboxOwnerUPN"":""gutierrez2@consolidatedmsgr.com"",""OrganizationName"":""consolidatedmsgr.onmicrosoft.com"",""OriginatingServer"":""LAB60XX8701MB913 (15.20.4200.000)\r\n"",""TokenObjectId"":""f9a62fe7-59eb-467a-848b-b0f4588e5386"",""TokenTenantId"":""9fc57536-e8d3-4117-8537-fc27bc714352"",""TokenType"":""V1AppActAs"",""Item"":{""Attachments"":""Outlook-A logo for (44209b)"",""Id"":""LgAAAAAdhAMRqmYRzZvIAKoAL8RaDQBPFRB7aFbgTYJ0U+olHj1gAAGp54X4AAAJ"",""ImmutableId"":""LgAAAAAdhAMRqmYRzZvIAKoAL8RaDQBPFRB7aFbgTYJ0U+olHj1gAAGp54X4AAAJ"",""InternetMessageId"":""<jerry3@mn2pr06mb5981.namprd06.prod.outlook.com>"",""IsRecord"":false,""ParentFolder"":{""Id"":""LgAAAAB5LAfwTBU\/RaiC9YJ7b37EAQBPFRB7aFbgTYJ0U+olHj1gAAAAAAEPAAAB"",""Path"":""\\Drafts""},""SizeInBytes"":50710}}","157","214","18d6d50b-1a2b-4390-8fc1-353e28885e28","True","Unchanged"
"ExchangeItem","2025-12-17 16:20:06","gutierrez2@consolidatedmsgr.com","Create","{""AppAccessContext"":{""AADSessionId"":""6221db44-b1b2-4f77-8b47-77bff877410b"",""APIId"":""1fe87f9e-7a06-4f34-872f-efb4be6fb916"",""ClientAppId"":""de7d7402-70c8-4e5e-8a00-fa48659038c2"",""IssuedAtTime"":""2025-12-17T15:55:35"",""UniqueTokenId"":""vhycqTMRBkmPJYl0ZEglAA""},""CreationTime"":""2025-12-17T16:20:06"",""Id"":""c02acbb0-5745-40bf-8648-a3758fc93af8"",""Operation"":""Create"",""OrganizationId"":""9fc57536-e8d3-4117-8537-fc27bc714352"",""RecordType"":2,""ResultStatus"":""Succeeded"",""UserKey"":""100320034F35348A"",""UserType"":0,""Version"":1,""Workload"":""Exchange"",""ClientIP"":""2600:1f18:5c9a:a468:8241:17f9:1526:6a4d"",""UserId"":""gutierrez2@consolidatedmsgr.com"",""AppId"":""de7d7402-70c8-4e5e-8a00-fa48659038c2"",""AuthType"":""Bearer"",""ClientAppId"":""de7d7402-70c8-4e5e-8a00-fa48659038c2"",""ClientIPAddress"":""2600:1f18:5c9a:a468:8241:17f9:1526:6a4d"",""ClientInfoString"":""Client=OWA;Mozilla\/5.0 (Windows NT 10.0; Win64; x64) AppleWebKit\/537.36 (KHTML, like Gecko) Chrome\/142.0.0.206 Safari\/537.36;"",""ExternalAccess"":false,""HostAppId"":""1fe87f9e-7a06-4f34-872f-efb4be6fb916"",""InternalLogonType"":0,""LogonType"":0,""LogonUserSid"":""S-1-5-21-3421515247-1784439087-2623626124-887996"",""MailboxGuid"":""c0f08483-4e52-46e0-899d-322f8d8f0310"",""MailboxOwnerSid"":""S-1-5-21-3421515247-1784439087-2623626124-887996"",""MailboxOwnerUPN"":""gutierrez2@consolidatedmsgr.com"",""OrganizationName"":""consolidatedmsgr.onmicrosoft.com"",""OriginatingServer"":""LAB60XX8701MB913 (15.20.4200.000)\r\n"",""TokenObjectId"":""f9a62fe7-59eb-467a-848b-b0f4588e5386"",""TokenTenantId"":""9fc57536-e8d3-4117-8537-fc27bc714352"",""TokenType"":""V1AppActAs"",""Item"":{""Attachments"":""Outlook-A logo for (44209b)"",""Id"":""LgAAAAAdhAMRqmYRzZvIAKoAL8RaDQBPFRB7aFbgTYJ0U+olHj1gAAGp54X1AAAJ"",""ImmutableId"":""LgAAAAAdhAMRqmYRzZvIAKoAL8RaDQBPFRB7aFbgTYJ0U+olHj1gAAGp54X1AAAJ"",""InternetMessageId"":""<kimberly2@mn2pr06mb5981.namprd06.prod.outlook.com>"",""IsRecord"":false,""ParentFolder"":{""Id"":""LgAAAAB5LAfwTBU\/RaiC9YJ7b37EAQBPFRB7aFbgTYJ0U+olHj1gAAAAAAEPAAAB"",""Path"":""\\Drafts""},""SizeInBytes"":50447}}","158","214","c02acbb0-5745-40bf-8648-a3758fc93af8","True","Unchanged"
"ExchangeItem","2025-12-17 16:27:28","gutierrez2@consolidatedmsgr.com","Send","{""AppAccessContext"":{""AADSessionId"":""6221db44-b1b2-4f77-8b47-77bff877410b"",""APIId"":""1fe87f9e-7a06-4f34-872f-efb4be6fb916"",""ClientAppId"":""de7d7402-70c8-4e5e-8a00-fa48659038c2"",""IssuedAtTime"":""2025-12-17T15:55:35"",""UniqueTokenId"":""vhycqTMRBkmPJYl0ZEglAA""},""CreationTime"":""2025-12-17T16:27:28"",""Id"":""1695f65f-142e-4b4b-8b9d-07bfa67e075f"",""Operation"":""Send"",""OrganizationId"":""9fc57536-e8d3-4117-8537-fc27bc714352"",""RecordType"":2,""ResultStatus"":""Succeeded"",""UserKey"":""100320034F35348A"",""UserType"":0,""Version"":1,""Workload"":""Exchange"",""ClientIP"":""2600:1f18:5c9a:a468:8241:17f9:1526:6a4d"",""UserId"":""gutierrez2@consolidatedmsgr.com"",""AppId"":""de7d7402-70c8-4e5e-8a00-fa48659038c2"",""AuthType"":""Bearer"",""ClientAppId"":""de7d7402-70c8-4e5e-8a00-fa48659038c2"",""ClientIPAddress"":""2600:1f18:5c9a:a468:8241:17f9:1526:6a4d"",""ClientInfoString"":""Client=OWA;Action=ViaProxy"",""ExternalAccess"":false,""HostAppId"":""1fe87f9e-7a06-4f34-872f-efb4be6fb916"",""InternalLogonType"":0,""LogonType"":0,""LogonUserSid"":""S-1-5-21-3421515247-1784439087-2623626124-887996"",""MailboxGuid"":""c0f08483-4e52-46e0-899d-322f8d8f0310"",""MailboxOwnerSid"":""S-1-5-21-3421515247-1784439087-2623626124-887996"",""MailboxOwnerUPN"":""gutierrez2@consolidatedmsgr.com"",""OrganizationName"":""consolidatedmsgr.onmicrosoft.com"",""OriginatingServer"":""LAB60XX8701MB913 (15.20.4200.000)\r\n"",""TokenObjectId"":""f9a62fe7-59eb-467a-848b-b0f4588e5386"",""TokenTenantId"":""9fc57536-e8d3-4117-8537-fc27bc714352"",""TokenType"":""V1AppActAs"",""Item"":{""Attachments"":""Outlook-A logo for (44209b)"",""Id"":""LgAAAAAdhAMRqmYRzZvIAKoAL8RaDQBPFRB7aFbgTYJ0U+olHj1gAAGp54HvAAAJ"",""ImmutableId"":""LgAAAAAdhAMRqmYRzZvIAKoAL8RaDQBPFRB7aFbgTYJ0U+olHj1gAAGp54HvAAAJ"",""InternetMessageId"":""<benjamin3@mn2pr06mb5981.namprd06.prod.outlook.com>"",""ParentFolder"":{""Id"":""LgAAAAB5LAfwTBU\/RaiC9YJ7b37EAQBPFRB7aFbgTYJ0U+olHj1gAAAAAAEPAAAB"",""Path"":""\\Drafts""},""SizeInBytes"":122331,""Subject"":""Consolidatedmsgr""},""SaveToSentItems"":true}","159","214","1695f65f-142e-4b4b-8b9d-07bfa67e075f","True","Unchanged"
"ExchangeItem","2025-12-17 16:27:17","gutierrez2@consolidatedmsgr.com","Send","{""AppAccessContext"":{""AADSessionId"":""6221db44-b1b2-4f77-8b47-77bff877410b"",""APIId"":""1fe87f9e-7a06-4f34-872f-efb4be6fb916"",""ClientAppId"":""de7d7402-70c8-4e5e-8a00-fa48659038c2"",""IssuedAtTime"":""2025-12-17T15:55:35"",""UniqueTokenId"":""vhycqTMRBkmPJYl0ZEglAA""},""CreationTime"":""2025-12-17T16:27:17"",""Id"":""54985ee9-a290-44cd-8e6b-41223ab88d3e"",""Operation"":""Send"",""OrganizationId"":""9fc57536-e8d3-4117-8537-fc27bc714352"",""RecordType"":2,""ResultStatus"":""Succeeded"",""UserKey"":""100320034F35348A"",""UserType"":0,""Version"":1,""Workload"":""Exchange"",""ClientIP"":""2600:1f18:5c9a:a468:8241:17f9:1526:6a4d"",""UserId"":""gutierrez2@consolidatedmsgr.com"",""AppId"":""de7d7402-70c8-4e5e-8a00-fa48659038c2"",""AuthType"":""Bearer"",""ClientAppId"":""de7d7402-70c8-4e5e-8a00-fa48659038c2"",""ClientIPAddress"":""2600:1f18:5c9a:a468:8241:17f9:1526:6a4d"",""ClientInfoString"":""Client=OWA;Action=ViaProxy"",""ExternalAccess"":false,""HostAppId"":""1fe87f9e-7a06-4f34-872f-efb4be6fb916"",""InternalLogonType"":0,""LogonType"":0,""LogonUserSid"":""S-1-5-21-3421515247-1784439087-2623626124-887996"",""MailboxGuid"":""c0f08483-4e52-46e0-899d-322f8d8f0310"",""MailboxOwnerSid"":""S-1-5-21-3421515247-1784439087-2623626124-887996"",""MailboxOwnerUPN"":""gutierrez2@consolidatedmsgr.com"",""OrganizationName"":""consolidatedmsgr.onmicrosoft.com"",""OriginatingServer"":""LAB60XX8701MB913 (15.20.4200.000)\r\n"",""TokenObjectId"":""f9a62fe7-59eb-467a-848b-b0f4588e5386"",""TokenTenantId"":""9fc57536-e8d3-4117-8537-fc27bc714352"",""TokenType"":""V1AppActAs"",""Item"":{""Attachments"":""Outlook-A logo for (44209b)"",""Id"":""LgAAAAAdhAMRqmYRzZvIAKoAL8RaDQBPFRB7aFbgTYJ0U+olHj1gAAGp533+AAAJ"",""ImmutableId"":""LgAAAAAdhAMRqmYRzZvIAKoAL8RaDQBPFRB7aFbgTYJ0U+olHj1gAAGp533+AAAJ"",""InternetMessageId"":""<lee3@mn2pr06mb5981.namprd06.prod.outlook.com>"",""ParentFolder"":{""Id"":""LgAAAAB5LAfwTBU\/RaiC9YJ7b37EAQBPFRB7aFbgTYJ0U+olHj1gAAAAAAEPAAAB"",""Path"":""\\Drafts""},""SizeInBytes"":124923,""Subject"":""Consolidatedmsgr""},""SaveToSentItems"":true}","160","214","54985ee9-a290-44cd-8e6b-41223ab88d3e","True","Unchanged"
"ExchangeItem","2025-12-17 16:27:27","gutierrez2@consolidatedmsgr.com","Send","{""AppAccessContext"":{""AADSessionId"":""6221db44-b1b2-4f77-8b47-77bff877410b"",""APIId"":""1fe87f9e-7a06-4f34-872f-efb4be6fb916"",""ClientAppId"":""de7d7402-70c8-4e5e-8a00-fa48659038c2"",""IssuedAtTime"":""2025-12-17T15:55:35"",""UniqueTokenId"":""vhycqTMRBkmPJYl0ZEglAA""},""CreationTime"":""2025-12-17T16:27:27"",""Id"":""911ca201-a585-4445-890c-d0ef6656c91b"",""Operation"":""Send"",""OrganizationId"":""9fc57536-e8d3-4117-8537-fc27bc714352"",""RecordType"":2,""ResultStatus"":""Succeeded"",""UserKey"":""100320034F35348A"",""UserType"":0,""Version"":1,""Workload"":""Exchange"",""ClientIP"":""2600:1f18:5c9a:a468:8241:17f9:1526:6a4d"",""UserId"":""gutierrez2@consolidatedmsgr.com"",""AppId"":""de7d7402-70c8-4e5e-8a00-fa48659038c2"",""AuthType"":""Bearer"",""ClientAppId"":""de7d7402-70c8-4e5e-8a00-fa48659038c2"",""ClientIPAddress"":""2600:1f18:5c9a:a468:8241:17f9:1526:6a4d"",""ClientInfoString"":""Client=OWA;Action=ViaProxy"",""ExternalAccess"":false,""HostAppId"":""1fe87f9e-7a06-4f34-872f-efb4be6fb916"",""InternalLogonType"":0,""LogonType"":0,""LogonUserSid"":""S-1-5-21-3421515247-1784439087-2623626124-887996"",""MailboxGuid"":""c0f08483-4e52-46e0-899d-322f8d8f0310"",""MailboxOwnerSid"":""S-1-5-21-3421515247-1784439087-2623626124-887996"",""MailboxOwnerUPN"":""gutierrez2@consolidatedmsgr.com"",""OrganizationName"":""consolidatedmsgr.onmicrosoft.com"",""OriginatingServer"":""LAB60XX8701MB913 (15.20.4200.000)\r\n"",""TokenObjectId"":""f9a62fe7-59eb-467a-848b-b0f4588e5386"",""TokenTenantId"":""9fc57536-e8d3-4117-8537-fc27bc714352"",""TokenType"":""V1AppActAs"",""Item"":{""Attachments"":""Outlook-A logo for (44209b)"",""Id"":""LgAAAAAdhAMRqmYRzZvIAKoAL8RaDQBPFRB7aFbgTYJ0U+olHj1gAAGp54H1AAAJ"",""ImmutableId"":""LgAAAAAdhAMRqmYRzZvIAKoAL8RaDQBPFRB7aFbgTYJ0U+olHj1gAAGp54H1AAAJ"",""InternetMessageId"":""<lewis3@mn2pr06mb5981.namprd06.prod.outlook.com>"",""ParentFolder"":{""Id"":""LgAAAAB5LAfwTBU\/RaiC9YJ7b37EAQBPFRB7aFbgTYJ0U+olHj1gAAAAAAEPAAAB"",""Path"":""\\Drafts""},""SizeInBytes"":123322,""Subject"":""Consolidatedmsgr""},""SaveToSentItems"":true}","161","214","911ca201-a585-4445-890c-d0ef6656c91b","True","Unchanged"
"ExchangeItem","2025-12-17 16:27:10","gutierrez2@consolidatedmsgr.com","Send","{""AppAccessContext"":{""AADSessionId"":""6221db44-b1b2-4f77-8b47-77bff877410b"",""APIId"":""1fe87f9e-7a06-4f34-872f-efb4be6fb916"",""ClientAppId"":""de7d7402-70c8-4e5e-8a00-fa48659038c2"",""IssuedAtTime"":""2025-12-17T15:55:35"",""UniqueTokenId"":""vhycqTMRBkmPJYl0ZEglAA""},""CreationTime"":""2025-12-17T16:27:10"",""Id"":""342a17f0-1cf6-4017-845e-9a5e224b31f2"",""Operation"":""Send"",""OrganizationId"":""9fc57536-e8d3-4117-8537-fc27bc714352"",""RecordType"":2,""ResultStatus"":""Succeeded"",""UserKey"":""100320034F35348A"",""UserType"":0,""Version"":1,""Workload"":""Exchange"",""ClientIP"":""2600:1f18:5c9a:a468:8241:17f9:1526:6a4d"",""UserId"":""gutierrez2@consolidatedmsgr.com"",""AppId"":""de7d7402-70c8-4e5e-8a00-fa48659038c2"",""AuthType"":""Bearer"",""ClientAppId"":""de7d7402-70c8-4e5e-8a00-fa48659038c2"",""ClientIPAddress"":""2600:1f18:5c9a:a468:8241:17f9:1526:6a4d"",""ClientInfoString"":""Client=OWA;Action=ViaProxy"",""ExternalAccess"":false,""HostAppId"":""1fe87f9e-7a06-4f34-872f-efb4be6fb916"",""InternalLogonType"":0,""LogonType"":0,""LogonUserSid"":""S-1-5-21-3421515247-1784439087-2623626124-887996"",""MailboxGuid"":""c0f08483-4e52-46e0-899d-322f8d8f0310"",""MailboxOwnerSid"":""S-1-5-21-3421515247-1784439087-2623626124-887996"",""MailboxOwnerUPN"":""gutierrez2@consolidatedmsgr.com"",""OrganizationName"":""consolidatedmsgr.onmicrosoft.com"",""OriginatingServer"":""LAB60XX8701MB913 (15.20.4200.000)\r\n"",""TokenObjectId"":""f9a62fe7-59eb-467a-848b-b0f4588e5386"",""TokenTenantId"":""9fc57536-e8d3-4117-8537-fc27bc714352"",""TokenType"":""V1AppActAs"",""Item"":{""Attachments"":""Outlook-A logo for (44209b)"",""Id"":""LgAAAAAdhAMRqmYRzZvIAKoAL8RaDQBPFRB7aFbgTYJ0U+olHj1gAAGp53oJAAAJ"",""ImmutableId"":""LgAAAAAdhAMRqmYRzZvIAKoAL8RaDQBPFRB7aFbgTYJ0U+olHj1gAAGp53oJAAAJ"",""InternetMessageId"":""<foster5@mn2pr06mb5981.namprd06.prod.outlook.com>"",""ParentFolder"":{""Id"":""LgAAAAB5LAfwTBU\/RaiC9YJ7b37EAQBPFRB7aFbgTYJ0U+olHj1gAAAAAAEPAAAB"",""Path"":""\\Drafts""},""SizeInBytes"":127712,""Subject"":""Consolidatedmsgr""},""SaveToSentItems"":true}","162","214","342a17f0-1cf6-4017-845e-9a5e224b31f2","True","Unchanged"
"ExchangeItem","2025-12-17 16:27:43","gutierrez2@consolidatedmsgr.com","Send","{""AppAccessContext"":{""AADSessionId"":""6221db44-b1b2-4f77-8b47-77bff877410b"",""APIId"":""1fe87f9e-7a06-4f34-872f-efb4be6fb916"",""ClientAppId"":""de7d7402-70c8-4e5e-8a00-fa48659038c2"",""IssuedAtTime"":""2025-12-17T15:55:35"",""UniqueTokenId"":""vhycqTMRBkmPJYl0ZEglAA""},""CreationTime"":""2025-12-17T16:27:43"",""Id"":""322621f9-e99d-4ed0-8a05-64e893e35279"",""Operation"":""Send"",""OrganizationId"":""9fc57536-e8d3-4117-8537-fc27bc714352"",""RecordType"":2,""ResultStatus"":""Succeeded"",""UserKey"":""100320034F35348A"",""UserType"":0,""Version"":1,""Workload"":""Exchange"",""ClientIP"":""2600:1f18:5c9a:a468:8241:17f9:1526:6a4d"",""UserId"":""gutierrez2@consolidatedmsgr.com"",""AppId"":""de7d7402-70c8-4e5e-8a00-fa48659038c2"",""AuthType"":""Bearer"",""ClientAppId"":""de7d7402-70c8-4e5e-8a00-fa48659038c2"",""ClientIPAddress"":""2600:1f18:5c9a:a468:8241:17f9:1526:6a4d"",""ClientInfoString"":""Client=OWA;Action=ViaProxy"",""ExternalAccess"":false,""HostAppId"":""1fe87f9e-7a06-4f34-872f-efb4be6fb916"",""InternalLogonType"":0,""LogonType"":0,""LogonUserSid"":""S-1-5-21-3421515247-1784439087-2623626124-887996"",""MailboxGuid"":""c0f08483-4e52-46e0-899d-322f8d8f0310"",""MailboxOwnerSid"":""S-1-5-21-3421515247-1784439087-2623626124-887996"",""MailboxOwnerUPN"":""gutierrez2@consolidatedmsgr.com"",""OrganizationName"":""consolidatedmsgr.onmicrosoft.com"",""OriginatingServer"":""LAB60XX8701MB913 (15.20.4200.000)\r\n"",""TokenObjectId"":""f9a62fe7-59eb-467a-848b-b0f4588e5386"",""TokenTenantId"":""9fc57536-e8d3-4117-8537-fc27bc714352"",""TokenType"":""V1AppActAs"",""Item"":{""Attachments"":""Outlook-A logo for (44209b)"",""Id"":""LgAAAAAdhAMRqmYRzZvIAKoAL8RaDQBPFRB7aFbgTYJ0U+olHj1gAAGp54XyAAAJ"",""ImmutableId"":""LgAAAAAdhAMRqmYRzZvIAKoAL8RaDQBPFRB7aFbgTYJ0U+olHj1gAAGp54XyAAAJ"",""InternetMessageId"":""<flores2@mn2pr06mb5981.namprd06.prod.outlook.com>"",""ParentFolder"":{""Id"":""LgAAAAB5LAfwTBU\/RaiC9YJ7b37EAQBPFRB7aFbgTYJ0U+olHj1gAAAAAAEPAAAB"",""Path"":""\\Drafts""},""SizeInBytes"":130956,""Subject"":""Consolidatedmsgr""},""SaveToSentItems"":true}","163","214","322621f9-e99d-4ed0-8a05-64e893e35279","True","Unchanged"
"ExchangeItem","2025-12-17 16:27:04","gutierrez2@consolidatedmsgr.com","Send","{""AppAccessContext"":{""AADSessionId"":""6221db44-b1b2-4f77-8b47-77bff877410b"",""APIId"":""1fe87f9e-7a06-4f34-872f-efb4be6fb916"",""ClientAppId"":""de7d7402-70c8-4e5e-8a00-fa48659038c2"",""IssuedAtTime"":""2025-12-17T15:55:35"",""UniqueTokenId"":""vhycqTMRBkmPJYl0ZEglAA""},""CreationTime"":""2025-12-17T16:27:04"",""Id"":""b5f9ad44-c8e1-46f3-827f-6d360fa27e69"",""Operation"":""Send"",""OrganizationId"":""9fc57536-e8d3-4117-8537-fc27bc714352"",""RecordType"":2,""ResultStatus"":""Succeeded"",""UserKey"":""100320034F35348A"",""UserType"":0,""Version"":1,""Workload"":""Exchange"",""ClientIP"":""2600:1f18:5c9a:a468:8241:17f9:1526:6a4d"",""UserId"":""gutierrez2@consolidatedmsgr.com"",""AppId"":""de7d7402-70c8-4e5e-8a00-fa48659038c2"",""AuthType"":""Bearer"",""ClientAppId"":""de7d7402-70c8-4e5e-8a00-fa48659038c2"",""ClientIPAddress"":""2600:1f18:5c9a:a468:8241:17f9:1526:6a4d"",""ClientInfoString"":""Client=OWA;Mozilla\/5.0 (Windows NT 10.0; Win64; x64) AppleWebKit\/537.36 (KHTML, like Gecko) Chrome\/142.0.0.206 Safari\/537.36;"",""ExternalAccess"":false,""HostAppId"":""1fe87f9e-7a06-4f34-872f-efb4be6fb916"",""InternalLogonType"":0,""LogonType"":0,""LogonUserSid"":""S-1-5-21-3421515247-1784439087-2623626124-887996"",""MailboxGuid"":""c0f08483-4e52-46e0-899d-322f8d8f0310"",""MailboxOwnerSid"":""S-1-5-21-3421515247-1784439087-2623626124-887996"",""MailboxOwnerUPN"":""gutierrez2@consolidatedmsgr.com"",""OrganizationName"":""consolidatedmsgr.onmicrosoft.com"",""OriginatingServer"":""LAB60XX8701MB913 (15.20.4200.000)\r\n"",""TokenObjectId"":""f9a62fe7-59eb-467a-848b-b0f4588e5386"",""TokenTenantId"":""9fc57536-e8d3-4117-8537-fc27bc714352"",""TokenType"":""V1AppActAs"",""Item"":{""Attachments"":""Outlook-A logo for (44209b)"",""Id"":""LgAAAAAdhAMRqmYRzZvIAKoAL8RaDQBPFRB7aFbgTYJ0U+olHj1gAAGp53IYAAAJ"",""ImmutableId"":""LgAAAAAdhAMRqmYRzZvIAKoAL8RaDQBPFRB7aFbgTYJ0U+olHj1gAAGp53IYAAAJ"",""InternetMessageId"":""<donna4@mn2pr06mb5981.namprd06.prod.outlook.com>"",""ParentFolder"":{""Id"":""LgAAAAB5LAfwTBU\/RaiC9YJ7b37EAQBPFRB7aFbgTYJ0U+olHj1gAAAAAAEPAAAB"",""Path"":""\\Drafts""},""SizeInBytes"":130252,""Subject"":""Consolidatedmsgr""},""SaveToSentItems"":true}","164","214","b5f9ad44-c8e1-46f3-827f-6d360fa27e69","True","Unchanged"
"ExchangeItem","2025-12-17 16:27:40","gutierrez2@consolidatedmsgr.com","Send","{""AppAccessContext"":{""AADSessionId"":""6221db44-b1b2-4f77-8b47-77bff877410b"",""APIId"":""1fe87f9e-7a06-4f34-872f-efb4be6fb916"",""ClientAppId"":""de7d7402-70c8-4e5e-8a00-fa48659038c2"",""IssuedAtTime"":""2025-12-17T15:55:35"",""UniqueTokenId"":""vhycqTMRBkmPJYl0ZEglAA""},""CreationTime"":""2025-12-17T16:27:40"",""Id"":""76ca4515-d3ab-49cd-809f-7a708e1e6509"",""Operation"":""Send"",""OrganizationId"":""9fc57536-e8d3-4117-8537-fc27bc714352"",""RecordType"":2,""ResultStatus"":""Succeeded"",""UserKey"":""100320034F35348A"",""UserType"":0,""Version"":1,""Workload"":""Exchange"",""ClientIP"":""2600:1f18:5c9a:a468:8241:17f9:1526:6a4d"",""UserId"":""gutierrez2@consolidatedmsgr.com"",""AppId"":""de7d7402-70c8-4e5e-8a00-fa48659038c2"",""AuthType"":""Bearer"",""ClientAppId"":""de7d7402-70c8-4e5e-8a00-fa48659038c2"",""ClientIPAddress"":""2600:1f18:5c9a:a468:8241:17f9:1526:6a4d"",""ClientInfoString"":""Client=OWA;Mozilla\/5.0 (Windows NT 10.0; Win64; x64) AppleWebKit\/537.36 (KHTML, like Gecko) Chrome\/142.0.0.206 Safari\/537.36;"",""ExternalAccess"":false,""HostAppId"":""1fe87f9e-7a06-4f34-872f-efb4be6fb916"",""InternalLogonType"":0,""LogonType"":0,""LogonUserSid"":""S-1-5-21-3421515247-1784439087-2623626124-887996"",""MailboxGuid"":""c0f08483-4e52-46e0-899d-322f8d8f0310"",""MailboxOwnerSid"":""S-1-5-21-3421515247-1784439087-2623626124-887996"",""MailboxOwnerUPN"":""gutierrez2@consolidatedmsgr.com"",""OrganizationName"":""consolidatedmsgr.onmicrosoft.com"",""OriginatingServer"":""LAB60XX8701MB913 (15.20.4200.000)\r\n"",""TokenObjectId"":""f9a62fe7-59eb-467a-848b-b0f4588e5386"",""TokenTenantId"":""9fc57536-e8d3-4117-8537-fc27bc714352"",""TokenType"":""V1AppActAs"",""Item"":{""Attachments"":""Outlook-A logo for (44209b)"",""Id"":""LgAAAAAdhAMRqmYRzZvIAKoAL8RaDQBPFRB7aFbgTYJ0U+olHj1gAAGp54XvAAAJ"",""ImmutableId"":""LgAAAAAdhAMRqmYRzZvIAKoAL8RaDQBPFRB7aFbgTYJ0U+olHj1gAAGp54XvAAAJ"",""InternetMessageId"":""<janet4@mn2pr06mb5981.namprd06.prod.outlook.com>"",""ParentFolder"":{""Id"":""LgAAAAB5LAfwTBU\/RaiC9YJ7b37EAQBPFRB7aFbgTYJ0U+olHj1gAAAAAAEPAAAB"",""Path"":""\\Drafts""},""SizeInBytes"":132875,""Subject"":""Consolidatedmsgr""},""SaveToSentItems"":true}","165","214","76ca4515-d3ab-49cd-809f-7a708e1e6509","True","Unchanged"
"ExchangeItem","2025-12-17 16:27:22","gutierrez2@consolidatedmsgr.com","Send","{""AppAccessContext"":{""AADSessionId"":""6221db44-b1b2-4f77-8b47-77bff877410b"",""APIId"":""1fe87f9e-7a06-4f34-872f-efb4be6fb916"",""ClientAppId"":""de7d7402-70c8-4e5e-8a00-fa48659038c2"",""IssuedAtTime"":""2025-12-17T15:55:35"",""UniqueTokenId"":""vhycqTMRBkmPJYl0ZEglAA""},""CreationTime"":""2025-12-17T16:27:22"",""Id"":""8d66ad8d-d34c-46fb-8c76-841f58cb4247"",""Operation"":""Send"",""OrganizationId"":""9fc57536-e8d3-4117-8537-fc27bc714352"",""RecordType"":2,""ResultStatus"":""Succeeded"",""UserKey"":""100320034F35348A"",""UserType"":0,""Version"":1,""Workload"":""Exchange"",""ClientIP"":""2600:1f18:5c9a:a468:8241:17f9:1526:6a4d"",""UserId"":""gutierrez2@consolidatedmsgr.com"",""AppId"":""de7d7402-70c8-4e5e-8a00-fa48659038c2"",""AuthType"":""Bearer"",""ClientAppId"":""de7d7402-70c8-4e5e-8a00-fa48659038c2"",""ClientIPAddress"":""2600:1f18:5c9a:a468:8241:17f9:1526:6a4d"",""ClientInfoString"":""Client=OWA;Action=ViaProxy"",""ExternalAccess"":false,""HostAppId"":""1fe87f9e-7a06-4f34-872f-efb4be6fb916"",""InternalLogonType"":0,""LogonType"":0,""LogonUserSid"":""S-1-5-21-3421515247-1784439087-2623626124-887996"",""MailboxGuid"":""c0f08483-4e52-46e0-899d-322f8d8f0310"",""MailboxOwnerSid"":""S-1-5-21-3421515247-1784439087-2623626124-887996"",""MailboxOwnerUPN"":""gutierrez2@consolidatedmsgr.com"",""OrganizationName"":""consolidatedmsgr.onmicrosoft.com"",""OriginatingServer"":""LAB60XX8701MB913 (15.20.4200.000)\r\n"",""TokenObjectId"":""f9a62fe7-59eb-467a-848b-b0f4588e5386"",""TokenTenantId"":""9fc57536-e8d3-4117-8537-fc27bc714352"",""TokenType"":""V1AppActAs"",""Item"":{""Attachments"":""Outlook-A logo for (44209b)"",""Id"":""LgAAAAAdhAMRqmYRzZvIAKoAL8RaDQBPFRB7aFbgTYJ0U+olHj1gAAGp54YAAAAJ"",""ImmutableId"":""LgAAAAAdhAMRqmYRzZvIAKoAL8RaDQBPFRB7aFbgTYJ0U+olHj1gAAGp54YAAAAJ"",""InternetMessageId"":""<rachel5@mn2pr06mb5981.namprd06.prod.outlook.com>"",""ParentFolder"":{""Id"":""LgAAAAB5LAfwTBU\/RaiC9YJ7b37EAQBPFRB7aFbgTYJ0U+olHj1gAAAAAAEPAAAB"",""Path"":""\\Drafts""},""SizeInBytes"":130185,""Subject"":""Consolidatedmsgr""},""SaveToSentItems"":true}","166","214","8d66ad8d-d34c-46fb-8c76-841f58cb4247","True","Unchanged"
"ExchangeItem","2025-12-17 16:26:07","gutierrez2@consolidatedmsgr.com","Create","{""AppAccessContext"":{""AADSessionId"":""6221db44-b1b2-4f77-8b47-77bff877410b"",""APIId"":""1fe87f9e-7a06-4f34-872f-efb4be6fb916"",""ClientAppId"":""de7d7402-70c8-4e5e-8a00-fa48659038c2"",""IssuedAtTime"":""2025-12-17T15:55:35"",""UniqueTokenId"":""vhycqTMRBkmPJYl0ZEglAA""},""CreationTime"":""2025-12-17T16:26:07"",""Id"":""c13c62a4-900e-4d70-8d2f-ac91399cd61d"",""Operation"":""Create"",""OrganizationId"":""9fc57536-e8d3-4117-8537-fc27bc714352"",""RecordType"":2,""ResultStatus"":""Succeeded"",""UserKey"":""100320034F35348A"",""UserType"":0,""Version"":1,""Workload"":""Exchange"",""ClientIP"":""2600:1f18:5c9a:a468:8241:17f9:1526:6a4d"",""UserId"":""gutierrez2@consolidatedmsgr.com"",""AppId"":""de7d7402-70c8-4e5e-8a00-fa48659038c2"",""AuthType"":""Bearer"",""ClientAppId"":""de7d7402-70c8-4e5e-8a00-fa48659038c2"",""ClientIPAddress"":""2600:1f18:5c9a:a468:8241:17f9:1526:6a4d"",""ClientInfoString"":""Client=OWA;Mozilla\/5.0 (Windows NT 10.0; Win64; x64) AppleWebKit\/537.36 (KHTML, like Gecko) Chrome\/142.0.0.206 Safari\/537.36;"",""ExternalAccess"":false,""HostAppId"":""1fe87f9e-7a06-4f34-872f-efb4be6fb916"",""InternalLogonType"":0,""LogonType"":0,""LogonUserSid"":""S-1-5-21-3421515247-1784439087-2623626124-887996"",""MailboxGuid"":""c0f08483-4e52-46e0-899d-322f8d8f0310"",""MailboxOwnerSid"":""S-1-5-21-3421515247-1784439087-2623626124-887996"",""MailboxOwnerUPN"":""gutierrez2@consolidatedmsgr.com"",""OrganizationName"":""consolidatedmsgr.onmicrosoft.com"",""OriginatingServer"":""LAB60XX8701MB913 (15.20.4200.000)\r\n"",""TokenObjectId"":""f9a62fe7-59eb-467a-848b-b0f4588e5386"",""TokenTenantId"":""9fc57536-e8d3-4117-8537-fc27bc714352"",""TokenType"":""V1AppActAs"",""Item"":{""Attachments"":""Outlook-A logo for (44209b)"",""Id"":""LgAAAAAdhAMRqmYRzZvIAKoAL8RaDQBPFRB7aFbgTYJ0U+olHj1gAAGp54pDAAAJ"",""ImmutableId"":""LgAAAAAdhAMRqmYRzZvIAKoAL8RaDQBPFRB7aFbgTYJ0U+olHj1gAAGp54pDAAAJ"",""InternetMessageId"":""<perry2@mn2pr06mb5981.namprd06.prod.outlook.com>"",""IsRecord"":false,""ParentFolder"":{""Id"":""LgAAAAB5LAfwTBU\/RaiC9YJ7b37EAQBPFRB7aFbgTYJ0U+olHj1gAAAAAAEPAAAB"",""Path"":""\\Drafts""},""SizeInBytes"":51870,""Subject"":""Consolidatedmsgr""}}","167","214","c13c62a4-900e-4d70-8d2f-ac91399cd61d","True","Unchanged"
"ExchangeItem","2025-12-17 16:27:12","gutierrez2@consolidatedmsgr.com","Send","{""AppAccessContext"":{""AADSessionId"":""6221db44-b1b2-4f77-8b47-77bff877410b"",""APIId"":""1fe87f9e-7a06-4f34-872f-efb4be6fb916"",""ClientAppId"":""de7d7402-70c8-4e5e-8a00-fa48659038c2"",""IssuedAtTime"":""2025-12-17T15:55:35"",""UniqueTokenId"":""vhycqTMRBkmPJYl0ZEglAA""},""CreationTime"":""2025-12-17T16:27:12"",""Id"":""c52c45a8-e59f-4c36-8330-a1165f680ad3"",""Operation"":""Send"",""OrganizationId"":""9fc57536-e8d3-4117-8537-fc27bc714352"",""RecordType"":2,""ResultStatus"":""Succeeded"",""UserKey"":""100320034F35348A"",""UserType"":0,""Version"":1,""Workload"":""Exchange"",""ClientIP"":""2600:1f18:5c9a:a468:8241:17f9:1526:6a4d"",""UserId"":""gutierrez2@consolidatedmsgr.com"",""AppId"":""de7d7402-70c8-4e5e-8a00-fa48659038c2"",""AuthType"":""Bearer"",""ClientAppId"":""de7d7402-70c8-4e5e-8a00-fa48659038c2"",""ClientIPAddress"":""2600:1f18:5c9a:a468:8241:17f9:1526:6a4d"",""ClientInfoString"":""Client=OWA;Mozilla\/5.0 (Windows NT 10.0; Win64; x64) AppleWebKit\/537.36 (KHTML, like Gecko) Chrome\/142.0.0.206 Safari\/537.36;"",""ExternalAccess"":false,""HostAppId"":""1fe87f9e-7a06-4f34-872f-efb4be6fb916"",""InternalLogonType"":0,""LogonType"":0,""LogonUserSid"":""S-1-5-21-3421515247-1784439087-2623626124-887996"",""MailboxGuid"":""c0f08483-4e52-46e0-899d-322f8d8f0310"",""MailboxOwnerSid"":""S-1-5-21-3421515247-1784439087-2623626124-887996"",""MailboxOwnerUPN"":""gutierrez2@consolidatedmsgr.com"",""OrganizationName"":""consolidatedmsgr.onmicrosoft.com"",""OriginatingServer"":""LAB60XX8701MB913 (15.20.4200.000)\r\n"",""TokenObjectId"":""f9a62fe7-59eb-467a-848b-b0f4588e5386"",""TokenTenantId"":""9fc57536-e8d3-4117-8537-fc27bc714352"",""TokenType"":""V1AppActAs"",""Item"":{""Attachments"":""Outlook-A logo for (44209b)"",""Id"":""LgAAAAAdhAMRqmYRzZvIAKoAL8RaDQBPFRB7aFbgTYJ0U+olHj1gAAGp53oFAAAJ"",""ImmutableId"":""LgAAAAAdhAMRqmYRzZvIAKoAL8RaDQBPFRB7aFbgTYJ0U+olHj1gAAGp53oFAAAJ"",""InternetMessageId"":""<campbell2@mn2pr06mb5981.namprd06.prod.outlook.com>"",""ParentFolder"":{""Id"":""LgAAAAB5LAfwTBU\/RaiC9YJ7b37EAQBPFRB7aFbgTYJ0U+olHj1gAAAAAAEPAAAB"",""Path"":""\\Drafts""},""SizeInBytes"":129075,""Subject"":""Consolidatedmsgr""},""SaveToSentItems"":true}","168","214","c52c45a8-e59f-4c36-8330-a1165f680ad3","True","Unchanged"
"ExchangeItem","2025-12-17 16:27:09","gutierrez2@consolidatedmsgr.com","Send","{""AppAccessContext"":{""AADSessionId"":""6221db44-b1b2-4f77-8b47-77bff877410b"",""APIId"":""1fe87f9e-7a06-4f34-872f-efb4be6fb916"",""ClientAppId"":""de7d7402-70c8-4e5e-8a00-fa48659038c2"",""IssuedAtTime"":""2025-12-17T15:55:35"",""UniqueTokenId"":""vhycqTMRBkmPJYl0ZEglAA""},""CreationTime"":""2025-12-17T16:27:09"",""Id"":""1a08b223-32d0-4356-8220-19c764187c05"",""Operation"":""Send"",""OrganizationId"":""9fc57536-e8d3-4117-8537-fc27bc714352"",""RecordType"":2,""ResultStatus"":""Succeeded"",""UserKey"":""100320034F35348A"",""UserType"":0,""Version"":1,""Workload"":""Exchange"",""ClientIP"":""2600:1f18:5c9a:a468:8241:17f9:1526:6a4d"",""UserId"":""gutierrez2@consolidatedmsgr.com"",""AppId"":""de7d7402-70c8-4e5e-8a00-fa48659038c2"",""AuthType"":""Bearer"",""ClientAppId"":""de7d7402-70c8-4e5e-8a00-fa48659038c2"",""ClientIPAddress"":""2600:1f18:5c9a:a468:8241:17f9:1526:6a4d"",""ClientInfoString"":""Client=OWA;Action=ViaProxy"",""ExternalAccess"":false,""HostAppId"":""1fe87f9e-7a06-4f34-872f-efb4be6fb916"",""InternalLogonType"":0,""LogonType"":0,""LogonUserSid"":""S-1-5-21-3421515247-1784439087-2623626124-887996"",""MailboxGuid"":""c0f08483-4e52-46e0-899d-322f8d8f0310"",""MailboxOwnerSid"":""S-1-5-21-3421515247-1784439087-2623626124-887996"",""MailboxOwnerUPN"":""gutierrez2@consolidatedmsgr.com"",""OrganizationName"":""consolidatedmsgr.onmicrosoft.com"",""OriginatingServer"":""LAB60XX8701MB913 (15.20.4200.000)\r\n"",""TokenObjectId"":""f9a62fe7-59eb-467a-848b-b0f4588e5386"",""TokenTenantId"":""9fc57536-e8d3-4117-8537-fc27bc714352"",""TokenType"":""V1AppActAs"",""Item"":{""Attachments"":""Outlook-A logo for (44209b)"",""Id"":""LgAAAAAdhAMRqmYRzZvIAKoAL8RaDQBPFRB7aFbgTYJ0U+olHj1gAAGp53oCAAAJ"",""ImmutableId"":""LgAAAAAdhAMRqmYRzZvIAKoAL8RaDQBPFRB7aFbgTYJ0U+olHj1gAAGp53oCAAAJ"",""InternetMessageId"":""<steven2@mn2pr06mb5981.namprd06.prod.outlook.com>"",""ParentFolder"":{""Id"":""LgAAAAB5LAfwTBU\/RaiC9YJ7b37EAQBPFRB7aFbgTYJ0U+olHj1gAAAAAAEPAAAB"",""Path"":""\\Drafts""},""SizeInBytes"":127133,""Subject"":""Consolidatedmsgr""},""SaveToSentItems"":true}","169","214","1a08b223-32d0-4356-8220-19c764187c05","True","Unchanged"
"ExchangeItem","2025-12-17 16:27:14","gutierrez2@consolidatedmsgr.com","Send","{""AppAccessContext"":{""AADSessionId"":""6221db44-b1b2-4f77-8b47-77bff877410b"",""APIId"":""1fe87f9e-7a06-4f34-872f-efb4be6fb916"",""ClientAppId"":""de7d7402-70c8-4e5e-8a00-fa48659038c2"",""IssuedAtTime"":""2025-12-17T15:55:35"",""UniqueTokenId"":""vhycqTMRBkmPJYl0ZEglAA""},""CreationTime"":""2025-12-17T16:27:14"",""Id"":""93dcabdd-6bcd-46f9-88b6-87558c4f3da5"",""Operation"":""Send"",""OrganizationId"":""9fc57536-e8d3-4117-8537-fc27bc714352"",""RecordType"":2,""ResultStatus"":""Succeeded"",""UserKey"":""100320034F35348A"",""UserType"":0,""Version"":1,""Workload"":""Exchange"",""ClientIP"":""2600:1f18:5c9a:a468:8241:17f9:1526:6a4d"",""UserId"":""gutierrez2@consolidatedmsgr.com"",""AppId"":""de7d7402-70c8-4e5e-8a00-fa48659038c2"",""AuthType"":""Bearer"",""ClientAppId"":""de7d7402-70c8-4e5e-8a00-fa48659038c2"",""ClientIPAddress"":""2600:1f18:5c9a:a468:8241:17f9:1526:6a4d"",""ClientInfoString"":""Client=OWA;Action=ViaProxy"",""ExternalAccess"":false,""HostAppId"":""1fe87f9e-7a06-4f34-872f-efb4be6fb916"",""InternalLogonType"":0,""LogonType"":0,""LogonUserSid"":""S-1-5-21-3421515247-1784439087-2623626124-887996"",""MailboxGuid"":""c0f08483-4e52-46e0-899d-322f8d8f0310"",""MailboxOwnerSid"":""S-1-5-21-3421515247-1784439087-2623626124-887996"",""MailboxOwnerUPN"":""gutierrez2@consolidatedmsgr.com"",""OrganizationName"":""consolidatedmsgr.onmicrosoft.com"",""OriginatingServer"":""LAB60XX8701MB913 (15.20.4200.000)\r\n"",""TokenObjectId"":""f9a62fe7-59eb-467a-848b-b0f4588e5386"",""TokenTenantId"":""9fc57536-e8d3-4117-8537-fc27bc714352"",""TokenType"":""V1AppActAs"",""Item"":{""Attachments"":""Outlook-A logo for (44209b)"",""Id"":""LgAAAAAdhAMRqmYRzZvIAKoAL8RaDQBPFRB7aFbgTYJ0U+olHj1gAAGp53oMAAAJ"",""ImmutableId"":""LgAAAAAdhAMRqmYRzZvIAKoAL8RaDQBPFRB7aFbgTYJ0U+olHj1gAAGp53oMAAAJ"",""InternetMessageId"":""<susan3@mn2pr06mb5981.namprd06.prod.outlook.com>"",""ParentFolder"":{""Id"":""LgAAAAB5LAfwTBU\/RaiC9YJ7b37EAQBPFRB7aFbgTYJ0U+olHj1gAAAAAAEPAAAB"",""Path"":""\\Drafts""},""SizeInBytes"":127569,""Subject"":""Consolidatedmsgr""},""SaveToSentItems"":true}","170","214","93dcabdd-6bcd-46f9-88b6-87558c4f3da5","True","Unchanged"
"ExchangeItem","2025-12-17 16:27:07","gutierrez2@consolidatedmsgr.com","Send","{""AppAccessContext"":{""AADSessionId"":""6221db44-b1b2-4f77-8b47-77bff877410b"",""APIId"":""1fe87f9e-7a06-4f34-872f-efb4be6fb916"",""ClientAppId"":""de7d7402-70c8-4e5e-8a00-fa48659038c2"",""IssuedAtTime"":""2025-12-17T15:55:35"",""UniqueTokenId"":""vhycqTMRBkmPJYl0ZEglAA""},""CreationTime"":""2025-12-17T16:27:07"",""Id"":""0f5452e9-09c5-4e09-8a2b-c7c418b067d3"",""Operation"":""Send"",""OrganizationId"":""9fc57536-e8d3-4117-8537-fc27bc714352"",""RecordType"":2,""ResultStatus"":""Succeeded"",""UserKey"":""100320034F35348A"",""UserType"":0,""Version"":1,""Workload"":""Exchange"",""ClientIP"":""2600:1f18:5c9a:a468:8241:17f9:1526:6a4d"",""UserId"":""gutierrez2@consolidatedmsgr.com"",""AppId"":""de7d7402-70c8-4e5e-8a00-fa48659038c2"",""AuthType"":""Bearer"",""ClientAppId"":""de7d7402-70c8-4e5e-8a00-fa48659038c2"",""ClientIPAddress"":""2600:1f18:5c9a:a468:8241:17f9:1526:6a4d"",""ClientInfoString"":""Client=OWA;Mozilla\/5.0 (Windows NT 10.0; Win64; x64) AppleWebKit\/537.36 (KHTML, like Gecko) Chrome\/142.0.0.206 Safari\/537.36;"",""ExternalAccess"":false,""HostAppId"":""1fe87f9e-7a06-4f34-872f-efb4be6fb916"",""InternalLogonType"":0,""LogonType"":0,""LogonUserSid"":""S-1-5-21-3421515247-1784439087-2623626124-887996"",""MailboxGuid"":""c0f08483-4e52-46e0-899d-322f8d8f0310"",""MailboxOwnerSid"":""S-1-5-21-3421515247-1784439087-2623626124-887996"",""MailboxOwnerUPN"":""gutierrez2@consolidatedmsgr.com"",""OrganizationName"":""consolidatedmsgr.onmicrosoft.com"",""OriginatingServer"":""LAB60XX8701MB913 (15.20.4200.000)\r\n"",""TokenObjectId"":""f9a62fe7-59eb-467a-848b-b0f4588e5386"",""TokenTenantId"":""9fc57536-e8d3-4117-8537-fc27bc714352"",""TokenType"":""V1AppActAs"",""Item"":{""Attachments"":""Outlook-A logo for (44209b)"",""Id"":""LgAAAAAdhAMRqmYRzZvIAKoAL8RaDQBPFRB7aFbgTYJ0U+olHj1gAAGp53YKAAAJ"",""ImmutableId"":""LgAAAAAdhAMRqmYRzZvIAKoAL8RaDQBPFRB7aFbgTYJ0U+olHj1gAAGp53YKAAAJ"",""InternetMessageId"":""<jason5@mn2pr06mb5981.namprd06.prod.outlook.com>"",""ParentFolder"":{""Id"":""LgAAAAB5LAfwTBU\/RaiC9YJ7b37EAQBPFRB7aFbgTYJ0U+olHj1gAAAAAAEPAAAB"",""Path"":""\\Drafts""},""SizeInBytes"":132518,""Subject"":""Consolidatedmsgr""},""SaveToSentItems"":true}","171","214","0f5452e9-09c5-4e09-8a2b-c7c418b067d3","True","Unchanged"
"ExchangeItem","2025-12-17 16:27:05","gutierrez2@consolidatedmsgr.com","Send","{""AppAccessContext"":{""AADSessionId"":""6221db44-b1b2-4f77-8b47-77bff877410b"",""APIId"":""1fe87f9e-7a06-4f34-872f-efb4be6fb916"",""ClientAppId"":""de7d7402-70c8-4e5e-8a00-fa48659038c2"",""IssuedAtTime"":""2025-12-17T15:55:35"",""UniqueTokenId"":""vhycqTMRBkmPJYl0ZEglAA""},""CreationTime"":""2025-12-17T16:27:05"",""Id"":""d8f3b772-49ed-4639-8ffb-748dbbb3a49f"",""Operation"":""Send"",""OrganizationId"":""9fc57536-e8d3-4117-8537-fc27bc714352"",""RecordType"":2,""ResultStatus"":""Succeeded"",""UserKey"":""100320034F35348A"",""UserType"":0,""Version"":1,""Workload"":""Exchange"",""ClientIP"":""2600:1f18:5c9a:a468:8241:17f9:1526:6a4d"",""UserId"":""gutierrez2@consolidatedmsgr.com"",""AppId"":""de7d7402-70c8-4e5e-8a00-fa48659038c2"",""AuthType"":""Bearer"",""ClientAppId"":""de7d7402-70c8-4e5e-8a00-fa48659038c2"",""ClientIPAddress"":""2600:1f18:5c9a:a468:8241:17f9:1526:6a4d"",""ClientInfoString"":""Client=OWA;Action=ViaProxy"",""ExternalAccess"":false,""HostAppId"":""1fe87f9e-7a06-4f34-872f-efb4be6fb916"",""InternalLogonType"":0,""LogonType"":0,""LogonUserSid"":""S-1-5-21-3421515247-1784439087-2623626124-887996"",""MailboxGuid"":""c0f08483-4e52-46e0-899d-322f8d8f0310"",""MailboxOwnerSid"":""S-1-5-21-3421515247-1784439087-2623626124-887996"",""MailboxOwnerUPN"":""gutierrez2@consolidatedmsgr.com"",""OrganizationName"":""consolidatedmsgr.onmicrosoft.com"",""OriginatingServer"":""LAB60XX8701MB913 (15.20.4200.000)\r\n"",""TokenObjectId"":""f9a62fe7-59eb-467a-848b-b0f4588e5386"",""TokenTenantId"":""9fc57536-e8d3-4117-8537-fc27bc714352"",""TokenType"":""V1AppActAs"",""Item"":{""Attachments"":""Outlook-A logo for (44209b)"",""Id"":""LgAAAAAdhAMRqmYRzZvIAKoAL8RaDQBPFRB7aFbgTYJ0U+olHj1gAAGp53YQAAAJ"",""ImmutableId"":""LgAAAAAdhAMRqmYRzZvIAKoAL8RaDQBPFRB7aFbgTYJ0U+olHj1gAAGp53YQAAAJ"",""InternetMessageId"":""<jenkins2@mn2pr06mb5981.namprd06.prod.outlook.com>"",""ParentFolder"":{""Id"":""LgAAAAB5LAfwTBU\/RaiC9YJ7b37EAQBPFRB7aFbgTYJ0U+olHj1gAAAAAAEPAAAB"",""Path"":""\\Drafts""},""SizeInBytes"":129465,""Subject"":""Consolidatedmsgr""},""SaveToSentItems"":true}","172","214","d8f3b772-49ed-4639-8ffb-748dbbb3a49f","True","Unchanged"
"ExchangeItem","2025-12-17 16:27:25","gutierrez2@consolidatedmsgr.com","Send","{""AppAccessContext"":{""AADSessionId"":""6221db44-b1b2-4f77-8b47-77bff877410b"",""APIId"":""1fe87f9e-7a06-4f34-872f-efb4be6fb916"",""ClientAppId"":""de7d7402-70c8-4e5e-8a00-fa48659038c2"",""IssuedAtTime"":""2025-12-17T15:55:35"",""UniqueTokenId"":""vhycqTMRBkmPJYl0ZEglAA""},""CreationTime"":""2025-12-17T16:27:25"",""Id"":""103ad0f4-7aca-45ee-8991-094fc58ab971"",""Operation"":""Send"",""OrganizationId"":""9fc57536-e8d3-4117-8537-fc27bc714352"",""RecordType"":2,""ResultStatus"":""Succeeded"",""UserKey"":""100320034F35348A"",""UserType"":0,""Version"":1,""Workload"":""Exchange"",""ClientIP"":""2600:1f18:5c9a:a468:8241:17f9:1526:6a4d"",""UserId"":""gutierrez2@consolidatedmsgr.com"",""AppId"":""de7d7402-70c8-4e5e-8a00-fa48659038c2"",""AuthType"":""Bearer"",""ClientAppId"":""de7d7402-70c8-4e5e-8a00-fa48659038c2"",""ClientIPAddress"":""2600:1f18:5c9a:a468:8241:17f9:1526:6a4d"",""ClientInfoString"":""Client=OWA;Action=ViaProxy"",""ExternalAccess"":false,""HostAppId"":""1fe87f9e-7a06-4f34-872f-efb4be6fb916"",""InternalLogonType"":0,""LogonType"":0,""LogonUserSid"":""S-1-5-21-3421515247-1784439087-2623626124-887996"",""MailboxGuid"":""c0f08483-4e52-46e0-899d-322f8d8f0310"",""MailboxOwnerSid"":""S-1-5-21-3421515247-1784439087-2623626124-887996"",""MailboxOwnerUPN"":""gutierrez2@consolidatedmsgr.com"",""OrganizationName"":""consolidatedmsgr.onmicrosoft.com"",""OriginatingServer"":""LAB60XX8701MB913 (15.20.4200.000)\r\n"",""TokenObjectId"":""f9a62fe7-59eb-467a-848b-b0f4588e5386"",""TokenTenantId"":""9fc57536-e8d3-4117-8537-fc27bc714352"",""TokenType"":""V1AppActAs"",""Item"":{""Attachments"":""Outlook-A logo for (44209b)"",""Id"":""LgAAAAAdhAMRqmYRzZvIAKoAL8RaDQBPFRB7aFbgTYJ0U+olHj1gAAGp54H4AAAJ"",""ImmutableId"":""LgAAAAAdhAMRqmYRzZvIAKoAL8RaDQBPFRB7aFbgTYJ0U+olHj1gAAGp54H4AAAJ"",""InternetMessageId"":""<bennett5@mn2pr06mb5981.namprd06.prod.outlook.com>"",""ParentFolder"":{""Id"":""LgAAAAB5LAfwTBU\/RaiC9YJ7b37EAQBPFRB7aFbgTYJ0U+olHj1gAAAAAAEPAAAB"",""Path"":""\\Drafts""},""SizeInBytes"":118993,""Subject"":""Consolidatedmsgr""},""SaveToSentItems"":true}","173","214","103ad0f4-7aca-45ee-8991-094fc58ab971","True","Unchanged"
"ExchangeItem","2025-12-17 16:27:01","gutierrez2@consolidatedmsgr.com","Send","{""AppAccessContext"":{""AADSessionId"":""6221db44-b1b2-4f77-8b47-77bff877410b"",""APIId"":""1fe87f9e-7a06-4f34-872f-efb4be6fb916"",""ClientAppId"":""de7d7402-70c8-4e5e-8a00-fa48659038c2"",""IssuedAtTime"":""2025-12-17T15:55:35"",""UniqueTokenId"":""vhycqTMRBkmPJYl0ZEglAA""},""CreationTime"":""2025-12-17T16:27:01"",""Id"":""70adffdd-21c4-48e7-8163-a02ffdba2137"",""Operation"":""Send"",""OrganizationId"":""9fc57536-e8d3-4117-8537-fc27bc714352"",""RecordType"":2,""ResultStatus"":""Succeeded"",""UserKey"":""100320034F35348A"",""UserType"":0,""Version"":1,""Workload"":""Exchange"",""ClientIP"":""2600:1f18:5c9a:a468:8241:17f9:1526:6a4d"",""UserId"":""gutierrez2@consolidatedmsgr.com"",""AppId"":""de7d7402-70c8-4e5e-8a00-fa48659038c2"",""AuthType"":""Bearer"",""ClientAppId"":""de7d7402-70c8-4e5e-8a00-fa48659038c2"",""ClientIPAddress"":""2600:1f18:5c9a:a468:8241:17f9:1526:6a4d"",""ClientInfoString"":""Client=OWA;Mozilla\/5.0 (Windows NT 10.0; Win64; x64) AppleWebKit\/537.36 (KHTML, like Gecko) Chrome\/142.0.0.206 Safari\/537.36;"",""ExternalAccess"":false,""HostAppId"":""1fe87f9e-7a06-4f34-872f-efb4be6fb916"",""InternalLogonType"":0,""LogonType"":0,""LogonUserSid"":""S-1-5-21-3421515247-1784439087-2623626124-887996"",""MailboxGuid"":""c0f08483-4e52-46e0-899d-322f8d8f0310"",""MailboxOwnerSid"":""S-1-5-21-3421515247-1784439087-2623626124-887996"",""MailboxOwnerUPN"":""gutierrez2@consolidatedmsgr.com"",""OrganizationName"":""consolidatedmsgr.onmicrosoft.com"",""OriginatingServer"":""LAB60XX8701MB913 (15.20.4200.000)\r\n"",""TokenObjectId"":""f9a62fe7-59eb-467a-848b-b0f4588e5386"",""TokenTenantId"":""9fc57536-e8d3-4117-8537-fc27bc714352"",""TokenType"":""V1AppActAs"",""Item"":{""Attachments"":""Outlook-A logo for (44209b)"",""Id"":""LgAAAAAdhAMRqmYRzZvIAKoAL8RaDQBPFRB7aFbgTYJ0U+olHj1gAAGp52ZKAAAJ"",""ImmutableId"":""LgAAAAAdhAMRqmYRzZvIAKoAL8RaDQBPFRB7aFbgTYJ0U+olHj1gAAGp52ZKAAAJ"",""InternetMessageId"":""<johnson2@mn2pr06mb5981.namprd06.prod.outlook.com>"",""ParentFolder"":{""Id"":""LgAAAAB5LAfwTBU\/RaiC9YJ7b37EAQBPFRB7aFbgTYJ0U+olHj1gAAAAAAEPAAAB"",""Path"":""\\Drafts""},""SizeInBytes"":131750,""Subject"":""Consolidatedmsgr""},""SaveToSentItems"":true}","174","214","70adffdd-21c4-48e7-8163-a02ffdba2137","True","Unchanged"
"ExchangeItem","2025-12-17 16:27:45","gutierrez2@consolidatedmsgr.com","Send","{""AppAccessContext"":{""AADSessionId"":""6221db44-b1b2-4f77-8b47-77bff877410b"",""APIId"":""1fe87f9e-7a06-4f34-872f-efb4be6fb916"",""ClientAppId"":""de7d7402-70c8-4e5e-8a00-fa48659038c2"",""IssuedAtTime"":""2025-12-17T15:55:35"",""UniqueTokenId"":""vhycqTMRBkmPJYl0ZEglAA""},""CreationTime"":""2025-12-17T16:27:45"",""Id"":""2b11a07e-a941-4407-8810-22e8a817495a"",""Operation"":""Send"",""OrganizationId"":""9fc57536-e8d3-4117-8537-fc27bc714352"",""RecordType"":2,""ResultStatus"":""Succeeded"",""UserKey"":""100320034F35348A"",""UserType"":0,""Version"":1,""Workload"":""Exchange"",""ClientIP"":""2600:1f18:5c9a:a468:8241:17f9:1526:6a4d"",""UserId"":""gutierrez2@consolidatedmsgr.com"",""AppId"":""de7d7402-70c8-4e5e-8a00-fa48659038c2"",""AuthType"":""Bearer"",""ClientAppId"":""de7d7402-70c8-4e5e-8a00-fa48659038c2"",""ClientIPAddress"":""2600:1f18:5c9a:a468:8241:17f9:1526:6a4d"",""ClientInfoString"":""Client=OWA;Action=ViaProxy"",""ExternalAccess"":false,""HostAppId"":""1fe87f9e-7a06-4f34-872f-efb4be6fb916"",""InternalLogonType"":0,""LogonType"":0,""LogonUserSid"":""S-1-5-21-3421515247-1784439087-2623626124-887996"",""MailboxGuid"":""c0f08483-4e52-46e0-899d-322f8d8f0310"",""MailboxOwnerSid"":""S-1-5-21-3421515247-1784439087-2623626124-887996"",""MailboxOwnerUPN"":""gutierrez2@consolidatedmsgr.com"",""OrganizationName"":""consolidatedmsgr.onmicrosoft.com"",""OriginatingServer"":""LAB60XX8701MB913 (15.20.4200.000)\r\n"",""TokenObjectId"":""f9a62fe7-59eb-467a-848b-b0f4588e5386"",""TokenTenantId"":""9fc57536-e8d3-4117-8537-fc27bc714352"",""TokenType"":""V1AppActAs"",""Item"":{""Attachments"":""Outlook-A logo for (44209b)"",""Id"":""LgAAAAAdhAMRqmYRzZvIAKoAL8RaDQBPFRB7aFbgTYJ0U+olHj1gAAGp54X1AAAJ"",""ImmutableId"":""LgAAAAAdhAMRqmYRzZvIAKoAL8RaDQBPFRB7aFbgTYJ0U+olHj1gAAGp54X1AAAJ"",""InternetMessageId"":""<kimberly2@mn2pr06mb5981.namprd06.prod.outlook.com>"",""ParentFolder"":{""Id"":""LgAAAAB5LAfwTBU\/RaiC9YJ7b37EAQBPFRB7aFbgTYJ0U+olHj1gAAAAAAEPAAAB"",""Path"":""\\Drafts""},""SizeInBytes"":126367,""Subject"":""Consolidatedmsgr""},""SaveToSentItems"":true}","175","214","2b11a07e-a941-4407-8810-22e8a817495a","True","Unchanged"
"ExchangeItem","2025-12-17 16:27:31","gutierrez2@consolidatedmsgr.com","Send","{""AppAccessContext"":{""AADSessionId"":""6221db44-b1b2-4f77-8b47-77bff877410b"",""APIId"":""1fe87f9e-7a06-4f34-872f-efb4be6fb916"",""ClientAppId"":""de7d7402-70c8-4e5e-8a00-fa48659038c2"",""IssuedAtTime"":""2025-12-17T15:55:35"",""UniqueTokenId"":""vhycqTMRBkmPJYl0ZEglAA""},""CreationTime"":""2025-12-17T16:27:31"",""Id"":""b97f21a4-4232-4660-8510-b8848c525ca4"",""Operation"":""Send"",""OrganizationId"":""9fc57536-e8d3-4117-8537-fc27bc714352"",""RecordType"":2,""ResultStatus"":""Succeeded"",""UserKey"":""100320034F35348A"",""UserType"":0,""Version"":1,""Workload"":""Exchange"",""ClientIP"":""2600:1f18:5c9a:a468:8241:17f9:1526:6a4d"",""UserId"":""gutierrez2@consolidatedmsgr.com"",""AppId"":""de7d7402-70c8-4e5e-8a00-fa48659038c2"",""AuthType"":""Bearer"",""ClientAppId"":""de7d7402-70c8-4e5e-8a00-fa48659038c2"",""ClientIPAddress"":""2600:1f18:5c9a:a468:8241:17f9:1526:6a4d"",""ClientInfoString"":""Client=OWA;Action=ViaProxy"",""ExternalAccess"":false,""HostAppId"":""1fe87f9e-7a06-4f34-872f-efb4be6fb916"",""InternalLogonType"":0,""LogonType"":0,""LogonUserSid"":""S-1-5-21-3421515247-1784439087-2623626124-887996"",""MailboxGuid"":""c0f08483-4e52-46e0-899d-322f8d8f0310"",""MailboxOwnerSid"":""S-1-5-21-3421515247-1784439087-2623626124-887996"",""MailboxOwnerUPN"":""gutierrez2@consolidatedmsgr.com"",""OrganizationName"":""consolidatedmsgr.onmicrosoft.com"",""OriginatingServer"":""LAB60XX8701MB913 (15.20.4200.000)\r\n"",""TokenObjectId"":""f9a62fe7-59eb-467a-848b-b0f4588e5386"",""TokenTenantId"":""9fc57536-e8d3-4117-8537-fc27bc714352"",""TokenType"":""V1AppActAs"",""Item"":{""Attachments"":""Outlook-A logo for (44209b)"",""Id"":""LgAAAAAdhAMRqmYRzZvIAKoAL8RaDQBPFRB7aFbgTYJ0U+olHj1gAAGp54H7AAAJ"",""ImmutableId"":""LgAAAAAdhAMRqmYRzZvIAKoAL8RaDQBPFRB7aFbgTYJ0U+olHj1gAAGp54H7AAAJ"",""InternetMessageId"":""<wilson3@mn2pr06mb5981.namprd06.prod.outlook.com>"",""ParentFolder"":{""Id"":""LgAAAAB5LAfwTBU\/RaiC9YJ7b37EAQBPFRB7aFbgTYJ0U+olHj1gAAAAAAEPAAAB"",""Path"":""\\Drafts""},""SizeInBytes"":131262,""Subject"":""Consolidatedmsgr""},""SaveToSentItems"":true}","176","214","b97f21a4-4232-4660-8510-b8848c525ca4","True","Unchanged"
"ExchangeAdmin","2025-12-17 16:26:57","gutierrez2@consolidatedmsgr.com","New-InboxRule","{""AppAccessContext"":{""AADSessionId"":""6221db44-b1b2-4f77-8b47-77bff877410b"",""IssuedAtTime"":""2025-12-17T15:55:35"",""UniqueTokenId"":""vhycqTMRBkmPJYl0ZEglAA""},""CreationTime"":""2025-12-17T16:26:57"",""Id"":""dd793aeb-a1c3-4f0e-8070-ea06b4180605"",""Operation"":""New-InboxRule"",""OrganizationId"":""9fc57536-e8d3-4117-8537-fc27bc714352"",""RecordType"":1,""ResultStatus"":""True"",""UserKey"":""gutierrez2@consolidatedmsgr.com"",""UserType"":2,""Version"":1,""Workload"":""Exchange"",""ClientIP"":""[2600:1f18:5c9a:a468:8241:17f9:1526:6a4d]:50077"",""ObjectId"":""LABPR33A037.PROD.OUTLOOK.COM\/Microsoft Exchange Hosted Organizations\/consolidatedmsgr.onmicrosoft.com\/f9a62fe7-59eb-467a-848b-b0f4588e5386\\.."",""UserId"":""gutierrez2@consolidatedmsgr.com"",""AppId"":"""",""AppPoolName"":""MSExchangeOWAAppPool"",""ClientAppId"":"""",""CorrelationID"":"""",""ExternalAccess"":false,""OrganizationName"":""consolidatedmsgr.onmicrosoft.com"",""OriginatingServer"":""LAB60XX8701MB913 (15.20.9320.008)"",""Parameters"":[{""Name"":""AlwaysDeleteOutlookRulesBlob"",""Value"":""False""},{""Name"":""Force"",""Value"":""False""},{""Name"":""MoveToFolder"",""Value"":""RSS Feeds""},{""Name"":""Name"",""Value"":""..""},{""Name"":""MarkAsRead"",""Value"":""True""},{""Name"":""StopProcessingRules"",""Value"":""True""}],""RequestId"":""c23cab35-d8ea-4202-83a4-80f54f74a7b5"",""SessionId"":""6221db44-b1b2-4f77-8b47-77bff877410b"",""TokenObjectId"":""f9a62fe7-59eb-467a-848b-b0f4588e5386"",""TokenTenantId"":""9fc57536-e8d3-4117-8537-fc27bc714352""}","177","214","dd793aeb-a1c3-4f0e-8070-ea06b4180605","True","Unchanged"
"ExchangeItem","2025-12-17 16:25:39","gutierrez2@consolidatedmsgr.com","Create","{""AppAccessContext"":{""AADSessionId"":""6221db44-b1b2-4f77-8b47-77bff877410b"",""APIId"":""1fe87f9e-7a06-4f34-872f-efb4be6fb916"",""ClientAppId"":""de7d7402-70c8-4e5e-8a00-fa48659038c2"",""IssuedAtTime"":""2025-12-17T15:55:35"",""UniqueTokenId"":""vhycqTMRBkmPJYl0ZEglAA""},""CreationTime"":""2025-12-17T16:25:39"",""Id"":""e5a9e18f-38ce-4905-81eb-d75d55b98b5b"",""Operation"":""Create"",""OrganizationId"":""9fc57536-e8d3-4117-8537-fc27bc714352"",""RecordType"":2,""ResultStatus"":""Succeeded"",""UserKey"":""100320034F35348A"",""UserType"":0,""Version"":1,""Workload"":""Exchange"",""ClientIP"":""2600:1f18:5c9a:a468:8241:17f9:1526:6a4d"",""UserId"":""gutierrez2@consolidatedmsgr.com"",""AppId"":""de7d7402-70c8-4e5e-8a00-fa48659038c2"",""AuthType"":""Bearer"",""ClientAppId"":""de7d7402-70c8-4e5e-8a00-fa48659038c2"",""ClientIPAddress"":""2600:1f18:5c9a:a468:8241:17f9:1526:6a4d"",""ClientInfoString"":""Client=OWA;Mozilla\/5.0 (Windows NT 10.0; Win64; x64) AppleWebKit\/537.36 (KHTML, like Gecko) Chrome\/142.0.0.206 Safari\/537.36;"",""ExternalAccess"":false,""HostAppId"":""1fe87f9e-7a06-4f34-872f-efb4be6fb916"",""InternalLogonType"":0,""LogonType"":0,""LogonUserSid"":""S-1-5-21-3421515247-1784439087-2623626124-887996"",""MailboxGuid"":""c0f08483-4e52-46e0-899d-322f8d8f0310"",""MailboxOwnerSid"":""S-1-5-21-3421515247-1784439087-2623626124-887996"",""MailboxOwnerUPN"":""gutierrez2@consolidatedmsgr.com"",""OrganizationName"":""consolidatedmsgr.onmicrosoft.com"",""OriginatingServer"":""LAB60XX8701MB913 (15.20.4200.000)\r\n"",""TokenObjectId"":""f9a62fe7-59eb-467a-848b-b0f4588e5386"",""TokenTenantId"":""9fc57536-e8d3-4117-8537-fc27bc714352"",""TokenType"":""V1AppActAs"",""Item"":{""Id"":""LgAAAAAdhAMRqmYRzZvIAKoAL8RaDQBPFRB7aFbgTYJ0U+olHj1gAAGp54o9AAAJ"",""ImmutableId"":""LgAAAAAdhAMRqmYRzZvIAKoAL8RaDQBPFRB7aFbgTYJ0U+olHj1gAAGp54o9AAAJ"",""InternetMessageId"":""<barbara2@mn2pr06mb5981.namprd06.prod.outlook.com>"",""IsRecord"":false,""ParentFolder"":{""Id"":""LgAAAAB5LAfwTBU\/RaiC9YJ7b37EAQBPFRB7aFbgTYJ0U+olHj1gAAAAAAEPAAAB"",""Path"":""\\Drafts""},""SizeInBytes"":1920}}","178","214","e5a9e18f-38ce-4905-81eb-d75d55b98b5b","True","Unchanged"
"ExchangeItem","2025-12-17 16:20:02","gutierrez2@consolidatedmsgr.com","Create","{""AppAccessContext"":{""AADSessionId"":""6221db44-b1b2-4f77-8b47-77bff877410b"",""APIId"":""1fe87f9e-7a06-4f34-872f-efb4be6fb916"",""ClientAppId"":""de7d7402-70c8-4e5e-8a00-fa48659038c2"",""IssuedAtTime"":""2025-12-17T15:55:35"",""UniqueTokenId"":""vhycqTMRBkmPJYl0ZEglAA""},""CreationTime"":""2025-12-17T16:20:02"",""Id"":""fbb4ade8-5c6a-4c6b-88f2-d5141ae10830"",""Operation"":""Create"",""OrganizationId"":""9fc57536-e8d3-4117-8537-fc27bc714352"",""RecordType"":2,""ResultStatus"":""Succeeded"",""UserKey"":""100320034F35348A"",""UserType"":0,""Version"":1,""Workload"":""Exchange"",""ClientIP"":""2600:1f18:5c9a:a468:8241:17f9:1526:6a4d"",""UserId"":""gutierrez2@consolidatedmsgr.com"",""AppId"":""de7d7402-70c8-4e5e-8a00-fa48659038c2"",""AuthType"":""Bearer"",""ClientAppId"":""de7d7402-70c8-4e5e-8a00-fa48659038c2"",""ClientIPAddress"":""2600:1f18:5c9a:a468:8241:17f9:1526:6a4d"",""ClientInfoString"":""Client=OWA;Mozilla\/5.0 (Windows NT 10.0; Win64; x64) AppleWebKit\/537.36 (KHTML, like Gecko) Chrome\/142.0.0.206 Safari\/537.36;"",""ExternalAccess"":false,""HostAppId"":""1fe87f9e-7a06-4f34-872f-efb4be6fb916"",""InternalLogonType"":0,""LogonType"":0,""LogonUserSid"":""S-1-5-21-3421515247-1784439087-2623626124-887996"",""MailboxGuid"":""c0f08483-4e52-46e0-899d-322f8d8f0310"",""MailboxOwnerSid"":""S-1-5-21-3421515247-1784439087-2623626124-887996"",""MailboxOwnerUPN"":""gutierrez2@consolidatedmsgr.com"",""OrganizationName"":""consolidatedmsgr.onmicrosoft.com"",""OriginatingServer"":""LAB60XX8701MB913 (15.20.4200.000)\r\n"",""TokenObjectId"":""f9a62fe7-59eb-467a-848b-b0f4588e5386"",""TokenTenantId"":""9fc57536-e8d3-4117-8537-fc27bc714352"",""TokenType"":""V1AppActAs"",""Item"":{""Attachments"":""Outlook-A logo for (44209b)"",""Id"":""LgAAAAAdhAMRqmYRzZvIAKoAL8RaDQBPFRB7aFbgTYJ0U+olHj1gAAGp54XvAAAJ"",""ImmutableId"":""LgAAAAAdhAMRqmYRzZvIAKoAL8RaDQBPFRB7aFbgTYJ0U+olHj1gAAGp54XvAAAJ"",""InternetMessageId"":""<janet4@mn2pr06mb5981.namprd06.prod.outlook.com>"",""IsRecord"":false,""ParentFolder"":{""Id"":""LgAAAAB5LAfwTBU\/RaiC9YJ7b37EAQBPFRB7aFbgTYJ0U+olHj1gAAAAAAEPAAAB"",""Path"":""\\Drafts""},""SizeInBytes"":50443}}","179","214","fbb4ade8-5c6a-4c6b-88f2-d5141ae10830","True","Unchanged"
"ExchangeItem","2025-12-17 16:20:49","gutierrez2@consolidatedmsgr.com","Create","{""AppAccessContext"":{""AADSessionId"":""6221db44-b1b2-4f77-8b47-77bff877410b"",""APIId"":""1fe87f9e-7a06-4f34-872f-efb4be6fb916"",""ClientAppId"":""de7d7402-70c8-4e5e-8a00-fa48659038c2"",""IssuedAtTime"":""2025-12-17T15:55:35"",""UniqueTokenId"":""vhycqTMRBkmPJYl0ZEglAA""},""CreationTime"":""2025-12-17T16:20:49"",""Id"":""c7bdacbe-dcb9-4ee0-8cbe-dbb4251aeb71"",""Operation"":""Create"",""OrganizationId"":""9fc57536-e8d3-4117-8537-fc27bc714352"",""RecordType"":2,""ResultStatus"":""Succeeded"",""UserKey"":""100320034F35348A"",""UserType"":0,""Version"":1,""Workload"":""Exchange"",""ClientIP"":""2600:1f18:5c9a:a468:8241:17f9:1526:6a4d"",""UserId"":""gutierrez2@consolidatedmsgr.com"",""AppId"":""de7d7402-70c8-4e5e-8a00-fa48659038c2"",""AuthType"":""Bearer"",""ClientAppId"":""de7d7402-70c8-4e5e-8a00-fa48659038c2"",""ClientIPAddress"":""2600:1f18:5c9a:a468:8241:17f9:1526:6a4d"",""ClientInfoString"":""Client=OWA;Mozilla\/5.0 (Windows NT 10.0; Win64; x64) AppleWebKit\/537.36 (KHTML, like Gecko) Chrome\/142.0.0.206 Safari\/537.36;"",""ExternalAccess"":false,""HostAppId"":""1fe87f9e-7a06-4f34-872f-efb4be6fb916"",""InternalLogonType"":0,""LogonType"":0,""LogonUserSid"":""S-1-5-21-3421515247-1784439087-2623626124-887996"",""MailboxGuid"":""c0f08483-4e52-46e0-899d-322f8d8f0310"",""MailboxOwnerSid"":""S-1-5-21-3421515247-1784439087-2623626124-887996"",""MailboxOwnerUPN"":""gutierrez2@consolidatedmsgr.com"",""OrganizationName"":""consolidatedmsgr.onmicrosoft.com"",""OriginatingServer"":""LAB60XX8701MB913 (15.20.4200.000)\r\n"",""TokenObjectId"":""f9a62fe7-59eb-467a-848b-b0f4588e5386"",""TokenTenantId"":""9fc57536-e8d3-4117-8537-fc27bc714352"",""TokenType"":""V1AppActAs"",""Item"":{""Attachments"":""Outlook-A logo for (44209b)"",""Id"":""LgAAAAAdhAMRqmYRzZvIAKoAL8RaDQBPFRB7aFbgTYJ0U+olHj1gAAGp54YAAAAJ"",""ImmutableId"":""LgAAAAAdhAMRqmYRzZvIAKoAL8RaDQBPFRB7aFbgTYJ0U+olHj1gAAGp54YAAAAJ"",""InternetMessageId"":""<rachel5@mn2pr06mb5981.namprd06.prod.outlook.com>"",""IsRecord"":false,""ParentFolder"":{""Id"":""LgAAAAB5LAfwTBU\/RaiC9YJ7b37EAQBPFRB7aFbgTYJ0U+olHj1gAAAAAAEPAAAB"",""Path"":""\\Drafts""},""SizeInBytes"":50444}}","180","214","c7bdacbe-dcb9-4ee0-8cbe-dbb4251aeb71","True","Unchanged"
"ExchangeItem","2025-12-17 16:20:30","gutierrez2@consolidatedmsgr.com","Create","{""AppAccessContext"":{""AADSessionId"":""6221db44-b1b2-4f77-8b47-77bff877410b"",""APIId"":""1fe87f9e-7a06-4f34-872f-efb4be6fb916"",""ClientAppId"":""de7d7402-70c8-4e5e-8a00-fa48659038c2"",""IssuedAtTime"":""2025-12-17T15:55:35"",""UniqueTokenId"":""vhycqTMRBkmPJYl0ZEglAA""},""CreationTime"":""2025-12-17T16:20:30"",""Id"":""18d6d50b-1a2b-4390-8fc1-353e28885e28"",""Operation"":""Create"",""OrganizationId"":""9fc57536-e8d3-4117-8537-fc27bc714352"",""RecordType"":2,""ResultStatus"":""Succeeded"",""UserKey"":""100320034F35348A"",""UserType"":0,""Version"":1,""Workload"":""Exchange"",""ClientIP"":""2600:1f18:5c9a:a468:8241:17f9:1526:6a4d"",""UserId"":""gutierrez2@consolidatedmsgr.com"",""AppId"":""de7d7402-70c8-4e5e-8a00-fa48659038c2"",""AuthType"":""Bearer"",""ClientAppId"":""de7d7402-70c8-4e5e-8a00-fa48659038c2"",""ClientIPAddress"":""2600:1f18:5c9a:a468:8241:17f9:1526:6a4d"",""ClientInfoString"":""Client=OWA;Mozilla\/5.0 (Windows NT 10.0; Win64; x64) AppleWebKit\/537.36 (KHTML, like Gecko) Chrome\/142.0.0.206 Safari\/537.36;"",""ExternalAccess"":false,""HostAppId"":""1fe87f9e-7a06-4f34-872f-efb4be6fb916"",""InternalLogonType"":0,""LogonType"":0,""LogonUserSid"":""S-1-5-21-3421515247-1784439087-2623626124-887996"",""MailboxGuid"":""c0f08483-4e52-46e0-899d-322f8d8f0310"",""MailboxOwnerSid"":""S-1-5-21-3421515247-1784439087-2623626124-887996"",""MailboxOwnerUPN"":""gutierrez2@consolidatedmsgr.com"",""OrganizationName"":""consolidatedmsgr.onmicrosoft.com"",""OriginatingServer"":""LAB60XX8701MB913 (15.20.4200.000)\r\n"",""TokenObjectId"":""f9a62fe7-59eb-467a-848b-b0f4588e5386"",""TokenTenantId"":""9fc57536-e8d3-4117-8537-fc27bc714352"",""TokenType"":""V1AppActAs"",""Item"":{""Attachments"":""Outlook-A logo for (44209b)"",""Id"":""LgAAAAAdhAMRqmYRzZvIAKoAL8RaDQBPFRB7aFbgTYJ0U+olHj1gAAGp54X4AAAJ"",""ImmutableId"":""LgAAAAAdhAMRqmYRzZvIAKoAL8RaDQBPFRB7aFbgTYJ0U+olHj1gAAGp54X4AAAJ"",""InternetMessageId"":""<jerry3@mn2pr06mb5981.namprd06.prod.outlook.com>"",""IsRecord"":false,""ParentFolder"":{""Id"":""LgAAAAB5LAfwTBU\/RaiC9YJ7b37EAQBPFRB7aFbgTYJ0U+olHj1gAAAAAAEPAAAB"",""Path"":""\\Drafts""},""SizeInBytes"":50710}}","181","214","18d6d50b-1a2b-4390-8fc1-353e28885e28","True","Unchanged"
"ExchangeItem","2025-12-17 16:20:06","gutierrez2@consolidatedmsgr.com","Create","{""AppAccessContext"":{""AADSessionId"":""6221db44-b1b2-4f77-8b47-77bff877410b"",""APIId"":""1fe87f9e-7a06-4f34-872f-efb4be6fb916"",""ClientAppId"":""de7d7402-70c8-4e5e-8a00-fa48659038c2"",""IssuedAtTime"":""2025-12-17T15:55:35"",""UniqueTokenId"":""vhycqTMRBkmPJYl0ZEglAA""},""CreationTime"":""2025-12-17T16:20:06"",""Id"":""c02acbb0-5745-40bf-8648-a3758fc93af8"",""Operation"":""Create"",""OrganizationId"":""9fc57536-e8d3-4117-8537-fc27bc714352"",""RecordType"":2,""ResultStatus"":""Succeeded"",""UserKey"":""100320034F35348A"",""UserType"":0,""Version"":1,""Workload"":""Exchange"",""ClientIP"":""2600:1f18:5c9a:a468:8241:17f9:1526:6a4d"",""UserId"":""gutierrez2@consolidatedmsgr.com"",""AppId"":""de7d7402-70c8-4e5e-8a00-fa48659038c2"",""AuthType"":""Bearer"",""ClientAppId"":""de7d7402-70c8-4e5e-8a00-fa48659038c2"",""ClientIPAddress"":""2600:1f18:5c9a:a468:8241:17f9:1526:6a4d"",""ClientInfoString"":""Client=OWA;Mozilla\/5.0 (Windows NT 10.0; Win64; x64) AppleWebKit\/537.36 (KHTML, like Gecko) Chrome\/142.0.0.206 Safari\/537.36;"",""ExternalAccess"":false,""HostAppId"":""1fe87f9e-7a06-4f34-872f-efb4be6fb916"",""InternalLogonType"":0,""LogonType"":0,""LogonUserSid"":""S-1-5-21-3421515247-1784439087-2623626124-887996"",""MailboxGuid"":""c0f08483-4e52-46e0-899d-322f8d8f0310"",""MailboxOwnerSid"":""S-1-5-21-3421515247-1784439087-2623626124-887996"",""MailboxOwnerUPN"":""gutierrez2@consolidatedmsgr.com"",""OrganizationName"":""consolidatedmsgr.onmicrosoft.com"",""OriginatingServer"":""LAB60XX8701MB913 (15.20.4200.000)\r\n"",""TokenObjectId"":""f9a62fe7-59eb-467a-848b-b0f4588e5386"",""TokenTenantId"":""9fc57536-e8d3-4117-8537-fc27bc714352"",""TokenType"":""V1AppActAs"",""Item"":{""Attachments"":""Outlook-A logo for (44209b)"",""Id"":""LgAAAAAdhAMRqmYRzZvIAKoAL8RaDQBPFRB7aFbgTYJ0U+olHj1gAAGp54X1AAAJ"",""ImmutableId"":""LgAAAAAdhAMRqmYRzZvIAKoAL8RaDQBPFRB7aFbgTYJ0U+olHj1gAAGp54X1AAAJ"",""InternetMessageId"":""<kimberly2@mn2pr06mb5981.namprd06.prod.outlook.com>"",""IsRecord"":false,""ParentFolder"":{""Id"":""LgAAAAB5LAfwTBU\/RaiC9YJ7b37EAQBPFRB7aFbgTYJ0U+olHj1gAAAAAAEPAAAB"",""Path"":""\\Drafts""},""SizeInBytes"":50447}}","182","214","c02acbb0-5745-40bf-8648-a3758fc93af8","True","Unchanged"
"ExchangeItem","2025-12-17 16:20:03","gutierrez2@consolidatedmsgr.com","Create","{""AppAccessContext"":{""AADSessionId"":""6221db44-b1b2-4f77-8b47-77bff877410b"",""APIId"":""1fe87f9e-7a06-4f34-872f-efb4be6fb916"",""ClientAppId"":""de7d7402-70c8-4e5e-8a00-fa48659038c2"",""IssuedAtTime"":""2025-12-17T15:55:35"",""UniqueTokenId"":""vhycqTMRBkmPJYl0ZEglAA""},""CreationTime"":""2025-12-17T16:20:03"",""Id"":""55d3cfc0-5378-45cd-8b2a-8fdd2b5e5ddc"",""Operation"":""Create"",""OrganizationId"":""9fc57536-e8d3-4117-8537-fc27bc714352"",""RecordType"":2,""ResultStatus"":""Succeeded"",""UserKey"":""100320034F35348A"",""UserType"":0,""Version"":1,""Workload"":""Exchange"",""ClientIP"":""2600:1f18:5c9a:a468:8241:17f9:1526:6a4d"",""UserId"":""gutierrez2@consolidatedmsgr.com"",""AppId"":""de7d7402-70c8-4e5e-8a00-fa48659038c2"",""AuthType"":""Bearer"",""ClientAppId"":""de7d7402-70c8-4e5e-8a00-fa48659038c2"",""ClientIPAddress"":""2600:1f18:5c9a:a468:8241:17f9:1526:6a4d"",""ClientInfoString"":""Client=OWA;Mozilla\/5.0 (Windows NT 10.0; Win64; x64) AppleWebKit\/537.36 (KHTML, like Gecko) Chrome\/142.0.0.206 Safari\/537.36;"",""ExternalAccess"":false,""HostAppId"":""1fe87f9e-7a06-4f34-872f-efb4be6fb916"",""InternalLogonType"":0,""LogonType"":0,""LogonUserSid"":""S-1-5-21-3421515247-1784439087-2623626124-887996"",""MailboxGuid"":""c0f08483-4e52-46e0-899d-322f8d8f0310"",""MailboxOwnerSid"":""S-1-5-21-3421515247-1784439087-2623626124-887996"",""MailboxOwnerUPN"":""gutierrez2@consolidatedmsgr.com"",""OrganizationName"":""consolidatedmsgr.onmicrosoft.com"",""OriginatingServer"":""LAB60XX8701MB913 (15.20.4200.000)\r\n"",""TokenObjectId"":""f9a62fe7-59eb-467a-848b-b0f4588e5386"",""TokenTenantId"":""9fc57536-e8d3-4117-8537-fc27bc714352"",""TokenType"":""V1AppActAs"",""Item"":{""Attachments"":""Outlook-A logo for (44209b)"",""Id"":""LgAAAAAdhAMRqmYRzZvIAKoAL8RaDQBPFRB7aFbgTYJ0U+olHj1gAAGp54XyAAAJ"",""ImmutableId"":""LgAAAAAdhAMRqmYRzZvIAKoAL8RaDQBPFRB7aFbgTYJ0U+olHj1gAAGp54XyAAAJ"",""InternetMessageId"":""<flores2@mn2pr06mb5981.namprd06.prod.outlook.com>"",""IsRecord"":false,""ParentFolder"":{""Id"":""LgAAAAB5LAfwTBU\/RaiC9YJ7b37EAQBPFRB7aFbgTYJ0U+olHj1gAAAAAAEPAAAB"",""Path"":""\\Drafts""},""SizeInBytes"":50443}}","183","214","55d3cfc0-5378-45cd-8b2a-8fdd2b5e5ddc","True","Unchanged"
"ExchangeItem","2025-12-17 16:20:49","gutierrez2@consolidatedmsgr.com","Create","{""AppAccessContext"":{""AADSessionId"":""6221db44-b1b2-4f77-8b47-77bff877410b"",""APIId"":""1fe87f9e-7a06-4f34-872f-efb4be6fb916"",""ClientAppId"":""de7d7402-70c8-4e5e-8a00-fa48659038c2"",""IssuedAtTime"":""2025-12-17T15:55:35"",""UniqueTokenId"":""vhycqTMRBkmPJYl0ZEglAA""},""CreationTime"":""2025-12-17T16:20:49"",""Id"":""95481d98-dd87-4d7e-80f0-e9b5f040f430"",""Operation"":""Create"",""OrganizationId"":""9fc57536-e8d3-4117-8537-fc27bc714352"",""RecordType"":2,""ResultStatus"":""Succeeded"",""UserKey"":""100320034F35348A"",""UserType"":0,""Version"":1,""Workload"":""Exchange"",""ClientIP"":""2600:1f18:5c9a:a468:8241:17f9:1526:6a4d"",""UserId"":""gutierrez2@consolidatedmsgr.com"",""AppId"":""de7d7402-70c8-4e5e-8a00-fa48659038c2"",""AuthType"":""Bearer"",""ClientAppId"":""de7d7402-70c8-4e5e-8a00-fa48659038c2"",""ClientIPAddress"":""2600:1f18:5c9a:a468:8241:17f9:1526:6a4d"",""ClientInfoString"":""Client=OWA;Mozilla\/5.0 (Windows NT 10.0; Win64; x64) AppleWebKit\/537.36 (KHTML, like Gecko) Chrome\/142.0.0.206 Safari\/537.36;"",""ExternalAccess"":false,""HostAppId"":""1fe87f9e-7a06-4f34-872f-efb4be6fb916"",""InternalLogonType"":0,""LogonType"":0,""LogonUserSid"":""S-1-5-21-3421515247-1784439087-2623626124-887996"",""MailboxGuid"":""c0f08483-4e52-46e0-899d-322f8d8f0310"",""MailboxOwnerSid"":""S-1-5-21-3421515247-1784439087-2623626124-887996"",""MailboxOwnerUPN"":""gutierrez2@consolidatedmsgr.com"",""OrganizationName"":""consolidatedmsgr.onmicrosoft.com"",""OriginatingServer"":""LAB60XX8701MB913 (15.20.4200.000)\r\n"",""TokenObjectId"":""f9a62fe7-59eb-467a-848b-b0f4588e5386"",""TokenTenantId"":""9fc57536-e8d3-4117-8537-fc27bc714352"",""TokenType"":""V1AppActAs"",""Item"":{""Attachments"":""Outlook-A logo for (44209b)"",""Id"":""LgAAAAAdhAMRqmYRzZvIAKoAL8RaDQBPFRB7aFbgTYJ0U+olHj1gAAGp54X9AAAJ"",""ImmutableId"":""LgAAAAAdhAMRqmYRzZvIAKoAL8RaDQBPFRB7aFbgTYJ0U+olHj1gAAGp54X9AAAJ"",""InternetMessageId"":""<laura2@mn2pr06mb5981.namprd06.prod.outlook.com>"",""IsRecord"":false,""ParentFolder"":{""Id"":""LgAAAAB5LAfwTBU\/RaiC9YJ7b37EAQBPFRB7aFbgTYJ0U+olHj1gAAAAAAEPAAAB"",""Path"":""\\Drafts""},""SizeInBytes"":50674}}","184","214","95481d98-dd87-4d7e-80f0-e9b5f040f430","True","Unchanged"
"ExchangeItem","2025-12-17 16:17:54","gutierrez2@consolidatedmsgr.com","Create","{""AppAccessContext"":{""AADSessionId"":""6221db44-b1b2-4f77-8b47-77bff877410b"",""APIId"":""1fe87f9e-7a06-4f34-872f-efb4be6fb916"",""ClientAppId"":""de7d7402-70c8-4e5e-8a00-fa48659038c2"",""IssuedAtTime"":""2025-12-17T15:55:35"",""UniqueTokenId"":""vhycqTMRBkmPJYl0ZEglAA""},""CreationTime"":""2025-12-17T16:17:54"",""Id"":""c38e104b-ef88-4ce9-8f01-a197c35ce63f"",""Operation"":""Create"",""OrganizationId"":""9fc57536-e8d3-4117-8537-fc27bc714352"",""RecordType"":2,""ResultStatus"":""Succeeded"",""UserKey"":""100320034F35348A"",""UserType"":0,""Version"":1,""Workload"":""Exchange"",""ClientIP"":""2600:1f18:5c9a:a468:8241:17f9:1526:6a4d"",""UserId"":""gutierrez2@consolidatedmsgr.com"",""AppId"":""de7d7402-70c8-4e5e-8a00-fa48659038c2"",""AuthType"":""Bearer"",""ClientAppId"":""de7d7402-70c8-4e5e-8a00-fa48659038c2"",""ClientIPAddress"":""2600:1f18:5c9a:a468:8241:17f9:1526:6a4d"",""ClientInfoString"":""Client=OWA;Mozilla\/5.0 (Windows NT 10.0; Win64; x64) AppleWebKit\/537.36 (KHTML, like Gecko) Chrome\/142.0.0.206 Safari\/537.36;"",""ExternalAccess"":false,""HostAppId"":""1fe87f9e-7a06-4f34-872f-efb4be6fb916"",""InternalLogonType"":0,""LogonType"":0,""LogonUserSid"":""S-1-5-21-3421515247-1784439087-2623626124-887996"",""MailboxGuid"":""c0f08483-4e52-46e0-899d-322f8d8f0310"",""MailboxOwnerSid"":""S-1-5-21-3421515247-1784439087-2623626124-887996"",""MailboxOwnerUPN"":""gutierrez2@consolidatedmsgr.com"",""OrganizationName"":""consolidatedmsgr.onmicrosoft.com"",""OriginatingServer"":""LAB60XX8701MB913 (15.20.4200.000)\r\n"",""TokenObjectId"":""f9a62fe7-59eb-467a-848b-b0f4588e5386"",""TokenTenantId"":""9fc57536-e8d3-4117-8537-fc27bc714352"",""TokenType"":""V1AppActAs"",""Item"":{""Attachments"":""Outlook-A logo for (44209b)"",""Id"":""LgAAAAAdhAMRqmYRzZvIAKoAL8RaDQBPFRB7aFbgTYJ0U+olHj1gAAGp53oFAAAJ"",""ImmutableId"":""LgAAAAAdhAMRqmYRzZvIAKoAL8RaDQBPFRB7aFbgTYJ0U+olHj1gAAGp53oFAAAJ"",""InternetMessageId"":""<campbell2@mn2pr06mb5981.namprd06.prod.outlook.com>"",""IsRecord"":false,""ParentFolder"":{""Id"":""LgAAAAB5LAfwTBU\/RaiC9YJ7b37EAQBPFRB7aFbgTYJ0U+olHj1gAAAAAAEPAAAB"",""Path"":""\\Drafts""},""SizeInBytes"":50424}}","185","214","c38e104b-ef88-4ce9-8f01-a197c35ce63f","True","Unchanged"
"ExchangeItem","2025-12-17 16:19:18","gutierrez2@consolidatedmsgr.com","Create","{""AppAccessContext"":{""AADSessionId"":""6221db44-b1b2-4f77-8b47-77bff877410b"",""APIId"":""1fe87f9e-7a06-4f34-872f-efb4be6fb916"",""ClientAppId"":""de7d7402-70c8-4e5e-8a00-fa48659038c2"",""IssuedAtTime"":""2025-12-17T15:55:35"",""UniqueTokenId"":""vhycqTMRBkmPJYl0ZEglAA""},""CreationTime"":""2025-12-17T16:19:18"",""Id"":""57983578-de31-4b5f-8d84-78a80b906772"",""Operation"":""Create"",""OrganizationId"":""9fc57536-e8d3-4117-8537-fc27bc714352"",""RecordType"":2,""ResultStatus"":""Succeeded"",""UserKey"":""100320034F35348A"",""UserType"":0,""Version"":1,""Workload"":""Exchange"",""ClientIP"":""2600:1f18:5c9a:a468:8241:17f9:1526:6a4d"",""UserId"":""gutierrez2@consolidatedmsgr.com"",""AppId"":""de7d7402-70c8-4e5e-8a00-fa48659038c2"",""AuthType"":""Bearer"",""ClientAppId"":""de7d7402-70c8-4e5e-8a00-fa48659038c2"",""ClientIPAddress"":""2600:1f18:5c9a:a468:8241:17f9:1526:6a4d"",""ClientInfoString"":""Client=OWA;Mozilla\/5.0 (Windows NT 10.0; Win64; x64) AppleWebKit\/537.36 (KHTML, like Gecko) Chrome\/142.0.0.206 Safari\/537.36;"",""ExternalAccess"":false,""HostAppId"":""1fe87f9e-7a06-4f34-872f-efb4be6fb916"",""InternalLogonType"":0,""LogonType"":0,""LogonUserSid"":""S-1-5-21-3421515247-1784439087-2623626124-887996"",""MailboxGuid"":""c0f08483-4e52-46e0-899d-322f8d8f0310"",""MailboxOwnerSid"":""S-1-5-21-3421515247-1784439087-2623626124-887996"",""MailboxOwnerUPN"":""gutierrez2@consolidatedmsgr.com"",""OrganizationName"":""consolidatedmsgr.onmicrosoft.com"",""OriginatingServer"":""LAB60XX8701MB913 (15.20.4200.000)\r\n"",""TokenObjectId"":""f9a62fe7-59eb-467a-848b-b0f4588e5386"",""TokenTenantId"":""9fc57536-e8d3-4117-8537-fc27bc714352"",""TokenType"":""V1AppActAs"",""Item"":{""Attachments"":""Outlook-A logo for (44209b)"",""Id"":""LgAAAAAdhAMRqmYRzZvIAKoAL8RaDQBPFRB7aFbgTYJ0U+olHj1gAAGp54HyAAAJ"",""ImmutableId"":""LgAAAAAdhAMRqmYRzZvIAKoAL8RaDQBPFRB7aFbgTYJ0U+olHj1gAAGp54HyAAAJ"",""InternetMessageId"":""<evans2@mn2pr06mb5981.namprd06.prod.outlook.com>"",""IsRecord"":false,""ParentFolder"":{""Id"":""LgAAAAB5LAfwTBU\/RaiC9YJ7b37EAQBPFRB7aFbgTYJ0U+olHj1gAAAAAAEPAAAB"",""Path"":""\\Drafts""},""SizeInBytes"":50262}}","186","214","57983578-de31-4b5f-8d84-78a80b906772","True","Unchanged"
"ExchangeItem","2025-12-17 16:19:16","gutierrez2@consolidatedmsgr.com","Create","{""AppAccessContext"":{""AADSessionId"":""6221db44-b1b2-4f77-8b47-77bff877410b"",""APIId"":""1fe87f9e-7a06-4f34-872f-efb4be6fb916"",""ClientAppId"":""de7d7402-70c8-4e5e-8a00-fa48659038c2"",""IssuedAtTime"":""2025-12-17T15:55:35"",""UniqueTokenId"":""vhycqTMRBkmPJYl0ZEglAA""},""CreationTime"":""2025-12-17T16:19:16"",""Id"":""dbb24741-5636-4b88-8a22-b945f9c348bd"",""Operation"":""Create"",""OrganizationId"":""9fc57536-e8d3-4117-8537-fc27bc714352"",""RecordType"":2,""ResultStatus"":""Succeeded"",""UserKey"":""100320034F35348A"",""UserType"":0,""Version"":1,""Workload"":""Exchange"",""ClientIP"":""2600:1f18:5c9a:a468:8241:17f9:1526:6a4d"",""UserId"":""gutierrez2@consolidatedmsgr.com"",""AppId"":""de7d7402-70c8-4e5e-8a00-fa48659038c2"",""AuthType"":""Bearer"",""ClientAppId"":""de7d7402-70c8-4e5e-8a00-fa48659038c2"",""ClientIPAddress"":""2600:1f18:5c9a:a468:8241:17f9:1526:6a4d"",""ClientInfoString"":""Client=OWA;Mozilla\/5.0 (Windows NT 10.0; Win64; x64) AppleWebKit\/537.36 (KHTML, like Gecko) Chrome\/142.0.0.206 Safari\/537.36;"",""ExternalAccess"":false,""HostAppId"":""1fe87f9e-7a06-4f34-872f-efb4be6fb916"",""InternalLogonType"":0,""LogonType"":0,""LogonUserSid"":""S-1-5-21-3421515247-1784439087-2623626124-887996"",""MailboxGuid"":""c0f08483-4e52-46e0-899d-322f8d8f0310"",""MailboxOwnerSid"":""S-1-5-21-3421515247-1784439087-2623626124-887996"",""MailboxOwnerUPN"":""gutierrez2@consolidatedmsgr.com"",""OrganizationName"":""consolidatedmsgr.onmicrosoft.com"",""OriginatingServer"":""LAB60XX8701MB913 (15.20.4200.000)\r\n"",""TokenObjectId"":""f9a62fe7-59eb-467a-848b-b0f4588e5386"",""TokenTenantId"":""9fc57536-e8d3-4117-8537-fc27bc714352"",""TokenType"":""V1AppActAs"",""Item"":{""Attachments"":""Outlook-A logo for (44209b)"",""Id"":""LgAAAAAdhAMRqmYRzZvIAKoAL8RaDQBPFRB7aFbgTYJ0U+olHj1gAAGp54HvAAAJ"",""ImmutableId"":""LgAAAAAdhAMRqmYRzZvIAKoAL8RaDQBPFRB7aFbgTYJ0U+olHj1gAAGp54HvAAAJ"",""InternetMessageId"":""<benjamin3@mn2pr06mb5981.namprd06.prod.outlook.com>"",""IsRecord"":false,""ParentFolder"":{""Id"":""LgAAAAB5LAfwTBU\/RaiC9YJ7b37EAQBPFRB7aFbgTYJ0U+olHj1gAAAAAAEPAAAB"",""Path"":""\\Drafts""},""SizeInBytes"":50710}}","187","214","dbb24741-5636-4b88-8a22-b945f9c348bd","True","Unchanged"
"ExchangeItem","2025-12-17 16:17:54","gutierrez2@consolidatedmsgr.com","Create","{""AppAccessContext"":{""AADSessionId"":""6221db44-b1b2-4f77-8b47-77bff877410b"",""APIId"":""1fe87f9e-7a06-4f34-872f-efb4be6fb916"",""ClientAppId"":""de7d7402-70c8-4e5e-8a00-fa48659038c2"",""IssuedAtTime"":""2025-12-17T15:55:35"",""UniqueTokenId"":""vhycqTMRBkmPJYl0ZEglAA""},""CreationTime"":""2025-12-17T16:17:54"",""Id"":""59d90a84-304b-4943-8390-07ad8a41ca37"",""Operation"":""Create"",""OrganizationId"":""9fc57536-e8d3-4117-8537-fc27bc714352"",""RecordType"":2,""ResultStatus"":""Succeeded"",""UserKey"":""100320034F35348A"",""UserType"":0,""Version"":1,""Workload"":""Exchange"",""ClientIP"":""2600:1f18:5c9a:a468:8241:17f9:1526:6a4d"",""UserId"":""gutierrez2@consolidatedmsgr.com"",""AppId"":""de7d7402-70c8-4e5e-8a00-fa48659038c2"",""AuthType"":""Bearer"",""ClientAppId"":""de7d7402-70c8-4e5e-8a00-fa48659038c2"",""ClientIPAddress"":""2600:1f18:5c9a:a468:8241:17f9:1526:6a4d"",""ClientInfoString"":""Client=OWA;Mozilla\/5.0 (Windows NT 10.0; Win64; x64) AppleWebKit\/537.36 (KHTML, like Gecko) Chrome\/142.0.0.206 Safari\/537.36;"",""ExternalAccess"":false,""HostAppId"":""1fe87f9e-7a06-4f34-872f-efb4be6fb916"",""InternalLogonType"":0,""LogonType"":0,""LogonUserSid"":""S-1-5-21-3421515247-1784439087-2623626124-887996"",""MailboxGuid"":""c0f08483-4e52-46e0-899d-322f8d8f0310"",""MailboxOwnerSid"":""S-1-5-21-3421515247-1784439087-2623626124-887996"",""MailboxOwnerUPN"":""gutierrez2@consolidatedmsgr.com"",""OrganizationName"":""consolidatedmsgr.onmicrosoft.com"",""OriginatingServer"":""LAB60XX8701MB913 (15.20.4200.000)\r\n"",""TokenObjectId"":""f9a62fe7-59eb-467a-848b-b0f4588e5386"",""TokenTenantId"":""9fc57536-e8d3-4117-8537-fc27bc714352"",""TokenType"":""V1AppActAs"",""Item"":{""Attachments"":""Outlook-A logo for (44209b)"",""Id"":""LgAAAAAdhAMRqmYRzZvIAKoAL8RaDQBPFRB7aFbgTYJ0U+olHj1gAAGp53oCAAAJ"",""ImmutableId"":""LgAAAAAdhAMRqmYRzZvIAKoAL8RaDQBPFRB7aFbgTYJ0U+olHj1gAAGp53oCAAAJ"",""InternetMessageId"":""<steven2@mn2pr06mb5981.namprd06.prod.outlook.com>"",""IsRecord"":false,""ParentFolder"":{""Id"":""LgAAAAB5LAfwTBU\/RaiC9YJ7b37EAQBPFRB7aFbgTYJ0U+olHj1gAAAAAAEPAAAB"",""Path"":""\\Drafts""},""SizeInBytes"":50677}}","188","214","59d90a84-304b-4943-8390-07ad8a41ca37","True","Unchanged"
"ExchangeItem","2025-12-17 16:19:19","gutierrez2@consolidatedmsgr.com","Create","{""AppAccessContext"":{""AADSessionId"":""6221db44-b1b2-4f77-8b47-77bff877410b"",""APIId"":""1fe87f9e-7a06-4f34-872f-efb4be6fb916"",""ClientAppId"":""de7d7402-70c8-4e5e-8a00-fa48659038c2"",""IssuedAtTime"":""2025-12-17T15:55:35"",""UniqueTokenId"":""vhycqTMRBkmPJYl0ZEglAA""},""CreationTime"":""2025-12-17T16:19:19"",""Id"":""1b0a1cb0-7343-42a3-8fd8-20eeebe4bab1"",""Operation"":""Create"",""OrganizationId"":""9fc57536-e8d3-4117-8537-fc27bc714352"",""RecordType"":2,""ResultStatus"":""Succeeded"",""UserKey"":""100320034F35348A"",""UserType"":0,""Version"":1,""Workload"":""Exchange"",""ClientIP"":""2600:1f18:5c9a:a468:8241:17f9:1526:6a4d"",""UserId"":""gutierrez2@consolidatedmsgr.com"",""AppId"":""de7d7402-70c8-4e5e-8a00-fa48659038c2"",""AuthType"":""Bearer"",""ClientAppId"":""de7d7402-70c8-4e5e-8a00-fa48659038c2"",""ClientIPAddress"":""2600:1f18:5c9a:a468:8241:17f9:1526:6a4d"",""ClientInfoString"":""Client=OWA;Mozilla\/5.0 (Windows NT 10.0; Win64; x64) AppleWebKit\/537.36 (KHTML, like Gecko) Chrome\/142.0.0.206 Safari\/537.36;"",""ExternalAccess"":false,""HostAppId"":""1fe87f9e-7a06-4f34-872f-efb4be6fb916"",""InternalLogonType"":0,""LogonType"":0,""LogonUserSid"":""S-1-5-21-3421515247-1784439087-2623626124-887996"",""MailboxGuid"":""c0f08483-4e52-46e0-899d-322f8d8f0310"",""MailboxOwnerSid"":""S-1-5-21-3421515247-1784439087-2623626124-887996"",""MailboxOwnerUPN"":""gutierrez2@consolidatedmsgr.com"",""OrganizationName"":""consolidatedmsgr.onmicrosoft.com"",""OriginatingServer"":""LAB60XX8701MB913 (15.20.4200.000)\r\n"",""TokenObjectId"":""f9a62fe7-59eb-467a-848b-b0f4588e5386"",""TokenTenantId"":""9fc57536-e8d3-4117-8537-fc27bc714352"",""TokenType"":""V1AppActAs"",""Item"":{""Attachments"":""Outlook-A logo for (44209b)"",""Id"":""LgAAAAAdhAMRqmYRzZvIAKoAL8RaDQBPFRB7aFbgTYJ0U+olHj1gAAGp54H4AAAJ"",""ImmutableId"":""LgAAAAAdhAMRqmYRzZvIAKoAL8RaDQBPFRB7aFbgTYJ0U+olHj1gAAGp54H4AAAJ"",""InternetMessageId"":""<bennett5@mn2pr06mb5981.namprd06.prod.outlook.com>"",""IsRecord"":false,""ParentFolder"":{""Id"":""LgAAAAB5LAfwTBU\/RaiC9YJ7b37EAQBPFRB7aFbgTYJ0U+olHj1gAAAAAAEPAAAB"",""Path"":""\\Drafts""},""SizeInBytes"":50447}}","189","214","1b0a1cb0-7343-42a3-8fd8-20eeebe4bab1","True","Unchanged"
"ExchangeItem","2025-12-17 16:19:19","gutierrez2@consolidatedmsgr.com","Create","{""AppAccessContext"":{""AADSessionId"":""6221db44-b1b2-4f77-8b47-77bff877410b"",""APIId"":""1fe87f9e-7a06-4f34-872f-efb4be6fb916"",""ClientAppId"":""de7d7402-70c8-4e5e-8a00-fa48659038c2"",""IssuedAtTime"":""2025-12-17T15:55:35"",""UniqueTokenId"":""vhycqTMRBkmPJYl0ZEglAA""},""CreationTime"":""2025-12-17T16:19:19"",""Id"":""f600fbbb-2123-4394-8ca0-d27817521314"",""Operation"":""Create"",""OrganizationId"":""9fc57536-e8d3-4117-8537-fc27bc714352"",""RecordType"":2,""ResultStatus"":""Succeeded"",""UserKey"":""100320034F35348A"",""UserType"":0,""Version"":1,""Workload"":""Exchange"",""ClientIP"":""2600:1f18:5c9a:a468:8241:17f9:1526:6a4d"",""UserId"":""gutierrez2@consolidatedmsgr.com"",""AppId"":""de7d7402-70c8-4e5e-8a00-fa48659038c2"",""AuthType"":""Bearer"",""ClientAppId"":""de7d7402-70c8-4e5e-8a00-fa48659038c2"",""ClientIPAddress"":""2600:1f18:5c9a:a468:8241:17f9:1526:6a4d"",""ClientInfoString"":""Client=OWA;Mozilla\/5.0 (Windows NT 10.0; Win64; x64) AppleWebKit\/537.36 (KHTML, like Gecko) Chrome\/142.0.0.206 Safari\/537.36;"",""ExternalAccess"":false,""HostAppId"":""1fe87f9e-7a06-4f34-872f-efb4be6fb916"",""InternalLogonType"":0,""LogonType"":0,""LogonUserSid"":""S-1-5-21-3421515247-1784439087-2623626124-887996"",""MailboxGuid"":""c0f08483-4e52-46e0-899d-322f8d8f0310"",""MailboxOwnerSid"":""S-1-5-21-3421515247-1784439087-2623626124-887996"",""MailboxOwnerUPN"":""gutierrez2@consolidatedmsgr.com"",""OrganizationName"":""consolidatedmsgr.onmicrosoft.com"",""OriginatingServer"":""LAB60XX8701MB913 (15.20.4200.000)\r\n"",""TokenObjectId"":""f9a62fe7-59eb-467a-848b-b0f4588e5386"",""TokenTenantId"":""9fc57536-e8d3-4117-8537-fc27bc714352"",""TokenType"":""V1AppActAs"",""Item"":{""Attachments"":""Outlook-A logo for (44209b)"",""Id"":""LgAAAAAdhAMRqmYRzZvIAKoAL8RaDQBPFRB7aFbgTYJ0U+olHj1gAAGp54H1AAAJ"",""ImmutableId"":""LgAAAAAdhAMRqmYRzZvIAKoAL8RaDQBPFRB7aFbgTYJ0U+olHj1gAAGp54H1AAAJ"",""InternetMessageId"":""<lewis3@mn2pr06mb5981.namprd06.prod.outlook.com>"",""IsRecord"":false,""ParentFolder"":{""Id"":""LgAAAAB5LAfwTBU\/RaiC9YJ7b37EAQBPFRB7aFbgTYJ0U+olHj1gAAAAAAEPAAAB"",""Path"":""\\Drafts""},""SizeInBytes"":50444}}","190","214","f600fbbb-2123-4394-8ca0-d27817521314","True","Unchanged"
"ExchangeItem","2025-12-17 16:18:45","gutierrez2@consolidatedmsgr.com","Create","{""AppAccessContext"":{""AADSessionId"":""6221db44-b1b2-4f77-8b47-77bff877410b"",""APIId"":""1fe87f9e-7a06-4f34-872f-efb4be6fb916"",""ClientAppId"":""de7d7402-70c8-4e5e-8a00-fa48659038c2"",""IssuedAtTime"":""2025-12-17T15:55:35"",""UniqueTokenId"":""vhycqTMRBkmPJYl0ZEglAA""},""CreationTime"":""2025-12-17T16:18:45"",""Id"":""bec5ad6a-6dba-4913-8cb0-795905863580"",""Operation"":""Create"",""OrganizationId"":""9fc57536-e8d3-4117-8537-fc27bc714352"",""RecordType"":2,""ResultStatus"":""Succeeded"",""UserKey"":""100320034F35348A"",""UserType"":0,""Version"":1,""Workload"":""Exchange"",""ClientIP"":""2600:1f18:5c9a:a468:8241:17f9:1526:6a4d"",""UserId"":""gutierrez2@consolidatedmsgr.com"",""AppId"":""de7d7402-70c8-4e5e-8a00-fa48659038c2"",""AuthType"":""Bearer"",""ClientAppId"":""de7d7402-70c8-4e5e-8a00-fa48659038c2"",""ClientIPAddress"":""2600:1f18:5c9a:a468:8241:17f9:1526:6a4d"",""ClientInfoString"":""Client=OWA;Mozilla\/5.0 (Windows NT 10.0; Win64; x64) AppleWebKit\/537.36 (KHTML, like Gecko) Chrome\/142.0.0.206 Safari\/537.36;"",""ExternalAccess"":false,""HostAppId"":""1fe87f9e-7a06-4f34-872f-efb4be6fb916"",""InternalLogonType"":0,""LogonType"":0,""LogonUserSid"":""S-1-5-21-3421515247-1784439087-2623626124-887996"",""MailboxGuid"":""c0f08483-4e52-46e0-899d-322f8d8f0310"",""MailboxOwnerSid"":""S-1-5-21-3421515247-1784439087-2623626124-887996"",""MailboxOwnerUPN"":""gutierrez2@consolidatedmsgr.com"",""OrganizationName"":""consolidatedmsgr.onmicrosoft.com"",""OriginatingServer"":""LAB60XX8701MB913 (15.20.4200.000)\r\n"",""TokenObjectId"":""f9a62fe7-59eb-467a-848b-b0f4588e5386"",""TokenTenantId"":""9fc57536-e8d3-4117-8537-fc27bc714352"",""TokenType"":""V1AppActAs"",""Item"":{""Attachments"":""Outlook-A logo for (44209b)"",""Id"":""LgAAAAAdhAMRqmYRzZvIAKoAL8RaDQBPFRB7aFbgTYJ0U+olHj1gAAGp533+AAAJ"",""ImmutableId"":""LgAAAAAdhAMRqmYRzZvIAKoAL8RaDQBPFRB7aFbgTYJ0U+olHj1gAAGp533+AAAJ"",""InternetMessageId"":""<lee3@mn2pr06mb5981.namprd06.prod.outlook.com>"",""IsRecord"":false,""ParentFolder"":{""Id"":""LgAAAAB5LAfwTBU\/RaiC9YJ7b37EAQBPFRB7aFbgTYJ0U+olHj1gAAAAAAEPAAAB"",""Path"":""\\Drafts""},""SizeInBytes"":50444}}","191","214","bec5ad6a-6dba-4913-8cb0-795905863580","True","Unchanged"
"ExchangeItem","2025-12-17 16:18:04","gutierrez2@consolidatedmsgr.com","Create","{""AppAccessContext"":{""AADSessionId"":""6221db44-b1b2-4f77-8b47-77bff877410b"",""APIId"":""1fe87f9e-7a06-4f34-872f-efb4be6fb916"",""ClientAppId"":""de7d7402-70c8-4e5e-8a00-fa48659038c2"",""IssuedAtTime"":""2025-12-17T15:55:35"",""UniqueTokenId"":""vhycqTMRBkmPJYl0ZEglAA""},""CreationTime"":""2025-12-17T16:18:04"",""Id"":""49d2514a-d969-41a1-853b-42a1b452c8d6"",""Operation"":""Create"",""OrganizationId"":""9fc57536-e8d3-4117-8537-fc27bc714352"",""RecordType"":2,""ResultStatus"":""Succeeded"",""UserKey"":""100320034F35348A"",""UserType"":0,""Version"":1,""Workload"":""Exchange"",""ClientIP"":""2600:1f18:5c9a:a468:8241:17f9:1526:6a4d"",""UserId"":""gutierrez2@consolidatedmsgr.com"",""AppId"":""de7d7402-70c8-4e5e-8a00-fa48659038c2"",""AuthType"":""Bearer"",""ClientAppId"":""de7d7402-70c8-4e5e-8a00-fa48659038c2"",""ClientIPAddress"":""2600:1f18:5c9a:a468:8241:17f9:1526:6a4d"",""ClientInfoString"":""Client=OWA;Mozilla\/5.0 (Windows NT 10.0; Win64; x64) AppleWebKit\/537.36 (KHTML, like Gecko) Chrome\/142.0.0.206 Safari\/537.36;"",""ExternalAccess"":false,""HostAppId"":""1fe87f9e-7a06-4f34-872f-efb4be6fb916"",""InternalLogonType"":0,""LogonType"":0,""LogonUserSid"":""S-1-5-21-3421515247-1784439087-2623626124-887996"",""MailboxGuid"":""c0f08483-4e52-46e0-899d-322f8d8f0310"",""MailboxOwnerSid"":""S-1-5-21-3421515247-1784439087-2623626124-887996"",""MailboxOwnerUPN"":""gutierrez2@consolidatedmsgr.com"",""OrganizationName"":""consolidatedmsgr.onmicrosoft.com"",""OriginatingServer"":""LAB60XX8701MB913 (15.20.4200.000)\r\n"",""TokenObjectId"":""f9a62fe7-59eb-467a-848b-b0f4588e5386"",""TokenTenantId"":""9fc57536-e8d3-4117-8537-fc27bc714352"",""TokenType"":""V1AppActAs"",""Item"":{""Attachments"":""Outlook-A logo for (44209b)"",""Id"":""LgAAAAAdhAMRqmYRzZvIAKoAL8RaDQBPFRB7aFbgTYJ0U+olHj1gAAGp53oMAAAJ"",""ImmutableId"":""LgAAAAAdhAMRqmYRzZvIAKoAL8RaDQBPFRB7aFbgTYJ0U+olHj1gAAGp53oMAAAJ"",""InternetMessageId"":""<susan3@mn2pr06mb5981.namprd06.prod.outlook.com>"",""IsRecord"":false,""ParentFolder"":{""Id"":""LgAAAAB5LAfwTBU\/RaiC9YJ7b37EAQBPFRB7aFbgTYJ0U+olHj1gAAAAAAEPAAAB"",""Path"":""\\Drafts""},""SizeInBytes"":50709}}","192","214","49d2514a-d969-41a1-853b-42a1b452c8d6","True","Unchanged"
"ExchangeItem","2025-12-17 16:19:20","gutierrez2@consolidatedmsgr.com","Create","{""AppAccessContext"":{""AADSessionId"":""6221db44-b1b2-4f77-8b47-77bff877410b"",""APIId"":""1fe87f9e-7a06-4f34-872f-efb4be6fb916"",""ClientAppId"":""de7d7402-70c8-4e5e-8a00-fa48659038c2"",""IssuedAtTime"":""2025-12-17T15:55:35"",""UniqueTokenId"":""vhycqTMRBkmPJYl0ZEglAA""},""CreationTime"":""2025-12-17T16:19:20"",""Id"":""76d51ea2-6599-42da-894e-3c9f39efbdc6"",""Operation"":""Create"",""OrganizationId"":""9fc57536-e8d3-4117-8537-fc27bc714352"",""RecordType"":2,""ResultStatus"":""Succeeded"",""UserKey"":""100320034F35348A"",""UserType"":0,""Version"":1,""Workload"":""Exchange"",""ClientIP"":""2600:1f18:5c9a:a468:8241:17f9:1526:6a4d"",""UserId"":""gutierrez2@consolidatedmsgr.com"",""AppId"":""de7d7402-70c8-4e5e-8a00-fa48659038c2"",""AuthType"":""Bearer"",""ClientAppId"":""de7d7402-70c8-4e5e-8a00-fa48659038c2"",""ClientIPAddress"":""2600:1f18:5c9a:a468:8241:17f9:1526:6a4d"",""ClientInfoString"":""Client=OWA;Mozilla\/5.0 (Windows NT 10.0; Win64; x64) AppleWebKit\/537.36 (KHTML, like Gecko) Chrome\/142.0.0.206 Safari\/537.36;"",""ExternalAccess"":false,""HostAppId"":""1fe87f9e-7a06-4f34-872f-efb4be6fb916"",""InternalLogonType"":0,""LogonType"":0,""LogonUserSid"":""S-1-5-21-3421515247-1784439087-2623626124-887996"",""MailboxGuid"":""c0f08483-4e52-46e0-899d-322f8d8f0310"",""MailboxOwnerSid"":""S-1-5-21-3421515247-1784439087-2623626124-887996"",""MailboxOwnerUPN"":""gutierrez2@consolidatedmsgr.com"",""OrganizationName"":""consolidatedmsgr.onmicrosoft.com"",""OriginatingServer"":""LAB60XX8701MB913 (15.20.4200.000)\r\n"",""TokenObjectId"":""f9a62fe7-59eb-467a-848b-b0f4588e5386"",""TokenTenantId"":""9fc57536-e8d3-4117-8537-fc27bc714352"",""TokenType"":""V1AppActAs"",""Item"":{""Attachments"":""Outlook-A logo for (44209b)"",""Id"":""LgAAAAAdhAMRqmYRzZvIAKoAL8RaDQBPFRB7aFbgTYJ0U+olHj1gAAGp54H7AAAJ"",""ImmutableId"":""LgAAAAAdhAMRqmYRzZvIAKoAL8RaDQBPFRB7aFbgTYJ0U+olHj1gAAGp54H7AAAJ"",""InternetMessageId"":""<wilson3@mn2pr06mb5981.namprd06.prod.outlook.com>"",""IsRecord"":false,""ParentFolder"":{""Id"":""LgAAAAB5LAfwTBU\/RaiC9YJ7b37EAQBPFRB7aFbgTYJ0U+olHj1gAAAAAAEPAAAB"",""Path"":""\\Drafts""},""SizeInBytes"":50708}}","193","214","76d51ea2-6599-42da-894e-3c9f39efbdc6","True","Unchanged"
"ExchangeItem","2025-12-17 16:17:57","gutierrez2@consolidatedmsgr.com","Create","{""AppAccessContext"":{""AADSessionId"":""6221db44-b1b2-4f77-8b47-77bff877410b"",""APIId"":""1fe87f9e-7a06-4f34-872f-efb4be6fb916"",""ClientAppId"":""de7d7402-70c8-4e5e-8a00-fa48659038c2"",""IssuedAtTime"":""2025-12-17T15:55:35"",""UniqueTokenId"":""vhycqTMRBkmPJYl0ZEglAA""},""CreationTime"":""2025-12-17T16:17:57"",""Id"":""db0958dc-f69e-461d-8532-fa3fed5010ce"",""Operation"":""Create"",""OrganizationId"":""9fc57536-e8d3-4117-8537-fc27bc714352"",""RecordType"":2,""ResultStatus"":""Succeeded"",""UserKey"":""100320034F35348A"",""UserType"":0,""Version"":1,""Workload"":""Exchange"",""ClientIP"":""2600:1f18:5c9a:a468:8241:17f9:1526:6a4d"",""UserId"":""gutierrez2@consolidatedmsgr.com"",""AppId"":""de7d7402-70c8-4e5e-8a00-fa48659038c2"",""AuthType"":""Bearer"",""ClientAppId"":""de7d7402-70c8-4e5e-8a00-fa48659038c2"",""ClientIPAddress"":""2600:1f18:5c9a:a468:8241:17f9:1526:6a4d"",""ClientInfoString"":""Client=OWA;Mozilla\/5.0 (Windows NT 10.0; Win64; x64) AppleWebKit\/537.36 (KHTML, like Gecko) Chrome\/142.0.0.206 Safari\/537.36;"",""ExternalAccess"":false,""HostAppId"":""1fe87f9e-7a06-4f34-872f-efb4be6fb916"",""InternalLogonType"":0,""LogonType"":0,""LogonUserSid"":""S-1-5-21-3421515247-1784439087-2623626124-887996"",""MailboxGuid"":""c0f08483-4e52-46e0-899d-322f8d8f0310"",""MailboxOwnerSid"":""S-1-5-21-3421515247-1784439087-2623626124-887996"",""MailboxOwnerUPN"":""gutierrez2@consolidatedmsgr.com"",""OrganizationName"":""consolidatedmsgr.onmicrosoft.com"",""OriginatingServer"":""LAB60XX8701MB913 (15.20.4200.000)\r\n"",""TokenObjectId"":""f9a62fe7-59eb-467a-848b-b0f4588e5386"",""TokenTenantId"":""9fc57536-e8d3-4117-8537-fc27bc714352"",""TokenType"":""V1AppActAs"",""Item"":{""Attachments"":""Outlook-A logo for (44209b)"",""Id"":""LgAAAAAdhAMRqmYRzZvIAKoAL8RaDQBPFRB7aFbgTYJ0U+olHj1gAAGp53oJAAAJ"",""ImmutableId"":""LgAAAAAdhAMRqmYRzZvIAKoAL8RaDQBPFRB7aFbgTYJ0U+olHj1gAAGp53oJAAAJ"",""InternetMessageId"":""<foster5@mn2pr06mb5981.namprd06.prod.outlook.com>"",""IsRecord"":false,""ParentFolder"":{""Id"":""LgAAAAB5LAfwTBU\/RaiC9YJ7b37EAQBPFRB7aFbgTYJ0U+olHj1gAAAAAAEPAAAB"",""Path"":""\\Drafts""},""SizeInBytes"":50708}}","194","214","db0958dc-f69e-461d-8532-fa3fed5010ce","True","Unchanged"
"ExchangeItem","2025-12-17 16:17:18","gutierrez2@consolidatedmsgr.com","Create","{""AppAccessContext"":{""AADSessionId"":""6221db44-b1b2-4f77-8b47-77bff877410b"",""APIId"":""1fe87f9e-7a06-4f34-872f-efb4be6fb916"",""ClientAppId"":""de7d7402-70c8-4e5e-8a00-fa48659038c2"",""IssuedAtTime"":""2025-12-17T15:55:35"",""UniqueTokenId"":""vhycqTMRBkmPJYl0ZEglAA""},""CreationTime"":""2025-12-17T16:17:18"",""Id"":""313dc875-6ab4-40df-8f03-129c6a64175b"",""Operation"":""Create"",""OrganizationId"":""9fc57536-e8d3-4117-8537-fc27bc714352"",""RecordType"":2,""ResultStatus"":""Succeeded"",""UserKey"":""100320034F35348A"",""UserType"":0,""Version"":1,""Workload"":""Exchange"",""ClientIP"":""2600:1f18:5c9a:a468:8241:17f9:1526:6a4d"",""UserId"":""gutierrez2@consolidatedmsgr.com"",""AppId"":""de7d7402-70c8-4e5e-8a00-fa48659038c2"",""AuthType"":""Bearer"",""ClientAppId"":""de7d7402-70c8-4e5e-8a00-fa48659038c2"",""ClientIPAddress"":""2600:1f18:5c9a:a468:8241:17f9:1526:6a4d"",""ClientInfoString"":""Client=OWA;Mozilla\/5.0 (Windows NT 10.0; Win64; x64) AppleWebKit\/537.36 (KHTML, like Gecko) Chrome\/142.0.0.206 Safari\/537.36;"",""ExternalAccess"":false,""HostAppId"":""1fe87f9e-7a06-4f34-872f-efb4be6fb916"",""InternalLogonType"":0,""LogonType"":0,""LogonUserSid"":""S-1-5-21-3421515247-1784439087-2623626124-887996"",""MailboxGuid"":""c0f08483-4e52-46e0-899d-322f8d8f0310"",""MailboxOwnerSid"":""S-1-5-21-3421515247-1784439087-2623626124-887996"",""MailboxOwnerUPN"":""gutierrez2@consolidatedmsgr.com"",""OrganizationName"":""consolidatedmsgr.onmicrosoft.com"",""OriginatingServer"":""LAB60XX8701MB913 (15.20.4200.000)\r\n"",""TokenObjectId"":""f9a62fe7-59eb-467a-848b-b0f4588e5386"",""TokenTenantId"":""9fc57536-e8d3-4117-8537-fc27bc714352"",""TokenType"":""V1AppActAs"",""Item"":{""Attachments"":""Outlook-A logo for (44209b)"",""Id"":""LgAAAAAdhAMRqmYRzZvIAKoAL8RaDQBPFRB7aFbgTYJ0U+olHj1gAAGp53YKAAAJ"",""ImmutableId"":""LgAAAAAdhAMRqmYRzZvIAKoAL8RaDQBPFRB7aFbgTYJ0U+olHj1gAAGp53YKAAAJ"",""InternetMessageId"":""<jason5@mn2pr06mb5981.namprd06.prod.outlook.com>"",""IsRecord"":false,""ParentFolder"":{""Id"":""LgAAAAB5LAfwTBU\/RaiC9YJ7b37EAQBPFRB7aFbgTYJ0U+olHj1gAAAAAAEPAAAB"",""Path"":""\\Drafts""},""SizeInBytes"":48057}}","195","214","313dc875-6ab4-40df-8f03-129c6a64175b","True","Unchanged"
"ExchangeItem","2025-12-17 16:16:47","gutierrez2@consolidatedmsgr.com","Create","{""AppAccessContext"":{""AADSessionId"":""6221db44-b1b2-4f77-8b47-77bff877410b"",""APIId"":""1fe87f9e-7a06-4f34-872f-efb4be6fb916"",""ClientAppId"":""de7d7402-70c8-4e5e-8a00-fa48659038c2"",""IssuedAtTime"":""2025-12-17T15:55:35"",""UniqueTokenId"":""vhycqTMRBkmPJYl0ZEglAA""},""CreationTime"":""2025-12-17T16:16:47"",""Id"":""ad55bd9c-58cc-4dfa-8f80-52d0a5015f18"",""Operation"":""Create"",""OrganizationId"":""9fc57536-e8d3-4117-8537-fc27bc714352"",""RecordType"":2,""ResultStatus"":""Succeeded"",""UserKey"":""100320034F35348A"",""UserType"":0,""Version"":1,""Workload"":""Exchange"",""ClientIP"":""2600:1f18:5c9a:a468:8241:17f9:1526:6a4d"",""UserId"":""gutierrez2@consolidatedmsgr.com"",""AppId"":""de7d7402-70c8-4e5e-8a00-fa48659038c2"",""AuthType"":""Bearer"",""ClientAppId"":""de7d7402-70c8-4e5e-8a00-fa48659038c2"",""ClientIPAddress"":""2600:1f18:5c9a:a468:8241:17f9:1526:6a4d"",""ClientInfoString"":""Client=OWA;Mozilla\/5.0 (Windows NT 10.0; Win64; x64) AppleWebKit\/537.36 (KHTML, like Gecko) Chrome\/142.0.0.206 Safari\/537.36;"",""ExternalAccess"":false,""HostAppId"":""1fe87f9e-7a06-4f34-872f-efb4be6fb916"",""InternalLogonType"":0,""LogonType"":0,""LogonUserSid"":""S-1-5-21-3421515247-1784439087-2623626124-887996"",""MailboxGuid"":""c0f08483-4e52-46e0-899d-322f8d8f0310"",""MailboxOwnerSid"":""S-1-5-21-3421515247-1784439087-2623626124-887996"",""MailboxOwnerUPN"":""gutierrez2@consolidatedmsgr.com"",""OrganizationName"":""consolidatedmsgr.onmicrosoft.com"",""OriginatingServer"":""LAB60XX8701MB913 (15.20.4200.000)\r\n"",""TokenObjectId"":""f9a62fe7-59eb-467a-848b-b0f4588e5386"",""TokenTenantId"":""9fc57536-e8d3-4117-8537-fc27bc714352"",""TokenType"":""V1AppActAs"",""Item"":{""Attachments"":""Outlook-A logo for (44209b)"",""Id"":""LgAAAAAdhAMRqmYRzZvIAKoAL8RaDQBPFRB7aFbgTYJ0U+olHj1gAAGp53IYAAAJ"",""ImmutableId"":""LgAAAAAdhAMRqmYRzZvIAKoAL8RaDQBPFRB7aFbgTYJ0U+olHj1gAAGp53IYAAAJ"",""InternetMessageId"":""<donna4@mn2pr06mb5981.namprd06.prod.outlook.com>"",""IsRecord"":false,""ParentFolder"":{""Id"":""LgAAAAB5LAfwTBU\/RaiC9YJ7b37EAQBPFRB7aFbgTYJ0U+olHj1gAAAAAAEPAAAB"",""Path"":""\\Drafts""},""SizeInBytes"":48069}}","196","214","ad55bd9c-58cc-4dfa-8f80-52d0a5015f18","True","Unchanged"
"ExchangeItem","2025-12-17 16:16:30","gutierrez2@consolidatedmsgr.com","Create","{""AppAccessContext"":{""AADSessionId"":""6221db44-b1b2-4f77-8b47-77bff877410b"",""APIId"":""1fe87f9e-7a06-4f34-872f-efb4be6fb916"",""ClientAppId"":""de7d7402-70c8-4e5e-8a00-fa48659038c2"",""IssuedAtTime"":""2025-12-17T15:55:35"",""UniqueTokenId"":""vhycqTMRBkmPJYl0ZEglAA""},""CreationTime"":""2025-12-17T16:16:30"",""Id"":""129a3661-6524-4eb3-8559-3395991a150a"",""Operation"":""Create"",""OrganizationId"":""9fc57536-e8d3-4117-8537-fc27bc714352"",""RecordType"":2,""ResultStatus"":""Succeeded"",""UserKey"":""100320034F35348A"",""UserType"":0,""Version"":1,""Workload"":""Exchange"",""ClientIP"":""2600:1f18:5c9a:a468:8241:17f9:1526:6a4d"",""UserId"":""gutierrez2@consolidatedmsgr.com"",""AppId"":""de7d7402-70c8-4e5e-8a00-fa48659038c2"",""AuthType"":""Bearer"",""ClientAppId"":""de7d7402-70c8-4e5e-8a00-fa48659038c2"",""ClientIPAddress"":""2600:1f18:5c9a:a468:8241:17f9:1526:6a4d"",""ClientInfoString"":""Client=OWA;Mozilla\/5.0 (Windows NT 10.0; Win64; x64) AppleWebKit\/537.36 (KHTML, like Gecko) Chrome\/142.0.0.206 Safari\/537.36;"",""ExternalAccess"":false,""HostAppId"":""1fe87f9e-7a06-4f34-872f-efb4be6fb916"",""InternalLogonType"":0,""LogonType"":0,""LogonUserSid"":""S-1-5-21-3421515247-1784439087-2623626124-887996"",""MailboxGuid"":""c0f08483-4e52-46e0-899d-322f8d8f0310"",""MailboxOwnerSid"":""S-1-5-21-3421515247-1784439087-2623626124-887996"",""MailboxOwnerUPN"":""gutierrez2@consolidatedmsgr.com"",""OrganizationName"":""consolidatedmsgr.onmicrosoft.com"",""OriginatingServer"":""LAB60XX8701MB913 (15.20.4200.000)\r\n"",""TokenObjectId"":""f9a62fe7-59eb-467a-848b-b0f4588e5386"",""TokenTenantId"":""9fc57536-e8d3-4117-8537-fc27bc714352"",""TokenType"":""V1AppActAs"",""Item"":{""Attachments"":""Outlook-A logo for (44209b)"",""Id"":""LgAAAAAdhAMRqmYRzZvIAKoAL8RaDQBPFRB7aFbgTYJ0U+olHj1gAAGp52ZKAAAJ"",""ImmutableId"":""LgAAAAAdhAMRqmYRzZvIAKoAL8RaDQBPFRB7aFbgTYJ0U+olHj1gAAGp52ZKAAAJ"",""InternetMessageId"":""<johnson2@mn2pr06mb5981.namprd06.prod.outlook.com>"",""IsRecord"":false,""ParentFolder"":{""Id"":""LgAAAAB5LAfwTBU\/RaiC9YJ7b37EAQBPFRB7aFbgTYJ0U+olHj1gAAAAAAEPAAAB"",""Path"":""\\Drafts""},""SizeInBytes"":50420}}","197","214","129a3661-6524-4eb3-8559-3395991a150a","True","Unchanged"
"ExchangeItem","2025-12-17 16:17:20","gutierrez2@consolidatedmsgr.com","Create","{""AppAccessContext"":{""AADSessionId"":""6221db44-b1b2-4f77-8b47-77bff877410b"",""APIId"":""1fe87f9e-7a06-4f34-872f-efb4be6fb916"",""ClientAppId"":""de7d7402-70c8-4e5e-8a00-fa48659038c2"",""IssuedAtTime"":""2025-12-17T15:55:35"",""UniqueTokenId"":""vhycqTMRBkmPJYl0ZEglAA""},""CreationTime"":""2025-12-17T16:17:20"",""Id"":""6fc3c56d-c1bd-44df-881a-344e6ad144e1"",""Operation"":""Create"",""OrganizationId"":""9fc57536-e8d3-4117-8537-fc27bc714352"",""RecordType"":2,""ResultStatus"":""Succeeded"",""UserKey"":""100320034F35348A"",""UserType"":0,""Version"":1,""Workload"":""Exchange"",""ClientIP"":""2600:1f18:5c9a:a468:8241:17f9:1526:6a4d"",""UserId"":""gutierrez2@consolidatedmsgr.com"",""AppId"":""de7d7402-70c8-4e5e-8a00-fa48659038c2"",""AuthType"":""Bearer"",""ClientAppId"":""de7d7402-70c8-4e5e-8a00-fa48659038c2"",""ClientIPAddress"":""2600:1f18:5c9a:a468:8241:17f9:1526:6a4d"",""ClientInfoString"":""Client=OWA;Mozilla\/5.0 (Windows NT 10.0; Win64; x64) AppleWebKit\/537.36 (KHTML, like Gecko) Chrome\/142.0.0.206 Safari\/537.36;"",""ExternalAccess"":false,""HostAppId"":""1fe87f9e-7a06-4f34-872f-efb4be6fb916"",""InternalLogonType"":0,""LogonType"":0,""LogonUserSid"":""S-1-5-21-3421515247-1784439087-2623626124-887996"",""MailboxGuid"":""c0f08483-4e52-46e0-899d-322f8d8f0310"",""MailboxOwnerSid"":""S-1-5-21-3421515247-1784439087-2623626124-887996"",""MailboxOwnerUPN"":""gutierrez2@consolidatedmsgr.com"",""OrganizationName"":""consolidatedmsgr.onmicrosoft.com"",""OriginatingServer"":""LAB60XX8701MB913 (15.20.4200.000)\r\n"",""TokenObjectId"":""f9a62fe7-59eb-467a-848b-b0f4588e5386"",""TokenTenantId"":""9fc57536-e8d3-4117-8537-fc27bc714352"",""TokenType"":""V1AppActAs"",""Item"":{""Attachments"":""Outlook-A logo for (44209b)"",""Id"":""LgAAAAAdhAMRqmYRzZvIAKoAL8RaDQBPFRB7aFbgTYJ0U+olHj1gAAGp53YQAAAJ"",""ImmutableId"":""LgAAAAAdhAMRqmYRzZvIAKoAL8RaDQBPFRB7aFbgTYJ0U+olHj1gAAGp53YQAAAJ"",""InternetMessageId"":""<jenkins2@mn2pr06mb5981.namprd06.prod.outlook.com>"",""IsRecord"":false,""ParentFolder"":{""Id"":""LgAAAAB5LAfwTBU\/RaiC9YJ7b37EAQBPFRB7aFbgTYJ0U+olHj1gAAAAAAEPAAAB"",""Path"":""\\Drafts""},""SizeInBytes"":50676}}","198","214","6fc3c56d-c1bd-44df-881a-344e6ad144e1","True","Unchanged"
"ExchangeItem","2025-12-17 16:20:03","gutierrez2@consolidatedmsgr.com","Create","{""AppAccessContext"":{""AADSessionId"":""6221db44-b1b2-4f77-8b47-77bff877410b"",""APIId"":""1fe87f9e-7a06-4f34-872f-efb4be6fb916"",""ClientAppId"":""de7d7402-70c8-4e5e-8a00-fa48659038c2"",""IssuedAtTime"":""2025-12-17T15:55:35"",""UniqueTokenId"":""vhycqTMRBkmPJYl0ZEglAA""},""CreationTime"":""2025-12-17T16:20:03"",""Id"":""55d3cfc0-5378-45cd-8b2a-8fdd2b5e5ddc"",""Operation"":""Create"",""OrganizationId"":""9fc57536-e8d3-4117-8537-fc27bc714352"",""RecordType"":2,""ResultStatus"":""Succeeded"",""UserKey"":""100320034F35348A"",""UserType"":0,""Version"":1,""Workload"":""Exchange"",""ClientIP"":""2600:1f18:5c9a:a468:8241:17f9:1526:6a4d"",""UserId"":""gutierrez2@consolidatedmsgr.com"",""AppId"":""de7d7402-70c8-4e5e-8a00-fa48659038c2"",""AuthType"":""Bearer"",""ClientAppId"":""de7d7402-70c8-4e5e-8a00-fa48659038c2"",""ClientIPAddress"":""2600:1f18:5c9a:a468:8241:17f9:1526:6a4d"",""ClientInfoString"":""Client=OWA;Mozilla\/5.0 (Windows NT 10.0; Win64; x64) AppleWebKit\/537.36 (KHTML, like Gecko) Chrome\/142.0.0.206 Safari\/537.36;"",""ExternalAccess"":false,""HostAppId"":""1fe87f9e-7a06-4f34-872f-efb4be6fb916"",""InternalLogonType"":0,""LogonType"":0,""LogonUserSid"":""S-1-5-21-3421515247-1784439087-2623626124-887996"",""MailboxGuid"":""c0f08483-4e52-46e0-899d-322f8d8f0310"",""MailboxOwnerSid"":""S-1-5-21-3421515247-1784439087-2623626124-887996"",""MailboxOwnerUPN"":""gutierrez2@consolidatedmsgr.com"",""OrganizationName"":""consolidatedmsgr.onmicrosoft.com"",""OriginatingServer"":""LAB60XX8701MB913 (15.20.4200.000)\r\n"",""TokenObjectId"":""f9a62fe7-59eb-467a-848b-b0f4588e5386"",""TokenTenantId"":""9fc57536-e8d3-4117-8537-fc27bc714352"",""TokenType"":""V1AppActAs"",""Item"":{""Attachments"":""Outlook-A logo for (44209b)"",""Id"":""LgAAAAAdhAMRqmYRzZvIAKoAL8RaDQBPFRB7aFbgTYJ0U+olHj1gAAGp54XyAAAJ"",""ImmutableId"":""LgAAAAAdhAMRqmYRzZvIAKoAL8RaDQBPFRB7aFbgTYJ0U+olHj1gAAGp54XyAAAJ"",""InternetMessageId"":""<flores2@mn2pr06mb5981.namprd06.prod.outlook.com>"",""IsRecord"":false,""ParentFolder"":{""Id"":""LgAAAAB5LAfwTBU\/RaiC9YJ7b37EAQBPFRB7aFbgTYJ0U+olHj1gAAAAAAEPAAAB"",""Path"":""\\Drafts""},""SizeInBytes"":50443}}","199","214","55d3cfc0-5378-45cd-8b2a-8fdd2b5e5ddc","True","Unchanged"
"ExchangeItem","2025-12-17 16:20:49","gutierrez2@consolidatedmsgr.com","Create","{""AppAccessContext"":{""AADSessionId"":""6221db44-b1b2-4f77-8b47-77bff877410b"",""APIId"":""1fe87f9e-7a06-4f34-872f-efb4be6fb916"",""ClientAppId"":""de7d7402-70c8-4e5e-8a00-fa48659038c2"",""IssuedAtTime"":""2025-12-17T15:55:35"",""UniqueTokenId"":""vhycqTMRBkmPJYl0ZEglAA""},""CreationTime"":""2025-12-17T16:20:49"",""Id"":""95481d98-dd87-4d7e-80f0-e9b5f040f430"",""Operation"":""Create"",""OrganizationId"":""9fc57536-e8d3-4117-8537-fc27bc714352"",""RecordType"":2,""ResultStatus"":""Succeeded"",""UserKey"":""100320034F35348A"",""UserType"":0,""Version"":1,""Workload"":""Exchange"",""ClientIP"":""2600:1f18:5c9a:a468:8241:17f9:1526:6a4d"",""UserId"":""gutierrez2@consolidatedmsgr.com"",""AppId"":""de7d7402-70c8-4e5e-8a00-fa48659038c2"",""AuthType"":""Bearer"",""ClientAppId"":""de7d7402-70c8-4e5e-8a00-fa48659038c2"",""ClientIPAddress"":""2600:1f18:5c9a:a468:8241:17f9:1526:6a4d"",""ClientInfoString"":""Client=OWA;Mozilla\/5.0 (Windows NT 10.0; Win64; x64) AppleWebKit\/537.36 (KHTML, like Gecko) Chrome\/142.0.0.206 Safari\/537.36;"",""ExternalAccess"":false,""HostAppId"":""1fe87f9e-7a06-4f34-872f-efb4be6fb916"",""InternalLogonType"":0,""LogonType"":0,""LogonUserSid"":""S-1-5-21-3421515247-1784439087-2623626124-887996"",""MailboxGuid"":""c0f08483-4e52-46e0-899d-322f8d8f0310"",""MailboxOwnerSid"":""S-1-5-21-3421515247-1784439087-2623626124-887996"",""MailboxOwnerUPN"":""gutierrez2@consolidatedmsgr.com"",""OrganizationName"":""consolidatedmsgr.onmicrosoft.com"",""OriginatingServer"":""LAB60XX8701MB913 (15.20.4200.000)\r\n"",""TokenObjectId"":""f9a62fe7-59eb-467a-848b-b0f4588e5386"",""TokenTenantId"":""9fc57536-e8d3-4117-8537-fc27bc714352"",""TokenType"":""V1AppActAs"",""Item"":{""Attachments"":""Outlook-A logo for (44209b)"",""Id"":""LgAAAAAdhAMRqmYRzZvIAKoAL8RaDQBPFRB7aFbgTYJ0U+olHj1gAAGp54X9AAAJ"",""ImmutableId"":""LgAAAAAdhAMRqmYRzZvIAKoAL8RaDQBPFRB7aFbgTYJ0U+olHj1gAAGp54X9AAAJ"",""InternetMessageId"":""<laura2@mn2pr06mb5981.namprd06.prod.outlook.com>"",""IsRecord"":false,""ParentFolder"":{""Id"":""LgAAAAB5LAfwTBU\/RaiC9YJ7b37EAQBPFRB7aFbgTYJ0U+olHj1gAAAAAAEPAAAB"",""Path"":""\\Drafts""},""SizeInBytes"":50674}}","200","214","95481d98-dd87-4d7e-80f0-e9b5f040f430","True","Unchanged"
"ExchangeItem","2025-12-17 16:17:54","gutierrez2@consolidatedmsgr.com","Create","{""AppAccessContext"":{""AADSessionId"":""6221db44-b1b2-4f77-8b47-77bff877410b"",""APIId"":""1fe87f9e-7a06-4f34-872f-efb4be6fb916"",""ClientAppId"":""de7d7402-70c8-4e5e-8a00-fa48659038c2"",""IssuedAtTime"":""2025-12-17T15:55:35"",""UniqueTokenId"":""vhycqTMRBkmPJYl0ZEglAA""},""CreationTime"":""2025-12-17T16:17:54"",""Id"":""c38e104b-ef88-4ce9-8f01-a197c35ce63f"",""Operation"":""Create"",""OrganizationId"":""9fc57536-e8d3-4117-8537-fc27bc714352"",""RecordType"":2,""ResultStatus"":""Succeeded"",""UserKey"":""100320034F35348A"",""UserType"":0,""Version"":1,""Workload"":""Exchange"",""ClientIP"":""2600:1f18:5c9a:a468:8241:17f9:1526:6a4d"",""UserId"":""gutierrez2@consolidatedmsgr.com"",""AppId"":""de7d7402-70c8-4e5e-8a00-fa48659038c2"",""AuthType"":""Bearer"",""ClientAppId"":""de7d7402-70c8-4e5e-8a00-fa48659038c2"",""ClientIPAddress"":""2600:1f18:5c9a:a468:8241:17f9:1526:6a4d"",""ClientInfoString"":""Client=OWA;Mozilla\/5.0 (Windows NT 10.0; Win64; x64) AppleWebKit\/537.36 (KHTML, like Gecko) Chrome\/142.0.0.206 Safari\/537.36;"",""ExternalAccess"":false,""HostAppId"":""1fe87f9e-7a06-4f34-872f-efb4be6fb916"",""InternalLogonType"":0,""LogonType"":0,""LogonUserSid"":""S-1-5-21-3421515247-1784439087-2623626124-887996"",""MailboxGuid"":""c0f08483-4e52-46e0-899d-322f8d8f0310"",""MailboxOwnerSid"":""S-1-5-21-3421515247-1784439087-2623626124-887996"",""MailboxOwnerUPN"":""gutierrez2@consolidatedmsgr.com"",""OrganizationName"":""consolidatedmsgr.onmicrosoft.com"",""OriginatingServer"":""LAB60XX8701MB913 (15.20.4200.000)\r\n"",""TokenObjectId"":""f9a62fe7-59eb-467a-848b-b0f4588e5386"",""TokenTenantId"":""9fc57536-e8d3-4117-8537-fc27bc714352"",""TokenType"":""V1AppActAs"",""Item"":{""Attachments"":""Outlook-A logo for (44209b)"",""Id"":""LgAAAAAdhAMRqmYRzZvIAKoAL8RaDQBPFRB7aFbgTYJ0U+olHj1gAAGp53oFAAAJ"",""ImmutableId"":""LgAAAAAdhAMRqmYRzZvIAKoAL8RaDQBPFRB7aFbgTYJ0U+olHj1gAAGp53oFAAAJ"",""InternetMessageId"":""<campbell2@mn2pr06mb5981.namprd06.prod.outlook.com>"",""IsRecord"":false,""ParentFolder"":{""Id"":""LgAAAAB5LAfwTBU\/RaiC9YJ7b37EAQBPFRB7aFbgTYJ0U+olHj1gAAAAAAEPAAAB"",""Path"":""\\Drafts""},""SizeInBytes"":50424}}","201","214","c38e104b-ef88-4ce9-8f01-a197c35ce63f","True","Unchanged"
"ExchangeItem","2025-12-17 16:19:18","gutierrez2@consolidatedmsgr.com","Create","{""AppAccessContext"":{""AADSessionId"":""6221db44-b1b2-4f77-8b47-77bff877410b"",""APIId"":""1fe87f9e-7a06-4f34-872f-efb4be6fb916"",""ClientAppId"":""de7d7402-70c8-4e5e-8a00-fa48659038c2"",""IssuedAtTime"":""2025-12-17T15:55:35"",""UniqueTokenId"":""vhycqTMRBkmPJYl0ZEglAA""},""CreationTime"":""2025-12-17T16:19:18"",""Id"":""57983578-de31-4b5f-8d84-78a80b906772"",""Operation"":""Create"",""OrganizationId"":""9fc57536-e8d3-4117-8537-fc27bc714352"",""RecordType"":2,""ResultStatus"":""Succeeded"",""UserKey"":""100320034F35348A"",""UserType"":0,""Version"":1,""Workload"":""Exchange"",""ClientIP"":""2600:1f18:5c9a:a468:8241:17f9:1526:6a4d"",""UserId"":""gutierrez2@consolidatedmsgr.com"",""AppId"":""de7d7402-70c8-4e5e-8a00-fa48659038c2"",""AuthType"":""Bearer"",""ClientAppId"":""de7d7402-70c8-4e5e-8a00-fa48659038c2"",""ClientIPAddress"":""2600:1f18:5c9a:a468:8241:17f9:1526:6a4d"",""ClientInfoString"":""Client=OWA;Mozilla\/5.0 (Windows NT 10.0; Win64; x64) AppleWebKit\/537.36 (KHTML, like Gecko) Chrome\/142.0.0.206 Safari\/537.36;"",""ExternalAccess"":false,""HostAppId"":""1fe87f9e-7a06-4f34-872f-efb4be6fb916"",""InternalLogonType"":0,""LogonType"":0,""LogonUserSid"":""S-1-5-21-3421515247-1784439087-2623626124-887996"",""MailboxGuid"":""c0f08483-4e52-46e0-899d-322f8d8f0310"",""MailboxOwnerSid"":""S-1-5-21-3421515247-1784439087-2623626124-887996"",""MailboxOwnerUPN"":""gutierrez2@consolidatedmsgr.com"",""OrganizationName"":""consolidatedmsgr.onmicrosoft.com"",""OriginatingServer"":""LAB60XX8701MB913 (15.20.4200.000)\r\n"",""TokenObjectId"":""f9a62fe7-59eb-467a-848b-b0f4588e5386"",""TokenTenantId"":""9fc57536-e8d3-4117-8537-fc27bc714352"",""TokenType"":""V1AppActAs"",""Item"":{""Attachments"":""Outlook-A logo for (44209b)"",""Id"":""LgAAAAAdhAMRqmYRzZvIAKoAL8RaDQBPFRB7aFbgTYJ0U+olHj1gAAGp54HyAAAJ"",""ImmutableId"":""LgAAAAAdhAMRqmYRzZvIAKoAL8RaDQBPFRB7aFbgTYJ0U+olHj1gAAGp54HyAAAJ"",""InternetMessageId"":""<evans2@mn2pr06mb5981.namprd06.prod.outlook.com>"",""IsRecord"":false,""ParentFolder"":{""Id"":""LgAAAAB5LAfwTBU\/RaiC9YJ7b37EAQBPFRB7aFbgTYJ0U+olHj1gAAAAAAEPAAAB"",""Path"":""\\Drafts""},""SizeInBytes"":50262}}","202","214","57983578-de31-4b5f-8d84-78a80b906772","True","Unchanged"
"ExchangeItem","2025-12-17 16:19:16","gutierrez2@consolidatedmsgr.com","Create","{""AppAccessContext"":{""AADSessionId"":""6221db44-b1b2-4f77-8b47-77bff877410b"",""APIId"":""1fe87f9e-7a06-4f34-872f-efb4be6fb916"",""ClientAppId"":""de7d7402-70c8-4e5e-8a00-fa48659038c2"",""IssuedAtTime"":""2025-12-17T15:55:35"",""UniqueTokenId"":""vhycqTMRBkmPJYl0ZEglAA""},""CreationTime"":""2025-12-17T16:19:16"",""Id"":""dbb24741-5636-4b88-8a22-b945f9c348bd"",""Operation"":""Create"",""OrganizationId"":""9fc57536-e8d3-4117-8537-fc27bc714352"",""RecordType"":2,""ResultStatus"":""Succeeded"",""UserKey"":""100320034F35348A"",""UserType"":0,""Version"":1,""Workload"":""Exchange"",""ClientIP"":""2600:1f18:5c9a:a468:8241:17f9:1526:6a4d"",""UserId"":""gutierrez2@consolidatedmsgr.com"",""AppId"":""de7d7402-70c8-4e5e-8a00-fa48659038c2"",""AuthType"":""Bearer"",""ClientAppId"":""de7d7402-70c8-4e5e-8a00-fa48659038c2"",""ClientIPAddress"":""2600:1f18:5c9a:a468:8241:17f9:1526:6a4d"",""ClientInfoString"":""Client=OWA;Mozilla\/5.0 (Windows NT 10.0; Win64; x64) AppleWebKit\/537.36 (KHTML, like Gecko) Chrome\/142.0.0.206 Safari\/537.36;"",""ExternalAccess"":false,""HostAppId"":""1fe87f9e-7a06-4f34-872f-efb4be6fb916"",""InternalLogonType"":0,""LogonType"":0,""LogonUserSid"":""S-1-5-21-3421515247-1784439087-2623626124-887996"",""MailboxGuid"":""c0f08483-4e52-46e0-899d-322f8d8f0310"",""MailboxOwnerSid"":""S-1-5-21-3421515247-1784439087-2623626124-887996"",""MailboxOwnerUPN"":""gutierrez2@consolidatedmsgr.com"",""OrganizationName"":""consolidatedmsgr.onmicrosoft.com"",""OriginatingServer"":""LAB60XX8701MB913 (15.20.4200.000)\r\n"",""TokenObjectId"":""f9a62fe7-59eb-467a-848b-b0f4588e5386"",""TokenTenantId"":""9fc57536-e8d3-4117-8537-fc27bc714352"",""TokenType"":""V1AppActAs"",""Item"":{""Attachments"":""Outlook-A logo for (44209b)"",""Id"":""LgAAAAAdhAMRqmYRzZvIAKoAL8RaDQBPFRB7aFbgTYJ0U+olHj1gAAGp54HvAAAJ"",""ImmutableId"":""LgAAAAAdhAMRqmYRzZvIAKoAL8RaDQBPFRB7aFbgTYJ0U+olHj1gAAGp54HvAAAJ"",""InternetMessageId"":""<benjamin3@mn2pr06mb5981.namprd06.prod.outlook.com>"",""IsRecord"":false,""ParentFolder"":{""Id"":""LgAAAAB5LAfwTBU\/RaiC9YJ7b37EAQBPFRB7aFbgTYJ0U+olHj1gAAAAAAEPAAAB"",""Path"":""\\Drafts""},""SizeInBytes"":50710}}","203","214","dbb24741-5636-4b88-8a22-b945f9c348bd","True","Unchanged"
"ExchangeItem","2025-12-17 16:17:54","gutierrez2@consolidatedmsgr.com","Create","{""AppAccessContext"":{""AADSessionId"":""6221db44-b1b2-4f77-8b47-77bff877410b"",""APIId"":""1fe87f9e-7a06-4f34-872f-efb4be6fb916"",""ClientAppId"":""de7d7402-70c8-4e5e-8a00-fa48659038c2"",""IssuedAtTime"":""2025-12-17T15:55:35"",""UniqueTokenId"":""vhycqTMRBkmPJYl0ZEglAA""},""CreationTime"":""2025-12-17T16:17:54"",""Id"":""59d90a84-304b-4943-8390-07ad8a41ca37"",""Operation"":""Create"",""OrganizationId"":""9fc57536-e8d3-4117-8537-fc27bc714352"",""RecordType"":2,""ResultStatus"":""Succeeded"",""UserKey"":""100320034F35348A"",""UserType"":0,""Version"":1,""Workload"":""Exchange"",""ClientIP"":""2600:1f18:5c9a:a468:8241:17f9:1526:6a4d"",""UserId"":""gutierrez2@consolidatedmsgr.com"",""AppId"":""de7d7402-70c8-4e5e-8a00-fa48659038c2"",""AuthType"":""Bearer"",""ClientAppId"":""de7d7402-70c8-4e5e-8a00-fa48659038c2"",""ClientIPAddress"":""2600:1f18:5c9a:a468:8241:17f9:1526:6a4d"",""ClientInfoString"":""Client=OWA;Mozilla\/5.0 (Windows NT 10.0; Win64; x64) AppleWebKit\/537.36 (KHTML, like Gecko) Chrome\/142.0.0.206 Safari\/537.36;"",""ExternalAccess"":false,""HostAppId"":""1fe87f9e-7a06-4f34-872f-efb4be6fb916"",""InternalLogonType"":0,""LogonType"":0,""LogonUserSid"":""S-1-5-21-3421515247-1784439087-2623626124-887996"",""MailboxGuid"":""c0f08483-4e52-46e0-899d-322f8d8f0310"",""MailboxOwnerSid"":""S-1-5-21-3421515247-1784439087-2623626124-887996"",""MailboxOwnerUPN"":""gutierrez2@consolidatedmsgr.com"",""OrganizationName"":""consolidatedmsgr.onmicrosoft.com"",""OriginatingServer"":""LAB60XX8701MB913 (15.20.4200.000)\r\n"",""TokenObjectId"":""f9a62fe7-59eb-467a-848b-b0f4588e5386"",""TokenTenantId"":""9fc57536-e8d3-4117-8537-fc27bc714352"",""TokenType"":""V1AppActAs"",""Item"":{""Attachments"":""Outlook-A logo for (44209b)"",""Id"":""LgAAAAAdhAMRqmYRzZvIAKoAL8RaDQBPFRB7aFbgTYJ0U+olHj1gAAGp53oCAAAJ"",""ImmutableId"":""LgAAAAAdhAMRqmYRzZvIAKoAL8RaDQBPFRB7aFbgTYJ0U+olHj1gAAGp53oCAAAJ"",""InternetMessageId"":""<steven2@mn2pr06mb5981.namprd06.prod.outlook.com>"",""IsRecord"":false,""ParentFolder"":{""Id"":""LgAAAAB5LAfwTBU\/RaiC9YJ7b37EAQBPFRB7aFbgTYJ0U+olHj1gAAAAAAEPAAAB"",""Path"":""\\Drafts""},""SizeInBytes"":50677}}","204","214","59d90a84-304b-4943-8390-07ad8a41ca37","True","Unchanged"
"ExchangeItem","2025-12-17 16:19:19","gutierrez2@consolidatedmsgr.com","Create","{""AppAccessContext"":{""AADSessionId"":""6221db44-b1b2-4f77-8b47-77bff877410b"",""APIId"":""1fe87f9e-7a06-4f34-872f-efb4be6fb916"",""ClientAppId"":""de7d7402-70c8-4e5e-8a00-fa48659038c2"",""IssuedAtTime"":""2025-12-17T15:55:35"",""UniqueTokenId"":""vhycqTMRBkmPJYl0ZEglAA""},""CreationTime"":""2025-12-17T16:19:19"",""Id"":""1b0a1cb0-7343-42a3-8fd8-20eeebe4bab1"",""Operation"":""Create"",""OrganizationId"":""9fc57536-e8d3-4117-8537-fc27bc714352"",""RecordType"":2,""ResultStatus"":""Succeeded"",""UserKey"":""100320034F35348A"",""UserType"":0,""Version"":1,""Workload"":""Exchange"",""ClientIP"":""2600:1f18:5c9a:a468:8241:17f9:1526:6a4d"",""UserId"":""gutierrez2@consolidatedmsgr.com"",""AppId"":""de7d7402-70c8-4e5e-8a00-fa48659038c2"",""AuthType"":""Bearer"",""ClientAppId"":""de7d7402-70c8-4e5e-8a00-fa48659038c2"",""ClientIPAddress"":""2600:1f18:5c9a:a468:8241:17f9:1526:6a4d"",""ClientInfoString"":""Client=OWA;Mozilla\/5.0 (Windows NT 10.0; Win64; x64) AppleWebKit\/537.36 (KHTML, like Gecko) Chrome\/142.0.0.206 Safari\/537.36;"",""ExternalAccess"":false,""HostAppId"":""1fe87f9e-7a06-4f34-872f-efb4be6fb916"",""InternalLogonType"":0,""LogonType"":0,""LogonUserSid"":""S-1-5-21-3421515247-1784439087-2623626124-887996"",""MailboxGuid"":""c0f08483-4e52-46e0-899d-322f8d8f0310"",""MailboxOwnerSid"":""S-1-5-21-3421515247-1784439087-2623626124-887996"",""MailboxOwnerUPN"":""gutierrez2@consolidatedmsgr.com"",""OrganizationName"":""consolidatedmsgr.onmicrosoft.com"",""OriginatingServer"":""LAB60XX8701MB913 (15.20.4200.000)\r\n"",""TokenObjectId"":""f9a62fe7-59eb-467a-848b-b0f4588e5386"",""TokenTenantId"":""9fc57536-e8d3-4117-8537-fc27bc714352"",""TokenType"":""V1AppActAs"",""Item"":{""Attachments"":""Outlook-A logo for (44209b)"",""Id"":""LgAAAAAdhAMRqmYRzZvIAKoAL8RaDQBPFRB7aFbgTYJ0U+olHj1gAAGp54H4AAAJ"",""ImmutableId"":""LgAAAAAdhAMRqmYRzZvIAKoAL8RaDQBPFRB7aFbgTYJ0U+olHj1gAAGp54H4AAAJ"",""InternetMessageId"":""<bennett5@mn2pr06mb5981.namprd06.prod.outlook.com>"",""IsRecord"":false,""ParentFolder"":{""Id"":""LgAAAAB5LAfwTBU\/RaiC9YJ7b37EAQBPFRB7aFbgTYJ0U+olHj1gAAAAAAEPAAAB"",""Path"":""\\Drafts""},""SizeInBytes"":50447}}","205","214","1b0a1cb0-7343-42a3-8fd8-20eeebe4bab1","True","Unchanged"
"ExchangeItem","2025-12-17 16:19:19","gutierrez2@consolidatedmsgr.com","Create","{""AppAccessContext"":{""AADSessionId"":""6221db44-b1b2-4f77-8b47-77bff877410b"",""APIId"":""1fe87f9e-7a06-4f34-872f-efb4be6fb916"",""ClientAppId"":""de7d7402-70c8-4e5e-8a00-fa48659038c2"",""IssuedAtTime"":""2025-12-17T15:55:35"",""UniqueTokenId"":""vhycqTMRBkmPJYl0ZEglAA""},""CreationTime"":""2025-12-17T16:19:19"",""Id"":""f600fbbb-2123-4394-8ca0-d27817521314"",""Operation"":""Create"",""OrganizationId"":""9fc57536-e8d3-4117-8537-fc27bc714352"",""RecordType"":2,""ResultStatus"":""Succeeded"",""UserKey"":""100320034F35348A"",""UserType"":0,""Version"":1,""Workload"":""Exchange"",""ClientIP"":""2600:1f18:5c9a:a468:8241:17f9:1526:6a4d"",""UserId"":""gutierrez2@consolidatedmsgr.com"",""AppId"":""de7d7402-70c8-4e5e-8a00-fa48659038c2"",""AuthType"":""Bearer"",""ClientAppId"":""de7d7402-70c8-4e5e-8a00-fa48659038c2"",""ClientIPAddress"":""2600:1f18:5c9a:a468:8241:17f9:1526:6a4d"",""ClientInfoString"":""Client=OWA;Mozilla\/5.0 (Windows NT 10.0; Win64; x64) AppleWebKit\/537.36 (KHTML, like Gecko) Chrome\/142.0.0.206 Safari\/537.36;"",""ExternalAccess"":false,""HostAppId"":""1fe87f9e-7a06-4f34-872f-efb4be6fb916"",""InternalLogonType"":0,""LogonType"":0,""LogonUserSid"":""S-1-5-21-3421515247-1784439087-2623626124-887996"",""MailboxGuid"":""c0f08483-4e52-46e0-899d-322f8d8f0310"",""MailboxOwnerSid"":""S-1-5-21-3421515247-1784439087-2623626124-887996"",""MailboxOwnerUPN"":""gutierrez2@consolidatedmsgr.com"",""OrganizationName"":""consolidatedmsgr.onmicrosoft.com"",""OriginatingServer"":""LAB60XX8701MB913 (15.20.4200.000)\r\n"",""TokenObjectId"":""f9a62fe7-59eb-467a-848b-b0f4588e5386"",""TokenTenantId"":""9fc57536-e8d3-4117-8537-fc27bc714352"",""TokenType"":""V1AppActAs"",""Item"":{""Attachments"":""Outlook-A logo for (44209b)"",""Id"":""LgAAAAAdhAMRqmYRzZvIAKoAL8RaDQBPFRB7aFbgTYJ0U+olHj1gAAGp54H1AAAJ"",""ImmutableId"":""LgAAAAAdhAMRqmYRzZvIAKoAL8RaDQBPFRB7aFbgTYJ0U+olHj1gAAGp54H1AAAJ"",""InternetMessageId"":""<lewis3@mn2pr06mb5981.namprd06.prod.outlook.com>"",""IsRecord"":false,""ParentFolder"":{""Id"":""LgAAAAB5LAfwTBU\/RaiC9YJ7b37EAQBPFRB7aFbgTYJ0U+olHj1gAAAAAAEPAAAB"",""Path"":""\\Drafts""},""SizeInBytes"":50444}}","206","214","f600fbbb-2123-4394-8ca0-d27817521314","True","Unchanged"
"ExchangeItem","2025-12-17 16:18:45","gutierrez2@consolidatedmsgr.com","Create","{""AppAccessContext"":{""AADSessionId"":""6221db44-b1b2-4f77-8b47-77bff877410b"",""APIId"":""1fe87f9e-7a06-4f34-872f-efb4be6fb916"",""ClientAppId"":""de7d7402-70c8-4e5e-8a00-fa48659038c2"",""IssuedAtTime"":""2025-12-17T15:55:35"",""UniqueTokenId"":""vhycqTMRBkmPJYl0ZEglAA""},""CreationTime"":""2025-12-17T16:18:45"",""Id"":""bec5ad6a-6dba-4913-8cb0-795905863580"",""Operation"":""Create"",""OrganizationId"":""9fc57536-e8d3-4117-8537-fc27bc714352"",""RecordType"":2,""ResultStatus"":""Succeeded"",""UserKey"":""100320034F35348A"",""UserType"":0,""Version"":1,""Workload"":""Exchange"",""ClientIP"":""2600:1f18:5c9a:a468:8241:17f9:1526:6a4d"",""UserId"":""gutierrez2@consolidatedmsgr.com"",""AppId"":""de7d7402-70c8-4e5e-8a00-fa48659038c2"",""AuthType"":""Bearer"",""ClientAppId"":""de7d7402-70c8-4e5e-8a00-fa48659038c2"",""ClientIPAddress"":""2600:1f18:5c9a:a468:8241:17f9:1526:6a4d"",""ClientInfoString"":""Client=OWA;Mozilla\/5.0 (Windows NT 10.0; Win64; x64) AppleWebKit\/537.36 (KHTML, like Gecko) Chrome\/142.0.0.206 Safari\/537.36;"",""ExternalAccess"":false,""HostAppId"":""1fe87f9e-7a06-4f34-872f-efb4be6fb916"",""InternalLogonType"":0,""LogonType"":0,""LogonUserSid"":""S-1-5-21-3421515247-1784439087-2623626124-887996"",""MailboxGuid"":""c0f08483-4e52-46e0-899d-322f8d8f0310"",""MailboxOwnerSid"":""S-1-5-21-3421515247-1784439087-2623626124-887996"",""MailboxOwnerUPN"":""gutierrez2@consolidatedmsgr.com"",""OrganizationName"":""consolidatedmsgr.onmicrosoft.com"",""OriginatingServer"":""LAB60XX8701MB913 (15.20.4200.000)\r\n"",""TokenObjectId"":""f9a62fe7-59eb-467a-848b-b0f4588e5386"",""TokenTenantId"":""9fc57536-e8d3-4117-8537-fc27bc714352"",""TokenType"":""V1AppActAs"",""Item"":{""Attachments"":""Outlook-A logo for (44209b)"",""Id"":""LgAAAAAdhAMRqmYRzZvIAKoAL8RaDQBPFRB7aFbgTYJ0U+olHj1gAAGp533+AAAJ"",""ImmutableId"":""LgAAAAAdhAMRqmYRzZvIAKoAL8RaDQBPFRB7aFbgTYJ0U+olHj1gAAGp533+AAAJ"",""InternetMessageId"":""<lee3@mn2pr06mb5981.namprd06.prod.outlook.com>"",""IsRecord"":false,""ParentFolder"":{""Id"":""LgAAAAB5LAfwTBU\/RaiC9YJ7b37EAQBPFRB7aFbgTYJ0U+olHj1gAAAAAAEPAAAB"",""Path"":""\\Drafts""},""SizeInBytes"":50444}}","207","214","bec5ad6a-6dba-4913-8cb0-795905863580","True","Unchanged"
"ExchangeItem","2025-12-17 16:18:04","gutierrez2@consolidatedmsgr.com","Create","{""AppAccessContext"":{""AADSessionId"":""6221db44-b1b2-4f77-8b47-77bff877410b"",""APIId"":""1fe87f9e-7a06-4f34-872f-efb4be6fb916"",""ClientAppId"":""de7d7402-70c8-4e5e-8a00-fa48659038c2"",""IssuedAtTime"":""2025-12-17T15:55:35"",""UniqueTokenId"":""vhycqTMRBkmPJYl0ZEglAA""},""CreationTime"":""2025-12-17T16:18:04"",""Id"":""49d2514a-d969-41a1-853b-42a1b452c8d6"",""Operation"":""Create"",""OrganizationId"":""9fc57536-e8d3-4117-8537-fc27bc714352"",""RecordType"":2,""ResultStatus"":""Succeeded"",""UserKey"":""100320034F35348A"",""UserType"":0,""Version"":1,""Workload"":""Exchange"",""ClientIP"":""2600:1f18:5c9a:a468:8241:17f9:1526:6a4d"",""UserId"":""gutierrez2@consolidatedmsgr.com"",""AppId"":""de7d7402-70c8-4e5e-8a00-fa48659038c2"",""AuthType"":""Bearer"",""ClientAppId"":""de7d7402-70c8-4e5e-8a00-fa48659038c2"",""ClientIPAddress"":""2600:1f18:5c9a:a468:8241:17f9:1526:6a4d"",""ClientInfoString"":""Client=OWA;Mozilla\/5.0 (Windows NT 10.0; Win64; x64) AppleWebKit\/537.36 (KHTML, like Gecko) Chrome\/142.0.0.206 Safari\/537.36;"",""ExternalAccess"":false,""HostAppId"":""1fe87f9e-7a06-4f34-872f-efb4be6fb916"",""InternalLogonType"":0,""LogonType"":0,""LogonUserSid"":""S-1-5-21-3421515247-1784439087-2623626124-887996"",""MailboxGuid"":""c0f08483-4e52-46e0-899d-322f8d8f0310"",""MailboxOwnerSid"":""S-1-5-21-3421515247-1784439087-2623626124-887996"",""MailboxOwnerUPN"":""gutierrez2@consolidatedmsgr.com"",""OrganizationName"":""consolidatedmsgr.onmicrosoft.com"",""OriginatingServer"":""LAB60XX8701MB913 (15.20.4200.000)\r\n"",""TokenObjectId"":""f9a62fe7-59eb-467a-848b-b0f4588e5386"",""TokenTenantId"":""9fc57536-e8d3-4117-8537-fc27bc714352"",""TokenType"":""V1AppActAs"",""Item"":{""Attachments"":""Outlook-A logo for (44209b)"",""Id"":""LgAAAAAdhAMRqmYRzZvIAKoAL8RaDQBPFRB7aFbgTYJ0U+olHj1gAAGp53oMAAAJ"",""ImmutableId"":""LgAAAAAdhAMRqmYRzZvIAKoAL8RaDQBPFRB7aFbgTYJ0U+olHj1gAAGp53oMAAAJ"",""InternetMessageId"":""<susan3@mn2pr06mb5981.namprd06.prod.outlook.com>"",""IsRecord"":false,""ParentFolder"":{""Id"":""LgAAAAB5LAfwTBU\/RaiC9YJ7b37EAQBPFRB7aFbgTYJ0U+olHj1gAAAAAAEPAAAB"",""Path"":""\\Drafts""},""SizeInBytes"":50709}}","208","214","49d2514a-d969-41a1-853b-42a1b452c8d6","True","Unchanged"
"ExchangeItem","2025-12-17 16:19:20","gutierrez2@consolidatedmsgr.com","Create","{""AppAccessContext"":{""AADSessionId"":""6221db44-b1b2-4f77-8b47-77bff877410b"",""APIId"":""1fe87f9e-7a06-4f34-872f-efb4be6fb916"",""ClientAppId"":""de7d7402-70c8-4e5e-8a00-fa48659038c2"",""IssuedAtTime"":""2025-12-17T15:55:35"",""UniqueTokenId"":""vhycqTMRBkmPJYl0ZEglAA""},""CreationTime"":""2025-12-17T16:19:20"",""Id"":""76d51ea2-6599-42da-894e-3c9f39efbdc6"",""Operation"":""Create"",""OrganizationId"":""9fc57536-e8d3-4117-8537-fc27bc714352"",""RecordType"":2,""ResultStatus"":""Succeeded"",""UserKey"":""100320034F35348A"",""UserType"":0,""Version"":1,""Workload"":""Exchange"",""ClientIP"":""2600:1f18:5c9a:a468:8241:17f9:1526:6a4d"",""UserId"":""gutierrez2@consolidatedmsgr.com"",""AppId"":""de7d7402-70c8-4e5e-8a00-fa48659038c2"",""AuthType"":""Bearer"",""ClientAppId"":""de7d7402-70c8-4e5e-8a00-fa48659038c2"",""ClientIPAddress"":""2600:1f18:5c9a:a468:8241:17f9:1526:6a4d"",""ClientInfoString"":""Client=OWA;Mozilla\/5.0 (Windows NT 10.0; Win64; x64) AppleWebKit\/537.36 (KHTML, like Gecko) Chrome\/142.0.0.206 Safari\/537.36;"",""ExternalAccess"":false,""HostAppId"":""1fe87f9e-7a06-4f34-872f-efb4be6fb916"",""InternalLogonType"":0,""LogonType"":0,""LogonUserSid"":""S-1-5-21-3421515247-1784439087-2623626124-887996"",""MailboxGuid"":""c0f08483-4e52-46e0-899d-322f8d8f0310"",""MailboxOwnerSid"":""S-1-5-21-3421515247-1784439087-2623626124-887996"",""MailboxOwnerUPN"":""gutierrez2@consolidatedmsgr.com"",""OrganizationName"":""consolidatedmsgr.onmicrosoft.com"",""OriginatingServer"":""LAB60XX8701MB913 (15.20.4200.000)\r\n"",""TokenObjectId"":""f9a62fe7-59eb-467a-848b-b0f4588e5386"",""TokenTenantId"":""9fc57536-e8d3-4117-8537-fc27bc714352"",""TokenType"":""V1AppActAs"",""Item"":{""Attachments"":""Outlook-A logo for (44209b)"",""Id"":""LgAAAAAdhAMRqmYRzZvIAKoAL8RaDQBPFRB7aFbgTYJ0U+olHj1gAAGp54H7AAAJ"",""ImmutableId"":""LgAAAAAdhAMRqmYRzZvIAKoAL8RaDQBPFRB7aFbgTYJ0U+olHj1gAAGp54H7AAAJ"",""InternetMessageId"":""<wilson3@mn2pr06mb5981.namprd06.prod.outlook.com>"",""IsRecord"":false,""ParentFolder"":{""Id"":""LgAAAAB5LAfwTBU\/RaiC9YJ7b37EAQBPFRB7aFbgTYJ0U+olHj1gAAAAAAEPAAAB"",""Path"":""\\Drafts""},""SizeInBytes"":50708}}","209","214","76d51ea2-6599-42da-894e-3c9f39efbdc6","True","Unchanged"
"ExchangeItem","2025-12-17 16:17:57","gutierrez2@consolidatedmsgr.com","Create","{""AppAccessContext"":{""AADSessionId"":""6221db44-b1b2-4f77-8b47-77bff877410b"",""APIId"":""1fe87f9e-7a06-4f34-872f-efb4be6fb916"",""ClientAppId"":""de7d7402-70c8-4e5e-8a00-fa48659038c2"",""IssuedAtTime"":""2025-12-17T15:55:35"",""UniqueTokenId"":""vhycqTMRBkmPJYl0ZEglAA""},""CreationTime"":""2025-12-17T16:17:57"",""Id"":""db0958dc-f69e-461d-8532-fa3fed5010ce"",""Operation"":""Create"",""OrganizationId"":""9fc57536-e8d3-4117-8537-fc27bc714352"",""RecordType"":2,""ResultStatus"":""Succeeded"",""UserKey"":""100320034F35348A"",""UserType"":0,""Version"":1,""Workload"":""Exchange"",""ClientIP"":""2600:1f18:5c9a:a468:8241:17f9:1526:6a4d"",""UserId"":""gutierrez2@consolidatedmsgr.com"",""AppId"":""de7d7402-70c8-4e5e-8a00-fa48659038c2"",""AuthType"":""Bearer"",""ClientAppId"":""de7d7402-70c8-4e5e-8a00-fa48659038c2"",""ClientIPAddress"":""2600:1f18:5c9a:a468:8241:17f9:1526:6a4d"",""ClientInfoString"":""Client=OWA;Mozilla\/5.0 (Windows NT 10.0; Win64; x64) AppleWebKit\/537.36 (KHTML, like Gecko) Chrome\/142.0.0.206 Safari\/537.36;"",""ExternalAccess"":false,""HostAppId"":""1fe87f9e-7a06-4f34-872f-efb4be6fb916"",""InternalLogonType"":0,""LogonType"":0,""LogonUserSid"":""S-1-5-21-3421515247-1784439087-2623626124-887996"",""MailboxGuid"":""c0f08483-4e52-46e0-899d-322f8d8f0310"",""MailboxOwnerSid"":""S-1-5-21-3421515247-1784439087-2623626124-887996"",""MailboxOwnerUPN"":""gutierrez2@consolidatedmsgr.com"",""OrganizationName"":""consolidatedmsgr.onmicrosoft.com"",""OriginatingServer"":""LAB60XX8701MB913 (15.20.4200.000)\r\n"",""TokenObjectId"":""f9a62fe7-59eb-467a-848b-b0f4588e5386"",""TokenTenantId"":""9fc57536-e8d3-4117-8537-fc27bc714352"",""TokenType"":""V1AppActAs"",""Item"":{""Attachments"":""Outlook-A logo for (44209b)"",""Id"":""LgAAAAAdhAMRqmYRzZvIAKoAL8RaDQBPFRB7aFbgTYJ0U+olHj1gAAGp53oJAAAJ"",""ImmutableId"":""LgAAAAAdhAMRqmYRzZvIAKoAL8RaDQBPFRB7aFbgTYJ0U+olHj1gAAGp53oJAAAJ"",""InternetMessageId"":""<foster5@mn2pr06mb5981.namprd06.prod.outlook.com>"",""IsRecord"":false,""ParentFolder"":{""Id"":""LgAAAAB5LAfwTBU\/RaiC9YJ7b37EAQBPFRB7aFbgTYJ0U+olHj1gAAAAAAEPAAAB"",""Path"":""\\Drafts""},""SizeInBytes"":50708}}","210","214","db0958dc-f69e-461d-8532-fa3fed5010ce","True","Unchanged"
"ExchangeItem","2025-12-17 16:17:18","gutierrez2@consolidatedmsgr.com","Create","{""AppAccessContext"":{""AADSessionId"":""6221db44-b1b2-4f77-8b47-77bff877410b"",""APIId"":""1fe87f9e-7a06-4f34-872f-efb4be6fb916"",""ClientAppId"":""de7d7402-70c8-4e5e-8a00-fa48659038c2"",""IssuedAtTime"":""2025-12-17T15:55:35"",""UniqueTokenId"":""vhycqTMRBkmPJYl0ZEglAA""},""CreationTime"":""2025-12-17T16:17:18"",""Id"":""313dc875-6ab4-40df-8f03-129c6a64175b"",""Operation"":""Create"",""OrganizationId"":""9fc57536-e8d3-4117-8537-fc27bc714352"",""RecordType"":2,""ResultStatus"":""Succeeded"",""UserKey"":""100320034F35348A"",""UserType"":0,""Version"":1,""Workload"":""Exchange"",""ClientIP"":""2600:1f18:5c9a:a468:8241:17f9:1526:6a4d"",""UserId"":""gutierrez2@consolidatedmsgr.com"",""AppId"":""de7d7402-70c8-4e5e-8a00-fa48659038c2"",""AuthType"":""Bearer"",""ClientAppId"":""de7d7402-70c8-4e5e-8a00-fa48659038c2"",""ClientIPAddress"":""2600:1f18:5c9a:a468:8241:17f9:1526:6a4d"",""ClientInfoString"":""Client=OWA;Mozilla\/5.0 (Windows NT 10.0; Win64; x64) AppleWebKit\/537.36 (KHTML, like Gecko) Chrome\/142.0.0.206 Safari\/537.36;"",""ExternalAccess"":false,""HostAppId"":""1fe87f9e-7a06-4f34-872f-efb4be6fb916"",""InternalLogonType"":0,""LogonType"":0,""LogonUserSid"":""S-1-5-21-3421515247-1784439087-2623626124-887996"",""MailboxGuid"":""c0f08483-4e52-46e0-899d-322f8d8f0310"",""MailboxOwnerSid"":""S-1-5-21-3421515247-1784439087-2623626124-887996"",""MailboxOwnerUPN"":""gutierrez2@consolidatedmsgr.com"",""OrganizationName"":""consolidatedmsgr.onmicrosoft.com"",""OriginatingServer"":""LAB60XX8701MB913 (15.20.4200.000)\r\n"",""TokenObjectId"":""f9a62fe7-59eb-467a-848b-b0f4588e5386"",""TokenTenantId"":""9fc57536-e8d3-4117-8537-fc27bc714352"",""TokenType"":""V1AppActAs"",""Item"":{""Attachments"":""Outlook-A logo for (44209b)"",""Id"":""LgAAAAAdhAMRqmYRzZvIAKoAL8RaDQBPFRB7aFbgTYJ0U+olHj1gAAGp53YKAAAJ"",""ImmutableId"":""LgAAAAAdhAMRqmYRzZvIAKoAL8RaDQBPFRB7aFbgTYJ0U+olHj1gAAGp53YKAAAJ"",""InternetMessageId"":""<jason5@mn2pr06mb5981.namprd06.prod.outlook.com>"",""IsRecord"":false,""ParentFolder"":{""Id"":""LgAAAAB5LAfwTBU\/RaiC9YJ7b37EAQBPFRB7aFbgTYJ0U+olHj1gAAAAAAEPAAAB"",""Path"":""\\Drafts""},""SizeInBytes"":48057}}","211","214","313dc875-6ab4-40df-8f03-129c6a64175b","True","Unchanged"
"ExchangeItem","2025-12-17 16:16:47","gutierrez2@consolidatedmsgr.com","Create","{""AppAccessContext"":{""AADSessionId"":""6221db44-b1b2-4f77-8b47-77bff877410b"",""APIId"":""1fe87f9e-7a06-4f34-872f-efb4be6fb916"",""ClientAppId"":""de7d7402-70c8-4e5e-8a00-fa48659038c2"",""IssuedAtTime"":""2025-12-17T15:55:35"",""UniqueTokenId"":""vhycqTMRBkmPJYl0ZEglAA""},""CreationTime"":""2025-12-17T16:16:47"",""Id"":""ad55bd9c-58cc-4dfa-8f80-52d0a5015f18"",""Operation"":""Create"",""OrganizationId"":""9fc57536-e8d3-4117-8537-fc27bc714352"",""RecordType"":2,""ResultStatus"":""Succeeded"",""UserKey"":""100320034F35348A"",""UserType"":0,""Version"":1,""Workload"":""Exchange"",""ClientIP"":""2600:1f18:5c9a:a468:8241:17f9:1526:6a4d"",""UserId"":""gutierrez2@consolidatedmsgr.com"",""AppId"":""de7d7402-70c8-4e5e-8a00-fa48659038c2"",""AuthType"":""Bearer"",""ClientAppId"":""de7d7402-70c8-4e5e-8a00-fa48659038c2"",""ClientIPAddress"":""2600:1f18:5c9a:a468:8241:17f9:1526:6a4d"",""ClientInfoString"":""Client=OWA;Mozilla\/5.0 (Windows NT 10.0; Win64; x64) AppleWebKit\/537.36 (KHTML, like Gecko) Chrome\/142.0.0.206 Safari\/537.36;"",""ExternalAccess"":false,""HostAppId"":""1fe87f9e-7a06-4f34-872f-efb4be6fb916"",""InternalLogonType"":0,""LogonType"":0,""LogonUserSid"":""S-1-5-21-3421515247-1784439087-2623626124-887996"",""MailboxGuid"":""c0f08483-4e52-46e0-899d-322f8d8f0310"",""MailboxOwnerSid"":""S-1-5-21-3421515247-1784439087-2623626124-887996"",""MailboxOwnerUPN"":""gutierrez2@consolidatedmsgr.com"",""OrganizationName"":""consolidatedmsgr.onmicrosoft.com"",""OriginatingServer"":""LAB60XX8701MB913 (15.20.4200.000)\r\n"",""TokenObjectId"":""f9a62fe7-59eb-467a-848b-b0f4588e5386"",""TokenTenantId"":""9fc57536-e8d3-4117-8537-fc27bc714352"",""TokenType"":""V1AppActAs"",""Item"":{""Attachments"":""Outlook-A logo for (44209b)"",""Id"":""LgAAAAAdhAMRqmYRzZvIAKoAL8RaDQBPFRB7aFbgTYJ0U+olHj1gAAGp53IYAAAJ"",""ImmutableId"":""LgAAAAAdhAMRqmYRzZvIAKoAL8RaDQBPFRB7aFbgTYJ0U+olHj1gAAGp53IYAAAJ"",""InternetMessageId"":""<donna4@mn2pr06mb5981.namprd06.prod.outlook.com>"",""IsRecord"":false,""ParentFolder"":{""Id"":""LgAAAAB5LAfwTBU\/RaiC9YJ7b37EAQBPFRB7aFbgTYJ0U+olHj1gAAAAAAEPAAAB"",""Path"":""\\Drafts""},""SizeInBytes"":48069}}","212","214","ad55bd9c-58cc-4dfa-8f80-52d0a5015f18","True","Unchanged"
"ExchangeItem","2025-12-17 16:16:30","gutierrez2@consolidatedmsgr.com","Create","{""AppAccessContext"":{""AADSessionId"":""6221db44-b1b2-4f77-8b47-77bff877410b"",""APIId"":""1fe87f9e-7a06-4f34-872f-efb4be6fb916"",""ClientAppId"":""de7d7402-70c8-4e5e-8a00-fa48659038c2"",""IssuedAtTime"":""2025-12-17T15:55:35"",""UniqueTokenId"":""vhycqTMRBkmPJYl0ZEglAA""},""CreationTime"":""2025-12-17T16:16:30"",""Id"":""129a3661-6524-4eb3-8559-3395991a150a"",""Operation"":""Create"",""OrganizationId"":""9fc57536-e8d3-4117-8537-fc27bc714352"",""RecordType"":2,""ResultStatus"":""Succeeded"",""UserKey"":""100320034F35348A"",""UserType"":0,""Version"":1,""Workload"":""Exchange"",""ClientIP"":""2600:1f18:5c9a:a468:8241:17f9:1526:6a4d"",""UserId"":""gutierrez2@consolidatedmsgr.com"",""AppId"":""de7d7402-70c8-4e5e-8a00-fa48659038c2"",""AuthType"":""Bearer"",""ClientAppId"":""de7d7402-70c8-4e5e-8a00-fa48659038c2"",""ClientIPAddress"":""2600:1f18:5c9a:a468:8241:17f9:1526:6a4d"",""ClientInfoString"":""Client=OWA;Mozilla\/5.0 (Windows NT 10.0; Win64; x64) AppleWebKit\/537.36 (KHTML, like Gecko) Chrome\/142.0.0.206 Safari\/537.36;"",""ExternalAccess"":false,""HostAppId"":""1fe87f9e-7a06-4f34-872f-efb4be6fb916"",""InternalLogonType"":0,""LogonType"":0,""LogonUserSid"":""S-1-5-21-3421515247-1784439087-2623626124-887996"",""MailboxGuid"":""c0f08483-4e52-46e0-899d-322f8d8f0310"",""MailboxOwnerSid"":""S-1-5-21-3421515247-1784439087-2623626124-887996"",""MailboxOwnerUPN"":""gutierrez2@consolidatedmsgr.com"",""OrganizationName"":""consolidatedmsgr.onmicrosoft.com"",""OriginatingServer"":""LAB60XX8701MB913 (15.20.4200.000)\r\n"",""TokenObjectId"":""f9a62fe7-59eb-467a-848b-b0f4588e5386"",""TokenTenantId"":""9fc57536-e8d3-4117-8537-fc27bc714352"",""TokenType"":""V1AppActAs"",""Item"":{""Attachments"":""Outlook-A logo for (44209b)"",""Id"":""LgAAAAAdhAMRqmYRzZvIAKoAL8RaDQBPFRB7aFbgTYJ0U+olHj1gAAGp52ZKAAAJ"",""ImmutableId"":""LgAAAAAdhAMRqmYRzZvIAKoAL8RaDQBPFRB7aFbgTYJ0U+olHj1gAAGp52ZKAAAJ"",""InternetMessageId"":""<johnson2@mn2pr06mb5981.namprd06.prod.outlook.com>"",""IsRecord"":false,""ParentFolder"":{""Id"":""LgAAAAB5LAfwTBU\/RaiC9YJ7b37EAQBPFRB7aFbgTYJ0U+olHj1gAAAAAAEPAAAB"",""Path"":""\\Drafts""},""SizeInBytes"":50420}}","213","214","129a3661-6524-4eb3-8559-3395991a150a","True","Unchanged"
"ExchangeItem","2025-12-17 16:17:20","gutierrez2@consolidatedmsgr.com","Create","{""AppAccessContext"":{""AADSessionId"":""6221db44-b1b2-4f77-8b47-77bff877410b"",""APIId"":""1fe87f9e-7a06-4f34-872f-efb4be6fb916"",""ClientAppId"":""de7d7402-70c8-4e5e-8a00-fa48659038c2"",""IssuedAtTime"":""2025-12-17T15:55:35"",""UniqueTokenId"":""vhycqTMRBkmPJYl0ZEglAA""},""CreationTime"":""2025-12-17T16:17:20"",""Id"":""6fc3c56d-c1bd-44df-881a-344e6ad144e1"",""Operation"":""Create"",""OrganizationId"":""9fc57536-e8d3-4117-8537-fc27bc714352"",""RecordType"":2,""ResultStatus"":""Succeeded"",""UserKey"":""100320034F35348A"",""UserType"":0,""Version"":1,""Workload"":""Exchange"",""ClientIP"":""2600:1f18:5c9a:a468:8241:17f9:1526:6a4d"",""UserId"":""gutierrez2@consolidatedmsgr.com"",""AppId"":""de7d7402-70c8-4e5e-8a00-fa48659038c2"",""AuthType"":""Bearer"",""ClientAppId"":""de7d7402-70c8-4e5e-8a00-fa48659038c2"",""ClientIPAddress"":""2600:1f18:5c9a:a468:8241:17f9:1526:6a4d"",""ClientInfoString"":""Client=OWA;Mozilla\/5.0 (Windows NT 10.0; Win64; x64) AppleWebKit\/537.36 (KHTML, like Gecko) Chrome\/142.0.0.206 Safari\/537.36;"",""ExternalAccess"":false,""HostAppId"":""1fe87f9e-7a06-4f34-872f-efb4be6fb916"",""InternalLogonType"":0,""LogonType"":0,""LogonUserSid"":""S-1-5-21-3421515247-1784439087-2623626124-887996"",""MailboxGuid"":""c0f08483-4e52-46e0-899d-322f8d8f0310"",""MailboxOwnerSid"":""S-1-5-21-3421515247-1784439087-2623626124-887996"",""MailboxOwnerUPN"":""gutierrez2@consolidatedmsgr.com"",""OrganizationName"":""consolidatedmsgr.onmicrosoft.com"",""OriginatingServer"":""LAB60XX8701MB913 (15.20.4200.000)\r\n"",""TokenObjectId"":""f9a62fe7-59eb-467a-848b-b0f4588e5386"",""TokenTenantId"":""9fc57536-e8d3-4117-8537-fc27bc714352"",""TokenType"":""V1AppActAs"",""Item"":{""Attachments"":""Outlook-A logo for (44209b)"",""Id"":""LgAAAAAdhAMRqmYRzZvIAKoAL8RaDQBPFRB7aFbgTYJ0U+olHj1gAAGp53YQAAAJ"",""ImmutableId"":""LgAAAAAdhAMRqmYRzZvIAKoAL8RaDQBPFRB7aFbgTYJ0U+olHj1gAAGp53YQAAAJ"",""InternetMessageId"":""<jenkins2@mn2pr06mb5981.namprd06.prod.outlook.com>"",""IsRecord"":false,""ParentFolder"":{""Id"":""LgAAAAB5LAfwTBU\/RaiC9YJ7b37EAQBPFRB7aFbgTYJ0U+olHj1gAAAAAAEPAAAB"",""Path"":""\\Drafts""},""SizeInBytes"":50676}}","214","214","6fc3c56d-c1bd-44df-881a-344e6ad144e1","True","Unchanged"
