"PSComputerName","RunspaceId","PSShowComputerName","ActionSuccess","AdditionalActionsBitMask","AMProductVersion","CleaningActionID","CurrentThreatExecutionStatusID","DetectionID","DetectionSourceTypeID","DomainUser","InitialDetectionTime","LastThreatStatusChangeTime","ProcessName","RemediationTime","Resources","ThreatID","ThreatStatusErrorCode","ThreatStatusID"
"localhost","739ef21e-5429-4944-9db2-b251b2e12366","False","True","0","4.18.26060.3008","2","1","{08C6CED0-B4EC-476B-8520-9906139BD888}","3","PROTEUS\Bitpusher","2024-07-03 08:19:20","2024-07-03 08:19:30","C:\Program Files (x86)\Dropbox\Client\Dropbox.exe","2024-07-03 08:19:30","System.String[]","2147895046","0","3"
"localhost","739ef21e-5429-4944-9db2-b251b2e12366","False","True","0","4.18.26060.3008","2","1","{14F58319-D20E-4C7D-BAC8-C216D3F1CBED}","3","PROTEUS\Bitpusher","2024-08-02 08:05:18","2024-08-02 08:05:35","D:\Dolos\Dropbox\app\unison\bin\unison.exe","2024-08-02 08:05:35","System.String[]","2147725326","0","3"
"localhost","739ef21e-5429-4944-9db2-b251b2e12366","False","True","0","4.18.26060.3008","2","1","{3575A2F3-96EE-475F-9BF0-EDCD93A8A462}","3","PROTEUS\Bitpusher","2024-08-02 08:05:25","2024-08-02 08:05:35","C:\Program Files (x86)\Dropbox\Client\Dropbox.exe","2024-08-02 08:05:35","System.String[]","2147725326","0","3"
"localhost","739ef21e-5429-4944-9db2-b251b2e12366","False","True","0","4.18.26060.3008","2","1","{3C50F49B-27F6-45FA-AA7D-710F9D7EF41C}","3","PROTEUS\Bitpusher","2025-08-13 07:51:37","2025-08-13 07:51:49","D:\Dolos\Dropbox\app\unison\bin\unison.exe","2025-08-13 07:51:49","System.String[]","2147946580","0","3"
"localhost","739ef21e-5429-4944-9db2-b251b2e12366","False","True","0","4.18.26060.3008","2","1","{55737D24-391F-4F0A-931D-BB46A81F63A6}","3","PROTEUS\Bitpusher","2025-08-13 08:10:45","2025-08-13 08:10:58","D:\Dolos\Dropbox\app\unison\bin\unison.exe","2025-08-13 08:10:58","System.String[]","2147946580","0","3"
"localhost","739ef21e-5429-4944-9db2-b251b2e12366","False","True","0","4.18.26060.3008","2","1","{5665663B-07E2-40A1-8827-7FC7CE3A1442}","3","PROTEUS\Bitpusher","2025-08-13 07:52:44","2025-08-13 07:52:56","D:\Dolos\Dropbox\app\unison\bin\unison.exe","2025-08-13 07:52:56","System.String[]","2147946580","0","3"
"localhost","739ef21e-5429-4944-9db2-b251b2e12366","False","True","0","4.18.26060.3008","2","1","{66469C7B-F8B5-436E-A635-BBE7F9D3D85C}","2","NT AUTHORITY\SYSTEM","2025-08-13 07:51:04","2025-08-13 07:51:11","D:\Dolos\Dropbox\app\unison\bin\unison.exe","2025-08-13 07:51:11","System.String[]","2147946580","0","3"
"localhost","739ef21e-5429-4944-9db2-b251b2e12366","False","True","0","4.18.26060.3008","2","1","{6E27D485-1579-4EE1-8ACE-1858CCDF35EE}","3","PROTEUS\Bitpusher","2025-07-07 18:23:22","2025-07-07 18:23:36","C:\Users\Bitpusher\Desktop\nxc.exe","2025-07-07 18:23:36","System.String[]","2147826620","-2142207965","103"
"localhost","739ef21e-5429-4944-9db2-b251b2e12366","False","True","0","4.18.26060.3008","2","1","{76645A5C-C0FA-40B9-A4D8-A40E0A0385E1}","3","PROTEUS\Bitpusher","2024-08-01 22:26:37","2024-08-01 22:26:47","C:\Program Files (x86)\Dropbox\Client\Dropbox.exe","2024-08-01 22:26:47","System.String[]","2147725326","0","3"
"localhost","739ef21e-5429-4944-9db2-b251b2e12366","False","True","0","4.18.26060.3008","2","1","{7822A49F-BA5F-4231-A3CB-7BD77BD7FF33}","3","PROTEUS\Bitpusher","2025-08-13 08:02:41","2025-08-13 08:02:46","D:\Dolos\Dropbox\app\unison\bin\unison.exe","2025-08-13 08:02:46","System.String[]","2147946580","0","3"
"localhost","739ef21e-5429-4944-9db2-b251b2e12366","False","True","0","4.18.26060.3008","2","1","{8AB85DA5-3D3C-4480-BE50-2E882E03F32F}","3","PROTEUS\Bitpusher","2024-08-01 23:25:45","2024-08-01 23:25:57","D:\Dolos\Dropbox\app\unison\bin\unison.exe","2024-08-01 23:25:57","System.String[]","2147725326","0","3"
"localhost","739ef21e-5429-4944-9db2-b251b2e12366","False","True","0","4.18.26060.3008","2","1","{9AFA3491-AEB6-4159-8021-64CD88D6DC5B}","3","PROTEUS\Bitpusher","2024-08-02 00:30:30","2024-08-02 00:30:46","D:\Dolos\Dropbox\app\unison\bin\unison.exe","2024-08-02 00:30:46","System.String[]","2147725326","0","3"
"localhost","739ef21e-5429-4944-9db2-b251b2e12366","False","True","0","4.18.26060.3008","2","1","{A1FB7F34-8B74-4199-953D-A0CC9F477FAC}","3","PROTEUS\Bitpusher","2025-08-13 08:09:48","2025-08-13 08:10:01","D:\Dolos\Dropbox\app\unison\bin\unison.exe","2025-08-13 08:10:01","System.String[]","2147946580","0","3"
"localhost","739ef21e-5429-4944-9db2-b251b2e12366","False","True","0","4.18.26060.3008","2","1","{B563304F-EF2C-442F-95BD-CB4E4DFA52B7}","3","PROTEUS\Bitpusher","2025-08-13 08:05:42","2025-08-13 08:05:50","D:\Dolos\Dropbox\app\unison\bin\unison.exe","2025-08-13 08:05:50","System.String[]","2147946580","0","3"
"localhost","739ef21e-5429-4944-9db2-b251b2e12366","False","True","0","4.18.26060.3008","9","1","{B7FA86D5-2336-4CDB-8458-01CED464321F}","3","NT AUTHORITY\SYSTEM","2026-04-26 20:26:14","2026-04-26 20:26:28","C:\Program Files (x86)\Backblaze\x64\bztransmit64.exe","2026-04-26 20:26:28","System.String[]","2147740775","0","7"
"localhost","739ef21e-5429-4944-9db2-b251b2e12366","False","True","0","4.18.26060.3008","2","1","{BF8C6572-FD6E-4282-9FC3-FF9E54B05003}","3","PROTEUS\Bitpusher","2025-06-02 17:20:18","2025-06-02 17:20:42","C:\temp\nuclei_3.4.4_windows_amd64-v3.4.4\nuclei.exe","2025-06-02 17:20:42","System.String[]","2147940541","-2142207965","103"
"localhost","739ef21e-5429-4944-9db2-b251b2e12366","False","True","0","4.18.26060.3008","2","1","{C1A9C248-E982-44A4-803B-8542CD473DD3}","3","PROTEUS\Bitpusher","2024-08-01 23:35:12","2024-08-01 23:35:24","D:\Dolos\Dropbox\app\unison\bin\unison.exe","2024-08-01 23:35:24","System.String[]","2147725326","0","3"
"localhost","739ef21e-5429-4944-9db2-b251b2e12366","False","True","0","4.18.26060.3008","2","1","{C55FBAED-D189-4E81-97EB-42D40C0BBA2C}","3","PROTEUS\Bitpusher","2024-08-02 07:32:14","2024-08-02 07:32:20","C:\Program Files (x86)\Dropbox\Client\Dropbox.exe","2024-08-02 07:32:20","System.String[]","2147725326","0","3"
"localhost","739ef21e-5429-4944-9db2-b251b2e12366","False","True","0","4.18.26060.3008","2","1","{C756FAF4-3657-48E7-BB44-36D736EC7B73}","3","PROTEUS\Bitpusher","2025-08-13 07:55:18","2025-08-13 07:55:31","D:\Dolos\Dropbox\app\unison\bin\unison.exe","2025-08-13 07:55:31","System.String[]","2147946580","0","3"
"localhost","739ef21e-5429-4944-9db2-b251b2e12366","False","True","0","4.18.26060.3008","2","1","{D3EA0A9B-F1A5-40D6-A724-F334512AA940}","3","PROTEUS\Bitpusher","2025-08-13 08:15:24","2025-08-13 08:15:37","D:\Dolos\Dropbox\app\unison\bin\unison.exe","2025-08-13 08:15:37","System.String[]","2147946580","0","3"
"localhost","739ef21e-5429-4944-9db2-b251b2e12366","False","True","0","4.18.26060.3008","2","1","{DEF60E13-2F16-4FC9-947F-44450CD617F9}","3","PROTEUS\Bitpusher","2024-08-02 00:25:50","2024-08-02 00:26:02","D:\Dolos\Dropbox\app\unison\bin\unison.exe","2024-08-02 00:26:02","System.String[]","2147725326","0","3"
"localhost","739ef21e-5429-4944-9db2-b251b2e12366","False","True","0","4.18.26060.3008","2","1","{E1EF745C-209F-44A8-8847-8112AFE97CAB}","3","PROTEUS\Bitpusher","2025-08-13 07:54:09","2025-08-13 07:54:21","D:\Dolos\Dropbox\app\unison\bin\unison.exe","2025-08-13 07:54:21","System.String[]","2147946580","0","3"
"localhost","739ef21e-5429-4944-9db2-b251b2e12366","False","True","0","4.18.26060.3008","2","1","{EB7AED71-384B-46ED-B352-74BE91FE462F}","3","PROTEUS\Bitpusher","2024-08-02 03:20:43","2024-08-02 03:20:58","D:\Dolos\Dropbox\app\unison\bin\unison.exe","2024-08-02 03:20:58","System.String[]","2147725326","0","3"
"localhost","739ef21e-5429-4944-9db2-b251b2e12366","False","True","0","4.18.26060.3008","2","1","{05247997-5D9C-4AEA-BB87-892FB54FB76D}","3","PROTEUS\Bitpusher","2024-08-02 04:20:44","2024-08-02 04:20:59","D:\Dolos\Dropbox\app\unison\bin\unison.exe","2024-08-02 04:20:59","System.String[]","2147725326","0","3"
"localhost","739ef21e-5429-4944-9db2-b251b2e12366","False","True","0","4.18.26060.3008","2","1","{05894086-FCAA-4A69-94A8-59E323D1B398}","3","PROTEUS\Bitpusher","2025-08-13 08:17:03","2025-08-13 08:17:16","D:\Dolos\Dropbox\app\unison\bin\unison.exe","2025-08-13 08:17:16","System.String[]","2147946580","0","3"
"localhost","739ef21e-5429-4944-9db2-b251b2e12366","False","True","0","4.18.26060.3008","2","1","{092943E0-ED74-4843-9E16-546F0F88F800}","3","PROTEUS\Bitpusher","2025-08-13 07:57:11","2025-08-13 07:57:23","D:\Dolos\Dropbox\app\unison\bin\unison.exe","2025-08-13 07:57:23","System.String[]","2147946580","0","3"
"localhost","739ef21e-5429-4944-9db2-b251b2e12366","False","True","0","4.18.26060.3008","2","1","{12CCC83D-FD0E-4A09-9871-9E641F15AB51}","3","PROTEUS\Bitpusher","2024-11-26 19:55:36","2024-11-26 19:55:44","C:\Program Files (x86)\Dropbox\Client\Dropbox.exe","2024-11-26 19:55:44","System.String[]","2147910762","0","3"
"localhost","739ef21e-5429-4944-9db2-b251b2e12366","False","True","0","4.18.26060.3008","2","1","{137FF13D-320A-4286-BB68-DBDB9007EB73}","3","PROTEUS\Bitpusher","2025-10-20 16:40:48","2025-10-20 16:41:04","C:\Program Files (x86)\Dropbox\Client\Dropbox.exe","2025-10-20 16:41:04","System.String[]","2147910762","-2142207965","103"
"localhost","739ef21e-5429-4944-9db2-b251b2e12366","False","True","0","4.18.26060.3008","2","1","{19D1A7AB-D932-452A-AA6B-B4B60906847F}","3","PROTEUS\Bitpusher","2025-08-13 07:57:52","2025-08-13 07:58:04","D:\Dolos\Dropbox\app\unison\bin\unison.exe","2025-08-13 07:58:04","System.String[]","2147946580","0","3"
"localhost","739ef21e-5429-4944-9db2-b251b2e12366","False","True","0","4.18.26060.3008","9","1","{1EA9F03D-D820-4D0C-8819-D89FEDAD200D}","3","PROTEUS\Bitpusher","2024-08-03 13:08:25","2024-08-03 13:08:42","C:\Program Files (x86)\Dropbox\Client\Dropbox.exe","2024-08-03 13:08:42","System.String[]","2147910762","0","7"
"localhost","739ef21e-5429-4944-9db2-b251b2e12366","False","True","0","4.18.26060.3008","9","1","{1EC0247F-037F-486B-91A3-98128C1B47FA}","3","PROTEUS\Bitpusher","2024-07-29 21:54:11","2024-07-29 21:54:31","C:\Windows\explorer.exe","2024-07-29 21:54:31","System.String[]","2147740779","0","7"
"localhost","739ef21e-5429-4944-9db2-b251b2e12366","False","True","0","4.18.26060.3008","9","1","{2488DDF3-3BEC-42C8-B2D6-178B90EE5B10}","3","PROTEUS\Bitpusher","2026-02-18 22:20:38","2026-02-19 21:53:23","C:\Program Files (x86)\Dropbox\Client\Dropbox.exe","2026-02-19 21:53:23","System.String[]","2147910578","0","106"
"localhost","739ef21e-5429-4944-9db2-b251b2e12366","False","True","0","4.18.26060.3008","2","1","{43F97CD6-C4B2-4595-B194-585305CD2768}","3","PROTEUS\Bitpusher","2024-08-01 23:25:30","2024-08-01 23:25:42","D:\Dolos\Dropbox\app\unison\bin\unison.exe","2024-08-01 23:25:42","System.String[]","2147725326","0","3"
"localhost","739ef21e-5429-4944-9db2-b251b2e12366","False","True","0","4.18.26060.3008","2","1","{49F7BFE0-20A9-4514-A946-54CCFD100692}","3","PROTEUS\Bitpusher","2025-08-13 08:10:02","2025-08-13 08:10:15","D:\Dolos\Dropbox\app\unison\bin\unison.exe","2025-08-13 08:10:15","System.String[]","2147946580","0","3"
"localhost","739ef21e-5429-4944-9db2-b251b2e12366","False","True","0","4.18.26060.3008","2","1","{4CCED259-B4BF-4B3F-8846-6954EB921633}","3","PROTEUS\Bitpusher","2025-08-13 08:08:02","2025-08-13 08:08:10","D:\Dolos\Dropbox\app\unison\bin\unison.exe","2025-08-13 08:08:10","System.String[]","2147946580","0","3"
"localhost","739ef21e-5429-4944-9db2-b251b2e12366","False","True","0","4.18.26060.3008","2","1","{53CE9256-7759-47CF-83FD-67AEF6A10496}","3","PROTEUS\Bitpusher","2024-08-01 16:20:31","2024-08-01 16:20:46","D:\Dolos\Dropbox\app\unison\bin\unison.exe","2024-08-01 16:20:46","System.String[]","2147725326","0","3"
"localhost","739ef21e-5429-4944-9db2-b251b2e12366","False","True","0","4.18.26060.3008","2","1","{5AF6A637-C2AD-40DA-B37A-A53CEEAF9B27}","3","PROTEUS\Bitpusher","2024-08-01 23:50:39","2024-08-01 23:50:54","D:\Dolos\Dropbox\app\unison\bin\unison.exe","2024-08-01 23:50:54","System.String[]","2147725326","0","3"
"localhost","739ef21e-5429-4944-9db2-b251b2e12366","False","True","0","4.18.26060.3008","2","1","{68C750C1-AEE4-45F4-85CD-24E6CB3CFB44}","3","PROTEUS\Bitpusher","2025-08-13 07:54:51","2025-08-13 07:55:03","D:\Dolos\Dropbox\app\unison\bin\unison.exe","2025-08-13 07:55:03","System.String[]","2147946580","0","3"
"localhost","739ef21e-5429-4944-9db2-b251b2e12366","False","True","0","4.18.26060.3008","2","1","{6C28EF0A-5654-4495-B4AB-1432BF66F7D2}","3","PROTEUS\Bitpusher","2025-08-13 08:10:59","2025-08-13 08:11:13","D:\Dolos\Dropbox\app\unison\bin\unison.exe","2025-08-13 08:11:13","System.String[]","2147946580","0","3"
"localhost","739ef21e-5429-4944-9db2-b251b2e12366","False","True","0","4.18.26060.3008","2","1","{76DCA603-1EB8-4F22-B605-80D1484D4725}","3","PROTEUS\Bitpusher","2025-08-13 08:14:35","2025-08-13 08:14:41","D:\Dolos\Dropbox\app\unison\bin\unison.exe","2025-08-13 08:14:41","System.String[]","2147946580","0","3"
"localhost","739ef21e-5429-4944-9db2-b251b2e12366","False","True","0","4.18.26060.3008","2","1","{7906887B-5FAF-4287-95D4-5171C90D4897}","3","PROTEUS\Bitpusher","2026-02-18 22:20:32","2026-02-18 22:20:51","D:\Dolos\Dropbox\app\unison\bin\unison-gui.exe","2026-02-18 22:20:51","System.String[]","2147910578","-2142207965","103"
"localhost","739ef21e-5429-4944-9db2-b251b2e12366","False","True","0","4.18.26060.3008","9","1","{7CA23216-1041-4319-8BBB-F5984337B246}","3","PROTEUS\Bitpusher","2026-02-18 21:49:45","2026-02-18 21:50:15","D:\Dolos\Dropbox\app\unison\bin\unison-gui.exe","2026-02-18 21:50:15","System.String[]","2147910578","0","7"
"localhost","739ef21e-5429-4944-9db2-b251b2e12366","False","True","0","4.18.26060.3008","3","1","{7D22883D-FEB1-4AA4-91D7-E925DE313B47}","3","PROTEUS\Bitpusher","2024-10-09 21:34:04","2024-10-09 21:34:09","C:\Users\Bitpusher\AppData\Local\Programs\Python\Python312\python.exe","2024-10-09 21:34:09","System.String[]","2147921985","0","4"
"localhost","739ef21e-5429-4944-9db2-b251b2e12366","False","True","0","4.18.26060.3008","9","1","{7F4701E7-57E7-4E3F-B02F-5044306EE816}","3","PROTEUS\Bitpusher","2025-10-02 21:54:52","2025-10-02 21:55:15","D:\Dolos\Dropbox\app\Everything\Everything64.exe","2025-10-02 21:55:15","System.String[]","2147729042","0","7"
"localhost","739ef21e-5429-4944-9db2-b251b2e12366","False","True","0","4.18.26060.3008","2","1","{828833DB-6DF5-4D6F-AEDC-29B3B67049AE}","3","PROTEUS\Bitpusher","2024-08-01 18:20:41","2024-08-01 18:20:49","C:\Program Files (x86)\Dropbox\Client\Dropbox.exe","2024-08-01 18:20:49","System.String[]","2147725326","0","3"
"localhost","739ef21e-5429-4944-9db2-b251b2e12366","False","True","0","4.18.26060.3008","9","1","{984BD5FB-0533-4DF5-B178-F1812240B6FD}","3","PROTEUS\Bitpusher","2024-07-03 08:26:10","2024-07-03 08:26:22","V:\Dropbox\app\unison\bin\unison.exe","2024-07-03 08:26:22","System.String[]","2147895046","0","7"
"localhost","739ef21e-5429-4944-9db2-b251b2e12366","False","True","0","4.18.26060.3008","2","1","{A6AF680B-E808-428C-A557-3C84BDC8936C}","3","PROTEUS\Bitpusher","2025-08-13 08:02:55","2025-08-13 08:03:00","D:\Dolos\Dropbox\app\unison\bin\unison.exe","2025-08-13 08:03:00","System.String[]","2147946580","0","3"
"localhost","739ef21e-5429-4944-9db2-b251b2e12366","False","True","0","4.18.26060.3008","2","1","{A7086306-A41D-4D1E-B6F8-7C2F447C2004}","3","PROTEUS\Bitpusher","2025-08-13 08:07:48","2025-08-13 08:07:56","C:\Program Files (x86)\Dropbox\Client\Dropbox.exe","2025-08-13 08:07:56","System.String[]","2147946580","0","3"
"localhost","739ef21e-5429-4944-9db2-b251b2e12366","False","True","0","4.18.26060.3008","2","1","{B0E35E42-5FE0-4B55-B2FD-CFBAAECBDA37}","3","PROTEUS\Bitpusher","2025-08-13 07:52:51","2025-08-13 07:52:56","D:\Dolos\Dropbox\app\unison\bin\unison.exe","2025-08-13 07:52:56","System.String[]","2147946580","0","3"
"localhost","739ef21e-5429-4944-9db2-b251b2e12366","False","True","0","4.18.26060.3008","2","1","{B2B2EA54-D2E7-44E3-B881-7D58C34C104A}","3","PROTEUS\Bitpusher","2024-08-01 22:38:21","2024-08-01 22:38:31","C:\Program Files (x86)\Dropbox\Client\Dropbox.exe","2024-08-01 22:38:31","System.String[]","2147725326","0","3"
"localhost","739ef21e-5429-4944-9db2-b251b2e12366","False","True","0","4.18.26060.3008","2","1","{B4813D32-CB3E-49BC-AB24-0FF69DC04587}","3","PROTEUS\Bitpusher","2025-08-13 08:07:20","2025-08-13 08:07:28","D:\Dolos\Dropbox\app\unison\bin\unison.exe","2025-08-13 08:07:28","System.String[]","2147946580","0","3"
"localhost","739ef21e-5429-4944-9db2-b251b2e12366","False","True","0","4.18.26060.3008","9","1","{B4EEFB1B-2DA6-427E-A57F-8F22011D8B71}","3","PROTEUS\Bitpusher","2024-08-03 13:07:48","2024-08-03 13:08:02","D:\Dolos\Dropbox\app\unison\bin\unison.exe","2024-08-03 13:08:02","System.String[]","2147910762","0","7"
"localhost","739ef21e-5429-4944-9db2-b251b2e12366","False","True","0","4.18.26060.3008","2","1","{BFDFBAF1-C265-460F-BD58-B547B0733C06}","3","PROTEUS\Bitpusher","2025-08-13 15:01:54","2025-08-13 15:02:09","C:\Program Files\WindowsApps\Microsoft.WindowsNotepad_11.2504.62.0_x64__8wekyb3d8bbwe\Notepad\Notepad.exe","2025-08-13 15:02:09","System.String[]","2147519003","0","3"
"localhost","739ef21e-5429-4944-9db2-b251b2e12366","False","True","0","4.18.26060.3008","2","1","{D4C329DB-A595-49A4-9AF4-C30732DEA1F0}","3","PROTEUS\Bitpusher","2025-08-13 07:58:27","2025-08-13 07:58:34","D:\Dolos\Dropbox\app\unison\bin\unison.exe","2025-08-13 07:58:34","System.String[]","2147946580","0","3"
"localhost","739ef21e-5429-4944-9db2-b251b2e12366","False","True","0","4.18.26060.3008","9","1","{08D72D74-FF3A-4234-A8D5-25A7FC6AA8E3}","3","PROTEUS\Bitpusher","2024-07-03 07:19:41","2024-07-03 07:19:59","V:\Dropbox\app\unison\bin\unison.exe","2024-07-03 07:19:59","System.String[]","240849","0","7"
"localhost","739ef21e-5429-4944-9db2-b251b2e12366","False","True","0","4.18.26060.3008","9","1","{13331DD8-7313-469F-A8D5-113E6BD2BD8C}","3","PROTEUS\Bitpusher","2026-03-19 16:26:52","2026-03-19 16:27:31","V:\Dolos\Dropbox\app\FreeFileSync_Donation_Edition_Portable\Bin\FreeFileSync_x64.exe","2026-03-19 16:27:31","System.String[]","2147898205","0","7"
"localhost","739ef21e-5429-4944-9db2-b251b2e12366","False","True","0","4.18.26060.3008","2","1","{1C2C165B-DC34-4B11-A090-9DE004180049}","3","PROTEUS\Bitpusher","2025-08-13 08:01:39","2025-08-13 08:01:52","D:\Dolos\Dropbox\app\unison\bin\unison.exe","2025-08-13 08:01:52","System.String[]","2147946580","0","3"
"localhost","739ef21e-5429-4944-9db2-b251b2e12366","False","True","0","4.18.26060.3008","2","1","{21C25905-CFA3-44CD-83FA-87745F211E58}","3","PROTEUS\Bitpusher","2024-08-01 23:25:16","2024-08-01 23:25:22","D:\Dolos\Dropbox\app\unison\bin\unison.exe","2024-08-01 23:25:22","System.String[]","2147725326","0","3"
"localhost","739ef21e-5429-4944-9db2-b251b2e12366","False","True","0","4.18.26060.3008","2","1","{288983E5-C8C0-4585-8470-2F22EE53D96A}","3","PROTEUS\Bitpusher","2024-08-02 07:55:24","2024-08-02 07:55:35","D:\Dolos\Dropbox\app\unison\bin\unison.exe","2024-08-02 07:55:35","System.String[]","2147725326","0","3"
"localhost","739ef21e-5429-4944-9db2-b251b2e12366","False","True","0","4.18.26060.3008","9","1","{31038E8F-5927-44C5-B921-290080676526}","3","PROTEUS\Bitpusher","2025-10-20 16:39:22","2025-10-20 16:39:38","C:\Program Files (x86)\Dropbox\Client\Dropbox.exe","2025-10-20 16:39:38","System.String[]","2147910762","0","7"
"localhost","739ef21e-5429-4944-9db2-b251b2e12366","False","True","0","4.18.26060.3008","9","1","{36DE3110-7710-4759-B820-70050AC98678}","3","PROTEUS\Bitpusher","2025-07-07 19:35:10","2025-07-07 19:35:39","C:\Windows\explorer.exe","2025-07-07 19:35:39","System.String[]","2147838408","0","7"
"localhost","739ef21e-5429-4944-9db2-b251b2e12366","False","True","0","4.18.26060.3008","2","1","{3781EA14-808C-4D91-81E3-CB370B8BA9F6}","3","PROTEUS\Bitpusher","2025-08-13 08:06:11","2025-08-13 08:06:19","D:\Dolos\Dropbox\app\unison\bin\unison.exe","2025-08-13 08:06:19","System.String[]","2147946580","0","3"
"localhost","739ef21e-5429-4944-9db2-b251b2e12366","False","True","0","4.18.26060.3008","2","1","{4B3F11A2-49D0-410C-A9A9-60C9DCD19581}","3","PROTEUS\Bitpusher","2025-08-13 08:16:41","2025-08-13 08:16:48","C:\Program Files (x86)\Dropbox\Client\Dropbox.exe","2025-08-13 08:16:48","System.String[]","2147946580","0","3"
"localhost","739ef21e-5429-4944-9db2-b251b2e12366","False","True","0","4.18.26060.3008","2","1","{4B71B660-74F9-40A4-A930-68DC3322BED8}","3","PROTEUS\Bitpusher","2024-11-26 18:59:51","2024-11-26 19:00:04","D:\Dolos\Dropbox\app\unison\bin\unison.exe","2024-11-26 19:00:04","System.String[]","2147740779","0","3"
"localhost","739ef21e-5429-4944-9db2-b251b2e12366","False","True","0","4.18.26060.3008","9","1","{4E4B2FBE-C9CE-4CC2-8CCE-E59544446352}","3","NT AUTHORITY\SYSTEM","2026-04-26 20:26:49","2026-04-26 20:27:04","C:\Program Files (x86)\Backblaze\x64\bztransmit64.exe","2026-04-26 20:27:04","System.String[]","2147742191","0","7"
"localhost","739ef21e-5429-4944-9db2-b251b2e12366","False","True","0","4.18.26060.3008","2","1","{53191970-5299-45F6-A924-E69BCD474BFF}","3","PROTEUS\Bitpusher","2024-08-02 03:50:52","2024-08-02 03:50:58","C:\Program Files (x86)\Dropbox\Client\Dropbox.exe","2024-08-02 03:50:58","System.String[]","2147725326","0","3"
"localhost","739ef21e-5429-4944-9db2-b251b2e12366","False","True","0","4.18.26060.3008","9","1","{71AA5B8B-3DC3-4933-A023-E3404CF36B21}","3","PROTEUS\Bitpusher","2024-10-08 09:13:03","2024-10-08 09:13:22","D:\Dolos\Dropbox\app\unison\bin\unison-gui.exe","2024-10-08 09:13:22","System.String[]","2147910762","0","7"
"localhost","739ef21e-5429-4944-9db2-b251b2e12366","False","True","0","4.18.26060.3008","2","1","{849BDC50-4CA2-42F9-BAD8-BFFD63312747}","3","PROTEUS\Bitpusher","2025-08-13 08:16:49","2025-08-13 08:17:02","D:\Dolos\Dropbox\app\unison\bin\unison.exe","2025-08-13 08:17:02","System.String[]","2147946580","0","3"
"localhost","739ef21e-5429-4944-9db2-b251b2e12366","False","True","0","4.18.26060.3008","2","1","{92EE4227-C310-48EC-958E-3B4EBEAC7CDE}","3","PROTEUS\Bitpusher","2026-02-16 12:08:32","2026-02-16 12:08:53","C:\Program Files (x86)\Dropbox\Client\Dropbox.exe","2026-02-16 12:08:53","System.String[]","2147836614","-2142207965","103"
"localhost","739ef21e-5429-4944-9db2-b251b2e12366","False","True","0","4.18.26060.3008","2","1","{9F7601D8-FBFF-45C8-B730-CCF3E1416C16}","3","PROTEUS\Bitpusher","2024-08-01 22:20:38","2024-08-01 22:20:53","D:\Dolos\Dropbox\app\unison\bin\unison.exe","2024-08-01 22:20:53","System.String[]","2147725326","0","3"
"localhost","739ef21e-5429-4944-9db2-b251b2e12366","False","True","0","4.18.26060.3008","9","1","{A73BFA3E-C43B-466E-808A-27C9FE102955}","3","PROTEUS\Bitpusher","2026-02-16 12:08:15","2026-02-16 12:08:40","D:\Dolos\Dropbox\app\unison\bin\unison.exe","2026-02-16 12:08:40","System.String[]","2147836614","0","7"
"localhost","739ef21e-5429-4944-9db2-b251b2e12366","False","True","0","4.18.26060.3008","2","1","{AD602522-F596-40C5-B3AE-0C7FB4A14811}","3","PROTEUS\Bitpusher","2024-08-01 22:31:42","2024-08-01 22:31:48","D:\Dolos\Dropbox\app\unison\bin\unison.exe","2024-08-01 22:31:48","System.String[]","2147725326","0","3"
"localhost","739ef21e-5429-4944-9db2-b251b2e12366","False","True","0","4.18.26060.3008","2","1","{AE02F174-A88A-4733-BDC0-BB16DA8B4613}","3","PROTEUS\Bitpusher","2024-08-02 05:20:45","2024-08-02 05:21:00","D:\Dolos\Dropbox\app\unison\bin\unison.exe","2024-08-02 05:21:00","System.String[]","2147725326","0","3"
"localhost","739ef21e-5429-4944-9db2-b251b2e12366","False","True","0","4.18.26060.3008","2","1","{C42E8BCD-9834-4A93-A708-2FE6B6284F7A}","3","PROTEUS\Bitpusher","2025-12-22 15:18:54","2025-12-22 15:19:13","C:\Program Files (x86)\Dropbox\Client\Dropbox.exe","2025-12-22 15:19:13","System.String[]","2147844607","0","3"
"localhost","739ef21e-5429-4944-9db2-b251b2e12366","False","True","0","4.18.26060.3008","9","2","{C8A60C9E-A3CE-4C89-828F-C14326DBB17E}","3","PROTEUS\Bitpusher","2025-10-14 08:52:32","2025-10-18 19:26:06","C:\Program Files\PowerShell\7\pwsh.exe","2025-10-18 19:26:06","System.String[]","304861","0","106"
"localhost","739ef21e-5429-4944-9db2-b251b2e12366","False","True","0","4.18.26060.3008","9","1","{D9BC152C-6A0A-41FE-92C9-BACDFD3F35DC}","3","PROTEUS\Bitpusher","2024-07-08 07:03:12","2024-07-08 07:03:26","C:\Program Files (x86)\Dropbox\Client\Dropbox.exe","2024-07-08 07:03:26","System.String[]","240849","0","7"
"localhost","739ef21e-5429-4944-9db2-b251b2e12366","False","True","0","4.18.26060.3008","2","1","{DC8E395E-6518-4B89-831D-8A0DD69975AD}","3","PROTEUS\Bitpusher","2025-08-13 07:58:49","2025-08-13 07:59:02","D:\Dolos\Dropbox\app\unison\bin\unison.exe","2025-08-13 07:59:02","System.String[]","2147946580","0","3"
"localhost","739ef21e-5429-4944-9db2-b251b2e12366","False","True","0","4.18.26060.3008","2","1","{DE472825-53D9-46CD-825C-B931894D6297}","3","PROTEUS\Bitpusher","2024-10-01 16:01:00","2024-10-01 16:01:43","C:\Program Files\Everything 1.5a\Everything64.exe","2024-10-01 16:01:43","System.String[]","240849","-2142207965","103"
"localhost","739ef21e-5429-4944-9db2-b251b2e12366","False","True","0","4.18.26060.3008","2","1","{E461D3E0-02E4-495C-9E0F-A82BE51464EE}","3","PROTEUS\Bitpusher","2025-08-13 08:05:56","2025-08-13 08:06:04","C:\Program Files (x86)\Dropbox\Client\Dropbox.exe","2025-08-13 08:06:04","System.String[]","2147946580","0","3"
"localhost","739ef21e-5429-4944-9db2-b251b2e12366","False","True","0","4.18.26060.3008","2","0","{E52F8CEE-694C-484F-A295-9F3B17A82A91}","2","PROTEUS\Bitpusher","2025-11-26 13:08:24","2025-11-26 13:08:51","Unknown","2025-11-26 13:08:51","System.String[]","2147734161","0","3"
"localhost","739ef21e-5429-4944-9db2-b251b2e12366","False","True","0","4.18.26060.3008","2","1","{E7BB8283-36A6-4A2E-B1BF-616E92F937EC}","3","PROTEUS\Bitpusher","2025-07-07 18:18:56","2025-07-07 18:19:17","C:\Windows\explorer.exe","2025-07-07 18:19:17","System.String[]","2147939874","-2142207965","103"
"localhost","739ef21e-5429-4944-9db2-b251b2e12366","False","True","0","4.18.26060.3008","2","1","{09EEF857-32E8-48A4-B850-C49021CD69E0}","3","PROTEUS\Bitpusher","2024-08-02 05:50:54","2024-08-02 05:51:00","C:\Program Files (x86)\Dropbox\Client\Dropbox.exe","2024-08-02 05:51:00","System.String[]","2147725326","0","3"
"localhost","739ef21e-5429-4944-9db2-b251b2e12366","False","True","0","4.18.26060.3008","2","1","{1D7CF036-84D6-4C8D-B5B5-DC2D05248BCE}","3","PROTEUS\Bitpusher","2025-07-07 18:23:22","2025-07-07 18:23:55","C:\Users\Bitpusher\Desktop\nxc.exe","2025-07-07 18:23:55","System.String[]","2147932941","-2142207965","103"
"localhost","739ef21e-5429-4944-9db2-b251b2e12366","False","True","0","4.18.26060.3008","2","1","{2232341F-8E7D-4518-A186-19C7A3FCB52A}","3","PROTEUS\Bitpusher","2025-08-13 07:57:03","2025-08-13 07:57:09","D:\Dolos\Dropbox\app\unison\bin\unison.exe","2025-08-13 07:57:09","System.String[]","2147946580","0","3"
"localhost","739ef21e-5429-4944-9db2-b251b2e12366","False","True","0","4.18.26060.3008","2","1","{25B76B8B-8428-4C34-B6DA-7EE03C83EAD0}","3","PROTEUS\Bitpusher","2024-08-02 07:26:07","2024-08-02 07:26:22","D:\Dolos\Dropbox\app\unison\bin\unison.exe","2024-08-02 07:26:22","System.String[]","2147725326","0","3"
"localhost","739ef21e-5429-4944-9db2-b251b2e12366","False","True","0","4.18.26060.3008","2","1","{2603F086-FEB9-4D26-B234-A06E289D4968}","3","PROTEUS\Bitpusher","2024-07-10 22:21:21","2024-07-10 22:21:31","C:\Program Files (x86)\Dropbox\Client\Dropbox.exe","2024-07-10 22:21:31","System.String[]","240849","-2142207965","103"
"localhost","739ef21e-5429-4944-9db2-b251b2e12366","False","True","0","4.18.26060.3008","2","1","{2756CB73-55DA-4C34-950C-116F1A82F5F2}","3","PROTEUS\Bitpusher","2024-08-01 23:36:57","2024-08-01 23:37:08","D:\Dolos\Dropbox\app\unison\bin\unison.exe","2024-08-01 23:37:08","System.String[]","2147725326","0","3"
"localhost","739ef21e-5429-4944-9db2-b251b2e12366","False","True","0","4.18.26060.3008","2","1","{34C8DC7F-E88F-4983-ACAA-5000B502E728}","3","PROTEUS\Bitpusher","2025-08-13 07:55:53","2025-08-13 07:55:59","D:\Dolos\Dropbox\app\unison\bin\unison.exe","2025-08-13 07:55:59","System.String[]","2147946580","0","3"
"localhost","739ef21e-5429-4944-9db2-b251b2e12366","False","True","0","4.18.26060.3008","2","1","{38FFA0BD-3719-4ABD-BC8C-E8ED0F7F997F}","3","PROTEUS\Bitpusher","2024-10-24 09:50:16","2024-10-24 09:50:34","C:\Program Files\PowerShell\7\pwsh.exe","2024-10-24 09:50:34","System.String[]","2147519003","0","3"
"localhost","739ef21e-5429-4944-9db2-b251b2e12366","False","True","0","4.18.26060.3008","2","1","{3D056E91-A0E5-457D-8859-546CF915389D}","3","PROTEUS\Bitpusher","2024-08-02 05:50:45","2024-08-02 05:51:00","D:\Dolos\Dropbox\app\unison\bin\unison.exe","2024-08-02 05:51:00","System.String[]","2147725326","0","3"
"localhost","739ef21e-5429-4944-9db2-b251b2e12366","False","True","0","4.18.26060.3008","2","1","{4C0561AE-B2E0-4BA4-A918-9535EE9443D9}","3","PROTEUS\Bitpusher","2024-08-01 23:37:11","2024-08-01 23:37:22","D:\Dolos\Dropbox\app\unison\bin\unison.exe","2024-08-01 23:37:22","System.String[]","2147725326","0","3"
"localhost","739ef21e-5429-4944-9db2-b251b2e12366","False","True","0","4.18.26060.3008","2","1","{516A462E-9D2C-4115-BD6F-D66F686E0388}","3","PROTEUS\Bitpusher","2025-08-13 08:11:20","2025-08-13 08:11:33","D:\Dolos\Dropbox\app\unison\bin\unison.exe","2025-08-13 08:11:33","System.String[]","2147946580","0","3"
"localhost","739ef21e-5429-4944-9db2-b251b2e12366","False","True","0","4.18.26060.3008","2","1","{5457591B-3500-4395-8411-C3B8DD552343}","3","PROTEUS\Bitpusher","2024-08-01 19:50:40","2024-08-01 19:50:50","C:\Program Files (x86)\Dropbox\Client\Dropbox.exe","2024-08-01 19:50:50","System.String[]","2147725326","0","3"
"localhost","739ef21e-5429-4944-9db2-b251b2e12366","False","True","0","4.18.26060.3008","2","1","{5A848BA9-A7B4-49E2-B60A-572DF3191284}","3","PROTEUS\Bitpusher","2024-08-01 15:10:38","2024-08-01 15:10:43","C:\Program Files (x86)\Dropbox\Client\Dropbox.exe","2024-08-01 15:10:43","System.String[]","2147725326","0","3"
"localhost","739ef21e-5429-4944-9db2-b251b2e12366","False","True","0","4.18.26060.3008","2","1","{5DF68CD2-2B88-465C-9C46-D48B92B9B8FF}","3","PROTEUS\Bitpusher","2024-08-02 00:23:04","2024-08-02 00:23:19","D:\Dolos\Dropbox\app\unison\bin\unison.exe","2024-08-02 00:23:19","System.String[]","2147725326","0","3"
"localhost","739ef21e-5429-4944-9db2-b251b2e12366","False","True","0","4.18.26060.3008","2","1","{6BF0A45A-CC71-4100-9D4E-D82B2E4F9C60}","3","PROTEUS\Bitpusher","2025-08-13 08:10:30","2025-08-13 08:10:43","D:\Dolos\Dropbox\app\unison\bin\unison.exe","2025-08-13 08:10:43","System.String[]","2147946580","0","3"
"localhost","739ef21e-5429-4944-9db2-b251b2e12366","False","True","0","4.18.26060.3008","2","1","{7BDE81FF-FB4C-4911-85DD-A65D1078CBD2}","3","PROTEUS\Bitpusher","2025-08-13 08:15:52","2025-08-13 08:16:05","D:\Dolos\Dropbox\app\unison\bin\unison.exe","2025-08-13 08:16:05","System.String[]","2147946580","0","3"
"localhost","739ef21e-5429-4944-9db2-b251b2e12366","False","True","0","4.18.26060.3008","2","1","{7FE6F0EF-B1D1-4D7D-98EF-DC7F95E4E4DA}","3","PROTEUS\Bitpusher","2024-08-01 15:50:31","2024-08-01 15:50:46","D:\Dolos\Dropbox\app\unison\bin\unison.exe","2024-08-01 15:50:46","System.String[]","2147725326","0","3"
"localhost","739ef21e-5429-4944-9db2-b251b2e12366","False","True","0","4.18.26060.3008","2","1","{8311567D-3262-476F-8AC9-28D5C161044E}","3","PROTEUS\Bitpusher","2024-08-01 23:24:51","2024-08-01 23:24:57","C:\Program Files (x86)\Dropbox\Client\Dropbox.exe","2024-08-01 23:24:57","System.String[]","2147725326","0","3"
"localhost","739ef21e-5429-4944-9db2-b251b2e12366","False","True","0","4.18.26060.3008","2","1","{87E3C049-CA5F-4A48-B1D7-20DB1523D721}","3","PROTEUS\Bitpusher","2025-08-13 07:55:25","2025-08-13 07:55:31","D:\Dolos\Dropbox\app\unison\bin\unison.exe","2025-08-13 07:55:31","System.String[]","2147946580","0","3"
"localhost","739ef21e-5429-4944-9db2-b251b2e12366","False","True","0","4.18.26060.3008","9","1","{897CB0E7-325C-4D8E-9FC1-F785E7285E41}","3","PROTEUS\Bitpusher","2024-11-26 18:59:34","2024-11-26 18:59:46","D:\Dolos\Dropbox\app\unison\bin\unison.exe","2024-11-26 18:59:46","System.String[]","2147740779","0","7"
"localhost","739ef21e-5429-4944-9db2-b251b2e12366","False","True","0","4.18.26060.3008","2","1","{8E6C73BA-4684-43B3-81A6-68E82FA1CA12}","3","PROTEUS\Bitpusher","2024-08-02 00:31:06","2024-08-02 00:31:18","D:\Dolos\Dropbox\app\unison\bin\unison.exe","2024-08-02 00:31:18","System.String[]","2147725326","0","3"
"localhost","739ef21e-5429-4944-9db2-b251b2e12366","False","True","0","4.18.26060.3008","2","1","{9045503D-9B74-4B49-BA40-3C09DCAAB7F9}","3","PROTEUS\Bitpusher","2025-07-07 18:20:08","2025-07-07 18:20:30","C:\Users\Bitpusher\Desktop\nxc.exe","2025-07-07 18:20:30","System.String[]","2147780142","-2142207965","103"
"localhost","739ef21e-5429-4944-9db2-b251b2e12366","False","True","0","4.18.26060.3008","2","1","{B47378AD-B1CA-4D50-A479-44E570FBECB3}","3","PROTEUS\Bitpusher","2024-07-03 08:26:00","2024-07-03 08:26:08","V:\Dropbox\app\unison\bin\unison.exe","2024-07-03 08:26:08","System.String[]","2147895046","0","3"
"localhost","739ef21e-5429-4944-9db2-b251b2e12366","False","True","0","4.18.26060.3008","2","1","{B87001D5-F9A7-4E25-8969-F78DE4014885}","3","NT AUTHORITY\SYSTEM","2026-04-26 20:27:59","2026-04-26 20:28:13","C:\Program Files (x86)\Backblaze\x64\bztransmit64.exe","2026-04-26 20:28:13","System.String[]","2147761266","-2142207965","103"
"localhost","739ef21e-5429-4944-9db2-b251b2e12366","False","True","0","4.18.26060.3008","2","1","{BE74002C-188D-4F17-B389-BE098AB7B091}","3","PROTEUS\Bitpusher","2024-08-01 23:35:47","2024-08-01 23:35:52","C:\Program Files (x86)\Dropbox\Client\Dropbox.exe","2024-08-01 23:35:52","System.String[]","2147725326","0","3"
"localhost","739ef21e-5429-4944-9db2-b251b2e12366","False","True","0","4.18.26060.3008","2","1","{C797450B-9E89-496E-87B7-2C0DCE04C887}","3","PROTEUS\Bitpusher","2025-08-13 08:05:05","2025-08-13 08:05:19","D:\Dolos\Dropbox\app\unison\bin\unison.exe","2025-08-13 08:05:19","System.String[]","2147946580","0","3"
"localhost","739ef21e-5429-4944-9db2-b251b2e12366","False","True","0","4.18.26060.3008","2","1","{C7D3777D-FA51-4148-9F76-FAD122D9D9F5}","3","PROTEUS\Bitpusher","2024-08-01 20:50:41","2024-08-01 20:50:51","C:\Program Files (x86)\Dropbox\Client\Dropbox.exe","2024-08-01 20:50:51","System.String[]","2147725326","0","3"
"localhost","739ef21e-5429-4944-9db2-b251b2e12366","False","True","0","4.18.26060.3008","2","1","{CAFF3EF6-A756-478D-AB52-9328F778A10E}","3","PROTEUS\Bitpusher","2025-08-13 08:06:45","2025-08-13 08:06:53","C:\Program Files (x86)\Dropbox\Client\Dropbox.exe","2025-08-13 08:06:53","System.String[]","2147946580","0","3"
"localhost","739ef21e-5429-4944-9db2-b251b2e12366","False","True","0","4.18.26060.3008","2","1","{CE2A23F2-EBC8-4670-BE3A-219F41E1940D}","3","PROTEUS\Bitpusher","2025-08-13 08:12:22","2025-08-13 08:12:35","D:\Dolos\Dropbox\app\unison\bin\unison.exe","2025-08-13 08:12:35","System.String[]","2147946580","0","3"
"localhost","739ef21e-5429-4944-9db2-b251b2e12366","False","True","0","4.18.26060.3008","3","3","{D7BAC71A-AB04-4AB0-A6BA-700B82948EBF}","2","NT AUTHORITY\SYSTEM","2026-04-17 10:41:30","2026-04-17 10:41:35","C:\Program Files (x86)\Backblaze\bzserv.exe","2026-04-17 10:41:35","System.String[]","2147961445","0","4"
"localhost","739ef21e-5429-4944-9db2-b251b2e12366","False","True","0","4.18.26060.3008","2","1","{DC1734D5-83CD-49B8-898A-3FABC86C7823}","3","PROTEUS\Bitpusher","2025-08-13 08:12:57","2025-08-13 08:13:03","D:\Dolos\Dropbox\app\unison\bin\unison.exe","2025-08-13 08:13:03","System.String[]","2147946580","0","3"
"localhost","739ef21e-5429-4944-9db2-b251b2e12366","False","True","0","4.18.26060.3008","2","1","{DDFAEC88-FEA2-4EAB-96D1-B2AAC2291D45}","3","PROTEUS\Bitpusher","2025-08-13 08:11:05","2025-08-13 08:11:13","D:\Dolos\Dropbox\app\unison\bin\unison.exe","2025-08-13 08:11:13","System.String[]","2147946580","0","3"
"localhost","739ef21e-5429-4944-9db2-b251b2e12366","False","True","0","4.18.26060.3008","9","1","{E389C6B4-BB6E-4159-A681-098468ADADE4}","3","PROTEUS\Bitpusher","2024-08-03 13:03:44","2024-08-03 13:04:02","C:\Program Files\Everything 1.5a\Everything64.exe","2024-08-03 13:04:02","System.String[]","2147910762","0","7"
"localhost","739ef21e-5429-4944-9db2-b251b2e12366","False","True","0","4.18.26060.3008","2","1","{EBD33D84-C3E0-4BC1-9282-54F4BDAEC1EB}","3","PROTEUS\Bitpusher","2024-08-02 07:26:41","2024-08-02 07:26:47","C:\Program Files (x86)\Dropbox\Client\Dropbox.exe","2024-08-02 07:26:47","System.String[]","2147725326","0","3"
"localhost","739ef21e-5429-4944-9db2-b251b2e12366","False","True","0","4.18.26060.3008","2","1","{00724F56-AA01-492E-AC6C-A7FEA703A724}","3","PROTEUS\Bitpusher","2025-08-13 07:55:39","2025-08-13 07:55:46","D:\Dolos\Dropbox\app\unison\bin\unison.exe","2025-08-13 07:55:46","System.String[]","2147946580","0","3"
"localhost","739ef21e-5429-4944-9db2-b251b2e12366","False","True","0","4.18.26060.3008","2","1","{055D16E6-5763-4527-94F7-E5556AB96ED1}","3","PROTEUS\Bitpusher","2024-08-03 13:07:57","2024-08-03 13:08:02","D:\Dolos\Dropbox\app\unison\bin\unison.exe","2024-08-03 13:08:02","System.String[]","2147910762","0","3"
"localhost","739ef21e-5429-4944-9db2-b251b2e12366","False","True","0","4.18.26060.3008","9","1","{0680B26E-4FB6-462D-B3F0-FC67E9973A31}","3","NT AUTHORITY\SYSTEM","2026-04-26 20:28:19","2026-04-26 20:28:35","C:\Program Files (x86)\Backblaze\x64\bztransmit64.exe","2026-04-26 20:28:35","System.String[]","2147761265","0","7"
"localhost","739ef21e-5429-4944-9db2-b251b2e12366","False","True","0","4.18.26060.3008","2","1","{08E644AF-A9A8-42F8-84F7-5DA7C68B9D43}","3","PROTEUS\Bitpusher","2025-08-13 07:52:30","2025-08-13 07:52:42","D:\Dolos\Dropbox\app\unison\bin\unison.exe","2025-08-13 07:52:42","System.String[]","2147946580","0","3"
"localhost","739ef21e-5429-4944-9db2-b251b2e12366","False","True","0","4.18.26060.3008","3","1","{0AB156A3-F4A4-4763-BED7-468E7D46A9D3}","3","PROTEUS\Bitpusher","2024-10-02 22:26:05","2024-10-02 22:26:10","G:\Aragorn\CURRENT\DocFetcher\Java64\bin\javaw.exe","2024-10-02 22:26:10","System.String[]","2147760253","0","4"
"localhost","739ef21e-5429-4944-9db2-b251b2e12366","False","True","0","4.18.26060.3008","2","1","{0B48C680-EC31-4457-AFE0-6244A4C4740E}","3","PROTEUS\Bitpusher","2024-08-02 08:00:06","2024-08-02 08:00:22","D:\Dolos\Dropbox\app\unison\bin\unison.exe","2024-08-02 08:00:22","System.String[]","2147725326","0","3"
"localhost","739ef21e-5429-4944-9db2-b251b2e12366","False","True","0","4.18.26060.3008","2","1","{21271D35-23EF-4533-9B83-C266E74F462B}","3","PROTEUS\Bitpusher","2025-08-13 07:56:35","2025-08-13 07:56:42","D:\Dolos\Dropbox\app\unison\bin\unison.exe","2025-08-13 07:56:42","System.String[]","2147946580","0","3"
"localhost","739ef21e-5429-4944-9db2-b251b2e12366","False","True","0","4.18.26060.3008","2","1","{35124A35-ACE4-4BB1-9096-DE24E77F1C3C}","3","PROTEUS\Bitpusher","2024-08-01 22:29:57","2024-08-01 22:30:02","C:\Program Files (x86)\Dropbox\Client\Dropbox.exe","2024-08-01 22:30:02","System.String[]","2147725326","0","3"
"localhost","739ef21e-5429-4944-9db2-b251b2e12366","False","True","0","4.18.26060.3008","2","1","{39E3EB59-7D5B-42B7-AE34-139261CA67FE}","3","PROTEUS\Bitpusher","2024-08-01 15:09:28","2024-08-01 15:09:40","D:\Dolos\Dropbox\app\unison\bin\unison.exe","2024-08-01 15:09:40","System.String[]","2147725326","0","3"
"localhost","739ef21e-5429-4944-9db2-b251b2e12366","False","True","0","4.18.26060.3008","2","1","{4DFC243C-F98A-407B-96FA-5296FB5BFCA0}","3","PROTEUS\Bitpusher","2025-08-13 08:03:07","2025-08-13 08:03:15","D:\Dolos\Dropbox\app\unison\bin\unison.exe","2025-08-13 08:03:15","System.String[]","2147946580","0","3"
"localhost","739ef21e-5429-4944-9db2-b251b2e12366","False","True","0","4.18.26060.3008","2","1","{50A1F5FA-DED6-47D7-BC99-53CE7B2ED2FF}","3","PROTEUS\Bitpusher","2024-08-01 21:50:37","2024-08-01 21:50:53","D:\Dolos\Dropbox\app\unison\bin\unison.exe","2024-08-01 21:50:53","System.String[]","2147725326","0","3"
"localhost","739ef21e-5429-4944-9db2-b251b2e12366","False","True","0","4.18.26060.3008","2","1","{525E175F-10BD-43FD-A404-05C9F5926341}","3","PROTEUS\Bitpusher","2025-08-13 08:01:17","2025-08-13 08:01:31","D:\Dolos\Dropbox\app\unison\bin\unison.exe","2025-08-13 08:01:31","System.String[]","2147946580","0","3"
"localhost","739ef21e-5429-4944-9db2-b251b2e12366","False","True","0","4.18.26060.3008","2","1","{5B1288ED-7FE5-4D82-A315-8AFEBB5203B9}","3","PROTEUS\Bitpusher","2024-11-24 20:29:04","2024-11-24 20:29:23","C:\Windows\explorer.exe","2024-11-24 20:29:23","System.String[]","2147659947","-2142207965","103"
"localhost","739ef21e-5429-4944-9db2-b251b2e12366","False","True","0","4.18.26060.3008","2","1","{5DAB230C-77AC-413D-917B-4D1C970C007F}","3","PROTEUS\Bitpusher","2024-07-03 07:22:38","2024-07-03 07:22:53","V:\Dropbox\app\unison\bin\unison.exe","2024-07-03 07:22:53","System.String[]","2147895046","0","3"
"localhost","739ef21e-5429-4944-9db2-b251b2e12366","False","True","0","4.18.26060.3008","9","1","{6313463D-3316-4B40-9BDE-BF9995B0D508}","3","PROTEUS\Bitpusher","2025-08-05 23:29:20","2025-08-05 23:29:37","D:\Dolos\Run\FirefoxPortableDeveloper\App\Firefox64\firefox.exe","2025-08-05 23:29:37","System.String[]","2147930486","0","7"
"localhost","739ef21e-5429-4944-9db2-b251b2e12366","False","True","0","4.18.26060.3008","3","1","{74431911-19C6-4AC4-8C46-814E5A46BB7A}","3","PROTEUS\Bitpusher","2025-08-21 13:36:26","2025-08-21 13:36:38","D:\Dolos\Dropbox\app\unison\bin\unison.exe","2025-08-21 13:36:38","System.String[]","2147913483","0","4"
"localhost","739ef21e-5429-4944-9db2-b251b2e12366","False","True","0","4.18.26060.3008","9","1","{9E27A0AD-1E4C-4377-854A-5D8C66A8F34C}","3","PROTEUS\Bitpusher","2024-08-05 16:25:53","2024-08-05 16:26:11","C:\Windows\explorer.exe","2024-08-05 16:26:11","System.String[]","2147788605","0","7"
"localhost","739ef21e-5429-4944-9db2-b251b2e12366","False","True","0","4.18.26060.3008","2","1","{A079F8CA-8054-4319-912E-B57062DA11D7}","3","PROTEUS\Bitpusher","2024-08-02 04:20:52","2024-08-02 04:20:59","C:\Program Files (x86)\Dropbox\Client\Dropbox.exe","2024-08-02 04:20:59","System.String[]","2147725326","0","3"
"localhost","739ef21e-5429-4944-9db2-b251b2e12366","False","True","0","4.18.26060.3008","2","1","{B3444D43-2CCD-4275-9066-06C6B2CEC1D4}","3","PROTEUS\Bitpusher","2025-08-13 08:00:27","2025-08-13 08:00:33","D:\Dolos\Dropbox\app\unison\bin\unison.exe","2025-08-13 08:00:33","System.String[]","2147946580","0","3"
"localhost","739ef21e-5429-4944-9db2-b251b2e12366","False","True","0","4.18.26060.3008","2","1","{D3A50B06-0810-4F30-AFEA-D7488B067079}","3","PROTEUS\Bitpusher","2025-08-13 08:13:37","2025-08-13 08:13:45","D:\Dolos\Dropbox\app\unison\bin\unison.exe","2025-08-13 08:13:45","System.String[]","2147946580","0","3"
"localhost","739ef21e-5429-4944-9db2-b251b2e12366","False","True","0","4.18.26060.3008","2","1","{EDBEBAAC-C0A3-455F-8E8E-ADA494194FFD}","3","PROTEUS\Bitpusher","2025-08-13 07:53:54","2025-08-13 07:54:06","D:\Dolos\Dropbox\app\unison\bin\unison.exe","2025-08-13 07:54:06","System.String[]","2147946580","0","3"
"localhost","739ef21e-5429-4944-9db2-b251b2e12366","False","True","0","4.18.26060.3008","2","1","{EEB8BC2B-BDC2-4020-A0D6-3E06BA1A2605}","3","PROTEUS\Bitpusher","2024-08-04 21:37:34","2024-08-04 21:37:51","C:\Program Files (x86)\Dropbox\Client\Dropbox.exe","2024-08-04 21:37:51","System.String[]","2147788605","0","3"
"localhost","739ef21e-5429-4944-9db2-b251b2e12366","False","True","0","4.18.26060.3008","2","1","{FABFA442-E808-49EC-90DE-35B69CC83887}","3","PROTEUS\Bitpusher","2024-08-01 17:20:38","2024-08-01 17:20:48","C:\Program Files (x86)\Dropbox\Client\Dropbox.exe","2024-08-01 17:20:48","System.String[]","2147725326","0","3"
"localhost","739ef21e-5429-4944-9db2-b251b2e12366","False","True","0","4.18.26060.3008","9","1","{073C9792-EAE3-4755-91CC-78867B644B90}","3","PROTEUS\Bitpusher","2025-07-07 18:23:34","2025-07-15 08:18:03","C:\Users\Bitpusher\Desktop\nxc.exe","2025-07-15 08:18:03","System.String[]","2147826620","0","106"
"localhost","739ef21e-5429-4944-9db2-b251b2e12366","False","True","0","4.18.26060.3008","2","1","{0E0BE983-1087-42D8-A4EB-60C6DF093E84}","3","PROTEUS\Bitpusher","2025-08-13 08:13:32","2025-08-13 08:13:45","D:\Dolos\Dropbox\app\unison\bin\unison.exe","2025-08-13 08:13:45","System.String[]","2147946580","0","3"
"localhost","739ef21e-5429-4944-9db2-b251b2e12366","False","True","0","4.18.26060.3008","2","1","{3E48EF3B-954D-49B5-AD87-595B29776775}","3","PROTEUS\Bitpusher","2024-08-01 22:50:38","2024-08-01 22:50:54","D:\Dolos\Dropbox\app\unison\bin\unison.exe","2024-08-01 22:50:54","System.String[]","2147725326","0","3"
"localhost","739ef21e-5429-4944-9db2-b251b2e12366","False","True","0","4.18.26060.3008","2","1","{49CE4921-4D95-493A-BAE4-D9E5C0756B16}","3","PROTEUS\Bitpusher","2024-08-01 23:37:04","2024-08-01 23:37:09","C:\Program Files (x86)\Dropbox\Client\Dropbox.exe","2024-08-01 23:37:09","System.String[]","2147725326","0","3"
"localhost","739ef21e-5429-4944-9db2-b251b2e12366","False","True","0","4.18.26060.3008","2","1","{4C2203FF-B904-4DBF-A68E-41E3A0606EA7}","3","PROTEUS\Bitpusher","2024-08-02 00:31:25","2024-08-02 00:31:32","C:\Program Files (x86)\Dropbox\Client\Dropbox.exe","2024-08-02 00:31:32","System.String[]","2147725326","0","3"
"localhost","739ef21e-5429-4944-9db2-b251b2e12366","False","True","0","4.18.26060.3008","2","1","{53493328-39E1-41CD-A364-BAECDC832C80}","3","PROTEUS\Bitpusher","2025-08-13 07:57:45","2025-08-13 07:57:51","D:\Dolos\Dropbox\app\unison\bin\unison.exe","2025-08-13 07:57:51","System.String[]","2147946580","0","3"
"localhost","739ef21e-5429-4944-9db2-b251b2e12366","False","True","0","4.18.26060.3008","9","1","{5834D529-173C-4B31-9DB1-26F3EE79A469}","3","PROTEUS\Bitpusher","2024-08-03 13:05:31","2024-08-03 13:05:46","C:\Windows\explorer.exe","2024-08-03 13:05:46","System.String[]","2147910762","0","7"
"localhost","739ef21e-5429-4944-9db2-b251b2e12366","False","True","0","4.18.26060.3008","2","1","{5953A16E-B5A3-4470-B555-0161883E40B5}","3","PROTEUS\Bitpusher","2024-08-01 23:24:41","2024-08-01 23:24:57","D:\Dolos\Dropbox\app\unison\bin\unison.exe","2024-08-01 23:24:57","System.String[]","2147725326","0","3"
"localhost","739ef21e-5429-4944-9db2-b251b2e12366","False","True","0","4.18.26060.3008","3","1","{5DFAFD4E-C1EA-4318-8258-86AB40FBFC3B}","3","PROTEUS\Bitpusher","2026-03-25 14:37:22","2026-03-25 14:37:27","C:\Users\Bitpusher\AppData\Local\AnthropicClaude\app-1.1.8629\claude.exe","2026-03-25 14:37:27","System.String[]","2147726094","0","4"
"localhost","739ef21e-5429-4944-9db2-b251b2e12366","False","True","0","4.18.26060.3008","2","1","{63E301DB-0BE7-4FB5-9DC9-018631F5D3EA}","3","PROTEUS\Bitpusher","2025-08-13 08:15:10","2025-08-13 08:15:23","D:\Dolos\Dropbox\app\unison\bin\unison.exe","2025-08-13 08:15:23","System.String[]","2147946580","0","3"
"localhost","739ef21e-5429-4944-9db2-b251b2e12366","False","True","0","4.18.26060.3008","2","1","{67E67858-287D-46BB-9CB1-35EA4DF21D6F}","3","PROTEUS\Bitpusher","2025-08-13 07:53:05","2025-08-13 07:53:10","D:\Dolos\Dropbox\app\unison\bin\unison.exe","2025-08-13 07:53:10","System.String[]","2147946580","0","3"
"localhost","739ef21e-5429-4944-9db2-b251b2e12366","False","True","0","4.18.26060.3008","2","1","{9555DF0D-CE1E-45E1-962A-3E5495BC0E28}","3","PROTEUS\Bitpusher","2024-08-01 22:38:16","2024-08-01 22:38:31","D:\Dolos\Dropbox\app\unison\bin\unison.exe","2024-08-01 22:38:31","System.String[]","2147725326","0","3"
"localhost","739ef21e-5429-4944-9db2-b251b2e12366","False","True","0","4.18.26060.3008","2","1","{99046E11-D431-42FB-BB17-798B79B5F93F}","3","PROTEUS\Bitpusher","2025-08-13 08:18:41","2025-08-13 08:18:54","D:\Dolos\Dropbox\app\unison\bin\unison.exe","2025-08-13 08:18:54","System.String[]","2147946580","0","3"
"localhost","739ef21e-5429-4944-9db2-b251b2e12366","False","True","0","4.18.26060.3008","2","1","{9A831F80-94E2-4F56-BBD4-C7344C8E7067}","3","PROTEUS\Bitpusher","2024-10-01 15:57:38","2024-10-01 15:57:50","C:\Program Files\Everything 1.5a\Everything64.exe","2024-10-01 15:57:50","System.String[]","2147740779","0","3"
"localhost","739ef21e-5429-4944-9db2-b251b2e12366","False","True","0","4.18.26060.3008","2","1","{A3ECAF13-6577-4D2E-90F7-BA6ED19DF341}","3","PROTEUS\Bitpusher","2025-08-13 07:55:12","2025-08-13 07:55:17","D:\Dolos\Dropbox\app\unison\bin\unison.exe","2025-08-13 07:55:17","System.String[]","2147946580","0","3"
"localhost","739ef21e-5429-4944-9db2-b251b2e12366","False","True","0","4.18.26060.3008","2","1","{A7EFE970-17FC-4654-B876-AFA8ADD6C85A}","3","PROTEUS\Bitpusher","2024-08-02 00:26:10","2024-08-02 00:26:15","D:\Dolos\Dropbox\app\unison\bin\unison.exe","2024-08-02 00:26:15","System.String[]","2147725326","0","3"
"localhost","739ef21e-5429-4944-9db2-b251b2e12366","False","True","0","4.18.26060.3008","2","1","{AE102E9A-18E0-44EA-9F95-EF972A004D67}","3","PROTEUS\Bitpusher","2026-02-16 12:08:15","2026-02-16 12:08:53","D:\Dolos\Dropbox\app\unison\bin\unison.exe","2026-02-16 12:08:53","System.String[]","2147835658","0","3"
"localhost","739ef21e-5429-4944-9db2-b251b2e12366","False","True","0","4.18.26060.3008","2","1","{C2C49740-7F58-41E0-9017-CB5548B47A1C}","3","PROTEUS\Bitpusher","2025-08-13 07:59:24","2025-08-13 07:59:29","D:\Dolos\Dropbox\app\unison\bin\unison.exe","2025-08-13 07:59:29","System.String[]","2147946580","0","3"
"localhost","739ef21e-5429-4944-9db2-b251b2e12366","False","True","0","4.18.26060.3008","2","1","{C36D5801-A324-4D84-9C19-9583FC02A7B7}","3","PROTEUS\Bitpusher","2025-08-13 08:01:09","2025-08-13 08:01:16","D:\Dolos\Dropbox\app\unison\bin\unison.exe","2025-08-13 08:01:16","System.String[]","2147946580","0","3"
"localhost","739ef21e-5429-4944-9db2-b251b2e12366","False","True","0","4.18.26060.3008","9","1","{C9C25570-7A94-4B51-B962-BA27E6942BC7}","3","PROTEUS\Bitpusher","2025-07-07 19:35:11","2025-07-07 19:35:39","C:\Windows\explorer.exe","2025-07-07 19:35:39","System.String[]","2147841778","0","7"
"localhost","739ef21e-5429-4944-9db2-b251b2e12366","False","True","0","4.18.26060.3008","2","1","{D20EF96D-BB05-4B62-8141-E16D6287F2DE}","3","PROTEUS\Bitpusher","2025-08-13 08:06:31","2025-08-13 08:06:39","C:\Program Files (x86)\Dropbox\Client\Dropbox.exe","2025-08-13 08:06:39","System.String[]","2147946580","0","3"
"localhost","739ef21e-5429-4944-9db2-b251b2e12366","False","True","0","4.18.26060.3008","2","1","{F0C0C5E3-CEFC-48D0-ADAB-301FAA8EBE62}","3","PROTEUS\Bitpusher","2024-08-01 23:24:57","2024-08-01 23:25:08","D:\Dolos\Dropbox\app\unison\bin\unison.exe","2024-08-01 23:25:08","System.String[]","2147725326","0","3"
"localhost","739ef21e-5429-4944-9db2-b251b2e12366","False","True","0","4.18.26060.3008","2","1","{FC385B5C-BB2C-4A2F-AAD9-377A31A6C188}","3","PROTEUS\Bitpusher","2025-08-13 07:57:24","2025-08-13 07:57:36","D:\Dolos\Dropbox\app\unison\bin\unison.exe","2025-08-13 07:57:36","System.String[]","2147946580","0","3"
"localhost","739ef21e-5429-4944-9db2-b251b2e12366","False","True","0","4.18.26060.3008","2","1","{FE410877-04F7-4634-9180-528CF5D877E4}","3","PROTEUS\Bitpusher","2025-08-13 08:12:37","2025-08-13 08:12:50","D:\Dolos\Dropbox\app\unison\bin\unison.exe","2025-08-13 08:12:50","System.String[]","2147946580","0","3"
"localhost","739ef21e-5429-4944-9db2-b251b2e12366","False","True","0","4.18.26060.3008","2","1","{1575172A-33D6-433E-A6A0-D028112C4F10}","3","PROTEUS\Bitpusher","2025-08-13 08:08:37","2025-08-13 08:08:45","C:\Program Files (x86)\Dropbox\Client\Dropbox.exe","2025-08-13 08:08:45","System.String[]","2147946580","0","3"
"localhost","739ef21e-5429-4944-9db2-b251b2e12366","False","True","0","4.18.26060.3008","2","1","{18FF1F15-E531-4A9E-AE91-09DE812AFE53}","3","PROTEUS\Bitpusher","2025-08-13 08:16:20","2025-08-13 08:16:34","D:\Dolos\Dropbox\app\unison\bin\unison.exe","2025-08-13 08:16:34","System.String[]","2147946580","0","3"
"localhost","739ef21e-5429-4944-9db2-b251b2e12366","False","True","0","4.18.26060.3008","9","1","{1C32C58F-A980-402F-912B-A527676E986D}","3","NT AUTHORITY\SYSTEM","2026-04-26 20:35:51","2026-04-26 20:36:07","C:\Program Files (x86)\Backblaze\x64\bztransmit64.exe","2026-04-26 20:36:07","System.String[]","2147742191","0","7"
"localhost","739ef21e-5429-4944-9db2-b251b2e12366","False","True","0","4.18.26060.3008","2","1","{2229D853-C6F0-474E-A506-DD7DBF3AABED}","3","PROTEUS\Bitpusher","2025-08-21 13:36:20","2025-08-21 13:36:38","D:\Dolos\Dropbox\app\unison\bin\unison.exe","2025-08-21 13:36:38","System.String[]","2147913483","0","3"
"localhost","739ef21e-5429-4944-9db2-b251b2e12366","False","True","0","4.18.26060.3008","2","1","{23DF41C3-964F-443F-9F2D-4AC713765FEB}","3","PROTEUS\Bitpusher","2024-08-01 16:50:41","2024-08-01 16:50:47","C:\Program Files (x86)\Dropbox\Client\Dropbox.exe","2024-08-01 16:50:47","System.String[]","2147725326","0","3"
"localhost","739ef21e-5429-4944-9db2-b251b2e12366","False","True","0","4.18.26060.3008","9","1","{497B8514-40D1-4E05-97AF-A4AAB1AF257E}","3","NT AUTHORITY\SYSTEM","2026-04-26 20:30:05","2026-04-26 20:30:19","C:\Program Files (x86)\Backblaze\x64\bztransmit64.exe","2026-04-26 20:30:19","System.String[]","2147962517","0","7"
"localhost","739ef21e-5429-4944-9db2-b251b2e12366","False","True","0","4.18.26060.3008","2","1","{4A7C51DE-6951-4029-9FD4-3C51F804FDF2}","3","PROTEUS\Bitpusher","2024-08-01 15:08:28","2024-08-01 15:08:40","D:\Dolos\Dropbox\app\unison\bin\unison.exe","2024-08-01 15:08:40","System.String[]","2147725326","0","3"
"localhost","739ef21e-5429-4944-9db2-b251b2e12366","False","True","0","4.18.26060.3008","2","1","{5EDB09BC-3508-4AAC-849A-BBCEBE242BFD}","3","PROTEUS\Bitpusher","2025-08-13 08:00:13","2025-08-13 08:00:18","D:\Dolos\Dropbox\app\unison\bin\unison.exe","2025-08-13 08:00:18","System.String[]","2147946580","0","3"
"localhost","739ef21e-5429-4944-9db2-b251b2e12366","False","True","0","4.18.26060.3008","2","1","{5F48A1D2-BD74-43EC-A094-53DAB51130C3}","3","PROTEUS\Bitpusher","2025-10-21 01:24:20","2025-10-21 01:24:37","G:\Aragorn\CURRENT\DocFetcher\Java64\bin\javaw.exe","2025-10-21 01:24:37","System.String[]","2147734364","0","3"
"localhost","739ef21e-5429-4944-9db2-b251b2e12366","False","True","0","4.18.26060.3008","2","1","{6295728F-1795-4D47-B91B-1EBD82D3281E}","3","PROTEUS\Bitpusher","2024-11-26 18:57:44","2024-11-26 18:57:50","C:\Program Files (x86)\Dropbox\Client\Dropbox.exe","2024-11-26 18:57:50","System.String[]","2147740779","0","3"
"localhost","739ef21e-5429-4944-9db2-b251b2e12366","False","True","0","4.18.26060.3008","2","1","{66D68407-255D-4341-A3A1-0093D47162FF}","3","PROTEUS\Bitpusher","2025-08-13 08:07:34","2025-08-13 08:07:42","D:\Dolos\Dropbox\app\unison\bin\unison.exe","2025-08-13 08:07:42","System.String[]","2147946580","0","3"
"localhost","739ef21e-5429-4944-9db2-b251b2e12366","False","True","0","4.18.26060.3008","2","1","{6ED269D4-5190-4EA8-97C4-8F0F5F6C96FB}","3","PROTEUS\Bitpusher","2025-08-13 08:09:34","2025-08-13 08:09:48","D:\Dolos\Dropbox\app\unison\bin\unison.exe","2025-08-13 08:09:48","System.String[]","2147946580","0","3"
"localhost","739ef21e-5429-4944-9db2-b251b2e12366","False","True","0","4.18.26060.3008","2","1","{7C43EBDB-A2F3-4BBA-889C-2A929306967A}","3","PROTEUS\Bitpusher","2024-08-01 23:53:47","2024-08-01 23:53:58","D:\Dolos\Dropbox\app\unison\bin\unison.exe","2024-08-01 23:53:58","System.String[]","2147725326","0","3"
"localhost","739ef21e-5429-4944-9db2-b251b2e12366","False","True","0","4.18.26060.3008","2","1","{81566476-890E-4C6B-90DF-E84B5F0AF4C0}","3","PROTEUS\Bitpusher","2025-08-13 07:50:59","2025-08-13 07:51:11","D:\Dolos\Dropbox\app\unison\bin\unison.exe","2025-08-13 07:51:11","System.String[]","2147946580","0","3"
"localhost","739ef21e-5429-4944-9db2-b251b2e12366","False","True","0","4.18.26060.3008","2","1","{8E2F6D43-9250-4017-8AD0-B524B6A436BD}","3","PROTEUS\Bitpusher","2025-08-13 08:11:54","2025-08-13 08:12:07","D:\Dolos\Dropbox\app\unison\bin\unison.exe","2025-08-13 08:12:07","System.String[]","2147946580","0","3"
"localhost","739ef21e-5429-4944-9db2-b251b2e12366","False","True","0","4.18.26060.3008","2","1","{98DA2814-A398-4882-8570-B505FF8963EB}","3","PROTEUS\Bitpusher","2024-08-02 00:30:52","2024-08-02 00:31:04","D:\Dolos\Dropbox\app\unison\bin\unison.exe","2024-08-02 00:31:04","System.String[]","2147725326","0","3"
"localhost","739ef21e-5429-4944-9db2-b251b2e12366","False","True","0","4.18.26060.3008","9","1","{A55F2BD6-EFA5-4BC7-8DE1-3C0DEB57A231}","3","NT AUTHORITY\SYSTEM","2026-04-26 20:34:42","2026-04-26 20:34:57","C:\Program Files (x86)\Backblaze\x64\bztransmit64.exe","2026-04-26 20:34:57","System.String[]","2147943404","0","7"
"localhost","739ef21e-5429-4944-9db2-b251b2e12366","False","True","0","4.18.26060.3008","3","1","{B8300C40-7FE0-4479-B05F-D4E52FA979F7}","3","PROTEUS\Bitpusher","2024-10-04 18:59:02","2024-10-04 18:59:07","C:\Users\Bitpusher\Dropbox\app\FreeFileSync_Donation_Edition_Portable\Bin\FreeFileSync_x64.exe","2024-10-04 18:59:07","System.String[]","2147788605","0","4"
"localhost","739ef21e-5429-4944-9db2-b251b2e12366","False","True","0","4.18.26060.3008","9","1","{BA32655E-57DB-4EF7-9D06-C1A76767D9D1}","3","PROTEUS\Bitpusher","2024-07-29 21:56:06","2024-07-29 21:56:18","D:\Dolos\Dropbox\app\unison\bin\unison.exe","2024-07-29 21:56:18","System.String[]","2147740779","0","7"
"localhost","739ef21e-5429-4944-9db2-b251b2e12366","False","True","0","4.18.26060.3008","2","1","{C0ED8FA5-59FA-4567-A95F-9B5A080AC963}","3","PROTEUS\Bitpusher","2025-08-13 08:03:31","2025-08-13 08:03:45","D:\Dolos\Dropbox\app\unison\bin\unison.exe","2025-08-13 08:03:45","System.String[]","2147946580","0","3"
"localhost","739ef21e-5429-4944-9db2-b251b2e12366","False","True","0","4.18.26060.3008","2","1","{E264B740-EA56-4E84-AF26-2E0D57DAA217}","3","PROTEUS\Bitpusher","2025-08-13 08:12:42","2025-08-13 08:12:50","C:\Program Files (x86)\Dropbox\Client\Dropbox.exe","2025-08-13 08:12:50","System.String[]","2147946580","0","3"
"localhost","739ef21e-5429-4944-9db2-b251b2e12366","False","True","0","4.18.26060.3008","2","1","{EC99CB17-B0C3-474F-B535-FBE89AF88CD2}","3","PROTEUS\Bitpusher","2024-08-01 22:29:51","2024-08-01 22:30:02","D:\Dolos\Dropbox\app\unison\bin\unison.exe","2024-08-01 22:30:02","System.String[]","2147725326","0","3"
"localhost","739ef21e-5429-4944-9db2-b251b2e12366","False","True","0","4.18.26060.3008","2","1","{ECFFEE4E-609A-4B66-99D4-75D988AAEFBF}","3","PROTEUS\Bitpusher","2025-07-07 18:23:22","2025-07-07 18:23:48","C:\Users\Bitpusher\Desktop\nxc.exe","2025-07-07 18:23:48","System.String[]","2147939041","-2142207965","103"
"localhost","739ef21e-5429-4944-9db2-b251b2e12366","False","True","0","4.18.26060.3008","2","1","{F5204F67-45F5-4CFE-8BCA-BDFBD2A38165}","3","PROTEUS\Bitpusher","2025-08-13 07:56:21","2025-08-13 07:56:26","D:\Dolos\Dropbox\app\unison\bin\unison.exe","2025-08-13 07:56:26","System.String[]","2147946580","0","3"
"localhost","739ef21e-5429-4944-9db2-b251b2e12366","False","True","0","4.18.26060.3008","2","1","{04F41CB9-3CE7-4052-B95B-A189FD4E27A4}","3","PROTEUS\Bitpusher","2025-08-13 08:16:06","2025-08-13 08:16:19","D:\Dolos\Dropbox\app\unison\bin\unison.exe","2025-08-13 08:16:19","System.String[]","2147946580","0","3"
"localhost","739ef21e-5429-4944-9db2-b251b2e12366","False","True","0","4.18.26060.3008","2","1","{0A5A0B01-3209-4E42-BFB6-53EAD59A213C}","3","PROTEUS\Bitpusher","2025-08-13 08:15:01","2025-08-13 08:15:09","D:\Dolos\Dropbox\app\unison\bin\unison.exe","2025-08-13 08:15:09","System.String[]","2147946580","0","3"
"localhost","739ef21e-5429-4944-9db2-b251b2e12366","False","True","0","4.18.26060.3008","2","1","{0E86B4AA-6E57-4CE6-BD51-88CD6A556877}","3","PROTEUS\Bitpusher","2024-08-02 01:50:41","2024-08-02 01:50:57","D:\Dolos\Dropbox\app\unison\bin\unison.exe","2024-08-02 01:50:57","System.String[]","2147725326","0","3"
"localhost","739ef21e-5429-4944-9db2-b251b2e12366","False","True","0","4.18.26060.3008","2","1","{11D87897-20C2-434F-86EA-817FA97720CC}","3","PROTEUS\Bitpusher","2025-07-07 18:20:08","2025-07-07 18:20:21","C:\Users\Bitpusher\Desktop\nxc.exe","2025-07-07 18:20:21","System.String[]","2147826620","-2142207965","103"
"localhost","739ef21e-5429-4944-9db2-b251b2e12366","False","True","0","4.18.26060.3008","2","1","{1F999B91-D8EB-4070-B6DB-B56DB31A847B}","3","PROTEUS\Bitpusher","2025-08-13 07:50:52","2025-08-13 07:50:58","D:\Dolos\Dropbox\app\unison\bin\unison.exe","2025-08-13 07:50:58","System.String[]","2147946580","0","3"
"localhost","739ef21e-5429-4944-9db2-b251b2e12366","False","True","0","4.18.26060.3008","2","1","{235BE233-7AEE-4EE4-AED9-ADFF90CF4ED7}","3","PROTEUS\Bitpusher","2024-08-02 00:30:38","2024-08-02 00:30:46","C:\Program Files (x86)\Dropbox\Client\Dropbox.exe","2024-08-02 00:30:46","System.String[]","2147725326","0","3"
"localhost","739ef21e-5429-4944-9db2-b251b2e12366","False","True","0","4.18.26060.3008","3","1","{2A006B69-AF09-4A79-A7EA-8F7D612939DB}","3","PROTEUS\Bitpusher","2024-10-02 22:26:05","2024-10-02 22:26:10","G:\Aragorn\CURRENT\DocFetcher\Java64\bin\javaw.exe","2024-10-02 22:26:10","System.String[]","2147828166","0","4"
"localhost","739ef21e-5429-4944-9db2-b251b2e12366","False","True","0","4.18.26060.3008","2","1","{2CF748F6-CF29-40D4-9EAC-BA4D2104FC9E}","3","PROTEUS\Bitpusher","2025-08-13 07:56:56","2025-08-13 07:57:09","D:\Dolos\Dropbox\app\unison\bin\unison.exe","2025-08-13 07:57:09","System.String[]","2147946580","0","3"
"localhost","739ef21e-5429-4944-9db2-b251b2e12366","False","True","0","4.18.26060.3008","9","1","{447418FA-B963-4673-8334-DF94E4115027}","3","PROTEUS\Bitpusher","2025-02-05 22:20:04","2025-02-07 16:52:18","C:\Program Files (x86)\Dropbox\Client\Dropbox.exe","2025-02-07 16:52:18","System.String[]","2147912818","0","106"
"localhost","739ef21e-5429-4944-9db2-b251b2e12366","False","True","0","4.18.26060.3008","2","1","{4B33A9FE-D588-49F6-B7DA-0A197B64F06D}","3","PROTEUS\Bitpusher","2024-08-02 00:50:40","2024-08-02 00:50:56","D:\Dolos\Dropbox\app\unison\bin\unison.exe","2024-08-02 00:50:56","System.String[]","2147725326","0","3"
"localhost","739ef21e-5429-4944-9db2-b251b2e12366","False","True","0","4.18.26060.3008","2","1","{524B10F3-643A-4EBF-9555-7C9E1A7E45E2}","3","PROTEUS\Bitpusher","2025-08-13 07:59:58","2025-08-13 08:00:04","D:\Dolos\Dropbox\app\unison\bin\unison.exe","2025-08-13 08:00:04","System.String[]","2147946580","0","3"
"localhost","739ef21e-5429-4944-9db2-b251b2e12366","False","True","0","4.18.26060.3008","2","1","{5D9A299B-87CF-4F87-8C37-6CCD5C15128C}","3","PROTEUS\Bitpusher","2025-08-13 08:13:53","2025-08-13 08:13:59","D:\Dolos\Dropbox\app\unison\bin\unison.exe","2025-08-13 08:13:59","System.String[]","2147946580","0","3"
"localhost","739ef21e-5429-4944-9db2-b251b2e12366","False","True","0","4.18.26060.3008","2","1","{8E8A7697-6874-41E5-BB35-76A9EA5587AB}","3","PROTEUS\Bitpusher","2024-08-02 02:50:53","2024-08-02 02:50:58","C:\Program Files (x86)\Dropbox\Client\Dropbox.exe","2024-08-02 02:50:58","System.String[]","2147725326","0","3"
"localhost","739ef21e-5429-4944-9db2-b251b2e12366","False","True","0","4.18.26060.3008","3","1","{99E4A084-AC64-4062-B8C1-DDA8ADA94807}","3","PROTEUS\Bitpusher","2025-07-07 18:20:08","2025-07-07 18:20:13","C:\Users\Bitpusher\Desktop\nxc.exe","2025-07-07 18:20:13","System.String[]","2147687090","0","4"
"localhost","739ef21e-5429-4944-9db2-b251b2e12366","False","True","0","4.18.26060.3008","2","1","{9EDC5B9E-C898-485F-B8C1-DC04D7978FA8}","3","PROTEUS\Bitpusher","2024-08-01 16:20:37","2024-08-01 16:20:47","C:\Program Files (x86)\Dropbox\Client\Dropbox.exe","2024-08-01 16:20:47","System.String[]","2147725326","0","3"
"localhost","739ef21e-5429-4944-9db2-b251b2e12366","False","True","0","4.18.26060.3008","2","1","{AFA51EC8-6766-4EA4-87BC-637B25350F40}","3","PROTEUS\Bitpusher","2024-08-01 22:26:31","2024-08-01 22:26:47","D:\Dolos\Dropbox\app\unison\bin\unison.exe","2024-08-01 22:26:47","System.String[]","2147725326","0","3"
"localhost","739ef21e-5429-4944-9db2-b251b2e12366","False","True","0","4.18.26060.3008","2","1","{B2AC5E47-7A9E-4249-B879-C3E0D619A0C2}","3","PROTEUS\Bitpusher","2024-08-03 13:08:38","2024-08-03 13:08:43","C:\Program Files (x86)\Dropbox\Client\Dropbox.exe","2024-08-03 13:08:43","System.String[]","2147910762","0","3"
"localhost","739ef21e-5429-4944-9db2-b251b2e12366","False","True","0","4.18.26060.3008","3","1","{CAAF7FBA-48ED-4418-AD44-242E7F5ADE8A}","3","PROTEUS\Bitpusher","2024-10-09 21:33:51","2024-10-09 21:34:03","C:\Users\Bitpusher\AppData\Local\Programs\Python\Python312\python.exe","2024-10-09 21:34:03","System.String[]","2147921985","0","4"
"localhost","739ef21e-5429-4944-9db2-b251b2e12366","False","True","0","4.18.26060.3008","2","1","{DCFC6A11-0F05-442A-A818-C005B81C6A4D}","3","PROTEUS\Bitpusher","2024-07-03 07:20:33","2024-07-03 07:20:44","C:\Program Files (x86)\Dropbox\Client\Dropbox.exe","2024-07-03 07:20:44","System.String[]","240849","-2142207965","103"
"localhost","739ef21e-5429-4944-9db2-b251b2e12366","False","True","0","4.18.26060.3008","2","1","{E04CE390-9E21-42DB-8A1A-E05BCBDA58A6}","3","PROTEUS\Bitpusher","2024-08-02 00:20:50","2024-08-02 00:20:55","C:\Program Files (x86)\Dropbox\Client\Dropbox.exe","2024-08-02 00:20:55","System.String[]","2147725326","0","3"
"localhost","739ef21e-5429-4944-9db2-b251b2e12366","False","True","0","4.18.26060.3008","2","1","{E2B74EFE-1047-4DD6-931F-02CB6A835FF8}","3","PROTEUS\Bitpusher","2025-08-13 08:16:14","2025-08-13 08:16:19","D:\Dolos\Dropbox\app\unison\bin\unison.exe","2025-08-13 08:16:19","System.String[]","2147946580","0","3"
"localhost","739ef21e-5429-4944-9db2-b251b2e12366","False","True","0","4.18.26060.3008","2","1","{EA22652E-D4EF-4DD2-A880-20B742E98433}","3","PROTEUS\Bitpusher","2025-08-13 07:58:55","2025-08-13 07:59:02","D:\Dolos\Dropbox\app\unison\bin\unison.exe","2025-08-13 07:59:02","System.String[]","2147946580","0","3"
"localhost","739ef21e-5429-4944-9db2-b251b2e12366","False","True","0","4.18.26060.3008","2","1","{EA5D8E30-15D6-4A83-9451-9043D196B3A0}","3","PROTEUS\Bitpusher","2024-08-02 07:32:04","2024-08-02 07:32:20","D:\Dolos\Dropbox\app\unison\bin\unison.exe","2024-08-02 07:32:20","System.String[]","2147725326","0","3"
"localhost","739ef21e-5429-4944-9db2-b251b2e12366","False","True","0","4.18.26060.3008","2","1","{EB9A9DDA-411E-4465-9B91-7A81D28B4623}","3","PROTEUS\Bitpusher","2025-08-13 07:56:00","2025-08-13 07:56:12","D:\Dolos\Dropbox\app\unison\bin\unison.exe","2025-08-13 07:56:12","System.String[]","2147946580","0","3"
"localhost","739ef21e-5429-4944-9db2-b251b2e12366","False","True","0","4.18.26060.3008","2","1","{FBDDF421-B835-4103-A106-4FDCDAB4C3B4}","3","PROTEUS\Bitpusher","2025-08-13 08:07:57","2025-08-13 08:08:10","D:\Dolos\Dropbox\app\unison\bin\unison.exe","2025-08-13 08:08:10","System.String[]","2147946580","0","3"
"localhost","739ef21e-5429-4944-9db2-b251b2e12366","False","True","0","4.18.26060.3008","2","1","{FD7636FE-46ED-42E9-BFCE-76B36AF2B31C}","3","PROTEUS\Bitpusher","2024-11-26 18:56:46","2024-11-26 18:56:59","C:\Program Files (x86)\Dropbox\Client\Dropbox.exe","2024-11-26 18:56:59","System.String[]","2147740779","-2142207965","103"
"localhost","739ef21e-5429-4944-9db2-b251b2e12366","False","True","0","4.18.26060.3008","3","1","{005A1AC1-8375-4B0B-AEBA-B5D8CDA2671B}","3","PROTEUS\Bitpusher","2026-03-20 10:42:16","2026-03-20 10:42:22","V:\Dolos\Dropbox\app\FreeFileSync_Donation_Edition_Portable\Bin\FreeFileSync_x64.exe","2026-03-20 10:42:22","System.String[]","2147964384","0","4"
"localhost","739ef21e-5429-4944-9db2-b251b2e12366","False","True","0","4.18.26060.3008","2","1","{20C36E32-A0DE-4E9C-B385-23834B463E35}","3","PROTEUS\Bitpusher","2025-07-07 18:21:46","2025-07-07 18:22:08","C:\Users\Bitpusher\Desktop\nxc.exe","2025-07-07 18:22:08","System.String[]","2147932941","-2142207965","103"
"localhost","739ef21e-5429-4944-9db2-b251b2e12366","False","True","0","4.18.26060.3008","9","1","{253DBF61-FFB6-4713-9412-15850FBD7036}","3","PROTEUS\Bitpusher","2025-07-07 19:35:29","2025-07-15 08:18:03","C:\Windows\explorer.exe","2025-07-15 08:18:03","System.String[]","2147841778","0","106"
"localhost","739ef21e-5429-4944-9db2-b251b2e12366","False","True","0","4.18.26060.3008","9","1","{343B4BDD-BA02-4A09-8D35-E0D272519A72}","3","PROTEUS\Bitpusher","2026-02-18 21:49:44","2026-02-18 21:50:03","D:\Dolos\Dropbox\app\unison\bin\unison-gui.exe","2026-02-18 21:50:03","System.String[]","2147836614","0","7"
"localhost","739ef21e-5429-4944-9db2-b251b2e12366","False","True","0","4.18.26060.3008","2","1","{456EFA83-6879-44C1-8C12-58C791B62323}","3","PROTEUS\Bitpusher","2025-08-13 07:51:55","2025-08-13 07:52:01","D:\Dolos\Dropbox\app\unison\bin\unison.exe","2025-08-13 07:52:01","System.String[]","2147946580","0","3"
"localhost","739ef21e-5429-4944-9db2-b251b2e12366","False","True","0","4.18.26060.3008","2","1","{49496379-CDDE-429B-8E1C-D5D8E5B03515}","3","PROTEUS\Bitpusher","2025-08-13 08:18:04","2025-08-13 08:18:12","D:\Dolos\Dropbox\app\unison\bin\unison.exe","2025-08-13 08:18:12","System.String[]","2147946580","0","3"
"localhost","739ef21e-5429-4944-9db2-b251b2e12366","False","True","0","4.18.26060.3008","9","1","{4DC436E1-9334-407B-8705-DD8777D653C1}","3","PROTEUS\Bitpusher","2025-10-14 08:52:29","2025-10-14 08:52:59","C:\Program Files\PowerShell\7\pwsh.exe","2025-10-14 08:52:59","System.String[]","2147784024","0","7"
"localhost","739ef21e-5429-4944-9db2-b251b2e12366","False","True","0","4.18.26060.3008","2","1","{529A1898-B995-486A-9F5F-DDF295CAE391}","3","PROTEUS\Bitpusher","2025-08-13 07:50:35","2025-08-13 07:50:41","D:\Dolos\Dropbox\app\unison\bin\unison.exe","2025-08-13 07:50:41","System.String[]","2147946580","0","3"
"localhost","739ef21e-5429-4944-9db2-b251b2e12366","False","True","0","4.18.26060.3008","2","1","{563F6201-0E6A-49F8-BCDE-82A5322C0883}","3","PROTEUS\Bitpusher","2025-08-13 07:55:47","2025-08-13 07:55:59","D:\Dolos\Dropbox\app\unison\bin\unison.exe","2025-08-13 07:55:59","System.String[]","2147946580","0","3"
"localhost","739ef21e-5429-4944-9db2-b251b2e12366","False","True","0","4.18.26060.3008","2","1","{660FB8B3-7B9A-43FC-9E54-1575BA7CE4A4}","3","PROTEUS\Bitpusher","2025-08-13 07:56:43","2025-08-13 07:56:55","D:\Dolos\Dropbox\app\unison\bin\unison.exe","2025-08-13 07:56:55","System.String[]","2147946580","0","3"
"localhost","739ef21e-5429-4944-9db2-b251b2e12366","False","True","0","4.18.26060.3008","2","1","{6ACFE1D7-2E27-4E43-A340-5FA534589D6B}","3","PROTEUS\Bitpusher","2025-08-13 08:03:01","2025-08-13 08:03:15","D:\Dolos\Dropbox\app\unison\bin\unison.exe","2025-08-13 08:03:15","System.String[]","2147946580","0","3"
"localhost","739ef21e-5429-4944-9db2-b251b2e12366","False","True","0","4.18.26060.3008","3","1","{766CAFAB-4D1D-4B7B-8FCF-5B222CE47C47}","3","PROTEUS\Bitpusher","2024-10-09 21:21:19","2024-10-09 21:21:24","C:\Users\Bitpusher\AppData\Local\Programs\Python\Python312\python.exe","2024-10-09 21:21:24","System.String[]","2147921985","0","4"
"localhost","739ef21e-5429-4944-9db2-b251b2e12366","False","True","0","4.18.26060.3008","9","1","{7BB17F85-9459-4686-B9D6-DD45A1405461}","3","PROTEUS\Bitpusher","2024-11-24 20:38:06","2024-11-24 20:38:20","C:\Windows\SysWOW64\WindowsPowerShell\v1.0\powershell.exe","2024-11-24 20:38:20","System.String[]","2147745913","0","7"
"localhost","739ef21e-5429-4944-9db2-b251b2e12366","False","True","0","4.18.26060.3008","2","1","{7E8400D9-85CB-4322-BD0B-D5575B68DD74}","3","PROTEUS\Bitpusher","2024-08-01 18:50:40","2024-08-01 18:50:49","C:\Program Files (x86)\Dropbox\Client\Dropbox.exe","2024-08-01 18:50:49","System.String[]","2147725326","0","3"
"localhost","739ef21e-5429-4944-9db2-b251b2e12366","False","True","0","4.18.26060.3008","2","1","{8C2D48D5-4A11-4E73-9CF9-5510B2A88D4B}","3","PROTEUS\Bitpusher","2025-08-13 08:08:11","2025-08-13 08:08:25","D:\Dolos\Dropbox\app\unison\bin\unison.exe","2025-08-13 08:08:25","System.String[]","2147946580","0","3"
"localhost","739ef21e-5429-4944-9db2-b251b2e12366","False","True","0","4.18.26060.3008","2","1","{93A27C03-EB96-4335-B8D2-72628F24249E}","3","PROTEUS\Bitpusher","2025-08-13 07:52:17","2025-08-13 07:52:29","D:\Dolos\Dropbox\app\unison\bin\unison.exe","2025-08-13 07:52:29","System.String[]","2147946580","0","3"
"localhost","739ef21e-5429-4944-9db2-b251b2e12366","False","True","0","4.18.26060.3008","2","1","{AAC581E5-72A0-4837-9D59-8CBEE19E3CF3}","3","PROTEUS\Bitpusher","2024-10-08 09:13:59","2024-10-08 09:14:11","C:\Program Files (x86)\Dropbox\Client\Dropbox.exe","2024-10-08 09:14:11","System.String[]","2147910762","-2142207965","103"
"localhost","739ef21e-5429-4944-9db2-b251b2e12366","False","True","0","4.18.26060.3008","2","1","{B3DEE735-5969-468A-8200-457B9E373241}","3","PROTEUS\Bitpusher","2024-07-17 11:52:57","2024-07-17 11:53:16","D:\Dolos\Dropbox\app\unison\bin\unison.exe","2024-07-17 11:53:16","System.String[]","2147907860","0","3"
"localhost","739ef21e-5429-4944-9db2-b251b2e12366","False","True","0","4.18.26060.3008","2","1","{BD2E7E91-F7C8-4485-AE17-5B3EFCBEF9BD}","3","PROTEUS\Bitpusher","2024-08-02 07:13:37","2024-08-02 07:13:52","D:\Dolos\Dropbox\app\unison\bin\unison.exe","2024-08-02 07:13:52","System.String[]","2147725326","0","3"
"localhost","739ef21e-5429-4944-9db2-b251b2e12366","False","True","0","4.18.26060.3008","2","1","{C42A994A-E081-412B-B72B-8B91361C7161}","3","PROTEUS\Bitpusher","2024-08-01 23:25:37","2024-08-01 23:25:42","C:\Program Files (x86)\Dropbox\Client\Dropbox.exe","2024-08-01 23:25:42","System.String[]","2147725326","0","3"
"localhost","739ef21e-5429-4944-9db2-b251b2e12366","False","True","0","4.18.26060.3008","2","1","{CDFD31D6-E9EC-4F3B-9331-EC8BC8E3B72A}","3","PROTEUS\Bitpusher","2024-08-02 07:20:47","2024-08-02 07:21:02","D:\Dolos\Dropbox\app\unison\bin\unison.exe","2024-08-02 07:21:02","System.String[]","2147725326","0","3"
"localhost","739ef21e-5429-4944-9db2-b251b2e12366","False","True","0","4.18.26060.3008","2","1","{DB2A1DA3-9F5F-4330-B869-416600B59FF6}","3","PROTEUS\Bitpusher","2025-08-13 07:55:04","2025-08-13 07:55:16","D:\Dolos\Dropbox\app\unison\bin\unison.exe","2025-08-13 07:55:16","System.String[]","2147946580","0","3"
"localhost","739ef21e-5429-4944-9db2-b251b2e12366","False","True","0","4.18.26060.3008","2","1","{DD2EC18A-5492-40BA-8F57-65E22B8A9F79}","3","PROTEUS\Bitpusher","2024-08-02 06:20:51","2024-08-02 06:21:01","C:\Program Files (x86)\Dropbox\Client\Dropbox.exe","2024-08-02 06:21:01","System.String[]","2147725326","0","3"
"localhost","739ef21e-5429-4944-9db2-b251b2e12366","False","True","0","4.18.26060.3008","2","1","{DE914CBB-6371-4FB9-B906-6F5BE1E6FDB5}","3","PROTEUS\Bitpusher","2025-08-13 08:07:29","2025-08-13 08:07:42","D:\Dolos\Dropbox\app\unison\bin\unison.exe","2025-08-13 08:07:42","System.String[]","2147946580","0","3"
"localhost","739ef21e-5429-4944-9db2-b251b2e12366","False","True","0","4.18.26060.3008","2","1","{03EF10EB-5EA3-4475-AD2C-BEB9752DF6C5}","3","PROTEUS\Bitpusher","2024-08-01 15:08:34","2024-08-01 15:08:40","C:\Program Files (x86)\Dropbox\Client\Dropbox.exe","2024-08-01 15:08:40","System.String[]","2147725326","0","3"
"localhost","739ef21e-5429-4944-9db2-b251b2e12366","False","True","0","4.18.26060.3008","2","1","{11110C77-4758-4F88-A7A7-90C391454A68}","3","PROTEUS\Bitpusher","2024-08-01 17:50:39","2024-08-01 17:50:48","C:\Program Files (x86)\Dropbox\Client\Dropbox.exe","2024-08-01 17:50:48","System.String[]","2147725326","0","3"
"localhost","739ef21e-5429-4944-9db2-b251b2e12366","False","True","0","4.18.26060.3008","9","1","{1D07F637-13C8-4C23-AAE1-0FC9E450E32F}","3","PROTEUS\Bitpusher","2025-07-07 19:35:10","2025-07-07 19:35:39","C:\Windows\explorer.exe","2025-07-07 19:35:39","System.String[]","2147727512","0","7"
"localhost","739ef21e-5429-4944-9db2-b251b2e12366","False","True","0","4.18.26060.3008","9","1","{1E1E9F39-E968-4662-AD00-6A015ACD1BBB}","3","PROTEUS\Bitpusher","2026-03-19 16:26:13","2026-03-19 16:26:32","V:\Dolos\Dropbox\app\FreeFileSync_Donation_Edition_Portable\Bin\FreeFileSync_x64.exe","2026-03-19 16:26:32","System.String[]","2147816345","0","7"
"localhost","739ef21e-5429-4944-9db2-b251b2e12366","False","True","0","4.18.26060.3008","2","1","{25738F67-C3B7-47E3-823F-1B0635131CD4}","3","PROTEUS\Bitpusher","2024-08-02 00:24:05","2024-08-02 00:24:16","D:\Dolos\Dropbox\app\unison\bin\unison.exe","2024-08-02 00:24:16","System.String[]","2147725326","0","3"
"localhost","739ef21e-5429-4944-9db2-b251b2e12366","False","True","0","4.18.26060.3008","2","1","{38E92603-AE59-4699-8234-EC82E132C20B}","3","PROTEUS\Bitpusher","2026-02-16 12:08:15","2026-02-16 12:08:53","D:\Dolos\Dropbox\app\unison\bin\unison.exe","2026-02-16 12:08:53","System.String[]","2147948125","0","3"
"localhost","739ef21e-5429-4944-9db2-b251b2e12366","False","True","0","4.18.26060.3008","9","1","{4415C185-9782-4AA4-A0AC-CE3E4750E68B}","3","NT AUTHORITY\SYSTEM","2026-02-19 18:15:06","2026-02-19 18:15:26","C:\Program Files (x86)\Backblaze\x64\bztransmit64.exe","2026-02-19 18:15:26","System.String[]","2147959786","0","7"
"localhost","739ef21e-5429-4944-9db2-b251b2e12366","False","True","0","4.18.26060.3008","2","1","{63F5AF15-4BD2-4687-86D9-D5A1F9C581BF}","3","PROTEUS\Bitpusher","2025-08-13 08:09:40","2025-08-13 08:09:48","D:\Dolos\Dropbox\app\unison\bin\unison.exe","2025-08-13 08:09:48","System.String[]","2147946580","0","3"
"localhost","739ef21e-5429-4944-9db2-b251b2e12366","False","True","0","4.18.26060.3008","2","1","{696FE855-2E45-4BC4-8ABE-A08A8BF4BD50}","3","PROTEUS\Bitpusher","2025-08-13 08:11:40","2025-08-13 08:11:53","D:\Dolos\Dropbox\app\unison\bin\unison.exe","2025-08-13 08:11:53","System.String[]","2147946580","0","3"
"localhost","739ef21e-5429-4944-9db2-b251b2e12366","False","True","0","4.18.26060.3008","2","1","{73AD3BEC-23E8-4F50-B83C-64207F13141F}","3","PROTEUS\Bitpusher","2025-08-13 08:14:56","2025-08-13 08:15:09","D:\Dolos\Dropbox\app\unison\bin\unison.exe","2025-08-13 08:15:09","System.String[]","2147946580","0","3"
"localhost","739ef21e-5429-4944-9db2-b251b2e12366","False","True","0","4.18.26060.3008","2","1","{A6E64E64-A0FA-45BB-AF64-4227EB8F7FF6}","3","PROTEUS\Bitpusher","2024-08-03 13:05:42","2024-08-03 13:05:47","C:\Program Files (x86)\Dropbox\Client\Dropbox.exe","2024-08-03 13:05:47","System.String[]","2147910762","0","3"
"localhost","739ef21e-5429-4944-9db2-b251b2e12366","False","True","0","4.18.26060.3008","2","1","{AB33CEEA-F6FB-4D94-96F5-6EA10FCA9CA3}","3","PROTEUS\Bitpusher","2024-08-02 01:50:51","2024-08-02 01:50:57","C:\Program Files (x86)\Dropbox\Client\Dropbox.exe","2024-08-02 01:50:57","System.String[]","2147725326","0","3"
"localhost","739ef21e-5429-4944-9db2-b251b2e12366","False","True","0","4.18.26060.3008","9","1","{CA2F3916-20FA-4DD5-9E07-4E0FB11C8B2A}","3","PROTEUS\Bitpusher","2026-03-19 16:26:57","2026-03-19 16:27:31","V:\Dolos\Dropbox\app\FreeFileSync_Donation_Edition_Portable\Bin\FreeFileSync_x64.exe","2026-03-19 16:27:31","System.String[]","2147770264","0","7"
"localhost","739ef21e-5429-4944-9db2-b251b2e12366","False","True","0","4.18.26060.3008","2","1","{CBB89881-02FB-41A3-ADA0-82EEFF0694CA}","3","PROTEUS\Bitpusher","2025-08-13 07:58:41","2025-08-13 07:58:48","D:\Dolos\Dropbox\app\unison\bin\unison.exe","2025-08-13 07:58:48","System.String[]","2147946580","0","3"
"localhost","739ef21e-5429-4944-9db2-b251b2e12366","False","True","0","4.18.26060.3008","2","1","{F2156C4D-D8D0-4142-B3D9-6D73988CCFF3}","3","PROTEUS\Bitpusher","2025-08-13 07:51:49","2025-08-13 07:52:01","D:\Dolos\Dropbox\app\unison\bin\unison.exe","2025-08-13 07:52:01","System.String[]","2147946580","0","3"
"localhost","739ef21e-5429-4944-9db2-b251b2e12366","False","True","0","4.18.26060.3008","2","1","{F857FD67-B2A9-403C-BB96-A1575D387AB7}","3","PROTEUS\Bitpusher","2025-08-13 08:17:44","2025-08-13 08:17:58","D:\Dolos\Dropbox\app\unison\bin\unison.exe","2025-08-13 08:17:58","System.String[]","2147946580","0","3"
"localhost","739ef21e-5429-4944-9db2-b251b2e12366","False","True","0","4.18.26060.3008","2","1","{FB7895A5-8530-4489-875D-255EFB7BF9AD}","3","PROTEUS\Bitpusher","2024-08-01 23:53:31","2024-08-01 23:53:47","D:\Dolos\Dropbox\app\unison\bin\unison.exe","2024-08-01 23:53:47","System.String[]","2147725326","0","3"
"localhost","739ef21e-5429-4944-9db2-b251b2e12366","False","True","0","4.18.26060.3008","2","1","{05A434BA-7A3B-4AD0-B22B-8AD5D6A9911A}","3","PROTEUS\Bitpusher","2025-08-13 15:13:10","2025-08-13 15:13:24","C:\Program Files\PowerShell\7\pwsh.exe","2025-08-13 15:13:24","System.String[]","2147519003","0","3"
"localhost","739ef21e-5429-4944-9db2-b251b2e12366","False","True","0","4.18.26060.3008","2","1","{0D8F3A3F-1154-404D-9BEE-51F9D974C86D}","3","PROTEUS\Bitpusher","2024-08-01 15:29:16","2024-08-01 15:29:26","C:\Program Files (x86)\Dropbox\Client\Dropbox.exe","2024-08-01 15:29:26","System.String[]","2147725326","0","3"
"localhost","739ef21e-5429-4944-9db2-b251b2e12366","False","True","0","4.18.26060.3008","9","1","{1192470F-5E87-44B3-B2B8-49672E0E0D11}","3","PROTEUS\Bitpusher","2024-11-06 21:13:27","2024-11-06 21:13:46","C:\Windows\explorer.exe","2024-11-06 21:13:46","System.String[]","2147593794","0","7"
"localhost","739ef21e-5429-4944-9db2-b251b2e12366","False","True","0","4.18.26060.3008","9","1","{1A23CDF4-5F61-4A2D-9D51-8F1FB07D391D}","3","NT AUTHORITY\SYSTEM","2026-04-26 20:27:10","2026-04-26 20:27:27","C:\Program Files (x86)\Backblaze\x64\bztransmit64.exe","2026-04-26 20:27:27","System.String[]","2147742191","0","7"
"localhost","739ef21e-5429-4944-9db2-b251b2e12366","False","True","0","4.18.26060.3008","2","1","{1C852CDB-E1F4-4A49-A26C-5D3620E7B8B8}","3","PROTEUS\Bitpusher","2024-07-03 08:26:31","2024-07-03 08:26:43","V:\Dropbox\app\unison\bin\unison.exe","2024-07-03 08:26:43","System.String[]","2147895046","0","3"
"localhost","739ef21e-5429-4944-9db2-b251b2e12366","False","True","0","4.18.26060.3008","2","1","{2465AE8C-8905-4A9A-A6D7-FB2CD90AFFF2}","3","PROTEUS\Bitpusher","2024-08-01 21:20:37","2024-08-01 21:20:52","D:\Dolos\Dropbox\app\unison\bin\unison.exe","2024-08-01 21:20:52","System.String[]","2147725326","0","3"
"localhost","739ef21e-5429-4944-9db2-b251b2e12366","False","True","0","4.18.26060.3008","2","1","{24B5519D-2E84-4D6F-9DEB-7474F23645E0}","3","PROTEUS\Bitpusher","2024-08-01 23:15:06","2024-08-01 23:15:16","C:\Program Files (x86)\Dropbox\Client\Dropbox.exe","2024-08-01 23:15:16","System.String[]","2147725326","0","3"
"localhost","739ef21e-5429-4944-9db2-b251b2e12366","False","True","0","4.18.26060.3008","2","1","{31402BAF-299E-4CF0-9335-F1791BCEE757}","3","PROTEUS\Bitpusher","2025-08-13 08:08:17","2025-08-13 08:08:25","D:\Dolos\Dropbox\app\unison\bin\unison.exe","2025-08-13 08:08:25","System.String[]","2147946580","0","3"
"localhost","739ef21e-5429-4944-9db2-b251b2e12366","False","True","0","4.18.26060.3008","2","1","{344508F0-1083-4C0C-A7A1-11ADD8021329}","3","PROTEUS\Bitpusher","2025-08-13 07:56:28","2025-08-13 07:56:42","D:\Dolos\Dropbox\app\unison\bin\unison.exe","2025-08-13 07:56:42","System.String[]","2147946580","0","3"
"localhost","739ef21e-5429-4944-9db2-b251b2e12366","False","True","0","4.18.26060.3008","2","1","{408821C8-BB12-40CB-AD2A-1CD526EE9492}","3","PROTEUS\Bitpusher","2025-08-13 08:08:46","2025-08-13 08:09:00","D:\Dolos\Dropbox\app\unison\bin\unison.exe","2025-08-13 08:09:00","System.String[]","2147946580","0","3"
"localhost","739ef21e-5429-4944-9db2-b251b2e12366","False","True","0","4.18.26060.3008","2","1","{50BF417B-48DA-4349-B5AF-BEEA6213CD7E}","3","PROTEUS\Bitpusher","2024-08-01 23:25:05","2024-08-01 23:25:10","C:\Program Files (x86)\Dropbox\Client\Dropbox.exe","2024-08-01 23:25:10","System.String[]","2147725326","0","3"
"localhost","739ef21e-5429-4944-9db2-b251b2e12366","False","True","0","4.18.26060.3008","2","1","{5538E508-6D14-481D-B075-0D9D9F8C9FF2}","3","PROTEUS\Bitpusher","2025-08-13 07:56:07","2025-08-13 07:56:12","D:\Dolos\Dropbox\app\unison\bin\unison.exe","2025-08-13 07:56:12","System.String[]","2147946580","0","3"
"localhost","739ef21e-5429-4944-9db2-b251b2e12366","False","True","0","4.18.26060.3008","2","1","{5BCD4253-5BFB-46A2-BA40-D45DE49372DB}","3","PROTEUS\Bitpusher","2025-08-13 08:16:34","2025-08-13 08:16:48","D:\Dolos\Dropbox\app\unison\bin\unison.exe","2025-08-13 08:16:48","System.String[]","2147946580","0","3"
"localhost","739ef21e-5429-4944-9db2-b251b2e12366","False","True","0","4.18.26060.3008","9","1","{6976848E-C8CD-4B39-B1DE-5C05760A22D6}","3","NT AUTHORITY\SYSTEM","2026-02-19 23:43:51","2026-02-19 23:44:09","C:\Program Files (x86)\Backblaze\x64\bztransmit64.exe","2026-02-19 23:44:09","System.String[]","2147847365","0","7"
"localhost","739ef21e-5429-4944-9db2-b251b2e12366","False","True","0","4.18.26060.3008","3","0","{6CB17A98-47D2-445D-A2FA-DB110A76A1CF}","2","NT AUTHORITY\SYSTEM","2025-02-05 22:19:04","2025-02-05 22:19:16","Unknown","2025-02-05 22:19:16","System.String[]","2147725502","-2142207965","4"
"localhost","739ef21e-5429-4944-9db2-b251b2e12366","False","True","0","4.18.26060.3008","2","1","{6D7B3654-D47F-4929-B0F5-93AC4DB11FBF}","3","PROTEUS\Bitpusher","2025-07-07 18:20:08","2025-07-07 18:20:30","C:\Users\Bitpusher\Desktop\nxc.exe","2025-07-07 18:20:30","System.String[]","2147890081","-2142207965","103"
"localhost","739ef21e-5429-4944-9db2-b251b2e12366","False","True","0","4.18.26060.3008","2","1","{725A4900-833F-495B-80E9-DE634588DC52}","3","PROTEUS\Bitpusher","2024-07-29 21:56:33","2024-07-29 21:56:45","C:\Program Files (x86)\Dropbox\Client\Dropbox.exe","2024-07-29 21:56:45","System.String[]","2147740779","-2142207965","103"
"localhost","739ef21e-5429-4944-9db2-b251b2e12366","False","True","0","4.18.26060.3008","2","1","{7EF1EE47-8FFD-4054-878C-CA585B10A6C3}","3","PROTEUS\Bitpusher","2024-08-01 23:36:07","2024-08-01 23:36:14","C:\Program Files (x86)\Dropbox\Client\Dropbox.exe","2024-08-01 23:36:14","System.String[]","2147725326","0","3"
"localhost","739ef21e-5429-4944-9db2-b251b2e12366","False","True","0","4.18.26060.3008","2","1","{818D88D4-11ED-47AA-BDA3-655908A24050}","3","PROTEUS\Bitpusher","2024-08-01 23:26:17","2024-08-01 23:26:22","C:\Program Files (x86)\Dropbox\Client\Dropbox.exe","2024-08-01 23:26:22","System.String[]","2147725326","0","3"
"localhost","739ef21e-5429-4944-9db2-b251b2e12366","False","True","0","4.18.26060.3008","2","1","{8C6B8865-5170-4CE9-A0F7-A04F4D910F37}","3","PROTEUS\Bitpusher","2025-08-13 08:12:27","2025-08-13 08:12:35","D:\Dolos\Dropbox\app\unison\bin\unison.exe","2025-08-13 08:12:35","System.String[]","2147946580","0","3"
"localhost","739ef21e-5429-4944-9db2-b251b2e12366","False","True","0","4.18.26060.3008","2","1","{924089ED-BF48-49CB-BCB8-9CE3BA1DB009}","3","PROTEUS\Bitpusher","2025-08-13 08:01:58","2025-08-13 08:02:12","D:\Dolos\Dropbox\app\unison\bin\unison.exe","2025-08-13 08:02:12","System.String[]","2147946580","0","3"
"localhost","739ef21e-5429-4944-9db2-b251b2e12366","False","True","0","4.18.26060.3008","2","1","{9B688032-56C7-4412-B826-67E475681161}","3","PROTEUS\Bitpusher","2025-08-13 08:18:19","2025-08-13 08:18:27","C:\Program Files (x86)\Dropbox\Client\Dropbox.exe","2025-08-13 08:18:27","System.String[]","2147946580","0","3"
"localhost","739ef21e-5429-4944-9db2-b251b2e12366","False","True","0","4.18.26060.3008","2","1","{C4A55D52-A8FD-4BFA-A45A-F5E399EB9B8A}","3","PROTEUS\Bitpusher","2025-08-13 08:01:22","2025-08-13 08:01:31","C:\Program Files (x86)\Dropbox\Client\Dropbox.exe","2025-08-13 08:01:31","System.String[]","2147946580","0","3"
"localhost","739ef21e-5429-4944-9db2-b251b2e12366","False","True","0","4.18.26060.3008","2","1","{C9426B14-087B-4937-8DA3-96575BB22AE5}","3","PROTEUS\Bitpusher","2025-08-13 07:53:27","2025-08-13 07:53:39","D:\Dolos\Dropbox\app\unison\bin\unison.exe","2025-08-13 07:53:39","System.String[]","2147946580","0","3"
"localhost","739ef21e-5429-4944-9db2-b251b2e12366","False","True","0","4.18.26060.3008","2","1","{D7AC201D-8827-4F6F-9C02-A8253F8190EC}","3","PROTEUS\Bitpusher","2024-08-02 00:24:10","2024-08-02 00:24:16","C:\Program Files (x86)\Dropbox\Client\Dropbox.exe","2024-08-02 00:24:16","System.String[]","2147725326","0","3"
"localhost","739ef21e-5429-4944-9db2-b251b2e12366","False","True","0","4.18.26060.3008","2","1","{DE08E76B-E263-4789-8FBF-A256D3E5594E}","3","PROTEUS\Bitpusher","2024-08-03 13:03:51","2024-08-03 13:04:02","C:\Program Files\Everything 1.5a\Everything64.exe","2024-08-03 13:04:02","System.String[]","2147910762","0","3"
"localhost","739ef21e-5429-4944-9db2-b251b2e12366","False","True","0","4.18.26060.3008","2","1","{001E4BF5-33D6-411B-895E-37A8EB8E5FAC}","3","PROTEUS\Bitpusher","2025-08-13 07:56:49","2025-08-13 07:56:55","D:\Dolos\Dropbox\app\unison\bin\unison.exe","2025-08-13 07:56:55","System.String[]","2147946580","0","3"
"localhost","739ef21e-5429-4944-9db2-b251b2e12366","False","True","0","4.18.26060.3008","2","1","{0A3119FA-6B07-4B36-B9FA-77AE4C755CC8}","3","PROTEUS\Bitpusher","2026-02-16 12:08:51","2026-02-16 12:09:06","C:\Program Files (x86)\Dropbox\Client\Dropbox.exe","2026-02-16 12:09:06","System.String[]","2147835658","-2142207965","103"
"localhost","739ef21e-5429-4944-9db2-b251b2e12366","False","True","0","4.18.26060.3008","2","1","{10FAADE6-CF71-4BE1-A953-3D1DFEDD1395}","3","PROTEUS\Bitpusher","2025-08-13 07:57:19","2025-08-13 07:57:24","D:\Dolos\Dropbox\app\unison\bin\unison.exe","2025-08-13 07:57:24","System.String[]","2147946580","0","3"
"localhost","739ef21e-5429-4944-9db2-b251b2e12366","False","True","0","4.18.26060.3008","2","1","{13A6025D-C1E5-499D-BF96-0354FD9F39FD}","3","PROTEUS\Bitpusher","2024-08-01 17:50:33","2024-08-01 17:50:48","D:\Dolos\Dropbox\app\unison\bin\unison.exe","2024-08-01 17:50:48","System.String[]","2147725326","0","3"
"localhost","739ef21e-5429-4944-9db2-b251b2e12366","False","True","0","4.18.26060.3008","9","1","{1918FE65-3F65-4A5B-91B9-024CA00553B3}","3","PROTEUS\Bitpusher","2025-06-03 12:16:33","2025-06-03 12:16:52","D:\Dolos\Dropbox\app\unison\bin\unison.exe","2025-06-03 12:16:52","System.String[]","2147910762","0","7"
"localhost","739ef21e-5429-4944-9db2-b251b2e12366","False","True","0","4.18.26060.3008","2","1","{1A5EEAB3-1663-4D90-B89D-54091D541CB8}","3","PROTEUS\Bitpusher","2024-07-03 08:19:14","2024-07-03 08:19:30","V:\Dropbox\app\unison\bin\unison.exe","2024-07-03 08:19:30","System.String[]","2147895046","0","3"
"localhost","739ef21e-5429-4944-9db2-b251b2e12366","False","True","0","4.18.26060.3008","2","1","{1B4D3184-C9EB-4BD2-B3BD-59AE836395D9}","3","PROTEUS\Bitpusher","2025-08-13 07:50:25","2025-08-13 07:50:41","D:\Dolos\Dropbox\app\unison\bin\unison.exe","2025-08-13 07:50:41","System.String[]","2147946580","0","3"
"localhost","739ef21e-5429-4944-9db2-b251b2e12366","False","True","0","4.18.26060.3008","2","1","{20F5CB08-521E-4BB6-B26E-EEDADDCC71DE}","3","PROTEUS\Bitpusher","2024-08-02 07:26:12","2024-08-02 07:26:22","D:\Dolos\Dropbox\app\unison\bin\unison.exe","2024-08-02 07:26:22","System.String[]","2147725326","0","3"
"localhost","739ef21e-5429-4944-9db2-b251b2e12366","False","True","0","4.18.26060.3008","2","1","{396C1915-2872-4E0F-8380-8DEC537C8916}","3","PROTEUS\Bitpusher","2024-08-01 15:09:14","2024-08-01 15:09:21","C:\Program Files (x86)\Dropbox\Client\Dropbox.exe","2024-08-01 15:09:21","System.String[]","2147725326","0","3"
"localhost","739ef21e-5429-4944-9db2-b251b2e12366","False","True","0","4.18.26060.3008","2","1","{39966DC2-638E-4AB9-85BD-D1B58F6E7EBF}","3","PROTEUS\Bitpusher","2024-08-01 15:13:18","2024-08-01 15:13:23","C:\Program Files (x86)\Dropbox\Client\Dropbox.exe","2024-08-01 15:13:23","System.String[]","2147725326","0","3"
"localhost","739ef21e-5429-4944-9db2-b251b2e12366","False","True","0","4.18.26060.3008","2","1","{3AE498A0-605F-4268-B9EF-BC274AEF4550}","3","PROTEUS\Bitpusher","2025-08-13 08:15:59","2025-08-13 08:16:05","D:\Dolos\Dropbox\app\unison\bin\unison.exe","2025-08-13 08:16:05","System.String[]","2147946580","0","3"
"localhost","739ef21e-5429-4944-9db2-b251b2e12366","False","True","0","4.18.26060.3008","2","1","{3D063A34-F7B6-4143-9AE5-4794343BB3EF}","3","PROTEUS\Bitpusher","2024-08-01 16:50:32","2024-08-01 16:50:47","D:\Dolos\Dropbox\app\unison\bin\unison.exe","2024-08-01 16:50:47","System.String[]","2147725326","0","3"
"localhost","739ef21e-5429-4944-9db2-b251b2e12366","False","True","0","4.18.26060.3008","2","1","{4C01A02D-D072-429C-B8CC-2A3994589DB4}","3","PROTEUS\Bitpusher","2025-08-13 08:00:06","2025-08-13 08:00:18","D:\Dolos\Dropbox\app\unison\bin\unison.exe","2025-08-13 08:00:18","System.String[]","2147946580","0","3"
"localhost","739ef21e-5429-4944-9db2-b251b2e12366","False","True","0","4.18.26060.3008","2","1","{51B5E2B0-3F03-4B50-9987-76F097693787}","3","PROTEUS\Bitpusher","2025-08-13 07:58:07","2025-08-13 07:58:19","D:\Dolos\Dropbox\app\unison\bin\unison.exe","2025-08-13 07:58:19","System.String[]","2147946580","0","3"
"localhost","739ef21e-5429-4944-9db2-b251b2e12366","False","True","0","4.18.26060.3008","2","1","{58E96801-38D0-42C0-95D6-F556D4E0757D}","3","PROTEUS\Bitpusher","2024-08-02 08:00:13","2024-08-02 08:00:22","C:\Program Files (x86)\Dropbox\Client\Dropbox.exe","2024-08-02 08:00:22","System.String[]","2147725326","0","3"
"localhost","739ef21e-5429-4944-9db2-b251b2e12366","False","True","0","4.18.26060.3008","2","1","{5D20DAC7-9E0E-4405-BE4E-6275683369EC}","3","PROTEUS\Bitpusher","2026-06-12 12:56:35","2026-06-12 12:56:50","C:\Windows\explorer.exe","2026-06-12 12:56:50","System.String[]","2147890738","0","3"
"localhost","739ef21e-5429-4944-9db2-b251b2e12366","False","True","0","4.18.26060.3008","2","1","{5E81873C-C528-41A4-B3DE-9989AB5826E8}","3","PROTEUS\Bitpusher","2025-08-13 08:02:47","2025-08-13 08:03:00","D:\Dolos\Dropbox\app\unison\bin\unison.exe","2025-08-13 08:03:00","System.String[]","2147946580","0","3"
"localhost","739ef21e-5429-4944-9db2-b251b2e12366","False","True","0","4.18.26060.3008","2","1","{61604FA6-03C2-48BE-8A43-3498C8D763D5}","3","PROTEUS\Bitpusher","2025-08-13 07:53:19","2025-08-13 07:53:24","D:\Dolos\Dropbox\app\unison\bin\unison.exe","2025-08-13 07:53:24","System.String[]","2147946580","0","3"
"localhost","739ef21e-5429-4944-9db2-b251b2e12366","False","True","0","4.18.26060.3008","2","1","{754A67F3-7D79-4C8E-8E06-D1DA30FC6A7B}","3","PROTEUS\Bitpusher","2025-07-07 18:21:46","2025-07-07 18:22:08","C:\Users\Bitpusher\Desktop\nxc.exe","2025-07-07 18:22:08","System.String[]","2147827003","-2142207965","103"
"localhost","739ef21e-5429-4944-9db2-b251b2e12366","False","True","0","4.18.26060.3008","2","1","{7D197CC6-BD05-462E-8AD2-37CE06B372E3}","3","PROTEUS\Bitpusher","2024-08-01 23:26:07","2024-08-01 23:26:18","D:\Dolos\Dropbox\app\unison\bin\unison.exe","2024-08-01 23:26:18","System.String[]","2147725326","0","3"
"localhost","739ef21e-5429-4944-9db2-b251b2e12366","False","True","0","4.18.26060.3008","2","1","{86B4DA13-AA25-4552-9AAC-A1A94F1813F3}","3","PROTEUS\Bitpusher","2025-10-20 16:41:23","2025-10-20 16:41:43","C:\Program Files (x86)\Dropbox\Client\Dropbox.exe","2025-10-20 16:41:43","System.String[]","2147910762","-2142207965","103"
"localhost","739ef21e-5429-4944-9db2-b251b2e12366","False","True","0","4.18.26060.3008","2","1","{A6D8E63B-37C6-4306-BA53-81EFF7018D82}","3","PROTEUS\Bitpusher","2024-08-02 07:50:54","2024-08-02 07:51:03","C:\Program Files (x86)\Dropbox\Client\Dropbox.exe","2024-08-02 07:51:03","System.String[]","2147725326","0","3"
"localhost","739ef21e-5429-4944-9db2-b251b2e12366","False","True","0","4.18.26060.3008","2","1","{AC52BFD7-CA51-4AF6-96D8-23F9BB9A74C1}","3","PROTEUS\Bitpusher","2025-06-21 20:35:26","2025-06-21 20:35:44","C:\Program Files (x86)\Dropbox\Client\Dropbox.exe","2025-06-21 20:35:44","System.String[]","2147910762","0","3"
"localhost","739ef21e-5429-4944-9db2-b251b2e12366","False","True","0","4.18.26060.3008","3","1","{AFB9BC99-2B14-4E76-A9EA-4A8B1972A473}","3","PROTEUS\Bitpusher","2025-11-05 22:12:10","2025-11-05 22:12:15","C:\Users\Bitpusher\AppData\Local\Programs\Python\Python312\python.exe","2025-11-05 22:12:15","System.String[]","2147933594","0","4"
"localhost","739ef21e-5429-4944-9db2-b251b2e12366","False","True","0","4.18.26060.3008","2","1","{B2F02171-1042-4645-B040-D76CA9145C26}","3","PROTEUS\Bitpusher","2025-08-13 08:18:48","2025-08-13 08:19:04","D:\Dolos\Dropbox\app\unison\bin\unison.exe","2025-08-13 08:19:04","System.String[]","2147946580","0","3"
"localhost","739ef21e-5429-4944-9db2-b251b2e12366","False","True","0","4.18.26060.3008","9","1","{BDF4AAB2-13C9-4D6E-9205-D8B69B88B308}","3","PROTEUS\Bitpusher","2024-10-01 15:57:31","2024-10-01 15:57:50","C:\Program Files\Everything 1.5a\Everything64.exe","2024-10-01 15:57:50","System.String[]","2147740779","0","7"
"localhost","739ef21e-5429-4944-9db2-b251b2e12366","False","True","0","4.18.26060.3008","9","1","{BE5BB00A-02F1-46F7-962E-7257F17FA0BC}","3","NT AUTHORITY\SYSTEM","2026-04-26 20:30:10","2026-04-26 20:30:29","C:\Program Files (x86)\Backblaze\x64\bztransmit64.exe","2026-04-26 20:30:29","System.String[]","2147962517","0","7"
"localhost","739ef21e-5429-4944-9db2-b251b2e12366","False","True","0","4.18.26060.3008","9","1","{C0BF6F18-4D8A-47E9-B27A-1E619BFE1E35}","3","NT AUTHORITY\SYSTEM","2026-04-26 20:25:55","2026-04-26 20:26:10","C:\Program Files (x86)\Backblaze\x64\bztransmit64.exe","2026-04-26 20:26:10","System.String[]","2147943404","0","7"
"localhost","739ef21e-5429-4944-9db2-b251b2e12366","False","True","0","4.18.26060.3008","2","1","{CB0E2116-A54F-437A-AA1F-447C2912252C}","3","PROTEUS\Bitpusher","2025-08-13 08:09:07","2025-08-13 08:09:20","D:\Dolos\Dropbox\app\unison\bin\unison.exe","2025-08-13 08:09:20","System.String[]","2147946580","0","3"
"localhost","739ef21e-5429-4944-9db2-b251b2e12366","False","True","0","4.18.26060.3008","2","1","{CD791A3F-5DC5-4B3C-956B-6B540308F73F}","3","PROTEUS\Bitpusher","2025-10-20 16:39:28","2025-10-20 16:39:38","C:\Program Files (x86)\Dropbox\Client\Dropbox.exe","2025-10-20 16:39:38","System.String[]","2147910762","0","3"
"localhost","739ef21e-5429-4944-9db2-b251b2e12366","False","True","0","4.18.26060.3008","2","1","{D013A28B-ECE9-4F05-8296-2E5CD3DB3764}","3","PROTEUS\Bitpusher","2026-02-16 12:08:41","2026-02-16 12:08:54","C:\Program Files (x86)\Dropbox\Client\Dropbox.exe","2026-02-16 12:08:54","System.String[]","2147910578","0","3"
"localhost","739ef21e-5429-4944-9db2-b251b2e12366","False","True","0","4.18.26060.3008","2","1","{DD4EB72E-0D2B-4D97-927A-BA60DC50FADE}","3","PROTEUS\Bitpusher","2025-08-13 07:55:32","2025-08-13 07:55:46","D:\Dolos\Dropbox\app\unison\bin\unison.exe","2025-08-13 07:55:46","System.String[]","2147946580","0","3"
"localhost","739ef21e-5429-4944-9db2-b251b2e12366","False","True","0","4.18.26060.3008","9","1","{DFD4C96E-63A6-4FAF-9A9A-7897B0AED778}","3","PROTEUS\Bitpusher","2025-06-03 12:17:28","2025-06-03 12:17:42","D:\Dolos\Dropbox\app\unison\bin\unison.exe","2025-06-03 12:17:42","System.String[]","2147910762","0","7"
"localhost","739ef21e-5429-4944-9db2-b251b2e12366","False","True","0","4.18.26060.3008","2","1","{EC3A881F-9875-4F12-9E1C-5A0959BC1CEC}","3","PROTEUS\Bitpusher","2025-08-13 08:03:23","2025-08-13 08:03:30","D:\Dolos\Dropbox\app\unison\bin\unison.exe","2025-08-13 08:03:30","System.String[]","2147946580","0","3"
"localhost","739ef21e-5429-4944-9db2-b251b2e12366","False","True","0","4.18.26060.3008","2","1","{0311752B-2BD4-4040-B89A-D88956400794}","3","PROTEUS\Bitpusher","2026-02-16 12:08:47","2026-02-16 12:08:54","C:\Program Files (x86)\Dropbox\Client\Dropbox.exe","2026-02-16 12:08:54","System.String[]","2147918427","0","3"
"localhost","739ef21e-5429-4944-9db2-b251b2e12366","False","True","0","4.18.26060.3008","2","1","{0E25F1D9-6E4F-4B9B-9D21-0CD75429F68C}","3","PROTEUS\Bitpusher","2024-08-02 02:20:42","2024-08-02 02:20:57","D:\Dolos\Dropbox\app\unison\bin\unison.exe","2024-08-02 02:20:57","System.String[]","2147725326","0","3"
"localhost","739ef21e-5429-4944-9db2-b251b2e12366","False","True","0","4.18.26060.3008","2","1","{12987F2F-6CA8-4557-A726-CE9D407A8F20}","3","PROTEUS\Bitpusher","2025-08-13 08:02:05","2025-08-13 08:02:12","D:\Dolos\Dropbox\app\unison\bin\unison.exe","2025-08-13 08:02:12","System.String[]","2147946580","0","3"
"localhost","739ef21e-5429-4944-9db2-b251b2e12366","False","True","0","4.18.26060.3008","2","1","{233AC2CF-B276-43C2-80A8-49D9DFC5E593}","3","PROTEUS\Bitpusher","2024-08-01 15:09:33","2024-08-01 15:09:40","C:\Program Files (x86)\Dropbox\Client\Dropbox.exe","2024-08-01 15:09:40","System.String[]","2147725326","0","3"
"localhost","739ef21e-5429-4944-9db2-b251b2e12366","False","True","0","4.18.26060.3008","2","1","{2683BD39-FBAC-44E3-97DA-2F42326D3393}","3","PROTEUS\Bitpusher","2025-08-13 07:50:17","2025-08-13 07:50:34","D:\Dolos\Dropbox\app\unison\bin\unison.exe","2025-08-13 07:50:34","System.String[]","2147946580","0","3"
"localhost","739ef21e-5429-4944-9db2-b251b2e12366","False","True","0","4.18.26060.3008","2","1","{26BFC989-9EA7-4621-A731-02AE906ADAAA}","3","PROTEUS\Bitpusher","2025-08-13 08:00:55","2025-08-13 08:01:02","C:\Program Files (x86)\Dropbox\Client\Dropbox.exe","2025-08-13 08:01:02","System.String[]","2147946580","0","3"
"localhost","739ef21e-5429-4944-9db2-b251b2e12366","False","True","0","4.18.26060.3008","2","1","{27DA1B0C-5B08-4ACB-96BE-539C788C2060}","3","PROTEUS\Bitpusher","2025-08-13 08:05:37","2025-08-13 08:05:50","D:\Dolos\Dropbox\app\unison\bin\unison.exe","2025-08-13 08:05:50","System.String[]","2147946580","0","3"
"localhost","739ef21e-5429-4944-9db2-b251b2e12366","False","True","0","4.18.26060.3008","2","1","{36CEDC9A-E511-4BE3-925A-9A40AE8DD9EC}","3","PROTEUS\Bitpusher","2025-08-13 08:10:36","2025-08-13 08:10:43","D:\Dolos\Dropbox\app\unison\bin\unison.exe","2025-08-13 08:10:43","System.String[]","2147946580","0","3"
"localhost","739ef21e-5429-4944-9db2-b251b2e12366","False","True","0","4.18.26060.3008","9","1","{53C3FF52-4DCC-4CB6-86CA-FB4A5D6FDF5F}","3","PROTEUS\Bitpusher","2024-11-26 19:18:15","2024-11-26 19:18:33","C:\Program Files (x86)\Dropbox\Client\Dropbox.exe","2024-11-26 19:18:33","System.String[]","2147910762","0","7"
"localhost","739ef21e-5429-4944-9db2-b251b2e12366","False","True","0","4.18.26060.3008","2","1","{59FD60BC-40AD-4DE2-BB39-A2BC6A61E82D}","3","PROTEUS\Bitpusher","2024-08-01 23:36:02","2024-08-01 23:36:13","D:\Dolos\Dropbox\app\unison\bin\unison.exe","2024-08-01 23:36:13","System.String[]","2147725326","0","3"
"localhost","739ef21e-5429-4944-9db2-b251b2e12366","False","True","0","4.18.26060.3008","2","1","{5F91AA2E-F047-4587-9A99-BAD743BCF517}","3","PROTEUS\Bitpusher","2024-08-01 20:20:35","2024-08-01 20:20:50","D:\Dolos\Dropbox\app\unison\bin\unison.exe","2024-08-01 20:20:50","System.String[]","2147725326","0","3"
"localhost","739ef21e-5429-4944-9db2-b251b2e12366","False","True","0","4.18.26060.3008","3","1","{68066680-50DB-454E-956D-01AB7322E478}","3","PROTEUS\Bitpusher","2025-10-21 00:38:14","2025-10-21 00:38:19","G:\Aragorn\CURRENT\DocFetcher\Java64\bin\javaw.exe","2025-10-21 00:38:19","System.String[]","2147723943","0","4"
"localhost","739ef21e-5429-4944-9db2-b251b2e12366","False","True","0","4.18.26060.3008","2","1","{6B2270DB-9422-4BE8-A0E4-01104462070C}","3","PROTEUS\Bitpusher","2024-08-01 15:07:58","2024-08-01 15:08:09","D:\Dolos\Dropbox\app\unison\bin\unison.exe","2024-08-01 15:08:09","System.String[]","2147725326","0","3"
"localhost","739ef21e-5429-4944-9db2-b251b2e12366","False","True","0","4.18.26060.3008","2","1","{6C7E9A3A-B2B3-4848-A99F-58FEC630CCB6}","3","PROTEUS\Bitpusher","2024-11-26 18:59:40","2024-11-26 18:59:46","D:\Dolos\Dropbox\app\unison\bin\unison.exe","2024-11-26 18:59:46","System.String[]","2147740779","0","3"
"localhost","739ef21e-5429-4944-9db2-b251b2e12366","False","True","0","4.18.26060.3008","3","1","{7DCD8F20-861A-468C-B36C-020B405FC0D6}","3","PROTEUS\Bitpusher","2024-10-02 22:26:06","2024-10-02 22:26:11","G:\Aragorn\CURRENT\DocFetcher\Java64\bin\javaw.exe","2024-10-02 22:26:11","System.String[]","2147723943","0","4"
"localhost","739ef21e-5429-4944-9db2-b251b2e12366","False","True","0","4.18.26060.3008","9","1","{815A4E12-AF1F-4B8B-B783-6632F0C2D242}","3","NT AUTHORITY\SYSTEM","2026-04-26 20:36:00","2026-04-26 20:36:18","C:\Program Files (x86)\Backblaze\x64\bztransmit64.exe","2026-04-26 20:36:18","System.String[]","2147755611","0","7"
"localhost","739ef21e-5429-4944-9db2-b251b2e12366","False","True","0","4.18.26060.3008","2","1","{909D05FA-4113-46DD-B1FA-5FB120324BC2}","3","PROTEUS\Bitpusher","2025-08-13 08:12:08","2025-08-13 08:12:21","D:\Dolos\Dropbox\app\unison\bin\unison.exe","2025-08-13 08:12:21","System.String[]","2147946580","0","3"
"localhost","739ef21e-5429-4944-9db2-b251b2e12366","False","True","0","4.18.26060.3008","2","1","{94E2406B-2CEF-4BF8-895A-4D58304491AB}","3","PROTEUS\Bitpusher","2026-02-16 12:08:15","2026-02-16 12:08:53","D:\Dolos\Dropbox\app\unison\bin\unison.exe","2026-02-16 12:08:53","System.String[]","2147835644","0","3"
"localhost","739ef21e-5429-4944-9db2-b251b2e12366","False","True","0","4.18.26060.3008","2","1","{98863670-C43C-4470-8D90-6B6966B78317}","3","PROTEUS\Bitpusher","2024-08-01 15:18:36","2024-08-01 15:18:47","C:\Program Files (x86)\Dropbox\Client\Dropbox.exe","2024-08-01 15:18:47","System.String[]","2147725326","0","3"
"localhost","739ef21e-5429-4944-9db2-b251b2e12366","False","True","0","4.18.26060.3008","2","1","{9CC78308-5011-4DC0-8BA4-EC96FFBB0994}","3","PROTEUS\Bitpusher","2024-08-02 00:25:56","2024-08-02 00:26:02","D:\Dolos\Dropbox\app\unison\bin\unison.exe","2024-08-02 00:26:02","System.String[]","2147725326","0","3"
"localhost","739ef21e-5429-4944-9db2-b251b2e12366","False","True","0","4.18.26060.3008","2","1","{A01AA9AE-94DF-4FC4-BC42-18197B8E63F8}","3","PROTEUS\Bitpusher","2025-08-13 08:08:52","2025-08-13 08:09:00","D:\Dolos\Dropbox\app\unison\bin\unison.exe","2025-08-13 08:09:00","System.String[]","2147946580","0","3"
"localhost","739ef21e-5429-4944-9db2-b251b2e12366","False","True","0","4.18.26060.3008","9","1","{AC45730E-0F4C-49E0-B85B-5CBEC46433AC}","3","PROTEUS\Bitpusher","2025-10-14 08:52:29","2025-10-14 08:52:48","C:\Program Files\PowerShell\7\pwsh.exe","2025-10-14 08:52:48","System.String[]","2147729891","0","7"
"localhost","739ef21e-5429-4944-9db2-b251b2e12366","False","True","0","4.18.26060.3008","2","1","{AD69F955-CFAA-4997-AC5E-775AC3757485}","3","PROTEUS\Bitpusher","2024-07-03 08:25:52","2024-07-03 08:26:08","V:\Dropbox\app\unison\bin\unison.exe","2024-07-03 08:26:08","System.String[]","2147895046","0","3"
"localhost","739ef21e-5429-4944-9db2-b251b2e12366","False","True","0","4.18.26060.3008","9","1","{AE194EBB-C7F4-4DE0-A16D-E91C21B83AE7}","3","NT AUTHORITY\SYSTEM","2026-04-26 20:35:35","2026-04-26 20:35:49","C:\Program Files (x86)\Backblaze\x64\bztransmit64.exe","2026-04-26 20:35:49","System.String[]","2147742191","0","7"
"localhost","739ef21e-5429-4944-9db2-b251b2e12366","False","True","0","4.18.26060.3008","2","1","{BC833DF8-9672-4139-94C0-3462027B81D0}","3","PROTEUS\Bitpusher","2025-08-13 07:53:33","2025-08-13 07:53:39","D:\Dolos\Dropbox\app\unison\bin\unison.exe","2025-08-13 07:53:39","System.String[]","2147946580","0","3"
"localhost","739ef21e-5429-4944-9db2-b251b2e12366","False","True","0","4.18.26060.3008","2","1","{C0B714F9-C7BA-4F25-9306-5983A36362CA}","3","PROTEUS\Bitpusher","2026-02-16 12:08:44","2026-02-16 12:08:54","C:\Program Files (x86)\Dropbox\Client\Dropbox.exe","2026-02-16 12:08:54","System.String[]","2147948125","0","3"
"localhost","739ef21e-5429-4944-9db2-b251b2e12366","False","True","0","4.18.26060.3008","2","1","{C1018E74-25CF-4A8C-BB8E-0864D6917DA7}","3","PROTEUS\Bitpusher","2024-08-01 22:27:40","2024-08-01 22:27:51","D:\Dolos\Dropbox\app\unison\bin\unison.exe","2024-08-01 22:27:51","System.String[]","2147725326","0","3"
"localhost","739ef21e-5429-4944-9db2-b251b2e12366","False","True","0","4.18.26060.3008","2","1","{C17C517F-0502-4713-A89F-6442A9B3F4EE}","3","PROTEUS\Bitpusher","2025-08-13 07:54:37","2025-08-13 07:54:50","D:\Dolos\Dropbox\app\unison\bin\unison.exe","2025-08-13 07:54:50","System.String[]","2147946580","0","3"
"localhost","739ef21e-5429-4944-9db2-b251b2e12366","False","True","0","4.18.26060.3008","3","1","{C59611E6-8C7A-47DB-8A8B-8E929BA2ED76}","3","PROTEUS\Bitpusher","2025-08-13 07:59:42","2025-08-13 07:59:47","D:\Dolos\Dropbox\app\unison\bin\unison.exe","2025-08-13 07:59:47","System.String[]","2147946580","0","4"
"localhost","739ef21e-5429-4944-9db2-b251b2e12366","False","True","0","4.18.26060.3008","9","1","{CEAE1674-F43E-4C8D-91F1-11B09D29AADD}","3","PROTEUS\Bitpusher","2025-07-07 19:35:29","2025-07-15 08:18:03","C:\Windows\explorer.exe","2025-07-15 08:18:03","System.String[]","2147727512","0","106"
"localhost","739ef21e-5429-4944-9db2-b251b2e12366","False","True","0","4.18.26060.3008","2","1","{D3C4E9CD-9709-4DAD-92F5-56E601A9C4D0}","3","PROTEUS\Bitpusher","2025-08-13 08:01:44","2025-08-13 08:01:52","D:\Dolos\Dropbox\app\unison\bin\unison.exe","2025-08-13 08:01:52","System.String[]","2147946580","0","3"
"localhost","739ef21e-5429-4944-9db2-b251b2e12366","False","True","0","4.18.26060.3008","2","1","{E9C41C5F-EB84-4FC0-BEB7-BED4EA3D0055}","3","PROTEUS\Bitpusher","2025-08-13 08:09:28","2025-08-13 08:09:34","D:\Dolos\Dropbox\app\unison\bin\unison.exe","2025-08-13 08:09:34","System.String[]","2147946580","0","3"
"localhost","739ef21e-5429-4944-9db2-b251b2e12366","False","True","0","4.18.26060.3008","2","1","{EBE4C559-12E7-4B0C-8C27-2E59F9B1A31A}","3","PROTEUS\Bitpusher","2025-08-13 08:17:51","2025-08-13 08:17:58","C:\Program Files (x86)\Dropbox\Client\Dropbox.exe","2025-08-13 08:17:58","System.String[]","2147946580","0","3"
"localhost","739ef21e-5429-4944-9db2-b251b2e12366","False","True","0","4.18.26060.3008","2","1","{F28BBC83-D9B2-42E7-9C9B-D38E19738BEB}","3","PROTEUS\Bitpusher","2024-08-02 07:13:43","2024-08-02 07:13:52","C:\Program Files (x86)\Dropbox\Client\Dropbox.exe","2024-08-02 07:13:52","System.String[]","2147725326","0","3"
"localhost","739ef21e-5429-4944-9db2-b251b2e12366","False","True","0","4.18.26060.3008","2","1","{FD51D77B-5D82-486A-816E-A85EA1FA2CA0}","3","PROTEUS\Bitpusher","2025-08-13 08:14:21","2025-08-13 08:14:28","C:\Program Files (x86)\Dropbox\Client\Dropbox.exe","2025-08-13 08:14:28","System.String[]","2147946580","0","3"
"localhost","739ef21e-5429-4944-9db2-b251b2e12366","False","True","0","4.18.26060.3008","2","1","{FFFB06FC-CABD-429A-BB1A-4D3884C52B39}","3","PROTEUS\Bitpusher","2024-08-01 23:25:11","2024-08-01 23:25:22","D:\Dolos\Dropbox\app\unison\bin\unison.exe","2024-08-01 23:25:22","System.String[]","2147725326","0","3"
"localhost","739ef21e-5429-4944-9db2-b251b2e12366","False","True","0","4.18.26060.3008","2","1","{168D1C5F-ADA5-411B-89E6-B34BBD2F3C19}","3","PROTEUS\Bitpusher","2025-08-13 08:05:13","2025-08-13 08:05:19","D:\Dolos\Dropbox\app\unison\bin\unison.exe","2025-08-13 08:05:19","System.String[]","2147946580","0","3"
"localhost","739ef21e-5429-4944-9db2-b251b2e12366","False","True","0","4.18.26060.3008","9","1","{3576FFDC-B984-441F-BCC1-3E9CA0397555}","3","PROTEUS\Bitpusher","2025-10-14 08:52:29","2025-10-14 08:52:59","C:\Program Files\PowerShell\7\pwsh.exe","2025-10-14 08:52:59","System.String[]","2147894093","0","7"
"localhost","739ef21e-5429-4944-9db2-b251b2e12366","False","True","0","4.18.26060.3008","2","1","{38D41D8C-1814-4695-9092-D48EBD69FE12}","3","PROTEUS\Bitpusher","2025-08-13 07:59:02","2025-08-13 07:59:15","D:\Dolos\Dropbox\app\unison\bin\unison.exe","2025-08-13 07:59:15","System.String[]","2147946580","0","3"
"localhost","739ef21e-5429-4944-9db2-b251b2e12366","False","True","0","4.18.26060.3008","2","1","{4442BB38-E3BA-4A81-9442-5F0F851D2C8D}","3","PROTEUS\Bitpusher","2025-08-13 08:15:17","2025-08-13 08:15:23","D:\Dolos\Dropbox\app\unison\bin\unison.exe","2025-08-13 08:15:23","System.String[]","2147946580","0","3"
"localhost","739ef21e-5429-4944-9db2-b251b2e12366","False","True","0","4.18.26060.3008","2","1","{4760596A-369D-460C-9336-07EB9EE471A3}","3","PROTEUS\Bitpusher","2025-08-13 08:01:03","2025-08-13 08:01:16","D:\Dolos\Dropbox\app\unison\bin\unison.exe","2025-08-13 08:01:16","System.String[]","2147946580","0","3"
"localhost","739ef21e-5429-4944-9db2-b251b2e12366","False","True","0","4.18.26060.3008","9","1","{5BF07C18-F3D0-49C1-BE7B-62A93D0A64D5}","3","PROTEUS\Bitpusher","2025-10-20 16:38:04","2025-10-20 16:38:26","D:\Dolos\Dropbox\app\unison\bin\unison.exe","2025-10-20 16:38:26","System.String[]","2147910762","0","7"
"localhost","739ef21e-5429-4944-9db2-b251b2e12366","False","True","0","4.18.26060.3008","9","1","{5E022F99-60CD-4205-BF46-77929459776B}","3","PROTEUS\Bitpusher","2025-06-02 17:20:30","2025-06-07 20:39:02","C:\temp\nuclei_3.4.4_windows_amd64-v3.4.4\nuclei.exe","2025-06-07 20:39:02","System.String[]","2147940541","0","106"
"localhost","739ef21e-5429-4944-9db2-b251b2e12366","False","True","0","4.18.26060.3008","2","1","{76FDB848-E59B-4F3F-8AA0-A92E2D4384BF}","3","PROTEUS\Bitpusher","2025-08-13 08:13:11","2025-08-13 08:13:17","D:\Dolos\Dropbox\app\unison\bin\unison.exe","2025-08-13 08:13:17","System.String[]","2147946580","0","3"
"localhost","739ef21e-5429-4944-9db2-b251b2e12366","False","True","0","4.18.26060.3008","9","1","{7DBD2255-B0E8-4030-8EBA-9E572AC0AEFD}","3","PROTEUS\Bitpusher","2026-03-19 16:26:56","2026-03-19 16:27:31","V:\Dolos\Dropbox\app\FreeFileSync_Donation_Edition_Portable\Bin\FreeFileSync_x64.exe","2026-03-19 16:27:31","System.String[]","2147705511","0","7"
"localhost","739ef21e-5429-4944-9db2-b251b2e12366","False","True","0","4.18.26060.3008","2","1","{9BA25304-AB54-4D29-A238-DB75A662063C}","3","PROTEUS\Bitpusher","2025-08-13 08:09:20","2025-08-13 08:09:34","D:\Dolos\Dropbox\app\unison\bin\unison.exe","2025-08-13 08:09:34","System.String[]","2147946580","0","3"
"localhost","739ef21e-5429-4944-9db2-b251b2e12366","False","True","0","4.18.26060.3008","9","1","{C1EB658D-E567-431F-BDAA-BB81317977EC}","3","PROTEUS\Bitpusher","2024-11-26 18:55:23","2024-11-26 18:55:42","C:\Program Files (x86)\Dropbox\Client\Dropbox.exe","2024-11-26 18:55:42","System.String[]","2147740779","0","7"
"localhost","739ef21e-5429-4944-9db2-b251b2e12366","False","True","0","4.18.26060.3008","9","1","{D1F859F9-C74D-4CCC-AC98-AC6E421163EB}","3","PROTEUS\Bitpusher","2025-07-07 19:35:11","2025-07-07 19:35:39","C:\Windows\explorer.exe","2025-07-07 19:35:39","System.String[]","2147767610","0","7"
"localhost","739ef21e-5429-4944-9db2-b251b2e12366","False","True","0","4.18.26060.3008","3","1","{D48B9F15-8613-458E-A935-D79EEDE87265}","3","PROTEUS\Bitpusher","2025-11-05 22:08:13","2025-11-05 22:08:18","C:\Users\Bitpusher\AppData\Local\Programs\Python\Python312\python.exe","2025-11-05 22:08:18","System.String[]","2147930108","0","4"
"localhost","739ef21e-5429-4944-9db2-b251b2e12366","False","True","0","4.18.26060.3008","2","1","{D4F7C9B1-A041-4FF8-9379-7F1B482C336E}","3","PROTEUS\Bitpusher","2025-08-13 07:52:24","2025-08-13 07:52:29","D:\Dolos\Dropbox\app\unison\bin\unison.exe","2025-08-13 07:52:29","System.String[]","2147946580","0","3"
"localhost","739ef21e-5429-4944-9db2-b251b2e12366","False","True","0","4.18.26060.3008","2","1","{DDA0D3D2-3590-4760-82D5-8EBB337724E8}","3","PROTEUS\Bitpusher","2025-08-13 08:10:16","2025-08-13 08:10:29","D:\Dolos\Dropbox\app\unison\bin\unison.exe","2025-08-13 08:10:29","System.String[]","2147946580","0","3"
"localhost","739ef21e-5429-4944-9db2-b251b2e12366","False","True","0","4.18.26060.3008","9","1","{F0CF9F13-D4D5-448E-AA11-2BC906A17852}","3","PROTEUS\Bitpusher","2026-03-19 16:26:56","2026-03-19 16:27:31","V:\Dolos\Dropbox\app\FreeFileSync_Donation_Edition_Portable\Bin\FreeFileSync_x64.exe","2026-03-19 16:27:31","System.String[]","2147730094","0","7"
"localhost","739ef21e-5429-4944-9db2-b251b2e12366","False","True","0","4.18.26060.3008","9","1","{FD53F4E9-9D33-4A26-86A2-C79138118E1D}","3","PROTEUS\Bitpusher","2025-07-07 19:35:29","2025-07-15 08:18:03","C:\Windows\explorer.exe","2025-07-15 08:18:03","System.String[]","2147775800","0","106"
"localhost","739ef21e-5429-4944-9db2-b251b2e12366","False","True","0","4.18.26060.3008","2","1","{144C4E82-048C-4D5C-BACA-150C0D3B4FD5}","3","PROTEUS\Bitpusher","2025-08-13 07:59:52","2025-08-13 08:00:04","D:\Dolos\Dropbox\app\unison\bin\unison.exe","2025-08-13 08:00:04","System.String[]","2147946580","0","3"
"localhost","739ef21e-5429-4944-9db2-b251b2e12366","False","True","0","4.18.26060.3008","9","1","{1A33941B-60A2-48A7-A03E-21E8D748E2ED}","3","NT AUTHORITY\SYSTEM","2026-02-19 21:49:58","2026-02-19 21:50:20","C:\Program Files (x86)\Backblaze\x64\bztransmit64.exe","2026-02-19 21:50:20","System.String[]","2147725326","0","7"
"localhost","739ef21e-5429-4944-9db2-b251b2e12366","False","True","0","4.18.26060.3008","2","1","{23877847-9F75-4CD8-8856-9096EEE6119B}","3","PROTEUS\Bitpusher","2025-08-13 08:07:00","2025-08-13 08:07:08","D:\Dolos\Dropbox\app\unison\bin\unison.exe","2025-08-13 08:07:08","System.String[]","2147946580","0","3"
"localhost","739ef21e-5429-4944-9db2-b251b2e12366","False","True","0","4.18.26060.3008","2","1","{2E8B339A-A615-4AB9-9729-6C3DBB0211DC}","3","PROTEUS\Bitpusher","2025-08-13 08:08:32","2025-08-13 08:08:45","D:\Dolos\Dropbox\app\unison\bin\unison.exe","2025-08-13 08:08:45","System.String[]","2147946580","0","3"
"localhost","739ef21e-5429-4944-9db2-b251b2e12366","False","True","0","4.18.26060.3008","9","1","{4A256168-4D57-4694-AADB-9B53EAC67456}","3","PROTEUS\Bitpusher","2025-07-07 19:35:29","2025-07-15 08:18:03","C:\Windows\explorer.exe","2025-07-15 08:18:03","System.String[]","2147766868","0","106"
"localhost","739ef21e-5429-4944-9db2-b251b2e12366","False","True","0","4.18.26060.3008","2","1","{4C594AB1-45D7-4DC2-9301-51D545E8CEE1}","3","PROTEUS\Bitpusher","2025-08-13 07:59:31","2025-08-13 07:59:47","D:\Dolos\Dropbox\app\unison\bin\unison.exe","2025-08-13 07:59:47","System.String[]","2147946580","0","3"
"localhost","739ef21e-5429-4944-9db2-b251b2e12366","False","True","0","4.18.26060.3008","2","1","{64DC9A25-C2BE-47DB-A51D-BFA4BC3D6B29}","3","PROTEUS\Bitpusher","2025-08-13 07:53:47","2025-08-13 07:53:53","D:\Dolos\Dropbox\app\unison\bin\unison.exe","2025-08-13 07:53:53","System.String[]","2147946580","0","3"
"localhost","739ef21e-5429-4944-9db2-b251b2e12366","False","True","0","4.18.26060.3008","2","1","{868DE6A9-AEA7-42AD-BBB4-D9B96FD86BC3}","3","PROTEUS\Bitpusher","2024-08-02 00:20:40","2024-08-02 00:20:55","D:\Dolos\Dropbox\app\unison\bin\unison.exe","2024-08-02 00:20:55","System.String[]","2147725326","0","3"
"localhost","739ef21e-5429-4944-9db2-b251b2e12366","False","True","0","4.18.26060.3008","2","1","{902A42F8-7012-4549-96E1-93BC8B204E82}","3","PROTEUS\Bitpusher","2024-08-01 23:20:44","2024-08-01 23:20:54","C:\Program Files (x86)\Dropbox\Client\Dropbox.exe","2024-08-01 23:20:54","System.String[]","2147725326","0","3"
"localhost","739ef21e-5429-4944-9db2-b251b2e12366","False","True","0","4.18.26060.3008","2","1","{9B9413E3-8A6E-4FC5-A6E2-739CEE190FEF}","3","PROTEUS\Bitpusher","2025-08-13 08:15:38","2025-08-13 08:15:51","D:\Dolos\Dropbox\app\unison\bin\unison.exe","2025-08-13 08:15:51","System.String[]","2147946580","0","3"
"localhost","739ef21e-5429-4944-9db2-b251b2e12366","False","True","0","4.18.26060.3008","2","1","{A985FCF7-1A95-4F12-86AF-C390F3525535}","3","PROTEUS\Bitpusher","2025-08-13 08:13:04","2025-08-13 08:13:17","D:\Dolos\Dropbox\app\unison\bin\unison.exe","2025-08-13 08:13:17","System.String[]","2147946580","0","3"
"localhost","739ef21e-5429-4944-9db2-b251b2e12366","False","True","0","4.18.26060.3008","2","1","{B7700650-9C27-48C7-8CB8-06186AAD5F2E}","3","PROTEUS\Bitpusher","2024-08-02 05:20:54","2024-08-02 05:21:00","C:\Program Files (x86)\Dropbox\Client\Dropbox.exe","2024-08-02 05:21:00","System.String[]","2147725326","0","3"
"localhost","739ef21e-5429-4944-9db2-b251b2e12366","False","True","0","4.18.26060.3008","2","1","{B8C6D497-F9A5-47F9-88E6-6559727AD4ED}","3","PROTEUS\Bitpusher","2025-08-13 07:54:58","2025-08-13 07:55:03","D:\Dolos\Dropbox\app\unison\bin\unison.exe","2025-08-13 07:55:03","System.String[]","2147946580","0","3"
"localhost","739ef21e-5429-4944-9db2-b251b2e12366","False","True","0","4.18.26060.3008","2","1","{C513B746-9454-4482-B992-447D22EE51E5}","3","PROTEUS\Bitpusher","2024-08-01 22:28:12","2024-08-01 22:28:18","D:\Dolos\Dropbox\app\unison\bin\unison.exe","2024-08-01 22:28:18","System.String[]","2147725326","0","3"
"localhost","739ef21e-5429-4944-9db2-b251b2e12366","False","True","0","4.18.26060.3008","2","1","{D5A7E48F-1B3C-4533-A050-7EDC5F2CB85C}","3","PROTEUS\Bitpusher","2024-08-01 23:50:44","2024-08-01 23:50:54","C:\Program Files (x86)\Dropbox\Client\Dropbox.exe","2024-08-01 23:50:54","System.String[]","2147725326","0","3"
"localhost","739ef21e-5429-4944-9db2-b251b2e12366","False","True","0","4.18.26060.3008","2","1","{D9744FA4-85A9-438C-8B1C-F81A744871C6}","3","PROTEUS\Bitpusher","2025-08-13 08:14:49","2025-08-13 08:14:55","D:\Dolos\Dropbox\app\unison\bin\unison.exe","2025-08-13 08:14:55","System.String[]","2147946580","0","3"
"localhost","739ef21e-5429-4944-9db2-b251b2e12366","False","True","0","4.18.26060.3008","2","1","{DDBACC72-7414-41C0-B729-8B5617F3CA61}","3","PROTEUS\Bitpusher","2025-08-13 08:14:14","2025-08-13 08:14:28","D:\Dolos\Dropbox\app\unison\bin\unison.exe","2025-08-13 08:14:28","System.String[]","2147946580","0","3"
"localhost","739ef21e-5429-4944-9db2-b251b2e12366","False","True","0","4.18.26060.3008","2","1","{E81A60A8-E4AC-4B9B-A328-DA2752A62A8C}","3","PROTEUS\Bitpusher","2024-08-02 07:50:48","2024-08-02 07:51:03","D:\Dolos\Dropbox\app\unison\bin\unison.exe","2024-08-02 07:51:03","System.String[]","2147725326","0","3"
"localhost","739ef21e-5429-4944-9db2-b251b2e12366","False","True","0","4.18.26060.3008","2","1","{E852B04E-8076-4170-90CA-7DE646A84B81}","3","PROTEUS\Bitpusher","2025-08-13 08:05:22","2025-08-13 08:05:36","D:\Dolos\Dropbox\app\unison\bin\unison.exe","2025-08-13 08:05:36","System.String[]","2147946580","0","3"
"localhost","739ef21e-5429-4944-9db2-b251b2e12366","False","True","0","4.18.26060.3008","2","1","{F51F0595-44AF-4FEF-B00D-4EFAECB8D57D}","3","PROTEUS\Bitpusher","2024-08-02 08:05:42","2024-08-02 08:05:54","D:\Dolos\Dropbox\app\unison\bin\unison.exe","2024-08-02 08:05:54","System.String[]","2147725326","0","3"
"localhost","739ef21e-5429-4944-9db2-b251b2e12366","False","True","0","4.18.26060.3008","2","1","{02862A82-AA19-4C70-8D89-E97AA340C89D}","3","PROTEUS\Bitpusher","2025-08-13 07:51:42","2025-08-13 07:51:49","D:\Dolos\Dropbox\app\unison\bin\unison.exe","2025-08-13 07:51:49","System.String[]","2147946580","0","3"
"localhost","739ef21e-5429-4944-9db2-b251b2e12366","False","True","0","4.18.26060.3008","2","1","{05908887-F685-47EA-8258-5D4CAB450E92}","3","PROTEUS\Bitpusher","2024-08-02 06:50:46","2024-08-02 06:51:02","D:\Dolos\Dropbox\app\unison\bin\unison.exe","2024-08-02 06:51:02","System.String[]","2147725326","0","3"
"localhost","739ef21e-5429-4944-9db2-b251b2e12366","False","True","0","4.18.26060.3008","2","1","{0C48CBD6-409C-43E1-9BC7-F0CA7D24ECD8}","3","PROTEUS\Bitpusher","2025-08-13 08:00:41","2025-08-13 08:00:48","D:\Dolos\Dropbox\app\unison\bin\unison.exe","2025-08-13 08:00:48","System.String[]","2147946580","0","3"
"localhost","739ef21e-5429-4944-9db2-b251b2e12366","False","True","0","4.18.26060.3008","2","1","{0E986A52-F0CD-456C-A651-C15B01BC60A5}","3","PROTEUS\Bitpusher","2025-08-13 08:14:08","2025-08-13 08:14:14","D:\Dolos\Dropbox\app\unison\bin\unison.exe","2025-08-13 08:14:14","System.String[]","2147946580","0","3"
"localhost","739ef21e-5429-4944-9db2-b251b2e12366","False","True","0","4.18.26060.3008","9","1","{158080BC-ECBC-4A43-B315-C9F31BDF93F4}","3","PROTEUS\Bitpusher","2025-07-07 19:35:10","2025-07-07 19:35:39","C:\Windows\explorer.exe","2025-07-07 19:35:39","System.String[]","2147775800","0","7"
"localhost","739ef21e-5429-4944-9db2-b251b2e12366","False","True","0","4.18.26060.3008","9","1","{16DE906A-81FC-4040-AC34-8D16ED374EF3}","3","PROTEUS\Bitpusher","2024-10-02 21:50:17","2024-10-02 21:50:36","G:\Aragorn\CURRENT\DocFetcher\Java64\bin\javaw.exe","2024-10-02 21:50:36","System.String[]","2147725326","0","7"
"localhost","739ef21e-5429-4944-9db2-b251b2e12366","False","True","0","4.18.26060.3008","2","1","{198E1C2D-88D9-4E43-BC25-250E5269968A}","3","PROTEUS\Bitpusher","2024-08-01 22:31:56","2024-08-01 22:32:02","D:\Dolos\Dropbox\app\unison\bin\unison.exe","2024-08-01 22:32:02","System.String[]","2147725326","0","3"
"localhost","739ef21e-5429-4944-9db2-b251b2e12366","False","True","0","4.18.26060.3008","2","1","{2490ECE4-1A32-456A-8D1D-B29BA902EF50}","3","PROTEUS\Bitpusher","2025-08-13 08:02:13","2025-08-13 08:02:27","D:\Dolos\Dropbox\app\unison\bin\unison.exe","2025-08-13 08:02:27","System.String[]","2147946580","0","3"
"localhost","739ef21e-5429-4944-9db2-b251b2e12366","False","True","0","4.18.26060.3008","2","1","{26202F0F-6CF2-44D6-9544-94AAD25995FA}","3","PROTEUS\Bitpusher","2024-08-02 07:54:35","2024-08-02 07:54:51","D:\Dolos\Dropbox\app\unison\bin\unison.exe","2024-08-02 07:54:51","System.String[]","2147725326","0","3"
"localhost","739ef21e-5429-4944-9db2-b251b2e12366","False","True","0","4.18.26060.3008","2","1","{2975F123-D418-4FD5-A359-2F0188CCBCAA}","3","PROTEUS\Bitpusher","2024-08-01 22:50:44","2024-08-01 22:50:54","C:\Program Files (x86)\Dropbox\Client\Dropbox.exe","2024-08-01 22:50:54","System.String[]","2147725326","0","3"
"localhost","739ef21e-5429-4944-9db2-b251b2e12366","False","True","0","4.18.26060.3008","2","1","{3BC21EF3-3B93-4030-B1DC-6A25ED0D82FD}","3","PROTEUS\Bitpusher","2026-02-18 22:12:48","2026-02-18 22:13:07","C:\Program Files (x86)\Dropbox\Client\Dropbox.exe","2026-02-18 22:13:07","System.String[]","2147836614","-2142207965","103"
"localhost","739ef21e-5429-4944-9db2-b251b2e12366","False","True","0","4.18.26060.3008","2","1","{41E37BB9-FB5B-42C7-8DE3-CB12D261CBEF}","3","PROTEUS\Bitpusher","2024-08-01 18:20:33","2024-08-01 18:20:49","D:\Dolos\Dropbox\app\unison\bin\unison.exe","2024-08-01 18:20:49","System.String[]","2147725326","0","3"
"localhost","739ef21e-5429-4944-9db2-b251b2e12366","False","True","0","4.18.26060.3008","2","1","{5115183E-F388-46EA-AE27-AD898E1F4284}","3","PROTEUS\Bitpusher","2024-08-02 07:26:36","2024-08-02 07:26:47","D:\Dolos\Dropbox\app\unison\bin\unison.exe","2024-08-02 07:26:47","System.String[]","2147725326","0","3"
"localhost","739ef21e-5429-4944-9db2-b251b2e12366","False","True","0","4.18.26060.3008","2","1","{6B1E724C-D6A4-47A1-8D96-DDAFE7A8A40B}","3","PROTEUS\Bitpusher","2025-08-13 08:06:40","2025-08-13 08:06:53","D:\Dolos\Dropbox\app\unison\bin\unison.exe","2025-08-13 08:06:53","System.String[]","2147946580","0","3"
"localhost","739ef21e-5429-4944-9db2-b251b2e12366","False","True","0","4.18.26060.3008","2","1","{79715BF9-CDE6-40F4-9EC7-9C2CF4FAC66E}","3","PROTEUS\Bitpusher","2024-08-01 15:11:33","2024-08-01 15:11:39","C:\Program Files (x86)\Dropbox\Client\Dropbox.exe","2024-08-01 15:11:39","System.String[]","2147725326","0","3"
"localhost","739ef21e-5429-4944-9db2-b251b2e12366","False","True","0","4.18.26060.3008","9","1","{7B7F36B5-5258-46D0-BDC1-E33CAFDDFBDB}","3","PROTEUS\Bitpusher","2024-11-20 00:37:54","2024-11-20 00:38:12","C:\Program Files\Everything 1.5a\Everything64.exe","2024-11-20 00:38:12","System.String[]","2147890630","0","7"
"localhost","739ef21e-5429-4944-9db2-b251b2e12366","False","True","0","4.18.26060.3008","2","1","{82326CE0-35F8-465E-8F41-F7EFBB731E5A}","3","PROTEUS\Bitpusher","2024-08-01 19:50:35","2024-08-01 19:50:50","D:\Dolos\Dropbox\app\unison\bin\unison.exe","2024-08-01 19:50:50","System.String[]","2147725326","0","3"
"localhost","739ef21e-5429-4944-9db2-b251b2e12366","False","True","0","4.18.26060.3008","9","1","{9333CC96-F61B-426F-B383-DB3700954829}","3","PROTEUS\Bitpusher","2026-02-18 22:20:33","2026-02-18 22:21:06","C:\Program Files (x86)\Dropbox\Client\Dropbox.exe","2026-02-18 22:21:06","System.String[]","2147782947","0","7"
"localhost","739ef21e-5429-4944-9db2-b251b2e12366","False","True","0","4.18.26060.3008","9","1","{93F6E11D-80CE-4678-B6A7-67B855509DE6}","3","PROTEUS\Bitpusher","2025-10-14 08:52:29","2025-10-14 08:52:59","C:\Program Files\PowerShell\7\pwsh.exe","2025-10-14 08:52:59","System.String[]","2147720870","0","7"
"localhost","739ef21e-5429-4944-9db2-b251b2e12366","False","True","0","4.18.26060.3008","2","1","{9DECD829-445E-4E73-827A-9EB8C30323F2}","3","PROTEUS\Bitpusher","2025-08-13 08:00:34","2025-08-13 08:00:48","D:\Dolos\Dropbox\app\unison\bin\unison.exe","2025-08-13 08:00:48","System.String[]","2147946580","0","3"
"localhost","739ef21e-5429-4944-9db2-b251b2e12366","False","True","0","4.18.26060.3008","9","1","{A29D2A95-CE48-4724-A71F-4F6584F08BA3}","3","PROTEUS\Bitpusher","2024-10-08 09:13:50","2024-10-08 09:14:04","D:\Dolos\Dropbox\app\unison\bin\unison-gui.exe","2024-10-08 09:14:04","System.String[]","2147740779","0","7"
"localhost","739ef21e-5429-4944-9db2-b251b2e12366","False","True","0","4.18.26060.3008","2","1","{A2CFC9BB-A21A-4CCB-9AC0-BAEC64849919}","3","PROTEUS\Bitpusher","2025-07-07 18:21:46","2025-07-07 18:21:59","C:\Users\Bitpusher\Desktop\nxc.exe","2025-07-07 18:21:59","System.String[]","2147826620","-2142207965","103"
"localhost","739ef21e-5429-4944-9db2-b251b2e12366","False","True","0","4.18.26060.3008","9","1","{A4587C14-423C-45A4-940F-FD905D093374}","3","PROTEUS\Bitpusher","2024-07-08 08:36:53","2024-07-08 08:37:11","C:\Windows\explorer.exe","2024-07-08 08:37:11","System.String[]","2147910762","0","7"
"localhost","739ef21e-5429-4944-9db2-b251b2e12366","False","True","0","4.18.26060.3008","2","1","{B053CFD9-76E7-4EB2-B349-46F1BDABD281}","3","PROTEUS\Bitpusher","2024-07-29 21:56:12","2024-07-29 21:56:18","D:\Dolos\Dropbox\app\unison\bin\unison.exe","2024-07-29 21:56:18","System.String[]","2147740779","0","3"
"localhost","739ef21e-5429-4944-9db2-b251b2e12366","False","True","0","4.18.26060.3008","2","1","{B28835A0-FE60-4354-B75F-AEAE1B7D51BE}","3","PROTEUS\Bitpusher","2025-08-13 08:16:55","2025-08-13 08:17:02","C:\Program Files (x86)\Dropbox\Client\Dropbox.exe","2025-08-13 08:17:02","System.String[]","2147946580","0","3"
"localhost","739ef21e-5429-4944-9db2-b251b2e12366","False","True","0","4.18.26060.3008","2","1","{B9AEC678-C1D6-4434-96DD-04D601BF2610}","3","PROTEUS\Bitpusher","2024-08-02 06:20:46","2024-08-02 06:21:01","D:\Dolos\Dropbox\app\unison\bin\unison.exe","2024-08-02 06:21:01","System.String[]","2147725326","0","3"
"localhost","739ef21e-5429-4944-9db2-b251b2e12366","False","True","0","4.18.26060.3008","2","1","{BF255933-A831-4021-A741-233842DCCAC0}","3","PROTEUS\Bitpusher","2025-08-13 08:10:08","2025-08-13 08:10:15","C:\Program Files (x86)\Dropbox\Client\Dropbox.exe","2025-08-13 08:10:15","System.String[]","2147946580","0","3"
"localhost","739ef21e-5429-4944-9db2-b251b2e12366","False","True","0","4.18.26060.3008","9","1","{BFC7906C-3EAF-4EE3-8350-68953E447F55}","3","PROTEUS\Bitpusher","2025-07-07 19:35:10","2025-07-07 19:35:39","C:\Windows\explorer.exe","2025-07-07 19:35:39","System.String[]","2147766868","0","7"
"localhost","739ef21e-5429-4944-9db2-b251b2e12366","False","True","0","4.18.26060.3008","2","1","{C738BBE4-A8F2-4696-A311-A46A25BE6BC2}","3","PROTEUS\Bitpusher","2025-08-13 08:17:37","2025-08-13 08:17:44","C:\Program Files (x86)\Dropbox\Client\Dropbox.exe","2025-08-13 08:17:44","System.String[]","2147946580","0","3"
"localhost","739ef21e-5429-4944-9db2-b251b2e12366","False","True","0","4.18.26060.3008","2","1","{D493602E-9B28-4590-9515-31A15CFC3802}","3","PROTEUS\Bitpusher","2025-08-13 08:07:43","2025-08-13 08:07:56","D:\Dolos\Dropbox\app\unison\bin\unison.exe","2025-08-13 08:07:56","System.String[]","2147946580","0","3"
"localhost","739ef21e-5429-4944-9db2-b251b2e12366","False","True","0","4.18.26060.3008","2","1","{D89522A0-C632-4137-B608-E049FB4C46AE}","3","PROTEUS\Bitpusher","2025-08-13 08:06:05","2025-08-13 08:06:19","D:\Dolos\Dropbox\app\unison\bin\unison.exe","2025-08-13 08:06:19","System.String[]","2147946580","0","3"
"localhost","739ef21e-5429-4944-9db2-b251b2e12366","False","True","0","4.18.26060.3008","2","1","{DC2545E1-8D14-4215-9B64-637DCE094899}","3","PROTEUS\Bitpusher","2025-08-13 08:13:25","2025-08-13 08:13:31","D:\Dolos\Dropbox\app\unison\bin\unison.exe","2025-08-13 08:13:31","System.String[]","2147946580","0","3"
"localhost","739ef21e-5429-4944-9db2-b251b2e12366","False","True","0","4.18.26060.3008","2","1","{FC5D4F2F-CF58-4BEA-BEEE-C8FC333A9E98}","3","PROTEUS\Bitpusher","2025-08-13 07:54:23","2025-08-13 07:54:36","D:\Dolos\Dropbox\app\unison\bin\unison.exe","2025-08-13 07:54:36","System.String[]","2147946580","0","3"
"localhost","739ef21e-5429-4944-9db2-b251b2e12366","False","True","0","4.18.26060.3008","2","1","{0C60B804-DF8F-400C-8F62-1F55F71F4A96}","3","PROTEUS\Bitpusher","2024-08-01 23:34:51","2024-08-01 23:35:07","D:\Dolos\Dropbox\app\unison\bin\unison.exe","2024-08-01 23:35:07","System.String[]","2147725326","0","3"
"localhost","739ef21e-5429-4944-9db2-b251b2e12366","False","True","0","4.18.26060.3008","2","1","{0CD2650E-E1E9-44D5-9158-9A947C7263C3}","3","PROTEUS\Bitpusher","2024-08-01 23:53:55","2024-08-01 23:54:00","C:\Program Files (x86)\Dropbox\Client\Dropbox.exe","2024-08-01 23:54:00","System.String[]","2147725326","0","3"
"localhost","739ef21e-5429-4944-9db2-b251b2e12366","False","True","0","4.18.26060.3008","9","1","{2D561FA9-8EC5-48DB-B69B-C9AC0277B4B0}","3","PROTEUS\Bitpusher","2024-08-03 13:07:40","2024-08-03 13:07:54","C:\Program Files (x86)\Dropbox\Client\Dropbox.exe","2024-08-03 13:07:54","System.String[]","2147910762","0","7"
"localhost","739ef21e-5429-4944-9db2-b251b2e12366","False","True","0","4.18.26060.3008","2","1","{326834B2-F96D-4DD7-A417-E579FB0110FE}","3","PROTEUS\Bitpusher","2024-08-01 23:25:52","2024-08-01 23:25:57","D:\Dolos\Dropbox\app\unison\bin\unison.exe","2024-08-01 23:25:57","System.String[]","2147725326","0","3"
"localhost","739ef21e-5429-4944-9db2-b251b2e12366","False","True","0","4.18.26060.3008","2","1","{33159F2C-3984-49F5-8F75-4A503C27616A}","3","PROTEUS\Bitpusher","2024-08-02 00:26:04","2024-08-02 00:26:15","D:\Dolos\Dropbox\app\unison\bin\unison.exe","2024-08-02 00:26:15","System.String[]","2147725326","0","3"
"localhost","739ef21e-5429-4944-9db2-b251b2e12366","False","True","0","4.18.26060.3008","2","1","{4C71012E-7E56-4FE8-8DB1-9610F9D5AE9F}","3","PROTEUS\Bitpusher","2025-07-07 18:20:08","2025-07-07 18:20:30","C:\Users\Bitpusher\Desktop\nxc.exe","2025-07-07 18:20:30","System.String[]","2147840732","-2142207965","103"
"localhost","739ef21e-5429-4944-9db2-b251b2e12366","False","True","0","4.18.26060.3008","2","1","{50AD5F9E-558A-4241-A472-537372DB77D1}","2","NT AUTHORITY\SYSTEM","2024-07-03 08:26:38","2024-07-03 08:26:43","C:\Program Files (x86)\Dropbox\Client\Dropbox.exe","2024-07-03 08:26:43","System.String[]","2147895046","0","3"
"localhost","739ef21e-5429-4944-9db2-b251b2e12366","False","True","0","4.18.26060.3008","2","1","{50E00343-C1F5-4245-B86B-EC029802407A}","3","PROTEUS\Bitpusher","2025-08-13 08:12:14","2025-08-13 08:12:21","D:\Dolos\Dropbox\app\unison\bin\unison.exe","2025-08-13 08:12:21","System.String[]","2147946580","0","3"
"localhost","739ef21e-5429-4944-9db2-b251b2e12366","False","True","0","4.18.26060.3008","2","1","{55B88255-BF22-40D8-BB6A-C458EFB68580}","3","PROTEUS\Bitpusher","2025-08-13 08:13:18","2025-08-13 08:13:31","D:\Dolos\Dropbox\app\unison\bin\unison.exe","2025-08-13 08:13:31","System.String[]","2147946580","0","3"
"localhost","739ef21e-5429-4944-9db2-b251b2e12366","False","True","0","4.18.26060.3008","2","1","{7E72B86B-80D8-4926-A268-DE1E2B445CD3}","3","PROTEUS\Bitpusher","2025-08-13 07:59:17","2025-08-13 07:59:29","D:\Dolos\Dropbox\app\unison\bin\unison.exe","2025-08-13 07:59:29","System.String[]","2147946580","0","3"
"localhost","739ef21e-5429-4944-9db2-b251b2e12366","False","True","0","4.18.26060.3008","9","1","{89A2A0A9-85C8-4176-848F-CEA40110BFDF}","3","PROTEUS\Bitpusher","2025-07-07 19:35:29","2025-07-15 08:18:03","C:\Windows\explorer.exe","2025-07-15 08:18:03","System.String[]","2147838408","0","106"
"localhost","739ef21e-5429-4944-9db2-b251b2e12366","False","True","0","4.18.26060.3008","2","1","{99DFF4DD-DA3D-43C1-94C0-3E0D3D9BFA6B}","3","PROTEUS\Bitpusher","2024-08-01 15:07:51","2024-08-01 15:08:09","D:\Dolos\Dropbox\app\unison\bin\unison.exe","2024-08-01 15:08:09","System.String[]","2147725326","0","3"
"localhost","739ef21e-5429-4944-9db2-b251b2e12366","False","True","0","4.18.26060.3008","2","1","{9FB36F69-9418-4316-9F87-0E6DF4E4DC2E}","3","PROTEUS\Bitpusher","2025-08-13 07:58:20","2025-08-13 07:58:34","D:\Dolos\Dropbox\app\unison\bin\unison.exe","2025-08-13 07:58:34","System.String[]","2147946580","0","3"
"localhost","739ef21e-5429-4944-9db2-b251b2e12366","False","True","0","4.18.26060.3008","2","1","{A96F9DCC-30CF-49D2-833F-9935F0B8921F}","3","PROTEUS\Bitpusher","2025-08-13 07:57:31","2025-08-13 07:57:36","D:\Dolos\Dropbox\app\unison\bin\unison.exe","2025-08-13 07:57:36","System.String[]","2147946580","0","3"
"localhost","739ef21e-5429-4944-9db2-b251b2e12366","False","True","0","4.18.26060.3008","3","1","{ABA89CEE-0754-488E-9AB0-89840564D778}","3","PROTEUS\Bitpusher","2025-01-28 14:57:28","2025-01-28 14:57:33","D:\Dolos\Run\FirefoxPortableDeveloper\App\firefox64\firefox.exe","2025-01-28 14:57:33","System.String[]","2147900118","0","4"
"localhost","739ef21e-5429-4944-9db2-b251b2e12366","False","True","0","4.18.26060.3008","2","1","{BC6433D1-25CA-47D9-9BBE-FF26CCC57BBC}","3","PROTEUS\Bitpusher","2024-08-01 19:20:40","2024-08-01 19:20:49","C:\Program Files (x86)\Dropbox\Client\Dropbox.exe","2024-08-01 19:20:49","System.String[]","2147725326","0","3"
"localhost","739ef21e-5429-4944-9db2-b251b2e12366","False","True","0","4.18.26060.3008","2","1","{C09E6E8C-AF9D-41BA-93E1-62856B2FA57C}","3","PROTEUS\Bitpusher","2025-08-13 07:57:38","2025-08-13 07:57:50","D:\Dolos\Dropbox\app\unison\bin\unison.exe","2025-08-13 07:57:50","System.String[]","2147946580","0","3"
"localhost","739ef21e-5429-4944-9db2-b251b2e12366","False","True","0","4.18.26060.3008","2","1","{C63CAE6A-2D77-4036-85CE-BFFA0D769809}","3","PROTEUS\Bitpusher","2025-08-13 07:53:40","2025-08-13 07:53:53","D:\Dolos\Dropbox\app\unison\bin\unison.exe","2025-08-13 07:53:53","System.String[]","2147946580","0","3"
"localhost","739ef21e-5429-4944-9db2-b251b2e12366","False","True","0","4.18.26060.3008","9","1","{CD058490-32A5-48BE-A8A1-B57D1A13789F}","3","NT AUTHORITY\SYSTEM","2026-04-26 20:36:15","2026-04-26 20:36:30","C:\Program Files (x86)\Backblaze\x64\bztransmit64.exe","2026-04-26 20:36:30","System.String[]","2147761265","0","7"
"localhost","739ef21e-5429-4944-9db2-b251b2e12366","False","True","0","4.18.26060.3008","2","1","{D3EF6D2B-D409-4747-9F49-0B931F850D3C}","3","PROTEUS\Bitpusher","2025-08-13 08:14:28","2025-08-13 08:14:41","D:\Dolos\Dropbox\app\unison\bin\unison.exe","2025-08-13 08:14:41","System.String[]","2147946580","0","3"
"localhost","739ef21e-5429-4944-9db2-b251b2e12366","False","True","0","4.18.26060.3008","3","1","{E7E146B7-972F-45CC-85A8-E67B65D82858}","3","PROTEUS\Bitpusher","2025-11-05 22:02:17","2025-11-05 22:02:22","C:\Users\Bitpusher\AppData\Local\Programs\Python\Python312\python.exe","2025-11-05 22:02:22","System.String[]","2147842772","0","4"
"localhost","739ef21e-5429-4944-9db2-b251b2e12366","False","True","0","4.18.26060.3008","9","1","{FB8976F5-726E-4CB2-92DE-792149F544CD}","3","PROTEUS\Bitpusher","2026-02-18 21:49:47","2026-02-18 21:50:15","D:\Dolos\Dropbox\app\unison\bin\unison-gui.exe","2026-02-18 21:50:15","System.String[]","2147782947","0","7"
"localhost","739ef21e-5429-4944-9db2-b251b2e12366","False","True","0","4.18.26060.3008","2","1","{041C50C2-7AE5-496D-AA1E-3952C5735D8D}","3","PROTEUS\Bitpusher","2025-08-13 07:51:13","2025-08-13 07:51:25","D:\Dolos\Dropbox\app\unison\bin\unison.exe","2025-08-13 07:51:25","System.String[]","2147946580","0","3"
"localhost","739ef21e-5429-4944-9db2-b251b2e12366","False","True","0","4.18.26060.3008","2","1","{066B0E04-0543-495C-9A5F-ED3416FAB620}","3","PROTEUS\Bitpusher","2025-08-13 07:54:01","2025-08-13 07:54:06","D:\Dolos\Dropbox\app\unison\bin\unison.exe","2025-08-13 07:54:06","System.String[]","2147946580","0","3"
"localhost","739ef21e-5429-4944-9db2-b251b2e12366","False","True","0","4.18.26060.3008","2","1","{0A270873-41D9-41BA-8E2A-0132DF8AEFA5}","3","PROTEUS\Bitpusher","2025-08-13 07:54:43","2025-08-13 07:54:50","D:\Dolos\Dropbox\app\unison\bin\unison.exe","2025-08-13 07:54:50","System.String[]","2147946580","0","3"
"localhost","739ef21e-5429-4944-9db2-b251b2e12366","False","True","0","4.18.26060.3008","2","1","{11205C46-CBBA-4E96-A871-A85078464BBE}","3","PROTEUS\Bitpusher","2024-08-01 20:20:45","2024-08-01 20:20:50","C:\Program Files (x86)\Dropbox\Client\Dropbox.exe","2024-08-01 20:20:50","System.String[]","2147725326","0","3"
"localhost","739ef21e-5429-4944-9db2-b251b2e12366","False","True","0","4.18.26060.3008","2","1","{19868EC1-11AE-4E48-A344-925974781393}","3","PROTEUS\Bitpusher","2024-08-01 21:20:46","2024-08-01 21:20:52","C:\Program Files (x86)\Dropbox\Client\Dropbox.exe","2024-08-01 21:20:52","System.String[]","2147725326","0","3"
"localhost","739ef21e-5429-4944-9db2-b251b2e12366","False","True","0","4.18.26060.3008","2","1","{38610B07-8887-4F7C-B2FB-DE09209C7947}","3","PROTEUS\Bitpusher","2025-08-13 07:52:02","2025-08-13 07:52:14","D:\Dolos\Dropbox\app\unison\bin\unison.exe","2025-08-13 07:52:14","System.String[]","2147946580","0","3"
"localhost","739ef21e-5429-4944-9db2-b251b2e12366","False","True","0","4.18.26060.3008","2","1","{38BBBA63-2A77-45B1-8394-F5972CD6CD0E}","3","PROTEUS\Bitpusher","2024-08-01 15:11:27","2024-08-01 15:11:39","D:\Dolos\Dropbox\app\unison\bin\unison.exe","2024-08-01 15:11:39","System.String[]","2147725326","0","3"
"localhost","739ef21e-5429-4944-9db2-b251b2e12366","False","True","0","4.18.26060.3008","9","1","{3A0FBEA4-2A0D-4C97-B5E6-B751FC1B5D60}","3","PROTEUS\Bitpusher","2024-11-26 19:55:26","2024-11-26 19:55:44","C:\Program Files (x86)\Dropbox\Client\Dropbox.exe","2024-11-26 19:55:44","System.String[]","2147910762","0","7"
"localhost","739ef21e-5429-4944-9db2-b251b2e12366","False","True","0","4.18.26060.3008","2","1","{3D497D26-4085-43A9-8CD1-D8C83A1314FA}","3","PROTEUS\Bitpusher","2025-08-13 08:11:46","2025-08-13 08:11:53","D:\Dolos\Dropbox\app\unison\bin\unison.exe","2025-08-13 08:11:53","System.String[]","2147946580","0","3"
"localhost","739ef21e-5429-4944-9db2-b251b2e12366","False","True","0","4.18.26060.3008","2","1","{3FCA7B7D-0306-428E-8A75-C9048A7DD43D}","3","PROTEUS\Bitpusher","2025-08-13 08:17:22","2025-08-13 08:17:30","C:\Program Files (x86)\Dropbox\Client\Dropbox.exe","2025-08-13 08:17:30","System.String[]","2147946580","0","3"
"localhost","739ef21e-5429-4944-9db2-b251b2e12366","False","True","0","4.18.26060.3008","2","1","{44E09BC9-5C6F-4C7D-8D93-4808D54D0AD1}","3","PROTEUS\Bitpusher","2024-08-01 18:50:34","2024-08-01 18:50:49","D:\Dolos\Dropbox\app\unison\bin\unison.exe","2024-08-01 18:50:49","System.String[]","2147725326","0","3"
"localhost","739ef21e-5429-4944-9db2-b251b2e12366","False","True","0","4.18.26060.3008","9","1","{541A968C-5966-48F1-8CFB-45E194B14C71}","3","PROTEUS\Bitpusher","2024-08-02 08:06:11","2024-08-02 08:06:23","D:\Dolos\Dropbox\app\Notepad++\notepad++.exe","2024-08-02 08:06:23","System.String[]","2147725326","0","7"
"localhost","739ef21e-5429-4944-9db2-b251b2e12366","False","True","0","4.18.26060.3008","9","1","{55A9844E-0FB5-47EA-8B8E-0E3C9F1D378A}","3","NT AUTHORITY\SYSTEM","2026-04-26 20:27:23","2026-04-26 20:27:37","C:\Program Files (x86)\Backblaze\x64\bztransmit64.exe","2026-04-26 20:27:37","System.String[]","2147755611","0","7"
"localhost","739ef21e-5429-4944-9db2-b251b2e12366","False","True","0","4.18.26060.3008","2","1","{6374DEA2-8B33-4EC3-AF01-373075BFD2D1}","3","PROTEUS\Bitpusher","2025-08-13 08:15:32","2025-08-13 08:15:37","D:\Dolos\Dropbox\app\unison\bin\unison.exe","2025-08-13 08:15:37","System.String[]","2147946580","0","3"
"localhost","739ef21e-5429-4944-9db2-b251b2e12366","False","True","0","4.18.26060.3008","2","1","{6E40A149-25D7-4075-8DF2-FF683A016560}","3","PROTEUS\Bitpusher","2024-08-02 03:50:43","2024-08-02 03:50:58","D:\Dolos\Dropbox\app\unison\bin\unison.exe","2024-08-02 03:50:58","System.String[]","2147725326","0","3"
"localhost","739ef21e-5429-4944-9db2-b251b2e12366","False","True","0","4.18.26060.3008","2","1","{8143F0DE-15D2-447F-965B-A3E8E411E1D6}","3","PROTEUS\Bitpusher","2026-02-16 12:08:15","2026-02-16 12:08:53","C:\Program Files (x86)\Dropbox\Client\Dropbox.exe","2026-02-16 12:08:53","System.String[]","2147918427","0","3"
"localhost","739ef21e-5429-4944-9db2-b251b2e12366","False","True","0","4.18.26060.3008","9","1","{858926E5-F0DB-4187-8A22-3A2A55A57F85}","3","PROTEUS\Bitpusher","2025-07-07 19:35:29","2025-07-15 08:18:03","C:\Windows\explorer.exe","2025-07-15 08:18:03","System.String[]","2147767610","0","106"
"localhost","739ef21e-5429-4944-9db2-b251b2e12366","False","True","0","4.18.26060.3008","2","1","{8BCBEE77-646D-4B8F-B3B5-D35AC846366C}","3","PROTEUS\Bitpusher","2024-08-02 07:57:44","2024-08-02 07:58:00","D:\Dolos\Dropbox\app\unison\bin\unison.exe","2024-08-02 07:58:00","System.String[]","2147725326","0","3"
"localhost","739ef21e-5429-4944-9db2-b251b2e12366","False","True","0","4.18.26060.3008","2","1","{8F6AE2EE-A070-460D-8EA6-5B6159FB3AF6}","3","PROTEUS\Bitpusher","2025-08-13 08:04:55","2025-08-13 08:05:01","D:\Dolos\Dropbox\app\unison\bin\unison.exe","2025-08-13 08:05:01","System.String[]","2147946580","0","3"
"localhost","739ef21e-5429-4944-9db2-b251b2e12366","False","True","0","4.18.26060.3008","2","1","{91DFE71C-5132-4475-AF6B-704595BF962A}","3","PROTEUS\Bitpusher","2025-10-20 16:38:11","2025-10-20 16:38:26","D:\Dolos\Dropbox\app\unison\bin\unison.exe","2025-10-20 16:38:26","System.String[]","2147910762","0","3"
"localhost","739ef21e-5429-4944-9db2-b251b2e12366","False","True","0","4.18.26060.3008","2","1","{97CC0DE3-C945-4C36-81A4-806A3B5054A4}","3","PROTEUS\Bitpusher","2024-08-02 01:20:40","2024-08-02 01:20:56","D:\Dolos\Dropbox\app\unison\bin\unison.exe","2024-08-02 01:20:56","System.String[]","2147725326","0","3"
"localhost","739ef21e-5429-4944-9db2-b251b2e12366","False","True","0","4.18.26060.3008","2","1","{9CB04297-5668-4D61-A350-501632E925AE}","3","PROTEUS\Bitpusher","2024-08-01 23:35:40","2024-08-01 23:35:51","D:\Dolos\Dropbox\app\unison\bin\unison.exe","2024-08-01 23:35:51","System.String[]","2147725326","0","3"
"localhost","739ef21e-5429-4944-9db2-b251b2e12366","False","True","0","4.18.26060.3008","2","1","{9EF5863F-431F-4E8D-AC57-89000423A6BC}","3","PROTEUS\Bitpusher","2025-08-13 07:57:59","2025-08-13 07:58:05","D:\Dolos\Dropbox\app\unison\bin\unison.exe","2025-08-13 07:58:05","System.String[]","2147946580","0","3"
"localhost","739ef21e-5429-4944-9db2-b251b2e12366","False","True","0","4.18.26060.3008","2","1","{A67C34F2-553C-472B-9AEA-054310FB5CD2}","3","PROTEUS\Bitpusher","2024-08-01 22:27:45","2024-08-01 22:27:51","D:\Dolos\Dropbox\app\unison\bin\unison.exe","2024-08-01 22:27:51","System.String[]","2147725326","0","3"
"localhost","739ef21e-5429-4944-9db2-b251b2e12366","False","True","0","4.18.26060.3008","2","1","{B44C134B-4E34-4542-993C-F4FBF650E1F5}","3","PROTEUS\Bitpusher","2026-02-18 22:18:49","2026-02-18 22:19:06","C:\Program Files (x86)\Dropbox\Client\Dropbox.exe","2026-02-18 22:19:06","System.String[]","2147910578","-2142207965","103"
"localhost","739ef21e-5429-4944-9db2-b251b2e12366","False","True","0","4.18.26060.3008","2","1","{CA43E8B4-3BCC-412F-BC27-70434CB34640}","3","PROTEUS\Bitpusher","2025-08-13 08:17:31","2025-08-13 08:17:44","D:\Dolos\Dropbox\app\unison\bin\unison.exe","2025-08-13 08:17:44","System.String[]","2147946580","0","3"
"localhost","739ef21e-5429-4944-9db2-b251b2e12366","False","True","0","4.18.26060.3008","2","1","{DFBAC15E-35BF-42F3-9B27-7EFCD5FE42A7}","3","PROTEUS\Bitpusher","2025-08-13 08:02:19","2025-08-13 08:02:27","D:\Dolos\Dropbox\app\unison\bin\unison.exe","2025-08-13 08:02:27","System.String[]","2147946580","0","3"
"localhost","739ef21e-5429-4944-9db2-b251b2e12366","False","True","0","4.18.26060.3008","2","1","{E287A545-8270-4BF2-BC47-A26963FFB7D7}","3","PROTEUS\Bitpusher","2024-08-02 04:50:50","2024-08-02 04:50:59","C:\Program Files (x86)\Dropbox\Client\Dropbox.exe","2024-08-02 04:50:59","System.String[]","2147725326","0","3"
"localhost","739ef21e-5429-4944-9db2-b251b2e12366","False","True","0","4.18.26060.3008","2","1","{E3A8F994-92A7-40C2-96BE-3ABCBF972549}","3","PROTEUS\Bitpusher","2025-08-13 08:10:50","2025-08-13 08:10:58","D:\Dolos\Dropbox\app\unison\bin\unison.exe","2025-08-13 08:10:58","System.String[]","2147946580","0","3"
"localhost","739ef21e-5429-4944-9db2-b251b2e12366","False","True","0","4.18.26060.3008","2","1","{EA0A6AFF-0242-447E-8565-2F962ADF8B99}","3","PROTEUS\Bitpusher","2025-10-20 16:38:51","2025-10-20 16:38:57","C:\Program Files (x86)\Dropbox\Client\Dropbox.exe","2025-10-20 16:38:57","System.String[]","2147910762","0","3"
"localhost","739ef21e-5429-4944-9db2-b251b2e12366","False","True","0","4.18.26060.3008","2","1","{F790D1F4-ECBB-4136-B3FA-1DF0650EBF78}","3","PROTEUS\Bitpusher","2025-08-13 07:58:35","2025-08-13 07:58:48","D:\Dolos\Dropbox\app\unison\bin\unison.exe","2025-08-13 07:58:48","System.String[]","2147946580","0","3"
"localhost","739ef21e-5429-4944-9db2-b251b2e12366","False","True","0","4.18.26060.3008","2","1","{FFCE2221-09D0-4A4A-A0CC-6BECA7AA05B1}","3","PROTEUS\Bitpusher","2024-08-02 00:30:58","2024-08-02 00:31:04","C:\Program Files (x86)\Dropbox\Client\Dropbox.exe","2024-08-02 00:31:04","System.String[]","2147725326","0","3"
"localhost","739ef21e-5429-4944-9db2-b251b2e12366","False","True","0","4.18.26060.3008","2","1","{060CAAF5-5DF4-45DF-AE91-B8FA69DB3E3C}","3","PROTEUS\Bitpusher","2025-08-13 08:09:12","2025-08-13 08:09:20","D:\Dolos\Dropbox\app\unison\bin\unison.exe","2025-08-13 08:09:20","System.String[]","2147946580","0","3"
"localhost","739ef21e-5429-4944-9db2-b251b2e12366","False","True","0","4.18.26060.3008","3","0","{071E2303-B8F1-4D04-97A0-7A4DC657BE2E}","2","NT AUTHORITY\SYSTEM","2025-02-05 22:23:27","2025-02-05 22:23:43","Unknown","2025-02-05 22:23:43","System.String[]","2147786203","0","4"
"localhost","739ef21e-5429-4944-9db2-b251b2e12366","False","True","0","4.18.26060.3008","2","1","{07CF870B-F2FF-4636-B6A1-3AAA853F92C0}","2","NT AUTHORITY\SYSTEM","2024-08-02 00:23:49","2024-08-02 00:23:55","C:\Program Files (x86)\Dropbox\Client\Dropbox.exe","2024-08-02 00:23:55","System.String[]","2147725326","0","3"
"localhost","739ef21e-5429-4944-9db2-b251b2e12366","False","True","0","4.18.26060.3008","2","1","{11033D25-AD9E-4E6A-8A37-01A9FECC8991}","3","PROTEUS\Bitpusher","2025-08-13 07:59:10","2025-08-13 07:59:15","D:\Dolos\Dropbox\app\unison\bin\unison.exe","2025-08-13 07:59:15","System.String[]","2147946580","0","3"
"localhost","739ef21e-5429-4944-9db2-b251b2e12366","False","True","0","4.18.26060.3008","2","1","{21D36D12-A594-4F06-9913-B615C8BD0EE2}","3","PROTEUS\Bitpusher","2024-08-01 15:18:30","2024-08-01 15:18:47","D:\Dolos\Dropbox\app\unison\bin\unison.exe","2024-08-01 15:18:47","System.String[]","2147725326","0","3"
"localhost","739ef21e-5429-4944-9db2-b251b2e12366","False","True","0","4.18.26060.3008","2","1","{2DDC2E2A-0E7C-4694-A8B1-86B859ADC302}","3","PROTEUS\Bitpusher","2025-08-13 07:54:15","2025-08-13 07:54:21","D:\Dolos\Dropbox\app\unison\bin\unison.exe","2025-08-13 07:54:21","System.String[]","2147946580","0","3"
"localhost","739ef21e-5429-4944-9db2-b251b2e12366","False","True","0","4.18.26060.3008","2","1","{40BF6F3C-B036-4F88-A30A-1BDEA6226036}","3","PROTEUS\Bitpusher","2024-08-01 15:50:41","2024-08-01 15:50:46","C:\Program Files (x86)\Dropbox\Client\Dropbox.exe","2024-08-01 15:50:46","System.String[]","2147725326","0","3"
"localhost","739ef21e-5429-4944-9db2-b251b2e12366","False","True","0","4.18.26060.3008","2","1","{451585F8-B6C2-4C4E-B6DD-34C34C2F108F}","3","PROTEUS\Bitpusher","2024-08-02 02:20:47","2024-08-02 02:20:57","C:\Program Files (x86)\Dropbox\Client\Dropbox.exe","2024-08-02 02:20:57","System.String[]","2147725326","0","3"
"localhost","739ef21e-5429-4944-9db2-b251b2e12366","False","True","0","4.18.26060.3008","2","1","{49035A61-1799-4F82-B146-0F90C032399C}","3","PROTEUS\Bitpusher","2025-08-13 08:18:13","2025-08-13 08:18:26","D:\Dolos\Dropbox\app\unison\bin\unison.exe","2025-08-13 08:18:26","System.String[]","2147946580","0","3"
"localhost","739ef21e-5429-4944-9db2-b251b2e12366","False","True","0","4.18.26060.3008","2","1","{54A47B7F-456A-4C4A-9565-FBFC7B3A5AC7}","3","PROTEUS\Bitpusher","2026-06-12 12:56:19","2026-06-12 12:56:36","C:\Windows\explorer.exe","2026-06-12 12:56:36","System.String[]","2147890738","0","3"
"localhost","739ef21e-5429-4944-9db2-b251b2e12366","False","True","0","4.18.26060.3008","2","1","{66B20188-8CAB-43EF-BFF6-F105A9829118}","3","PROTEUS\Bitpusher","2024-08-01 23:53:37","2024-08-01 23:53:47","C:\Program Files (x86)\Dropbox\Client\Dropbox.exe","2024-08-01 23:53:47","System.String[]","2147725326","0","3"
"localhost","739ef21e-5429-4944-9db2-b251b2e12366","False","True","0","4.18.26060.3008","2","1","{7B0E93D7-AE5D-4B57-9534-3C7B831515B8}","3","PROTEUS\Bitpusher","2024-08-01 22:20:43","2024-08-01 22:20:53","C:\Program Files (x86)\Dropbox\Client\Dropbox.exe","2024-08-01 22:20:53","System.String[]","2147725326","0","3"
"localhost","739ef21e-5429-4944-9db2-b251b2e12366","False","True","0","4.18.26060.3008","9","1","{8A7D8C25-68F8-4248-9720-5A2BA64E89B0}","3","PROTEUS\Bitpusher","2024-10-08 09:13:44","2024-10-08 09:13:57","D:\Dolos\Dropbox\app\unison\bin\unison-gui.exe","2024-10-08 09:13:57","System.String[]","2147740779","0","7"
"localhost","739ef21e-5429-4944-9db2-b251b2e12366","False","True","0","4.18.26060.3008","2","1","{8B582F93-B20D-46CC-AA56-4C76C3684BD0}","3","PROTEUS\Bitpusher","2025-02-05 22:18:42","2025-02-05 22:19:02","C:\Windows\explorer.exe","2025-02-05 22:19:02","System.String[]","2147706304","-2142207965","103"
"localhost","739ef21e-5429-4944-9db2-b251b2e12366","False","True","0","4.18.26060.3008","9","1","{8D399F65-D9B3-4159-8579-39D007698612}","3","PROTEUS\Bitpusher","2024-11-24 20:37:53","2024-11-24 20:38:11","C:\Windows\SysWOW64\WindowsPowerShell\v1.0\powershell.exe","2024-11-24 20:38:11","System.String[]","2147745913","0","7"
"localhost","739ef21e-5429-4944-9db2-b251b2e12366","False","True","0","4.18.26060.3008","2","1","{A2CD85B8-E655-46D7-A7F7-A5F019F4B6A9}","3","PROTEUS\Bitpusher","2024-08-02 03:20:48","2024-08-02 03:20:58","C:\Program Files (x86)\Dropbox\Client\Dropbox.exe","2024-08-02 03:20:58","System.String[]","2147725326","0","3"
"localhost","739ef21e-5429-4944-9db2-b251b2e12366","False","True","0","4.18.26060.3008","2","1","{A9E4F51D-6491-4631-8EFE-34DA15A22A9B}","3","PROTEUS\Bitpusher","2024-08-02 08:05:53","2024-08-02 08:05:58","C:\Program Files (x86)\Dropbox\Client\Dropbox.exe","2024-08-02 08:05:58","System.String[]","2147725326","0","3"
"localhost","739ef21e-5429-4944-9db2-b251b2e12366","False","True","0","4.18.26060.3008","2","1","{AC439774-427A-4A5F-A274-32C86AA9FC92}","3","PROTEUS\Bitpusher","2025-08-13 08:04:48","2025-08-13 08:05:01","C:\Program Files (x86)\Dropbox\Client\Dropbox.exe","2025-08-13 08:05:01","System.String[]","2147946580","0","3"
"localhost","739ef21e-5429-4944-9db2-b251b2e12366","False","True","0","4.18.26060.3008","2","1","{BE942A22-8A51-4B15-AC43-BC33FD0F431A}","3","PROTEUS\Bitpusher","2025-07-07 18:20:08","2025-07-07 18:20:30","C:\Users\Bitpusher\Desktop\nxc.exe","2025-07-07 18:20:30","System.String[]","2147805372","-2142207965","103"
"localhost","739ef21e-5429-4944-9db2-b251b2e12366","False","True","0","4.18.26060.3008","2","1","{C463FD17-BDDB-415E-8D50-7F75CDB0B2E7}","3","PROTEUS\Bitpusher","2025-08-13 08:00:20","2025-08-13 08:00:33","D:\Dolos\Dropbox\app\unison\bin\unison.exe","2025-08-13 08:00:33","System.String[]","2147946580","0","3"
"localhost","739ef21e-5429-4944-9db2-b251b2e12366","False","True","0","4.18.26060.3008","2","1","{E9B65C42-13D1-4BA0-82DB-4C9761828D38}","3","PROTEUS\Bitpusher","2025-08-13 08:03:16","2025-08-13 08:03:30","D:\Dolos\Dropbox\app\unison\bin\unison.exe","2025-08-13 08:03:30","System.String[]","2147946580","0","3"
"localhost","739ef21e-5429-4944-9db2-b251b2e12366","False","True","0","4.18.26060.3008","2","1","{ED29E1F2-702C-4804-8DC6-FA079659B479}","3","PROTEUS\Bitpusher","2025-08-13 07:54:29","2025-08-13 07:54:36","D:\Dolos\Dropbox\app\unison\bin\unison.exe","2025-08-13 07:54:36","System.String[]","2147946580","0","3"
"localhost","739ef21e-5429-4944-9db2-b251b2e12366","False","True","0","4.18.26060.3008","3","1","{F345FD99-BAB9-4035-AB55-430A438AEEA2}","3","PROTEUS\Bitpusher","2024-07-17 11:52:48","2024-07-17 11:52:53","C:\Program Files (x86)\Dropbox\Client\Dropbox.exe","2024-07-17 11:52:53","System.String[]","2147907860","0","4"
"localhost","739ef21e-5429-4944-9db2-b251b2e12366","False","True","0","4.18.26060.3008","2","1","{F51C08BE-4190-4D6C-87B5-2B673C3EC0B6}","3","PROTEUS\Bitpusher","2024-08-02 00:50:45","2024-08-02 00:50:56","C:\Program Files (x86)\Dropbox\Client\Dropbox.exe","2024-08-02 00:50:56","System.String[]","2147725326","0","3"
"localhost","739ef21e-5429-4944-9db2-b251b2e12366","False","True","0","4.18.26060.3008","9","1","{F6137FAB-DE2C-455B-BA3F-BC21BCE63E99}","3","PROTEUS\Bitpusher","2026-02-16 12:08:15","2026-02-16 12:08:53","D:\Dolos\Dropbox\app\unison\bin\unison.exe","2026-02-16 12:08:53","System.String[]","2147910578","0","7"
"localhost","739ef21e-5429-4944-9db2-b251b2e12366","False","True","0","4.18.26060.3008","9","1","{FF355060-9976-4CF2-B70E-06EA5988E9DF}","3","PROTEUS\Bitpusher","2025-10-20 16:38:42","2025-10-20 16:38:57","D:\Dolos\Dropbox\app\unison\bin\unison.exe","2025-10-20 16:38:57","System.String[]","2147910762","0","7"
"localhost","739ef21e-5429-4944-9db2-b251b2e12366","False","True","0","4.18.26060.3008","2","1","{FF551C26-6AA6-4DAB-8EC2-1AF246C9D741}","3","PROTEUS\Bitpusher","2025-08-13 08:12:50","2025-08-13 08:13:03","D:\Dolos\Dropbox\app\unison\bin\unison.exe","2025-08-13 08:13:03","System.String[]","2147946580","0","3"
"localhost","739ef21e-5429-4944-9db2-b251b2e12366","False","True","0","4.18.26060.3008","2","1","{FFDB0A97-103C-4737-9F82-340C44CDCD9D}","3","PROTEUS\Bitpusher","2026-05-19 16:35:54","2026-05-19 16:36:11","C:\Users\Bitpusher\AppData\Local\Programs\Python\Python312\python.exe","2026-05-19 16:36:11","System.String[]","2147927022","-2142207965","103"
"localhost","739ef21e-5429-4944-9db2-b251b2e12366","False","True","0","4.18.26060.3008","2","1","{01142DFC-5510-4E89-BD77-6B3E29EDF9CA}","3","PROTEUS\Bitpusher","2024-08-02 02:50:43","2024-08-02 02:50:58","D:\Dolos\Dropbox\app\unison\bin\unison.exe","2024-08-02 02:50:58","System.String[]","2147725326","0","3"
"localhost","739ef21e-5429-4944-9db2-b251b2e12366","False","True","0","4.18.26060.3008","2","1","{01D5110E-A5E1-4EF2-91C2-0A9E760C92BE}","3","PROTEUS\Bitpusher","2025-08-13 07:56:14","2025-08-13 07:56:26","D:\Dolos\Dropbox\app\unison\bin\unison.exe","2025-08-13 07:56:26","System.String[]","2147946580","0","3"
"localhost","739ef21e-5429-4944-9db2-b251b2e12366","False","True","0","4.18.26060.3008","2","1","{0D485BC9-05F6-4A6A-A663-33CBAD7F8795}","3","PROTEUS\Bitpusher","2024-08-01 23:20:39","2024-08-01 23:20:54","D:\Dolos\Dropbox\app\unison\bin\unison.exe","2024-08-01 23:20:54","System.String[]","2147725326","0","3"
"localhost","739ef21e-5429-4944-9db2-b251b2e12366","False","True","0","4.18.26060.3008","3","0","{22BC0111-9EC6-4C12-A7BF-43CCB972A626}","2","NT AUTHORITY\SYSTEM","2025-02-05 22:27:49","2025-02-05 22:28:07","Unknown","2025-02-05 22:28:07","System.String[]","2147806092","0","4"
"localhost","739ef21e-5429-4944-9db2-b251b2e12366","False","True","0","4.18.26060.3008","2","1","{2A3CFD84-F743-4AC6-93A8-EEAB91C7EDBE}","3","PROTEUS\Bitpusher","2026-02-16 12:12:52","2026-02-16 12:13:11","C:\Program Files (x86)\Dropbox\Client\Dropbox.exe","2026-02-16 12:13:11","System.String[]","2147910578","-2142207965","103"
"localhost","739ef21e-5429-4944-9db2-b251b2e12366","False","True","0","4.18.26060.3008","2","1","{31E791C2-D900-4000-B9C7-A178A4DDF7C3}","3","PROTEUS\Bitpusher","2025-08-13 07:52:37","2025-08-13 07:52:42","D:\Dolos\Dropbox\app\unison\bin\unison.exe","2025-08-13 07:52:42","System.String[]","2147946580","0","3"
"localhost","739ef21e-5429-4944-9db2-b251b2e12366","False","True","0","4.18.26060.3008","2","1","{35EA3CDC-E282-4FE9-AC5E-C2F9D67565A6}","3","PROTEUS\Bitpusher","2025-08-13 08:10:22","2025-08-13 08:10:29","D:\Dolos\Dropbox\app\unison\bin\unison.exe","2025-08-13 08:10:29","System.String[]","2147946580","0","3"
"localhost","739ef21e-5429-4944-9db2-b251b2e12366","False","True","0","4.18.26060.3008","2","1","{3F456B28-00A5-4FEE-9B6D-18C1A1352196}","3","PROTEUS\Bitpusher","2024-08-01 23:34:58","2024-08-01 23:35:07","C:\Program Files (x86)\Dropbox\Client\Dropbox.exe","2024-08-01 23:35:07","System.String[]","2147725326","0","3"
"localhost","739ef21e-5429-4944-9db2-b251b2e12366","False","True","0","4.18.26060.3008","9","1","{4E27E570-66A2-43B3-83CA-4749BB13FB14}","3","PROTEUS\Bitpusher","2026-03-19 16:24:34","2026-03-19 16:24:54","V:\Dolos\Dropbox\app\FreeFileSync_Donation_Edition_Portable\Bin\FreeFileSync_x64.exe","2026-03-19 16:24:54","System.String[]","2147816345","0","7"
"localhost","739ef21e-5429-4944-9db2-b251b2e12366","False","True","0","4.18.26060.3008","3","1","{50080E66-0FA9-4CA5-8ABC-B3F6431F2998}","3","PROTEUS\Bitpusher","2024-08-03 13:40:39","2024-08-03 13:40:44","C:\Users\Bitpusher\AppData\Local\Programs\Python\Python312\python.exe","2024-08-03 13:40:44","System.String[]","2147846572","0","4"
"localhost","739ef21e-5429-4944-9db2-b251b2e12366","False","True","0","4.18.26060.3008","9","1","{529A7851-C77F-416B-9C99-651EF3C768C3}","3","PROTEUS\Bitpusher","2026-03-19 16:26:57","2026-03-19 16:27:31","V:\Dolos\Dropbox\app\FreeFileSync_Donation_Edition_Portable\Bin\FreeFileSync_x64.exe","2026-03-19 16:27:31","System.String[]","2147796128","0","7"
"localhost","739ef21e-5429-4944-9db2-b251b2e12366","False","True","0","4.18.26060.3008","2","1","{57DD76EA-B277-43DC-AED2-B9DCBA1E9BC1}","3","PROTEUS\Bitpusher","2024-08-01 22:31:36","2024-08-01 22:31:48","D:\Dolos\Dropbox\app\unison\bin\unison.exe","2024-08-01 22:31:48","System.String[]","2147725326","0","3"
"localhost","739ef21e-5429-4944-9db2-b251b2e12366","False","True","0","4.18.26060.3008","2","1","{5EAC335E-E8D9-4D3D-ADF7-316BE3810A0B}","3","PROTEUS\Bitpusher","2025-08-13 08:12:00","2025-08-13 08:12:07","D:\Dolos\Dropbox\app\unison\bin\unison.exe","2025-08-13 08:12:07","System.String[]","2147946580","0","3"
"localhost","739ef21e-5429-4944-9db2-b251b2e12366","False","True","0","4.18.26060.3008","2","1","{690A03EC-20EC-45EA-BF35-D71F57135FCF}","3","PROTEUS\Bitpusher","2025-06-03 12:17:56","2025-06-03 12:18:10","C:\Program Files (x86)\Dropbox\Client\Dropbox.exe","2025-06-03 12:18:10","System.String[]","2147910762","-2142207965","103"
"localhost","739ef21e-5429-4944-9db2-b251b2e12366","False","True","0","4.18.26060.3008","9","1","{6DA16CA9-29EA-46BB-AD98-20F725D71569}","3","NT AUTHORITY\SYSTEM","2026-02-19 23:47:50","2026-02-19 23:48:08","C:\Program Files (x86)\Backblaze\x64\bztransmit64.exe","2026-02-19 23:48:08","System.String[]","2147927019","0","7"
"localhost","739ef21e-5429-4944-9db2-b251b2e12366","False","True","0","4.18.26060.3008","2","1","{7BEF4C87-E84F-4C22-8682-6589637EE96E}","3","PROTEUS\Bitpusher","2024-08-01 23:35:19","2024-08-01 23:35:24","C:\Program Files (x86)\Dropbox\Client\Dropbox.exe","2024-08-01 23:35:24","System.String[]","2147725326","0","3"
"localhost","739ef21e-5429-4944-9db2-b251b2e12366","False","True","0","4.18.26060.3008","3","1","{99B3811C-F3E0-46CE-B785-B3286F04ADCB}","3","PROTEUS\Bitpusher","2025-07-07 18:21:46","2025-07-07 18:21:51","C:\Users\Bitpusher\Desktop\nxc.exe","2025-07-07 18:21:51","System.String[]","2147687090","0","4"
"localhost","739ef21e-5429-4944-9db2-b251b2e12366","False","True","0","4.18.26060.3008","2","1","{A8ED47DC-6F4F-4FCB-BBFC-A9D375372DC4}","3","PROTEUS\Bitpusher","2024-08-01 15:09:09","2024-08-01 15:09:21","D:\Dolos\Dropbox\app\unison\bin\unison.exe","2024-08-01 15:09:21","System.String[]","2147725326","0","3"
"localhost","739ef21e-5429-4944-9db2-b251b2e12366","False","True","0","4.18.26060.3008","9","1","{B244CC44-DDC7-481E-B11B-7CFE7913F839}","3","PROTEUS\Bitpusher","2025-07-07 19:35:10","2025-07-07 19:35:27","C:\Windows\explorer.exe","2025-07-07 19:35:27","System.String[]","2147756241","0","7"
"localhost","739ef21e-5429-4944-9db2-b251b2e12366","False","True","0","4.18.26060.3008","2","1","{C4B8634D-1394-420B-B717-3A64FD6AA320}","3","PROTEUS\Bitpusher","2026-02-16 12:08:44","2026-02-16 12:08:54","C:\Program Files (x86)\Dropbox\Client\Dropbox.exe","2026-02-16 12:08:54","System.String[]","2147835644","0","3"
"localhost","739ef21e-5429-4944-9db2-b251b2e12366","False","True","0","4.18.26060.3008","2","1","{DC8F79C3-AE4D-42E4-B477-9D635D8C8AE6}","3","PROTEUS\Bitpusher","2025-02-05 22:19:58","2025-02-05 22:20:10","C:\Program Files (x86)\Dropbox\Client\Dropbox.exe","2025-02-05 22:20:10","System.String[]","2147912818","-2142207965","103"
"localhost","739ef21e-5429-4944-9db2-b251b2e12366","False","True","0","4.18.26060.3008","2","1","{DE1CE391-2E4F-4A16-B28B-567FF20F08EB}","3","PROTEUS\Bitpusher","2024-08-02 00:23:44","2024-08-02 00:23:55","D:\Dolos\Dropbox\app\unison\bin\unison.exe","2024-08-02 00:23:55","System.String[]","2147725326","0","3"
"localhost","739ef21e-5429-4944-9db2-b251b2e12366","False","True","0","4.18.26060.3008","2","1","{E7DCCCBB-7212-4467-96E9-C0DE38571169}","3","PROTEUS\Bitpusher","2024-07-03 08:27:11","2024-07-03 08:27:22","C:\Program Files (x86)\Dropbox\Client\Dropbox.exe","2024-07-03 08:27:22","System.String[]","2147895046","0","3"
"localhost","739ef21e-5429-4944-9db2-b251b2e12366","False","True","0","4.18.26060.3008","2","1","{F19B7F5E-01BC-47F6-A39A-0E0AA8EDEC59}","3","PROTEUS\Bitpusher","2025-08-13 08:05:51","2025-08-13 08:06:04","D:\Dolos\Dropbox\app\unison\bin\unison.exe","2025-08-13 08:06:04","System.String[]","2147946580","0","3"
"localhost","739ef21e-5429-4944-9db2-b251b2e12366","False","True","0","4.18.26060.3008","2","1","{F93D1EBB-CF45-440C-8A4F-0E5A2095C944}","3","PROTEUS\Bitpusher","2024-08-02 04:50:44","2024-08-02 04:50:59","D:\Dolos\Dropbox\app\unison\bin\unison.exe","2024-08-02 04:50:59","System.String[]","2147725326","0","3"
"localhost","739ef21e-5429-4944-9db2-b251b2e12366","False","True","0","4.18.26060.3008","2","1","{0A0C8FFB-5CDB-440D-8561-94616A1890D5}","3","PROTEUS\Bitpusher","2024-08-02 00:31:20","2024-08-02 00:31:31","D:\Dolos\Dropbox\app\unison\bin\unison.exe","2024-08-02 00:31:31","System.String[]","2147725326","0","3"
"localhost","739ef21e-5429-4944-9db2-b251b2e12366","False","True","0","4.18.26060.3008","2","1","{0E31401F-7C79-456F-99D0-9F21786C03FD}","3","PROTEUS\Bitpusher","2025-12-22 15:18:48","2025-12-22 15:19:13","C:\Program Files (x86)\Dropbox\Client\Dropbox.exe","2025-12-22 15:19:13","System.String[]","2147844607","0","3"
"localhost","739ef21e-5429-4944-9db2-b251b2e12366","False","True","0","4.18.26060.3008","2","1","{167AB64E-BE36-493A-A80A-2D7B28427399}","3","PROTEUS\Bitpusher","2024-08-02 07:57:49","2024-08-02 07:58:00","C:\Program Files (x86)\Dropbox\Client\Dropbox.exe","2024-08-02 07:58:00","System.String[]","2147725326","0","3"
"localhost","739ef21e-5429-4944-9db2-b251b2e12366","False","True","0","4.18.26060.3008","2","1","{1686A81E-9D29-4297-98CE-B1A51EEEC560}","3","PROTEUS\Bitpusher","2025-08-13 08:03:36","2025-08-13 08:03:45","C:\Program Files (x86)\Dropbox\Client\Dropbox.exe","2025-08-13 08:03:45","System.String[]","2147946580","0","3"
"localhost","739ef21e-5429-4944-9db2-b251b2e12366","False","True","0","4.18.26060.3008","2","1","{18B6C461-819C-493E-A03F-2BAF9B427705}","3","PROTEUS\Bitpusher","2026-02-16 12:09:43","2026-02-16 12:09:59","C:\Program Files (x86)\Dropbox\Client\Dropbox.exe","2026-02-16 12:09:59","System.String[]","2147836614","-2142207965","103"
"localhost","739ef21e-5429-4944-9db2-b251b2e12366","False","True","0","4.18.26060.3008","2","1","{21F6E340-2C2A-44D3-B2F2-8A4DE959ED78}","3","PROTEUS\Bitpusher","2024-11-26 18:55:30","2024-11-26 18:55:42","C:\Program Files (x86)\Dropbox\Client\Dropbox.exe","2024-11-26 18:55:42","System.String[]","2147740779","0","3"
"localhost","739ef21e-5429-4944-9db2-b251b2e12366","False","True","0","4.18.26060.3008","2","1","{22264AEC-F3EB-4CE2-B821-7CA556EC9C67}","3","PROTEUS\Bitpusher","2025-08-13 08:16:27","2025-08-13 08:16:34","D:\Dolos\Dropbox\app\unison\bin\unison.exe","2025-08-13 08:16:34","System.String[]","2147946580","0","3"
"localhost","739ef21e-5429-4944-9db2-b251b2e12366","False","True","0","4.18.26060.3008","2","1","{23B57AC8-7432-4D70-B72D-76AD0D565C19}","3","PROTEUS\Bitpusher","2024-08-02 07:55:32","2024-08-02 07:55:37","C:\Program Files (x86)\Dropbox\Client\Dropbox.exe","2024-08-02 07:55:37","System.String[]","2147725326","0","3"
"localhost","739ef21e-5429-4944-9db2-b251b2e12366","False","True","0","4.18.26060.3008","2","1","{2BDCA9AD-4906-4816-9E96-633D6D3B7E50}","3","PROTEUS\Bitpusher","2024-08-02 00:23:09","2024-08-02 00:23:19","C:\Program Files (x86)\Dropbox\Client\Dropbox.exe","2024-08-02 00:23:19","System.String[]","2147725326","0","3"
"localhost","739ef21e-5429-4944-9db2-b251b2e12366","False","True","0","4.18.26060.3008","2","1","{303BD73D-5FA4-4397-A8AA-161D0DE47F5B}","3","PROTEUS\Bitpusher","2025-08-13 08:07:15","2025-08-13 08:07:28","D:\Dolos\Dropbox\app\unison\bin\unison.exe","2025-08-13 08:07:28","System.String[]","2147946580","0","3"
"localhost","739ef21e-5429-4944-9db2-b251b2e12366","False","True","0","4.18.26060.3008","2","1","{3A4EE2B0-6C37-40D9-8D6D-2D68E88F8069}","3","PROTEUS\Bitpusher","2024-07-03 08:27:20","2024-07-03 08:27:25","C:\Program Files (x86)\Dropbox\Client\Dropbox.exe","2024-07-03 08:27:25","System.String[]","2147895046","0","3"
"localhost","739ef21e-5429-4944-9db2-b251b2e12366","False","True","0","4.18.26060.3008","2","1","{4050B09B-6B95-4378-A655-F21915E141A0}","3","NT AUTHORITY\SYSTEM","2026-04-26 20:29:05","2026-04-26 20:29:21","C:\Program Files (x86)\Backblaze\x64\bztransmit64.exe","2026-04-26 20:29:21","System.String[]","2147740630","-2142207965","103"
"localhost","739ef21e-5429-4944-9db2-b251b2e12366","False","True","0","4.18.26060.3008","9","1","{58D450FF-EFF3-405F-ABA2-A13DAE26D8C8}","3","PROTEUS\Bitpusher","2026-02-18 22:20:53","2026-02-19 21:53:23","C:\Program Files (x86)\Dropbox\Client\Dropbox.exe","2026-02-19 21:53:23","System.String[]","2147782947","0","106"
"localhost","739ef21e-5429-4944-9db2-b251b2e12366","False","True","0","4.18.26060.3008","2","1","{600B3704-7E05-4BC5-9B1F-7ADEB90144E9}","3","PROTEUS\Bitpusher","2024-08-01 22:31:50","2024-08-01 22:32:02","D:\Dolos\Dropbox\app\unison\bin\unison.exe","2024-08-01 22:32:02","System.String[]","2147725326","0","3"
"localhost","739ef21e-5429-4944-9db2-b251b2e12366","False","True","0","4.18.26060.3008","2","1","{622A8697-DDCF-4FCD-BB1F-8B9E2F14C750}","3","PROTEUS\Bitpusher","2025-08-13 08:18:27","2025-08-13 08:18:40","D:\Dolos\Dropbox\app\unison\bin\unison.exe","2025-08-13 08:18:40","System.String[]","2147946580","0","3"
"localhost","739ef21e-5429-4944-9db2-b251b2e12366","False","True","0","4.18.26060.3008","2","1","{6392E587-F319-4754-B228-F91F156FCA3D}","3","PROTEUS\Bitpusher","2025-08-13 07:53:13","2025-08-13 07:53:24","D:\Dolos\Dropbox\app\unison\bin\unison.exe","2025-08-13 07:53:24","System.String[]","2147946580","0","3"
"localhost","739ef21e-5429-4944-9db2-b251b2e12366","False","True","0","4.18.26060.3008","2","1","{64E6384D-2268-4405-BE12-779C0B8CD8E3}","3","PROTEUS\Bitpusher","2024-08-02 07:54:42","2024-08-02 07:54:51","C:\Program Files (x86)\Dropbox\Client\Dropbox.exe","2024-08-02 07:54:51","System.String[]","2147725326","0","3"
"localhost","739ef21e-5429-4944-9db2-b251b2e12366","False","True","0","4.18.26060.3008","2","1","{73418FCF-B141-4FC7-BFD2-0D5303036CB7}","3","PROTEUS\Bitpusher","2024-08-01 23:15:01","2024-08-01 23:15:16","D:\Dolos\Dropbox\app\unison\bin\unison.exe","2024-08-01 23:15:16","System.String[]","2147725326","0","3"
"localhost","739ef21e-5429-4944-9db2-b251b2e12366","False","True","0","4.18.26060.3008","2","1","{7E4277F9-CE16-4754-8D78-C02224ADBDDF}","3","PROTEUS\Bitpusher","2025-08-13 08:17:17","2025-08-13 08:17:30","D:\Dolos\Dropbox\app\unison\bin\unison.exe","2025-08-13 08:17:30","System.String[]","2147946580","0","3"
"localhost","739ef21e-5429-4944-9db2-b251b2e12366","False","True","0","4.18.26060.3008","2","1","{83C026BB-0C2B-498D-9225-A5E8EF455B2A}","3","PROTEUS\Bitpusher","2025-08-13 08:18:33","2025-08-13 08:18:41","D:\Dolos\Dropbox\app\unison\bin\unison.exe","2025-08-13 08:18:41","System.String[]","2147946580","0","3"
"localhost","739ef21e-5429-4944-9db2-b251b2e12366","False","True","0","4.18.26060.3008","2","1","{8681CB02-FBBF-4321-A638-6B286C7A732E}","3","PROTEUS\Bitpusher","2024-08-01 15:29:10","2024-08-01 15:29:26","D:\Dolos\Dropbox\app\unison\bin\unison.exe","2024-08-01 15:29:26","System.String[]","2147725326","0","3"
"localhost","739ef21e-5429-4944-9db2-b251b2e12366","False","True","0","4.18.26060.3008","2","1","{AFDF2D62-BD61-4210-B697-88AB3DD0FDC4}","3","PROTEUS\Bitpusher","2025-08-13 08:02:33","2025-08-13 08:02:46","D:\Dolos\Dropbox\app\unison\bin\unison.exe","2025-08-13 08:02:46","System.String[]","2147946580","0","3"
"localhost","739ef21e-5429-4944-9db2-b251b2e12366","False","True","0","4.18.26060.3008","2","1","{BF69BB48-118A-4B7C-9786-AD2288C2EEFA}","3","PROTEUS\Bitpusher","2025-08-13 08:14:42","2025-08-13 08:14:55","D:\Dolos\Dropbox\app\unison\bin\unison.exe","2025-08-13 08:14:55","System.String[]","2147946580","0","3"
"localhost","739ef21e-5429-4944-9db2-b251b2e12366","False","True","0","4.18.26060.3008","2","1","{E231259C-C5CC-49B0-9373-B2F254103811}","3","PROTEUS\Bitpusher","2024-08-01 17:20:32","2024-08-01 17:20:47","D:\Dolos\Dropbox\app\unison\bin\unison.exe","2024-08-01 17:20:47","System.String[]","2147725326","0","3"
"localhost","739ef21e-5429-4944-9db2-b251b2e12366","False","True","0","4.18.26060.3008","3","1","{FC95F806-F563-45D8-8DAB-982C59B727B5}","3","PROTEUS\Bitpusher","2025-11-05 21:52:21","2025-11-05 21:52:26","C:\Users\Bitpusher\AppData\Local\Programs\Python\Python312\python.exe","2025-11-05 21:52:26","System.String[]","2147932799","0","4"
"localhost","739ef21e-5429-4944-9db2-b251b2e12366","False","True","0","4.18.26060.3008","2","1","{18B8F528-8064-4F34-8230-E7F573667EC4}","3","PROTEUS\Bitpusher","2024-08-02 07:20:57","2024-08-02 07:21:02","C:\Program Files (x86)\Dropbox\Client\Dropbox.exe","2024-08-02 07:21:02","System.String[]","2147725326","0","3"
"localhost","739ef21e-5429-4944-9db2-b251b2e12366","False","True","0","4.18.26060.3008","2","1","{1D19C22B-3855-43FD-9670-5D049D145B91}","3","PROTEUS\Bitpusher","2025-08-13 08:11:25","2025-08-13 08:11:33","C:\Program Files (x86)\Dropbox\Client\Dropbox.exe","2025-08-13 08:11:33","System.String[]","2147946580","0","3"
"localhost","739ef21e-5429-4944-9db2-b251b2e12366","False","True","0","4.18.26060.3008","2","1","{275A8783-D285-42A7-B106-47D7C52555EB}","3","PROTEUS\Bitpusher","2025-10-20 16:41:18","2025-10-20 16:41:33","C:\Program Files (x86)\Dropbox\Client\Dropbox.exe","2025-10-20 16:41:33","System.String[]","2147910762","-2142207965","103"
"localhost","739ef21e-5429-4944-9db2-b251b2e12366","False","True","0","4.18.26060.3008","2","1","{2FDEF89D-1721-4884-A309-86F488A13130}","3","PROTEUS\Bitpusher","2025-08-13 07:51:20","2025-08-13 07:51:25","D:\Dolos\Dropbox\app\unison\bin\unison.exe","2025-08-13 07:51:25","System.String[]","2147946580","0","3"
"localhost","739ef21e-5429-4944-9db2-b251b2e12366","False","True","0","4.18.26060.3008","2","1","{3267805A-2BAF-4015-A65A-7AB953403F27}","3","PROTEUS\Bitpusher","2024-08-01 20:50:36","2024-08-01 20:50:51","D:\Dolos\Dropbox\app\unison\bin\unison.exe","2024-08-01 20:50:51","System.String[]","2147725326","0","3"
"localhost","739ef21e-5429-4944-9db2-b251b2e12366","False","True","0","4.18.26060.3008","2","1","{4549E098-764E-46D0-858A-7E36D627956D}","3","PROTEUS\Bitpusher","2025-08-13 08:13:46","2025-08-13 08:13:59","D:\Dolos\Dropbox\app\unison\bin\unison.exe","2025-08-13 08:13:59","System.String[]","2147946580","0","3"
"localhost","739ef21e-5429-4944-9db2-b251b2e12366","False","True","0","4.18.26060.3008","2","1","{5AF0131D-AF63-443C-8C4D-BCA872CFD8C8}","3","PROTEUS\Bitpusher","2025-08-13 07:52:58","2025-08-13 07:53:10","D:\Dolos\Dropbox\app\unison\bin\unison.exe","2025-08-13 07:53:10","System.String[]","2147946580","0","3"
"localhost","739ef21e-5429-4944-9db2-b251b2e12366","False","True","0","4.18.26060.3008","2","1","{5D6F7F94-96DD-4531-899D-FEE499FBAD5A}","3","PROTEUS\Bitpusher","2025-08-13 07:52:10","2025-08-13 07:52:15","D:\Dolos\Dropbox\app\unison\bin\unison.exe","2025-08-13 07:52:15","System.String[]","2147946580","0","3"
"localhost","739ef21e-5429-4944-9db2-b251b2e12366","False","True","0","4.18.26060.3008","2","1","{6BFC3165-156F-473A-9C00-63EDBAD713D9}","3","PROTEUS\Bitpusher","2025-07-07 18:20:08","2025-07-07 18:20:30","C:\Users\Bitpusher\Desktop\nxc.exe","2025-07-07 18:20:30","System.String[]","2147930462","-2142207965","103"
"localhost","739ef21e-5429-4944-9db2-b251b2e12366","False","True","0","4.18.26060.3008","2","1","{742F34C2-EAEF-4AD8-90BA-6356B1E39495}","3","PROTEUS\Bitpusher","2024-08-02 06:50:52","2024-08-02 06:51:02","C:\Program Files (x86)\Dropbox\Client\Dropbox.exe","2024-08-02 06:51:02","System.String[]","2147725326","0","3"
"localhost","739ef21e-5429-4944-9db2-b251b2e12366","False","True","0","4.18.26060.3008","2","1","{9CB7F64F-CF3F-4255-8685-9082EC8A27F5}","3","PROTEUS\Bitpusher","2024-08-01 21:50:43","2024-08-01 21:50:53","C:\Program Files (x86)\Dropbox\Client\Dropbox.exe","2024-08-01 21:50:53","System.String[]","2147725326","0","3"
"localhost","739ef21e-5429-4944-9db2-b251b2e12366","False","True","0","4.18.26060.3008","9","1","{A8361918-4E87-479D-9F1A-A31B05F85E17}","3","PROTEUS\Bitpusher","2024-07-10 22:20:51","2024-07-10 22:21:06","C:\Program Files (x86)\Dropbox\Client\Dropbox.exe","2024-07-10 22:21:06","System.String[]","240849","0","7"
"localhost","739ef21e-5429-4944-9db2-b251b2e12366","False","True","0","4.18.26060.3008","3","1","{A91652D1-525B-46A0-BBF2-BD986E3FE5AC}","3","PROTEUS\Bitpusher","2025-11-05 21:59:36","2025-11-05 21:59:41","C:\Users\Bitpusher\AppData\Local\Programs\Python\Python312\python.exe","2025-11-05 21:59:41","System.String[]","2147931710","0","4"
"localhost","739ef21e-5429-4944-9db2-b251b2e12366","False","True","0","4.18.26060.3008","9","1","{B442C9F6-01B6-43B2-8FA1-73A6D72785CA}","3","PROTEUS\Bitpusher","2026-03-19 16:26:56","2026-03-19 16:27:17","V:\Dolos\Dropbox\app\FreeFileSync_Donation_Edition_Portable\Bin\FreeFileSync_x64.exe","2026-03-19 16:27:17","System.String[]","2147793781","0","7"
"localhost","739ef21e-5429-4944-9db2-b251b2e12366","False","True","0","4.18.26060.3008","3","1","{C13A3123-F58C-4545-BC85-2263AD600742}","3","PROTEUS\Bitpusher","2026-02-20 16:41:25","2026-02-20 16:41:43","V:\Dolos\Dropbox\app\FreeFileSync_Donation_Edition_Portable\Bin\FreeFileSync_x64.exe","2026-02-20 16:41:43","System.String[]","2147686744","0","4"
"localhost","739ef21e-5429-4944-9db2-b251b2e12366","False","True","0","4.18.26060.3008","3","1","{C3389765-DF03-43BD-B9DA-86A3FDADF0A7}","3","PROTEUS\Bitpusher","2025-07-07 18:20:08","2025-07-07 18:20:13","C:\Users\Bitpusher\Desktop\nxc.exe","2025-07-07 18:20:13","System.String[]","2147827003","0","4"
"localhost","739ef21e-5429-4944-9db2-b251b2e12366","False","True","0","4.18.26060.3008","2","1","{C87747B9-4496-4DD8-9B94-4EDBE8FFD84D}","3","PROTEUS\Bitpusher","2024-08-01 15:10:29","2024-08-01 15:10:41","D:\Dolos\Dropbox\app\unison\bin\unison.exe","2024-08-01 15:10:41","System.String[]","2147725326","0","3"
"localhost","739ef21e-5429-4944-9db2-b251b2e12366","False","True","0","4.18.26060.3008","2","1","{F91F424B-B919-4E06-9743-C6D5A3DD8CAD}","3","PROTEUS\Bitpusher","2024-08-02 00:31:11","2024-08-02 00:31:18","C:\Program Files (x86)\Dropbox\Client\Dropbox.exe","2024-08-02 00:31:18","System.String[]","2147725326","0","3"
"localhost","739ef21e-5429-4944-9db2-b251b2e12366","False","True","0","4.18.26060.3008","9","1","{FD5E1BB7-63AF-4DC6-9E72-6E4E738E2156}","3","PROTEUS\Bitpusher","2024-07-03 08:26:15","2024-07-03 08:26:15","C:\Program Files (x86)\Dropbox\Client\Dropbox.exe",,"System.String[]","2147895046","0","106"
"localhost","739ef21e-5429-4944-9db2-b251b2e12366","False","True","0","4.18.26060.3008","2","1","{FE011D66-6F57-4DAA-9CCE-73F292CBB01F}","3","PROTEUS\Bitpusher","2025-08-13 08:17:59","2025-08-13 08:18:12","D:\Dolos\Dropbox\app\unison\bin\unison.exe","2025-08-13 08:18:12","System.String[]","2147946580","0","3"
"localhost","739ef21e-5429-4944-9db2-b251b2e12366","False","True","0","4.18.26060.3008","2","1","{1851134D-2429-446D-81AE-D10CF0EDCF2B}","3","PROTEUS\Bitpusher","2025-08-13 07:58:13","2025-08-13 07:58:19","D:\Dolos\Dropbox\app\unison\bin\unison.exe","2025-08-13 07:58:19","System.String[]","2147946580","0","3"
"localhost","739ef21e-5429-4944-9db2-b251b2e12366","False","True","0","4.18.26060.3008","9","1","{1EE9D616-BDC6-4F37-9E79-EE25A5AEC2E8}","3","NT AUTHORITY\SYSTEM","2026-04-26 20:34:56","2026-04-26 20:35:12","C:\Program Files (x86)\Backblaze\x64\bztransmit64.exe","2026-04-26 20:35:12","System.String[]","2147740775","0","7"
"localhost","739ef21e-5429-4944-9db2-b251b2e12366","False","True","0","4.18.26060.3008","2","1","{28627A26-DC1F-4C4D-B922-132D56C92E58}","3","PROTEUS\Bitpusher","2025-06-03 12:18:18","2025-06-03 12:18:32","C:\Program Files (x86)\Dropbox\Client\Dropbox.exe","2025-06-03 12:18:32","System.String[]","2147910762","-2142207965","103"
"localhost","739ef21e-5429-4944-9db2-b251b2e12366","False","True","0","4.18.26060.3008","2","1","{289B0ADF-A0E8-4EEA-9656-572570D97833}","3","PROTEUS\Bitpusher","2025-08-13 08:05:28","2025-08-13 08:05:36","C:\Program Files (x86)\Dropbox\Client\Dropbox.exe","2025-08-13 08:05:36","System.String[]","2147946580","0","3"
"localhost","739ef21e-5429-4944-9db2-b251b2e12366","False","True","0","4.18.26060.3008","2","1","{2B7A6B75-40AE-4998-83D1-BB597A6B8699}","2","NT AUTHORITY\SYSTEM","2024-08-03 13:06:16","2024-08-03 13:06:28","C:\Program Files (x86)\Dropbox\Client\Dropbox.exe","2024-08-03 13:06:28","System.String[]","2147910762","-2142207965","103"
"localhost","739ef21e-5429-4944-9db2-b251b2e12366","False","True","0","4.18.26060.3008","2","1","{37D4CB49-EC69-40DA-B535-9453165B9D91}","3","PROTEUS\Bitpusher","2025-08-13 08:09:54","2025-08-13 08:10:01","C:\Program Files (x86)\Dropbox\Client\Dropbox.exe","2025-08-13 08:10:01","System.String[]","2147946580","0","3"
"localhost","739ef21e-5429-4944-9db2-b251b2e12366","False","True","0","4.18.26060.3008","2","1","{3C4ED0DE-3CB2-4433-BC2E-0627F9189B7B}","3","PROTEUS\Bitpusher","2025-08-13 08:06:54","2025-08-13 08:07:08","D:\Dolos\Dropbox\app\unison\bin\unison.exe","2025-08-13 08:07:08","System.String[]","2147946580","0","3"
"localhost","739ef21e-5429-4944-9db2-b251b2e12366","False","True","0","4.18.26060.3008","2","1","{3F6EB538-090C-4B08-98B6-ED47298F4FC7}","3","PROTEUS\Bitpusher","2025-08-13 08:00:48","2025-08-13 08:01:02","D:\Dolos\Dropbox\app\unison\bin\unison.exe","2025-08-13 08:01:02","System.String[]","2147946580","0","3"
"localhost","739ef21e-5429-4944-9db2-b251b2e12366","False","True","0","4.18.26060.3008","9","1","{41533052-7570-440F-8F74-24A919560557}","3","PROTEUS\Bitpusher","2025-08-18 13:56:13","2025-08-18 13:56:32","C:\Program Files\Everything 1.5a\Everything64.exe","2025-08-18 13:56:32","System.String[]","2147893759","0","7"
"localhost","739ef21e-5429-4944-9db2-b251b2e12366","False","True","0","4.18.26060.3008","2","1","{6301F5D2-CA1F-47DE-9285-A5564ACC8879}","3","PROTEUS\Bitpusher","2025-08-13 08:17:08","2025-08-13 08:17:16","D:\Dolos\Dropbox\app\unison\bin\unison.exe","2025-08-13 08:17:16","System.String[]","2147946580","0","3"
"localhost","739ef21e-5429-4944-9db2-b251b2e12366","False","True","0","4.18.26060.3008","2","1","{68A892E6-AE54-40ED-9E5F-97EA85431319}","3","PROTEUS\Bitpusher","2024-08-01 22:28:07","2024-08-01 22:28:18","D:\Dolos\Dropbox\app\unison\bin\unison.exe","2024-08-01 22:28:18","System.String[]","2147725326","0","3"
"localhost","739ef21e-5429-4944-9db2-b251b2e12366","False","True","0","4.18.26060.3008","2","1","{715AE5FE-ABD7-44CA-B3F1-35F9D8A956FC}","3","PROTEUS\Bitpusher","2025-08-13 08:18:56","2025-08-13 08:19:04","C:\Program Files (x86)\Dropbox\Client\Dropbox.exe","2025-08-13 08:19:04","System.String[]","2147946580","0","3"
"localhost","739ef21e-5429-4944-9db2-b251b2e12366","False","True","0","4.18.26060.3008","2","1","{8B34F211-3E97-4143-8514-329CDE85BC76}","3","PROTEUS\Bitpusher","2025-07-07 18:20:08","2025-07-07 18:20:30","C:\Users\Bitpusher\Desktop\nxc.exe","2025-07-07 18:20:30","System.String[]","2147936166","-2142207965","103"
"localhost","739ef21e-5429-4944-9db2-b251b2e12366","False","True","0","4.18.26060.3008","2","1","{9EF2EAB2-E6A9-419C-BDFF-92E39C392B2B}","3","PROTEUS\Bitpusher","2024-08-02 01:20:46","2024-08-02 01:20:56","C:\Program Files (x86)\Dropbox\Client\Dropbox.exe","2024-08-02 01:20:56","System.String[]","2147725326","0","3"
"localhost","739ef21e-5429-4944-9db2-b251b2e12366","False","True","0","4.18.26060.3008","2","1","{A157BE0E-78C8-47BF-8095-1C94D7C687F4}","3","PROTEUS\Bitpusher","2024-08-01 19:20:34","2024-08-01 19:20:49","D:\Dolos\Dropbox\app\unison\bin\unison.exe","2024-08-01 19:20:49","System.String[]","2147725326","0","3"
"localhost","739ef21e-5429-4944-9db2-b251b2e12366","False","True","0","4.18.26060.3008","2","1","{A3945B18-1196-4881-A20F-5AE323E9EB87}","3","PROTEUS\Bitpusher","2025-08-13 07:50:45","2025-08-13 07:50:58","D:\Dolos\Dropbox\app\unison\bin\unison.exe","2025-08-13 07:50:58","System.String[]","2147946580","0","3"
"localhost","739ef21e-5429-4944-9db2-b251b2e12366","False","True","0","4.18.26060.3008","2","1","{AAB29EC4-5590-4DD7-8D72-40A4776BE4D2}","3","PROTEUS\Bitpusher","2025-08-13 08:06:26","2025-08-13 08:06:39","D:\Dolos\Dropbox\app\unison\bin\unison.exe","2025-08-13 08:06:39","System.String[]","2147946580","0","3"
"localhost","739ef21e-5429-4944-9db2-b251b2e12366","False","True","0","4.18.26060.3008","2","1","{ABFC0997-7E4B-4F2D-86F2-F71C840C8C48}","3","PROTEUS\Bitpusher","2025-08-13 08:15:45","2025-08-13 08:15:51","D:\Dolos\Dropbox\app\unison\bin\unison.exe","2025-08-13 08:15:51","System.String[]","2147946580","0","3"
"localhost","739ef21e-5429-4944-9db2-b251b2e12366","False","True","0","4.18.26060.3008","9","1","{BE77B154-762D-4C9B-A0CE-7090CC0D032B}","3","PROTEUS\Bitpusher","2024-10-01 16:01:41","2024-10-01 16:02:03","C:\Program Files\Everything 1.5a\Everything64.exe","2024-10-01 16:02:03","System.String[]","2147788605","0","7"
"localhost","739ef21e-5429-4944-9db2-b251b2e12366","False","True","0","4.18.26060.3008","9","1","{BE84F759-2F75-40F1-BFD6-32B8C9FCAB0F}","3","PROTEUS\Bitpusher","2024-11-26 18:57:37","2024-11-26 18:57:50","C:\Program Files (x86)\Dropbox\Client\Dropbox.exe","2024-11-26 18:57:50","System.String[]","2147740779","0","7"
"localhost","739ef21e-5429-4944-9db2-b251b2e12366","False","True","0","4.18.26060.3008","2","1","{C09D8451-C32A-43B1-A244-5E0A3131F1D5}","3","PROTEUS\Bitpusher","2024-07-22 21:36:46","2024-07-22 21:37:07","C:\Windows\explorer.exe","2024-07-22 21:37:07","System.String[]","2147685180","0","3"
"localhost","739ef21e-5429-4944-9db2-b251b2e12366","False","True","0","4.18.26060.3008","2","1","{C98D6950-6BB4-4605-A9CA-36B6ABB1160F}","3","PROTEUS\Bitpusher","2025-11-26 13:08:17","2025-11-26 13:08:51","C:\Windows\explorer.exe","2025-11-26 13:08:51","System.String[]","2147773587","0","3"
"localhost","739ef21e-5429-4944-9db2-b251b2e12366","False","True","0","4.18.26060.3008","2","1","{DBFC5418-E223-461A-8BB2-D8C67918DA63}","3","PROTEUS\Bitpusher","2025-08-13 08:14:00","2025-08-13 08:14:14","D:\Dolos\Dropbox\app\unison\bin\unison.exe","2025-08-13 08:14:14","System.String[]","2147946580","0","3"
"localhost","739ef21e-5429-4944-9db2-b251b2e12366","False","True","0","4.18.26060.3008","2","1","{E0F24262-9ACC-4884-8530-0CC05DFBECAC}","3","PROTEUS\Bitpusher","2024-08-01 15:13:09","2024-08-01 15:13:21","D:\Dolos\Dropbox\app\unison\bin\unison.exe","2024-08-01 15:13:21","System.String[]","2147725326","0","3"
"localhost","739ef21e-5429-4944-9db2-b251b2e12366","False","True","0","4.18.26060.3008","2","1","{E9DE8EEE-4D89-4F07-81C6-B5DD15310131}","3","NT AUTHORITY\SYSTEM","2026-04-26 20:36:28","2026-04-26 20:36:44","C:\Program Files (x86)\Backblaze\x64\bztransmit64.exe","2026-04-26 20:36:44","System.String[]","2147962517","-2142207965","103"
